AXIOMS Luce.abs_cyclicGridKernel_le: [propext, Classical.choice, Quot.sound]
AXIOMS Luce.abs_cyclicGridKernel_sub_le: [propext, Classical.choice, Quot.sound]
AXIOMS Luce.abs_div_sub_div_le: [propext, Classical.choice, Quot.sound]
AXIOMS Luce.abs_gap_coefficient_sub_le: [propext, Classical.choice, Quot.sound]
AXIOMS Luce.abs_integral_coefficient_mul_sub_le: [propext, Classical.choice, Quot.sound]
AXIOMS Luce.abs_integral_sub_le_probability: [propext, Classical.choice, Quot.sound]
AXIOMS Luce.abs_prod_le_uniform: [propext, Classical.choice, Quot.sound]
AXIOMS Luce.abs_prod_sub_prod_le_envelope: [propext, Classical.choice, Quot.sound]
AXIOMS Luce.abs_prod_sub_prod_le_relative: [propext, Classical.choice, Quot.sound]
AXIOMS Luce.abs_profileD_sub_le: [propext, Classical.choice, Quot.sound]
AXIOMS Luce.abs_profileF_sub_le: [propext, Classical.choice, Quot.sound]
AXIOMS Luce.abs_profileGridKernel_le: [propext, Classical.choice, Quot.sound]
AXIOMS Luce.abs_profileGridKernel_sub_le: [propext, Classical.choice, Quot.sound]
AXIOMS Luce.abs_rateKernel_derivative_le_one: [propext, Classical.choice, Quot.sound]
AXIOMS Luce.abs_rateKernel_sub_le: [propext, Classical.choice, Quot.sound]
AXIOMS Luce.abs_rateKernel_time_sub_le: [propext, Classical.choice, Quot.sound]
AXIOMS Luce.abs_survivalKernel_sub_le: [propext, Classical.choice, Quot.sound]
AXIOMS Luce.abs_symmetricClip_le: [propext, Classical.choice, Quot.sound]
AXIOMS Luce.abs_symmetricClip_sub_le: [propext, Classical.choice, Quot.sound]
AXIOMS Luce.added_predecessor: [propext, Classical.choice, Quot.sound]
AXIOMS Luce.added_predecessor_ennreal: [propext, Classical.choice, Quot.sound]
AXIOMS Luce.added_predecessor_integrable: [propext, Classical.choice, Quot.sound]
AXIOMS Luce.ae_tendsto_cyclicGridKernel: [propext, Classical.choice, Quot.sound]
AXIOMS Luce.ae_tendsto_profileGridKernel: [propext, Classical.choice, Quot.sound]
AXIOMS Luce.aemeasurable_ghostCylinderProduct: [propext, Classical.choice, Quot.sound]
AXIOMS Luce.aemeasurable_ghostOrderKernel: [propext, Classical.choice, Quot.sound]
AXIOMS Luce.aemeasurable_ghostPathSum: [propext, Classical.choice, Quot.sound]
AXIOMS Luce.aemeasurable_ghostPredecessorSum: [propext, Classical.choice, Quot.sound]
AXIOMS Luce.aemeasurable_ghostWindowVolume: [propext, Classical.choice, Quot.sound]
AXIOMS Luce.aestronglyMeasurable_cyclicGridKernel: [propext, Classical.choice, Quot.sound]
AXIOMS Luce.aestronglyMeasurable_profileDiagonal_full: [propext, Classical.choice, Quot.sound]
AXIOMS Luce.aestronglyMeasurable_profileGridKernel: [propext, Classical.choice, Quot.sound]
AXIOMS Luce.antitoneOn_profileD: [propext, Classical.choice, Quot.sound]
AXIOMS Luce.antitone_bracket_error: [propext, Classical.choice, Quot.sound]
AXIOMS Luce.antitone_uniform_convergence_in_probability: [propext, Classical.choice, Quot.sound]
AXIOMS Luce.approximatePermutationEdge_iff_oneBased: [propext, Classical.choice, Quot.sound]
AXIOMS Luce.approximatePermutationPathCode_injective: [propext, Quot.sound]
AXIOMS Luce.approximatePermutationPath_count_le: [propext, Classical.choice, Quot.sound]
AXIOMS Luce.arrivalAt_mem_Icc: [propext, Classical.choice, Quot.sound]
AXIOMS Luce.arrivalAt_monotone: [propext, Classical.choice, Quot.sound]
AXIOMS Luce.arrivalTime_lt_iff_clockBeforeCount: [propext, Classical.choice, Quot.sound]
AXIOMS Luce.arrivalTime_strictMono: [propext, Classical.choice, Quot.sound]
AXIOMS Luce.backgroundRace_isProbability: [propext, Classical.choice, Quot.sound]
AXIOMS Luce.backgroundRace_zero: [propext, Classical.choice, Quot.sound]
AXIOMS Luce.backgroundSurvivors_eq_all: [propext, Classical.choice, Quot.sound]
AXIOMS Luce.backgroundSurvivors_eq_erase: [propext, Classical.choice, Quot.sound]
AXIOMS Luce.background_all_probability: [propext, Classical.choice, Quot.sound]
AXIOMS Luce.background_probability_eq_common: [propext, Classical.choice, Quot.sound]
AXIOMS Luce.beforeCount_lt: [propext, Classical.choice, Quot.sound]
AXIOMS Luce.beforeCount_occupation_le: [propext, Classical.choice, Quot.sound]
AXIOMS Luce.beforeCount_probability_mul_le_intensity: [propext, Classical.choice, Quot.sound]
AXIOMS Luce.beforeRank_probability_eq_intensity: [propext, Classical.choice, Quot.sound]
AXIOMS Luce.beforeRank_probability_integral: [propext, Classical.choice, Quot.sound]
AXIOMS Luce.bernoulliLowerTailConstant_pos: [propext, Classical.choice, Quot.sound]
AXIOMS Luce.bernoulli_likelihood_mean: [propext, Classical.choice, Quot.sound]
AXIOMS Luce.bernoulli_likelihood_second_moment: [propext, Classical.choice, Quot.sound]
AXIOMS Luce.bernoulli_likelihood_second_moment_le: [propext, Classical.choice, Quot.sound]
AXIOMS Luce.bernoulli_sum_eq_le_cutoff: [propext, Classical.choice, Quot.sound]
AXIOMS Luce.bernoulli_sum_lower_tail: [propext, Classical.choice, Quot.sound]
AXIOMS Luce.bounded_cycle_probability_le_ghost: [propext, Classical.choice, Quot.sound]
AXIOMS Luce.bounded_cycle_probability_le_window: [propext, Classical.choice, Quot.sound]
AXIOMS Luce.bounded_ghost_cycle_sum_le: [propext, Classical.choice, Quot.sound]
AXIOMS Luce.bounded_marked_asymptotic_of_sorted: [propext, Classical.choice, Quot.sound]
AXIOMS Luce.card_removed_before_rank: [propext, Classical.choice, Quot.sound]
AXIOMS Luce.clockBand_mem_Icc: [propext, Classical.choice, Quot.sound]
AXIOMS Luce.clockBeforeCount_arrivalTime: [propext, Classical.choice, Quot.sound]
AXIOMS Luce.clockBeforeCount_background_at_self: [propext, Classical.choice, Quot.sound]
AXIOMS Luce.clockBeforeCount_compactDeletedClocks: [propext, Classical.choice, Quot.sound]
AXIOMS Luce.clockBeforeCount_dist_le_of_eq_off: [propext, Classical.choice, Quot.sound]
AXIOMS Luce.clockBeforeCount_eq_candidate_add_background: [propext, Classical.choice, Quot.sound]
AXIOMS Luce.clockBeforeCount_eq_deleted_add_marked: [propext, Classical.choice, Quot.sound]
AXIOMS Luce.clockBeforeCount_le: [propext, Classical.choice, Quot.sound]
AXIOMS Luce.clockBeforeCount_le_add_erase_self_of_eq_off: [propext, Classical.choice, Quot.sound]
AXIOMS Luce.clockBeforeCount_le_add_of_eq_off: [propext, Classical.choice, Quot.sound]
AXIOMS Luce.clockBeforeCount_lt_of_clock_lt: [propext, Classical.choice, Quot.sound]
AXIOMS Luce.clockBeforeCount_mono: [propext, Classical.choice, Quot.sound]
AXIOMS Luce.clockBeforeCount_window_dist: [propext, Classical.choice, Quot.sound]
AXIOMS Luce.clockRank_injective: [propext, Classical.choice, Quot.sound]
AXIOMS Luce.clockRank_le_iff: [propext, Classical.choice, Quot.sound]
AXIOMS Luce.clockSurvivalIndicator_independent: [propext, Classical.choice, Quot.sound]
AXIOMS Luce.clockSurvivalIndicator_zero_one: [propext, Classical.choice, Quot.sound]
AXIOMS Luce.comp_stepProfile_eq_sum: [propext, Classical.choice, Quot.sound]
AXIOMS Luce.compactDeletedClocks_card: [propext, Classical.choice, Quot.sound]
AXIOMS Luce.compactDeletedClocks_injective: [propext, Classical.choice, Quot.sound]
AXIOMS Luce.compactDeletedClocks_measurable: [propext, Classical.choice, Quot.sound]
AXIOMS Luce.compactDeletedClocks_measurePreserving: [propext, Classical.choice, Quot.sound]
AXIOMS Luce.compactMarkedClocks_card: [propext, Classical.choice, Quot.sound]
AXIOMS Luce.concentration_of_variance_tendsto_zero: [propext, Classical.choice, Quot.sound]
AXIOMS Luce.condExp_bernoulli_laplace: [propext, Classical.choice, Quot.sound]
AXIOMS Luce.condExp_finite_history: [propext, Classical.choice, Quot.sound]
AXIOMS Luce.condExp_finite_history_of_representatives: [propext, Classical.choice, Quot.sound]
AXIOMS Luce.condExp_normalized_bernoulli: [propext, Classical.choice, Quot.sound]
AXIOMS Luce.consecutiveGapLower_eq_previous: [propext, Classical.choice, Quot.sound]
AXIOMS Luce.consecutiveGapLower_le_upper: [propext, Classical.choice, Quot.sound]
AXIOMS Luce.consecutiveGapLower_nonneg: [propext, Classical.choice, Quot.sound]
AXIOMS Luce.continuousOn_compensator_coefficient: [propext, Classical.choice, Quot.sound]
AXIOMS Luce.continuousOn_cyclicDensityCoefficient: [propext, Classical.choice, Quot.sound]
AXIOMS Luce.continuousOn_intervalTestExtension: [propext, Classical.choice, Quot.sound]
AXIOMS Luce.continuousOn_profileD: [propext, Classical.choice, Quot.sound]
AXIOMS Luce.continuousOn_profileF: [propext, Classical.choice, Quot.sound]
AXIOMS Luce.continuousOn_profileGapCoefficient: [propext, Classical.choice, Quot.sound]
AXIOMS Luce.continuousOn_profileH: [propext, Classical.choice, Quot.sound]
AXIOMS Luce.continuousOn_profileQuantile: [propext, Classical.choice, Quot.sound]
AXIOMS Luce.continuous_factorsThrough_of_isInducing: [propext, Classical.choice, Quot.sound]
AXIOMS Luce.continuous_meanSurvivors: [propext, Classical.choice, Quot.sound]
AXIOMS Luce.continuous_pointMoment: [propext, Classical.choice, Quot.sound]
AXIOMS Luce.continuous_symmetricClip: [propext, Classical.choice, Quot.sound]
AXIOMS Luce.continuous_weightedPointMeasure: [propext, Classical.choice, Quot.sound]
AXIOMS Luce.countWindow_multiplicity_le: [propext, Classical.choice, Quot.sound]
AXIOMS Luce.cutoff_exponential_le_rpow: [propext, Classical.choice, Quot.sound]
AXIOMS Luce.cycle_period_has_rankCylinder: [propext, Classical.choice, Quot.sound]
AXIOMS Luce.cycle_period_probability_le_sum_cylinders: [propext, Classical.choice, Quot.sound]
AXIOMS Luce.cycle_period_real_probability_le_sum_cylinders: [propext, Classical.choice, Quot.sound]
AXIOMS Luce.cycle_vertex_probability_le_ghost: [propext, Classical.choice, Quot.sound]
AXIOMS Luce.cyclicCellStep_eq_of_mem: [propext, Classical.choice, Quot.sound]
AXIOMS Luce.cyclicDeterministicSum_eq_kernelGridSum: [propext, Classical.choice, Quot.sound]
AXIOMS Luce.cyclicLimitKernel_density_eq: [propext, Classical.choice, Quot.sound]
AXIOMS Luce.cyclicProfileCell_real_measure: [propext, Classical.choice, Quot.sound]
AXIOMS Luce.cyclicProfileCell_unique: [propext, Classical.choice, Quot.sound]
AXIOMS Luce.cyclicProfileIntegral_eq_volume: [propext, Classical.choice, Quot.sound]
AXIOMS Luce.cyclicProfileIntegral_of_nonpos: [propext, Classical.choice, Quot.sound]
AXIOMS Luce.cyclicProfileMeasure_injective_ae: [propext, Classical.choice, Quot.sound]
AXIOMS Luce.cyclicProfileMeasure_restrict_bulk: [propext, Classical.choice, Quot.sound]
AXIOMS Luce.cyclicRaceSum_eq_function_sum: [propext, Classical.choice, Quot.sound]
AXIOMS Luce.cyclicRaceSum_of_nonpos: [propext, Classical.choice, Quot.sound]
AXIOMS Luce.cyclic_ae_coordinates: [propext, Classical.choice, Quot.sound]
AXIOMS Luce.cyclic_array_truncation_error: [propext, Classical.choice, Quot.sound]
AXIOMS Luce.deletedBeforeCount_eq_of_eq_off: [propext, Classical.choice, Quot.sound]
AXIOMS Luce.deletedBeforeCount_mono: [propext, Classical.choice, Quot.sound]
AXIOMS Luce.deletedClockLabel_injective: [propext, Classical.choice, Quot.sound]
AXIOMS Luce.deletedEmpiricalArrival_eq_count: [propext, Classical.choice, Quot.sound]
AXIOMS Luce.deletedEmpiricalArrival_error: [propext, Classical.choice, Quot.sound]
AXIOMS Luce.deletedEmpiricalArrival_gapLower: [propext, Classical.choice, Quot.sound]
AXIOMS Luce.deletedEmpiricalArrival_gapUpper: [propext, Classical.choice, Quot.sound]
AXIOMS Luce.deletedEmpiricalArrival_monotone: [propext, Classical.choice, Quot.sound]
AXIOMS Luce.deletedEmpiricalArrival_nonneg: [propext, Classical.choice, Quot.sound]
AXIOMS Luce.deletedEmpiricalRemainingGe_error: [propext, Classical.choice, Quot.sound]
AXIOMS Luce.deletedEmpiricalRemaining_gapLower: [propext, Classical.choice, Quot.sound]
AXIOMS Luce.deletedEmpiricalRemaining_lower_of_reservoir: [propext, Classical.choice, Quot.sound]
AXIOMS Luce.deletedGapKernel_eq_interval_measure: [propext, Classical.choice, Quot.sound]
AXIOMS Luce.deletedGapKernel_eq_normalizedGapMass: [propext, Classical.choice, Quot.sound]
AXIOMS Luce.deletedGapKernel_le_one: [propext, Classical.choice, Quot.sound]
AXIOMS Luce.deletedGapKernel_marked_product: [propext, Classical.choice, Quot.sound]
AXIOMS Luce.deletedGapKernel_toReal_eq_exponentialGapMass: [propext, Classical.choice, Quot.sound]
AXIOMS Luce.deletedGapProduct_integrable: [propext, Classical.choice, Quot.sound]
AXIOMS Luce.deletedPrefixLabels_card_le: [propext, Classical.choice, Quot.sound]
AXIOMS Luce.deleted_remaining_weak_strict_error: [propext, Classical.choice, Quot.sound]
AXIOMS Luce.deletion_subset: [propext, Classical.choice, Quot.sound]
AXIOMS Luce.denominator_lower_bound: [propext, Classical.choice, Quot.sound]
AXIOMS Luce.denominator_replacement_converges: [propext, Classical.choice, Quot.sound]
AXIOMS Luce.deterministic_survival_fluctuation_converges: [propext, Classical.choice, Quot.sound]
AXIOMS Luce.disjointCountTest_nonneg: [propext, Classical.choice, Quot.sound]
AXIOMS Luce.distinct_approximatePermutationPath_count_le: [propext, Classical.choice, Quot.sound]
AXIOMS Luce.drawHistory_eq_comap_prefixVector: [propext, Classical.choice, Quot.sound]
AXIOMS Luce.drawHistory_le: [propext, Classical.choice, Quot.sound]
AXIOMS Luce.drawPermutation_eq_iff_strictMono: [propext, Classical.choice, Quot.sound]
AXIOMS Luce.draw_arrivalTime_le_iff: [propext, Classical.choice, Quot.sound]
AXIOMS Luce.earlyBulkCylinderConstant_ge: [propext, Classical.choice, Quot.sound]
AXIOMS Luce.earlyBulkCylinderConstant_one_le: [propext, Classical.choice, Quot.sound]
AXIOMS Luce.empiricalArrival_monotone: [propext, Classical.choice, Quot.sound]
AXIOMS Luce.empiricalArrival_orderTime: [propext, Classical.choice, Quot.sound]
AXIOMS Luce.empiricalArrival_sub_deleted: [propext, Classical.choice, Quot.sound]
AXIOMS Luce.empiricalRemainingGe_ae_eq: [propext, Classical.choice, Quot.sound]
AXIOMS Luce.empiricalRemainingGe_antitone: [propext, Classical.choice, Quot.sound]
AXIOMS Luce.empiricalRemainingGe_sub_deleted: [propext, Classical.choice, Quot.sound]
AXIOMS Luce.empiricalRemaining_antitone: [propext, Classical.choice, Quot.sound]
AXIOMS Luce.endpointAssumption_epsilon_estimate: [propext, Classical.choice, Quot.sound]
AXIOMS Luce.endpointAssumption_epsilon_estimate_bounded: [propext, Classical.choice, Quot.sound]
AXIOMS Luce.endpoint_epsilon_estimate: [propext, Classical.choice, Quot.sound]
AXIOMS Luce.endpoint_fixedPoint_expectation_bound: [propext, Classical.choice, Quot.sound]
AXIOMS Luce.endpoint_fixedPoint_expectation_power_bound: [propext, Classical.choice, Quot.sound]
AXIOMS Luce.endpoint_fixedPoint_probability_bound: [propext, Classical.choice, Quot.sound]
AXIOMS Luce.endpoint_integral_bound: [propext, Classical.choice, Quot.sound]
AXIOMS Luce.endpoint_window_le_row_of_size_condition: [propext, Classical.choice, Quot.sound]
AXIOMS Luce.epsilonTailExpectation_eventually_le: [propext, Classical.choice, Quot.sound]
AXIOMS Luce.epsilonTailExpectation_limsup_le: [propext, Classical.choice, Quot.sound]
AXIOMS Luce.epsilonTailExpectation_nonneg: [propext, Classical.choice, Quot.sound]
AXIOMS Luce.epsilonTailExpectation_power_limsup: [propext, Classical.choice, Quot.sound]
AXIOMS Luce.eventually_cyclic_grid_separated: [propext, Classical.choice, Quot.sound]
AXIOMS Luce.eventually_terminal_rates_of_endpoint_witness: [propext, Classical.choice, Quot.sound]
AXIOMS Luce.exists_algebra_approximation_of_isInducing: [propext, Classical.choice, Quot.sound]
AXIOMS Luce.exists_algebra_approximation_on_compact_of_isInducing: [propext, Classical.choice, Quot.sound]
AXIOMS Luce.exists_algebra_uniform_approximation_comp: [propext, Classical.choice, Quot.sound]
AXIOMS Luce.exists_bounded_cycle_tail: [propext, Classical.choice, Quot.sound]
AXIOMS Luce.exists_cycle_tail_of_minimalPeriod: [propext, Classical.choice, Quot.sound]
AXIOMS Luce.exists_cyclic_test_extension: [propext, Classical.choice, Quot.sound]
AXIOMS Luce.exists_finite_oscillation_grid: [propext, Classical.choice, Quot.sound]
AXIOMS Luce.exists_prefixAgrees_next_eq: [propext, Classical.choice, Quot.sound]
AXIOMS Luce.exists_profileF_eq: [propext, Classical.choice, Quot.sound]
AXIOMS Luce.exists_profile_cell: [propext, Classical.choice, Quot.sound]
AXIOMS Luce.exists_unique_meanSurvivors_cutoff: [propext, Classical.choice, Quot.sound]
AXIOMS Luce.expMeasure_Ici: [propext, Classical.choice, Quot.sound]
AXIOMS Luce.expMeasure_Ioi: [propext, Classical.choice, Quot.sound]
AXIOMS Luce.expMeasure_nullSingleton: [propext, Classical.choice, Quot.sound]
AXIOMS Luce.exp_neg_mul_of_zero_one: [propext, Classical.choice, Quot.sound]
AXIOMS Luce.exp_sub_le_sub_of_nonpos: [propext, Classical.choice, Quot.sound]
AXIOMS Luce.exponentialGapMass_eq_measure: [propext, Classical.choice, Quot.sound]
AXIOMS Luce.exponentialGapMass_le: [propext, Classical.choice, Quot.sound]
AXIOMS Luce.exponentialGapMass_nonneg: [propext, Classical.choice, Quot.sound]
AXIOMS Luce.exponentialGapMass_taylor: [propext, Classical.choice, Quot.sound]
AXIOMS Luce.exponentialPDFReal_eq_piecewise: [propext, Classical.choice, Quot.sound]
AXIOMS Luce.exponentialRace_all_survive: [propext, Classical.choice, Quot.sound]
AXIOMS Luce.exponentialRace_background: [propext, Classical.choice, Quot.sound]
AXIOMS Luce.exponentialRace_collision_zero: [propext, Classical.choice, Quot.sound]
AXIOMS Luce.exponentialRace_disintegrate: [propext, Classical.choice, Quot.sound]
AXIOMS Luce.exponentialRace_endpoint_integrals: [propext, Classical.choice, Quot.sound]
AXIOMS Luce.exponentialRace_endpoint_integrals_power: [propext, Classical.choice, Quot.sound]
AXIOMS Luce.exponentialRace_eval: [propext, Classical.choice, Quot.sound]
AXIOMS Luce.exponentialRace_event_disintegrate: [propext, Classical.choice, Quot.sound]
AXIOMS Luce.exponentialRace_first_choice: [propext, Classical.choice, Quot.sound]
AXIOMS Luce.exponentialRace_first_clock_probability: [propext, Classical.choice, Quot.sound]
AXIOMS Luce.exponentialRace_identityNormalizedGaps: [propext, Classical.choice, Quot.sound]
AXIOMS Luce.exponentialRace_identityNormalizedGaps_integral: [propext, Classical.choice, Quot.sound]
AXIOMS Luce.exponentialRace_identity_order_probability: [propext, Classical.choice, Quot.sound]
AXIOMS Luce.exponentialRace_independent: [propext, Classical.choice, Quot.sound]
AXIOMS Luce.exponentialRace_injective_ae: [propext, Classical.choice, Quot.sound]
AXIOMS Luce.exponentialRace_integral_eval: [propext, Classical.choice, Quot.sound]
AXIOMS Luce.exponentialRace_isProbability: [propext, Classical.choice, Quot.sound]
AXIOMS Luce.exponentialRace_nonneg_ae: [propext, Classical.choice, Quot.sound]
AXIOMS Luce.exponentialRace_nonnegative_background: [propext, Classical.choice, Quot.sound]
AXIOMS Luce.exponentialRace_order_disintegrate: [propext, Classical.choice, Quot.sound]
AXIOMS Luce.exponentialRace_order_probability: [propext, Classical.choice, Quot.sound]
AXIOMS Luce.exponentialRace_order_recursion: [propext, Classical.choice, Quot.sound]
AXIOMS Luce.exponentialRace_orderedNormalizedGaps: [propext, Classical.choice, Quot.sound]
AXIOMS Luce.exponentialRace_orderedNormalizedGaps_integral: [propext, Classical.choice, Quot.sound]
AXIOMS Luce.exponentialRace_positive_background: [propext, Classical.choice, Quot.sound]
AXIOMS Luce.exponentialRace_raceNormalizedGaps: [propext, Classical.choice, Quot.sound]
AXIOMS Luce.exponentialRace_raceNormalizedGaps_integral: [propext, Classical.choice, Quot.sound]
AXIOMS Luce.exponentialRace_raceNormalizedGaps_restrict_order: [propext, Classical.choice, Quot.sound]
AXIOMS Luce.exponentialRace_residual_measure: [propext, Classical.choice, Quot.sound]
AXIOMS Luce.exponentialRace_survival: [propext, Classical.choice, Quot.sound]
AXIOMS Luce.exponentialRace_survival_ge: [propext, Classical.choice, Quot.sound]
AXIOMS Luce.exponentialRace_surviving_order: [propext, Classical.choice, Quot.sound]
AXIOMS Luce.exponentialRace_surviving_order_integral: [propext, Classical.choice, Quot.sound]
AXIOMS Luce.exponential_avoids_background: [propext, Classical.choice, Quot.sound]
AXIOMS Luce.exponential_density_le: [propext, Classical.choice, Quot.sound]
AXIOMS Luce.exponential_residual_measure: [propext, Classical.choice, Quot.sound]
AXIOMS Luce.exponential_scale_to_unit: [propext, Classical.choice, Quot.sound]
AXIOMS Luce.finiteCyclicDensity_bounds: [propext, Classical.choice, Quot.sound]
AXIOMS Luce.finitePoissonLaw_count_joint: [propext, Classical.choice, Quot.sound]
AXIOMS Luce.finitePoissonLaw_count_univ: [propext, Classical.choice, Quot.sound]
AXIOMS Luce.finitePoissonLaw_isProbabilityMeasure: [propext, Classical.choice, Quot.sound]
AXIOMS Luce.finitePoissonLaw_of_ne_zero: [propext, Classical.choice, Quot.sound]
AXIOMS Luce.finitePoissonLaw_zero: [propext, Classical.choice, Quot.sound]
AXIOMS Luce.finite_insertion_path: [propext, Classical.choice, Quot.sound]
AXIOMS Luce.finite_insertion_path_countWindow: [propext, Classical.choice, Quot.sound]
AXIOMS Luce.finite_insertion_path_ennreal: [propext, Classical.choice, Quot.sound]
AXIOMS Luce.finite_insertion_path_integrable: [propext, Classical.choice, Quot.sound]
AXIOMS Luce.first_clock_event_iff: [propext, Classical.choice, Quot.sound]
AXIOMS Luce.first_gap_density: [propext, Classical.choice, Quot.sound]
AXIOMS Luce.fixedCount_inverse: [propext, Classical.choice, Quot.sound]
AXIOMS Luce.fixedPointCountLaw_totalVariation_of_pointProcess: [propext, Classical.choice, Quot.sound]
AXIOMS Luce.fixedPointCount_eq_card: [propext, Classical.choice, Quot.sound]
AXIOMS Luce.fixedPoints_eq_interior_of_tail_zero: [propext, Classical.choice, Quot.sound]
AXIOMS Luce.fixedPoints_realMeasure: [propext, Classical.choice, Quot.sound]
AXIOMS Luce.fixedPoints_tail_count: [propext, Classical.choice, Quot.sound]
AXIOMS Luce.fixedPoints_tail_count_ae: [propext, Classical.choice, Quot.sound]
AXIOMS Luce.fixed_point_mass_fiber_identity: [propext, Classical.choice, Quot.sound]
AXIOMS Luce.fixed_point_probability_integral: [propext, Classical.choice, Quot.sound]
AXIOMS Luce.forwardPathWeight_cons: [propext, Classical.choice, Quot.sound]
AXIOMS Luce.forwardPathWeight_sum_le: [propext, Classical.choice, Quot.sound]
AXIOMS Luce.fullDensityMeasure_restrict_Iio: [propext, Classical.choice, Quot.sound]
AXIOMS Luce.fullIntensity_mass: [propext, Classical.choice, Quot.sound]
AXIOMS Luce.fullIntensity_mass_eq_toNNReal_integral: [propext, Classical.choice, Quot.sound]
AXIOMS Luce.fullIntensity_projection_recovery: [propext, Classical.choice, Quot.sound]
AXIOMS Luce.gap_abs_rateKernel_time_sub_le: [propext, Classical.choice, Quot.sound]
AXIOMS Luce.ghostColumnKernel_ne_top: [propext, Classical.choice, Quot.sound]
AXIOMS Luce.ghostColumnKernel_toReal: [propext, Classical.choice, Quot.sound]
AXIOMS Luce.ghostColumn_expectation_le: [propext, Classical.choice, Quot.sound]
AXIOMS Luce.ghostColumn_integrable: [propext, Classical.choice, Quot.sound]
AXIOMS Luce.ghostCountKernel_marked_product: [propext, Classical.choice, Quot.sound]
AXIOMS Luce.ghostCountKernel_product: [propext, Classical.choice, Quot.sound]
AXIOMS Luce.ghostCountKernel_row_bound: [propext, Classical.choice, Quot.sound]
AXIOMS Luce.ghostCountSuccess_implies_swapped_path: [propext, Classical.choice, Quot.sound]
AXIOMS Luce.ghostCountSuccess_probability_le: [propext, Classical.choice, Quot.sound]
AXIOMS Luce.ghostCountWindow_probability_le_rank_sum: [propext, Classical.choice, Quot.sound]
AXIOMS Luce.ghostCycleVertexSum_eq_cylinder_sum: [propext, Classical.choice, Quot.sound]
AXIOMS Luce.ghostCycleVertexSum_integrable: [propext, Classical.choice, Quot.sound]
AXIOMS Luce.ghostCylinderProduct_le_one: [propext, Classical.choice, Quot.sound]
AXIOMS Luce.ghostEntry_eq_density_integral: [propext, Classical.choice, Quot.sound]
AXIOMS Luce.ghostEntry_le_rate_mul_length: [propext, Classical.choice, Quot.sound]
AXIOMS Luce.ghostEntry_mem_Icc: [propext, Classical.choice, Quot.sound]
AXIOMS Luce.ghostEntry_row_bound: [propext, Classical.choice, Quot.sound]
AXIOMS Luce.ghostOrderKernel_ae_eq_count: [propext, Classical.choice, Quot.sound]
AXIOMS Luce.ghostOrderKernel_eq_count: [propext, Classical.choice, Quot.sound]
AXIOMS Luce.ghostOrderKernel_eq_density: [propext, Classical.choice, Quot.sound]
AXIOMS Luce.ghostOrderKernel_le_one: [propext, Classical.choice, Quot.sound]
AXIOMS Luce.ghostPathSum_ne_top: [propext, Classical.choice, Quot.sound]
AXIOMS Luce.ghostPathSum_toReal: [propext, Classical.choice, Quot.sound]
AXIOMS Luce.ghostPredecessorSum_le: [propext, Classical.choice, Quot.sound]
AXIOMS Luce.ghostPredecessorSum_ne_top: [propext, Classical.choice, Quot.sound]
AXIOMS Luce.ghostPredecessorSum_toReal: [propext, Classical.choice, Quot.sound]
AXIOMS Luce.ghostPredecessorSum_zero: [propext, Classical.choice, Quot.sound]
AXIOMS Luce.ghostWindowByOrder_count_bounds: [propext, Classical.choice, Quot.sound]
AXIOMS Luce.ghostWindowByOrder_iff_count: [propext, Classical.choice, Quot.sound]
AXIOMS Luce.ghostWindowByOrder_multiplicity_le: [propext, Classical.choice, Quot.sound]
AXIOMS Luce.ghostWindowByOrder_pos: [propext, Classical.choice, Quot.sound]
AXIOMS Luce.ghostWindowLength_expectation_le: [propext, Classical.choice, Quot.sound]
AXIOMS Luce.ghostWindowLength_integrable: [propext, Classical.choice, Quot.sound]
AXIOMS Luce.ghostWindowVolume_ae_eq_count: [propext, Classical.choice, Quot.sound]
AXIOMS Luce.ghostWindowVolume_eq_count: [propext, Classical.choice, Quot.sound]
AXIOMS Luce.ghostWindowVolume_expectation_eq: [propext, Classical.choice, Quot.sound]
AXIOMS Luce.ghostWindowVolume_expectation_le: [propext, Classical.choice, Quot.sound]
AXIOMS Luce.ghostWindowVolume_ne_top_of_interior: [propext, Classical.choice, Quot.sound]
AXIOMS Luce.ghost_cylinder_bound: [propext, Classical.choice, Quot.sound]
AXIOMS Luce.ghost_cylinder_bound_ennreal: [propext, Classical.choice, Quot.sound]
AXIOMS Luce.ghost_cylinder_product_integrable: [propext, Classical.choice, Quot.sound]
AXIOMS Luce.half_rates_le_two: [propext, Classical.choice, Quot.sound]
AXIOMS Luce.hasDerivAt_rateKernel: [propext, Classical.choice, Quot.sound]
AXIOMS Luce.hasDerivAt_rateKernel_time: [propext, Classical.choice, Quot.sound]
AXIOMS Luce.hasDerivAt_survivalKernel: [propext, Classical.choice, Quot.sound]
AXIOMS Luce.highCycleExpectation_nonneg: [propext, Classical.choice, Quot.sound]
AXIOMS Luce.highRateMass_eq_integral: [propext, Classical.choice, Quot.sound]
AXIOMS Luce.high_rate_cycle_vertex_probability: [propext, Classical.choice, Quot.sound]
AXIOMS Luce.high_rate_cycle_vertices_bound: [propext, Classical.choice, Quot.sound]
AXIOMS Luce.high_rate_density_bound: [propext, Classical.choice, Quot.sound]
AXIOMS Luce.high_rate_ghostEntry_bound: [propext, Classical.choice, Quot.sound]
AXIOMS Luce.history_predictability: [propext, Classical.choice, Quot.sound]
AXIOMS Luce.identityGapDuration_succ: [propext, Classical.choice, Quot.sound]
AXIOMS Luce.identityNormalizedGaps_eq_rate_mul_gap: [propext, Classical.choice, Quot.sound]
AXIOMS Luce.identityNormalizedGaps_order_recursion: [propext, Classical.choice, Quot.sound]
AXIOMS Luce.iidPointLaw_isProbabilityMeasure: [propext, Classical.choice, Quot.sound]
AXIOMS Luce.index_le_of_strictMono_ranks: [propext, Classical.choice, Quot.sound]
AXIOMS Luce.initialRateMass_le_integral: [propext, Classical.choice, Quot.sound]
AXIOMS Luce.initialRateMass_le_limit_add_error: [propext, Classical.choice, Quot.sound]
AXIOMS Luce.initialRateMass_mono: [propext, Classical.choice, Quot.sound]
AXIOMS Luce.insertionColumn_le_new_add_length: [propext, Classical.choice, Quot.sound]
AXIOMS Luce.insertionPathSum_succ: [propext, Classical.choice, Quot.sound]
AXIOMS Luce.insertionPathWeight_cons: [propext, Classical.choice, Quot.sound]
AXIOMS Luce.insertion_added_predecessor_le: [propext, Classical.choice, Quot.sound]
AXIOMS Luce.instIsFiniteMeasureRealProfileMeasure: [propext, Classical.choice, Quot.sound]
AXIOMS Luce.instIsProbabilityMeasureForallFinRealCyclicProfileMeasure: [propext, Classical.choice, Quot.sound]
AXIOMS Luce.instIsProbabilityMeasureRealProfileMeasure: [propext, Classical.choice, Quot.sound]
AXIOMS Luce.integrableOn_exponential_density_Ioi: [propext, Classical.choice, Quot.sound]
AXIOMS Luce.integrableOn_probability_weighted_density: [propext, Classical.choice, Quot.sound]
AXIOMS Luce.integrable_cyclicCellStep: [propext, Classical.choice, Quot.sound]
AXIOMS Luce.integrable_cyclicGridKernel: [propext, Classical.choice, Quot.sound]
AXIOMS Luce.integrable_cyclicLimitKernel: [propext, Classical.choice, Quot.sound]
AXIOMS Luce.integrable_cyclic_source_product: [propext, Classical.choice, Quot.sound]
AXIOMS Luce.integrable_exp_neg: [propext, Classical.choice, Quot.sound]
AXIOMS Luce.integrable_finite_state: [propext, Classical.choice, Quot.sound]
AXIOMS Luce.integrable_fixed_point_indicator: [propext, Classical.choice, Quot.sound]
AXIOMS Luce.integrable_highProfile: [propext, Classical.choice, Quot.sound]
AXIOMS Luce.integrable_interiorIntensity: [propext, Classical.choice, Quot.sound]
AXIOMS Luce.integrable_interior_density: [propext, Classical.choice, Quot.sound]
AXIOMS Luce.integrable_interior_observed_test: [propext, Classical.choice, Quot.sound]
AXIOMS Luce.integrable_lowProfile: [propext, Classical.choice, Quot.sound]
AXIOMS Luce.integrable_markedNormalizedGaps_mixed: [propext, Classical.choice, Quot.sound]
AXIOMS Luce.integrable_markedNormalizedGaps_taylorEnvelope: [propext, Classical.choice, Quot.sound]
AXIOMS Luce.integrable_mixed_expMeasure_one: [propext, Classical.choice, Quot.sound]
AXIOMS Luce.integrable_momentLaplaceAlgebra_pointMoment: [propext, Classical.choice, Quot.sound]
AXIOMS Luce.integrable_natCountLaplaceAlgebra: [propext, Classical.choice, Quot.sound]
AXIOMS Luce.integrable_normalized_clockBand: [propext, Classical.choice, Quot.sound]
AXIOMS Luce.integrable_of_zero_one: [propext, Classical.choice, Quot.sound]
AXIOMS Luce.integrable_one_sub_exp_neg: [propext, Classical.choice, Quot.sound]
AXIOMS Luce.integrable_pointLaplace_finitePoissonLaw: [propext, Classical.choice, Quot.sound]
AXIOMS Luce.integrable_pointMeasure: [propext, Classical.choice, Quot.sound]
AXIOMS Luce.integrable_poissonMixture: [propext, Classical.choice, Quot.sound]
AXIOMS Luce.integrable_pow_expMeasure_one: [propext, Classical.choice, Quot.sound]
AXIOMS Luce.integrable_predictableChance: [propext, Classical.choice, Quot.sound]
AXIOMS Luce.integrable_profileDiagonal: [propext, Classical.choice, Quot.sound]
AXIOMS Luce.integrable_profileGridKernel: [propext, Classical.choice, Quot.sound]
AXIOMS Luce.integrable_profileLimitKernel: [propext, Classical.choice, Quot.sound]
AXIOMS Luce.integrable_rateKernel: [propext, Classical.choice, Quot.sound]
AXIOMS Luce.integrable_selectedNormalizedGaps: [propext, Classical.choice, Quot.sound]
AXIOMS Luce.integrable_selectedNormalizedGaps_mixed: [propext, Classical.choice, Quot.sound]
AXIOMS Luce.integrable_selectedNormalizedGaps_taylorEnvelope: [propext, Classical.choice, Quot.sound]
AXIOMS Luce.integrable_stepProfile: [propext, Classical.choice, Quot.sound]
AXIOMS Luce.integrable_sum_mul_prod_expMeasure_one: [propext, Classical.choice, Quot.sound]
AXIOMS Luce.integrable_survivalKernel: [propext, Classical.choice, Quot.sound]
AXIOMS Luce.integrable_tailFixedPointCount: [propext, Classical.choice, Quot.sound]
AXIOMS Luce.integrable_weightedPointMeasure: [propext, Classical.choice, Quot.sound]
AXIOMS Luce.integral_abs_le_threshold_add_probability: [propext, Classical.choice, Quot.sound]
AXIOMS Luce.integral_arrivalAt: [propext, Classical.choice, Quot.sound]
AXIOMS Luce.integral_clockBand: [propext, Classical.choice, Quot.sound]
AXIOMS Luce.integral_clockSurvivalIndicator: [propext, Classical.choice, Quot.sound]
AXIOMS Luce.integral_comp_stepProfile: [propext, Classical.choice, Quot.sound]
AXIOMS Luce.integral_countLaplace_finitePoissonLaw: [propext, Classical.choice, Quot.sound]
AXIOMS Luce.integral_cyclicCellStep: [propext, Classical.choice, Quot.sound]
AXIOMS Luce.integral_cyclicGridKernel_step: [propext, Classical.choice, Quot.sound]
AXIOMS Luce.integral_cyclicGridKernel_sub_le: [propext, Classical.choice, Quot.sound]
AXIOMS Luce.integral_cyclic_source_product: [propext, Classical.choice, Quot.sound]
AXIOMS Luce.integral_empiricalArrival: [propext, Classical.choice, Quot.sound]
AXIOMS Luce.integral_empiricalRemaining: [propext, Classical.choice, Quot.sound]
AXIOMS Luce.integral_error_mul_le: [propext, Classical.choice, Quot.sound]
AXIOMS Luce.integral_exp_neg_mem_Icc: [propext, Classical.choice, Quot.sound]
AXIOMS Luce.integral_exponentialPDFReal: [propext, Classical.choice, Quot.sound]
AXIOMS Luce.integral_exponential_density_Ioi: [propext, Classical.choice, Quot.sound]
AXIOMS Luce.integral_finite_state: [propext, Classical.choice, Quot.sound]
AXIOMS Luce.integral_fullIntensity: [propext, Classical.choice, Quot.sound]
AXIOMS Luce.integral_interiorIntensity: [propext, Classical.choice, Quot.sound]
AXIOMS Luce.integral_interior_observed_test_le_tail: [propext, Classical.choice, Quot.sound]
AXIOMS Luce.integral_markedNormalizedGaps_mixed: [propext, Classical.choice, Quot.sound]
AXIOMS Luce.integral_markedNormalizedGaps_prod: [propext, Classical.choice, Quot.sound]
AXIOMS Luce.integral_markedNormalizedGaps_prod_sq: [propext, Classical.choice, Quot.sound]
AXIOMS Luce.integral_markedNormalizedGaps_taylorEnvelope: [propext, Classical.choice, Quot.sound]
AXIOMS Luce.integral_mixed_expMeasure_one: [propext, Classical.choice, Quot.sound]
AXIOMS Luce.integral_natCountAlgebra_eq: [propext, Classical.choice, Quot.sound]
AXIOMS Luce.integral_natCountLaplace_pi_poisson: [propext, Classical.choice, Quot.sound]
AXIOMS Luce.integral_natCountSingletonTest: [propext, Classical.choice, Quot.sound]
AXIOMS Luce.integral_normalized_clockBand_le: [propext, Classical.choice, Quot.sound]
AXIOMS Luce.integral_normalized_survivalGe: [propext, Classical.choice, Quot.sound]
AXIOMS Luce.integral_observedPointMeasure: [propext, Classical.choice, Quot.sound]
AXIOMS Luce.integral_one_sub_exp_neg_disjointCountTest: [propext, Classical.choice, Quot.sound]
AXIOMS Luce.integral_one_sub_exp_neg_eq_mass_mul: [propext, Classical.choice, Quot.sound]
AXIOMS Luce.integral_pointCountSingletonTest: [propext, Classical.choice, Quot.sound]
AXIOMS Luce.integral_pointCountSingletonTest_comp: [propext, Classical.choice, Quot.sound]
AXIOMS Luce.integral_pointCountSingletonTest_finitePoissonLaw: [propext, Classical.choice, Quot.sound]
AXIOMS Luce.integral_pointLaplace_finitePoissonLaw: [propext, Classical.choice, Quot.sound]
AXIOMS Luce.integral_pointLaplace_iidPointLaw: [propext, Classical.choice, Quot.sound]
AXIOMS Luce.integral_pointMeasureOfFin: [propext, Classical.choice, Quot.sound]
AXIOMS Luce.integral_poissonMixture_of_power: [propext, Classical.choice, Quot.sound]
AXIOMS Luce.integral_pow_expMeasure_one: [propext, Classical.choice, Quot.sound]
AXIOMS Luce.integral_pow_poissonMeasure: [propext, Classical.choice, Quot.sound]
AXIOMS Luce.integral_profileGridKernel_step: [propext, Classical.choice, Quot.sound]
AXIOMS Luce.integral_profileLimitKernel_eq: [propext, Classical.choice, Quot.sound]
AXIOMS Luce.integral_selectedNormalizedGaps: [propext, Classical.choice, Quot.sound]
AXIOMS Luce.integral_selectedNormalizedGaps_mixed: [propext, Classical.choice, Quot.sound]
AXIOMS Luce.integral_selectedNormalizedGaps_taylorEnvelope: [propext, Classical.choice, Quot.sound]
AXIOMS Luce.integral_stepProfile_cell: [propext, Classical.choice, Quot.sound]
AXIOMS Luce.integral_sub_abs_le_on_set: [propext, Classical.choice, Quot.sound]
AXIOMS Luce.integral_sub_abs_le_uniform: [propext, Classical.choice, Quot.sound]
AXIOMS Luce.integral_sum_clockSurvivalIndicator: [propext, Classical.choice, Quot.sound]
AXIOMS Luce.integral_sum_mul_prod_expMeasure_one: [propext, Classical.choice, Quot.sound]
AXIOMS Luce.integral_survivalGe: [propext, Classical.choice, Quot.sound]
AXIOMS Luce.integral_terminalFixedPointCount: [propext, Classical.choice, Quot.sound]
AXIOMS Luce.integral_weightedPointMeasure: [propext, Classical.choice, Quot.sound]
AXIOMS Luce.integrated_rank_crossing_intensity: [propext, Classical.choice, Quot.sound]
AXIOMS Luce.interiorDensityMeasure_ae_mem: [propext, Classical.choice, Quot.sound]
AXIOMS Luce.interiorDensityMeasure_eq_closed: [propext, Classical.choice, Quot.sound]
AXIOMS Luce.interiorDensityMeasure_finite: [propext, Classical.choice, Quot.sound]
AXIOMS Luce.interiorDensityMeasure_mono: [propext, Classical.choice, Quot.sound]
AXIOMS Luce.interiorDensityMeasure_restrict: [propext, Classical.choice, Quot.sound]
AXIOMS Luce.interiorDensityMeasure_tail_le_test: [propext, Classical.choice, Quot.sound]
AXIOMS Luce.interiorFixedPoints_realMeasure: [propext, Classical.choice, Quot.sound]
AXIOMS Luce.interiorFixedPoints_toFiniteMeasure: [propext, Classical.choice, Quot.sound]
AXIOMS Luce.interiorIntensity_projection_recovery: [propext, Classical.choice, Quot.sound]
AXIOMS Luce.interior_integral_eq_closed: [propext, Classical.choice, Quot.sound]
AXIOMS Luce.interior_observed_test_le_tail: [propext, Classical.choice, Quot.sound]
AXIOMS Luce.intervalTestExtension_eq: [propext, Classical.choice, Quot.sound]
AXIOMS Luce.inverse_fixed_iff: [Quot.sound]
AXIOMS Luce.inverse_ge_iff_no_earlier_draw: [propext, Quot.sound]
AXIOMS Luce.inverse_product_le_exp: [propext, Classical.choice, Quot.sound]
AXIOMS Luce.isInducing_pointMoment: [propext, Classical.choice, Quot.sound]
AXIOMS Luce.keepTerm_of_total_le: [propext, Classical.choice, Quot.sound]
AXIOMS Luce.laplace_gap_tail_bound: [propext, Classical.choice, Quot.sound]
AXIOMS Luce.likelihood_denominator_pos: [propext, Classical.choice, Quot.sound]
AXIOMS Luce.likelihood_integral_error: [propext, Classical.choice, Quot.sound]
AXIOMS Luce.likelihood_product_integral: [propext, Classical.choice, Quot.sound]
AXIOMS Luce.likelihood_product_martingale: [propext, Classical.choice, Quot.sound]
AXIOMS Luce.lintegral_deletedGapKernel_product: [propext, Classical.choice, Quot.sound]
AXIOMS Luce.lintegral_ghostCountKernel_marked_product: [propext, Classical.choice, Quot.sound]
AXIOMS Luce.lintegral_ghostCountKernel_product: [propext, Classical.choice, Quot.sound]
AXIOMS Luce.lintegral_ghostCylinderProduct_le_one: [propext, Classical.choice, Quot.sound]
AXIOMS Luce.log_one_sub_remainder: [propext, Classical.choice, Quot.sound]
AXIOMS Luce.log_product_remainder: [propext, Classical.choice, Quot.sound]
AXIOMS Luce.lowCycleExpectation_nonneg: [propext, Classical.choice, Quot.sound]
AXIOMS Luce.lowRateDensity_eq_integral: [propext, Classical.choice, Quot.sound]
AXIOMS Luce.lt_arrivalTime_iff_clockBeforeCount: [propext, Classical.choice, Quot.sound]
AXIOMS Luce.luceInteriorCompensatorSum_race: [propext, Classical.choice, Quot.sound]
AXIOMS Luce.luce_event_probability: [propext, Classical.choice, Quot.sound]
AXIOMS Luce.luce_map_eq_raceDraw: [propext, Classical.choice, Quot.sound]
AXIOMS Luce.markedBeforeCount_eq_index: [propext, Classical.choice, Quot.sound]
AXIOMS Luce.markedGapCoefficient_eq_prod_scalar: [propext, Classical.choice, Quot.sound]
AXIOMS Luce.markedGapScalar_eq_deleted: [propext, Classical.choice, Quot.sound]
AXIOMS Luce.markedGap_taylor_expectation: [propext, Classical.choice, Quot.sound]
AXIOMS Luce.markedGap_taylor_pointwise: [propext, Classical.choice, Quot.sound]
AXIOMS Luce.markedImage_comp_perm: [propext, Classical.choice, Quot.sound]
AXIOMS Luce.markedRankCylinder_comp_perm: [propext, Classical.choice, Quot.sound]
AXIOMS Luce.markedRankCylinder_deleted_counts: [propext, Classical.choice, Quot.sound]
AXIOMS Luce.markedRankCylinder_iff_deleted_counts: [propext, Classical.choice, Quot.sound]
AXIOMS Luce.markedRankCylinder_probability_eq_deletedGapProduct: [propext, Classical.choice, Quot.sound]
AXIOMS Luce.markedRankCylinder_probability_eq_sortedGapProduct: [propext, Classical.choice, Quot.sound]
AXIOMS Luce.markedRankCylinder_probability_le_deletedGapProduct: [propext, Classical.choice, Quot.sound]
AXIOMS Luce.markedRankCylinder_probability_le_ghost: [propext, Classical.choice, Quot.sound]
AXIOMS Luce.markedRankCylinder_real_probability_eq_deletedGapProduct: [propext, Classical.choice, Quot.sound]
AXIOMS Luce.markedRankCylinder_taylor_expectation: [propext, Classical.choice, Quot.sound]
AXIOMS Luce.marked_raceGapStart_eq_consecutiveGapLower: [propext, Classical.choice, Quot.sound]
AXIOMS Luce.marked_times_strictMono_of_deleted_counts: [propext, Classical.choice, Quot.sound]
AXIOMS Luce.marked_times_strictMono_of_rankCylinder: [propext, Classical.choice, Quot.sound]
AXIOMS Luce.meanArrival_eq_profileF: [propext, Classical.choice, Quot.sound]
AXIOMS Luce.meanRemaining_eq_profileD: [propext, Classical.choice, Quot.sound]
AXIOMS Luce.meanSurvivors_antitone: [propext, Classical.choice, Quot.sound]
AXIOMS Luce.meanSurvivors_cutoff_log_lower: [propext, Classical.choice, Quot.sound]
AXIOMS Luce.meanSurvivors_lower_bound: [propext, Classical.choice, Quot.sound]
AXIOMS Luce.meanSurvivors_pos: [propext, Classical.choice, Quot.sound]
AXIOMS Luce.meanSurvivors_strictAnti: [propext, Classical.choice, Quot.sound]
AXIOMS Luce.meanSurvivors_zero: [propext, Classical.choice, Quot.sound]
AXIOMS Luce.mean_other_survivors_lower: [propext, Classical.choice, Quot.sound]
AXIOMS Luce.measurableSet_approximateClockPath: [propext, Classical.choice, Quot.sound]
AXIOMS Luce.measurableSet_beforeCount: [propext, Classical.choice, Quot.sound]
AXIOMS Luce.measurableSet_beforeRank: [propext, Classical.choice, Quot.sound]
AXIOMS Luce.measurableSet_boundedCycleEvent: [propext, Classical.choice, Quot.sound]
AXIOMS Luce.measurableSet_cycle_period: [propext, Classical.choice, Quot.sound]
AXIOMS Luce.measurableSet_cyclicProfileCell: [propext, Classical.choice, Quot.sound]
AXIOMS Luce.measurableSet_deletedGapCount: [propext, Classical.choice, Quot.sound]
AXIOMS Luce.measurableSet_deletedMarkedSuccess: [propext, Classical.choice, Quot.sound]
AXIOMS Luce.measurableSet_first_before_background: [propext, Classical.choice, Quot.sound]
AXIOMS Luce.measurableSet_ghostCountSuccess: [propext, Classical.choice, Quot.sound]
AXIOMS Luce.measurableSet_ghostCountWindow: [propext, Classical.choice, Quot.sound]
AXIOMS Luce.measurableSet_ghostFamilySuccess: [propext, Classical.choice, Quot.sound]
AXIOMS Luce.measurableSet_ghostMarkedSuccess: [propext, Classical.choice, Quot.sound]
AXIOMS Luce.measurableSet_ghostWindowByOrder: [propext, Classical.choice, Quot.sound]
AXIOMS Luce.measurableSet_injective_clocks: [propext, Classical.choice, Quot.sound]
AXIOMS Luce.measurableSet_keepTerm: [propext, Classical.choice, Quot.sound]
AXIOMS Luce.measurableSet_label_available: [propext, Classical.choice, Quot.sound]
AXIOMS Luce.measurableSet_markedRankCylinder: [propext, Classical.choice, Quot.sound]
AXIOMS Luce.measurableSet_shortCycleVertex: [propext, Classical.choice, Quot.sound]
AXIOMS Luce.measurableSet_strictMono_clocks: [propext, Classical.choice, Quot.sound]
AXIOMS Luce.measurable_arrivalAt: [propext, Classical.choice, Quot.sound]
AXIOMS Luce.measurable_availability_indicator: [propext, Classical.choice, Quot.sound]
AXIOMS Luce.measurable_backgroundSurvivors: [propext, Classical.choice, Quot.sound]
AXIOMS Luce.measurable_beforeCount_probability: [propext, Classical.choice, Quot.sound]
AXIOMS Luce.measurable_boundedContinuousFunction_of_compact_exhaustion: [propext, Classical.choice, Quot.sound]
AXIOMS Luce.measurable_boundedContinuous_pointMeasure: [propext, Classical.choice, Quot.sound]
AXIOMS Luce.measurable_clockBand: [propext, Classical.choice, Quot.sound]
AXIOMS Luce.measurable_clockBeforeCount: [propext, Classical.choice, Quot.sound]
AXIOMS Luce.measurable_clockSurvivalIndicator: [propext, Classical.choice, Quot.sound]
AXIOMS Luce.measurable_comp_profileGridEndpoint: [propext, Classical.choice, Quot.sound]
AXIOMS Luce.measurable_cyclic_grid_comp: [propext, Classical.choice, Quot.sound]
AXIOMS Luce.measurable_deletedBeforeCount: [propext, Classical.choice, Quot.sound]
AXIOMS Luce.measurable_deletedGapKernel: [propext, Classical.choice, Quot.sound]
AXIOMS Luce.measurable_disjointCountTest: [propext, Classical.choice, Quot.sound]
AXIOMS Luce.measurable_draw_of_lt: [propext, Classical.choice, Quot.sound]
AXIOMS Luce.measurable_finCons: [propext, Classical.choice, Quot.sound]
AXIOMS Luce.measurable_fixedPoints: [propext, Classical.choice, Quot.sound]
AXIOMS Luce.measurable_ghostCountKernel: [propext, Classical.choice, Quot.sound]
AXIOMS Luce.measurable_ghostCountWindowVolume: [propext, Classical.choice, Quot.sound]
AXIOMS Luce.measurable_identityNormalizedGaps: [propext, Classical.choice, Quot.sound]
AXIOMS Luce.measurable_interiorFixedPoints_race: [propext, Classical.choice, Quot.sound]
AXIOMS Luce.measurable_markedGapCoefficient: [propext, Classical.choice, Quot.sound]
AXIOMS Luce.measurable_markedNormalizedGaps: [propext, Classical.choice, Quot.sound]
AXIOMS Luce.measurable_momentLaplaceAlgebra_pointMoment: [propext, Classical.choice, Quot.sound]
AXIOMS Luce.measurable_momentLaplace_pointMoment: [propext, Classical.choice, Quot.sound]
AXIOMS Luce.measurable_observedPointMeasure: [propext, Classical.choice, Quot.sound]
AXIOMS Luce.measurable_observedPointMeasure_of_measurable: [propext, Classical.choice, Quot.sound]
AXIOMS Luce.measurable_orderedNormalizedGaps: [propext, Classical.choice, Quot.sound]
AXIOMS Luce.measurable_otherSurvivorProbability: [propext, Classical.choice, Quot.sound]
AXIOMS Luce.measurable_otherSurvivors: [propext, Classical.choice, Quot.sound]
AXIOMS Luce.measurable_other_survivors: [propext, Classical.choice, Quot.sound]
AXIOMS Luce.measurable_pointLaplace: [propext, Classical.choice, Quot.sound]
AXIOMS Luce.measurable_pointMeasure_mass: [propext, Classical.choice, Quot.sound]
AXIOMS Luce.measurable_predictableChance_history: [propext, Classical.choice, Quot.sound]
AXIOMS Luce.measurable_profileGridEndpoint: [propext, Classical.choice, Quot.sound]
AXIOMS Luce.measurable_raceDraw: [propext, Classical.choice, Quot.sound]
AXIOMS Luce.measurable_raceGapRate: [propext, Classical.choice, Quot.sound]
AXIOMS Luce.measurable_raceGapStart: [propext, Classical.choice, Quot.sound]
AXIOMS Luce.measurable_raceNormalizedGaps: [propext, Classical.choice, Quot.sound]
AXIOMS Luce.measurable_raceRank: [propext, Classical.choice, Quot.sound]
AXIOMS Luce.measurable_raceRankPermutation_apply: [propext, Classical.choice, Quot.sound]
AXIOMS Luce.measurable_raceRankPermutation_function: [propext, Classical.choice, Quot.sound]
AXIOMS Luce.measurable_rankOf: [propext, Classical.choice, Quot.sound]
AXIOMS Luce.measurable_remaining_weight: [propext, Classical.choice, Quot.sound]
AXIOMS Luce.measurable_shortCycleVertexCount: [propext, Classical.choice, Quot.sound]
AXIOMS Luce.measurable_stepProfile: [propext, Classical.choice, Quot.sound]
AXIOMS Luce.measurable_stoppedMass: [propext, Classical.choice, Quot.sound]
AXIOMS Luce.measurable_stoppedProbability: [propext, Classical.choice, Quot.sound]
AXIOMS Luce.measurable_survivalGe: [propext, Classical.choice, Quot.sound]
AXIOMS Luce.measurable_survivingAtRankProbability: [propext, Classical.choice, Quot.sound]
AXIOMS Luce.measurable_survivorProbability: [propext, Classical.choice, Quot.sound]
AXIOMS Luce.measurable_tailFixedPointCount: [propext, Classical.choice, Quot.sound]
AXIOMS Luce.measurable_weightedPointMeasure: [propext, Classical.choice, Quot.sound]
AXIOMS Luce.measurable_weightedPointMeasure_of_measurable: [propext, Classical.choice, Quot.sound]
AXIOMS Luce.measurePreserving_markedNormalizedGaps: [propext, Classical.choice, Quot.sound]
AXIOMS Luce.measurePreserving_raceNormalizedGaps: [propext, Classical.choice, Quot.sound]
AXIOMS Luce.measurePreserving_selectedNormalizedGaps: [propext, Classical.choice, Quot.sound]
AXIOMS Luce.memLp_empiricalArrival: [propext, Classical.choice, Quot.sound]
AXIOMS Luce.memLp_empiricalRemaining: [propext, Classical.choice, Quot.sound]
AXIOMS Luce.memLp_weighted_survivalGe: [propext, Classical.choice, Quot.sound]
AXIOMS Luce.mem_consecutiveGap_iff_count: [propext, Classical.choice, Quot.sound]
AXIOMS Luce.mem_natCountBox: []
AXIOMS Luce.mgf_neg_one_of_zero_one: [propext, Classical.choice, Quot.sound]
AXIOMS Luce.momentLaplaceAlgebra_bounded: [propext, Classical.choice, Quot.sound]
AXIOMS Luce.momentLaplaceAlgebra_eq_span: [propext, Classical.choice, Quot.sound]
AXIOMS Luce.momentLaplaceAlgebra_separatesPoints: [propext, Classical.choice, Quot.sound]
AXIOMS Luce.momentLaplace_add: [propext, Classical.choice, Quot.sound]
AXIOMS Luce.momentLaplace_apply: [propext, Classical.choice, Quot.sound]
AXIOMS Luce.momentLaplace_const_pointMoment: [propext, Classical.choice, Quot.sound]
AXIOMS Luce.momentLaplace_pointMoment_eq_pointLaplace: [propext, Classical.choice, Quot.sound]
AXIOMS Luce.momentLaplace_zero: [propext, Classical.choice, Quot.sound]
AXIOMS Luce.monotoneOn_profileF: [propext, Classical.choice, Quot.sound]
AXIOMS Luce.monotone_bracket_error: [propext, Classical.choice, Quot.sound]
AXIOMS Luce.monotone_grid_error: [propext, Classical.choice, Quot.sound]
AXIOMS Luce.monotone_uniform_convergence_in_probability: [propext, Classical.choice, Quot.sound]
AXIOMS Luce.natCountBox_compact: [propext, Classical.choice, Quot.sound]
AXIOMS Luce.natCountBox_eventually: [propext, Classical.choice, Quot.sound]
AXIOMS Luce.natCountBox_measurable: [propext, Classical.choice, Quot.sound]
AXIOMS Luce.natCountBox_tail_tendsto: [propext, Classical.choice, Quot.sound]
AXIOMS Luce.natCountLaplaceAlgebra_bounded: [propext, Classical.choice, Quot.sound]
AXIOMS Luce.natCountLaplaceAlgebra_eq_span: [propext, Classical.choice, Quot.sound]
AXIOMS Luce.natCountLaplaceAlgebra_separatesPoints: [propext, Classical.choice, Quot.sound]
AXIOMS Luce.natCountLaplace_add: [propext, Classical.choice, Quot.sound]
AXIOMS Luce.natCountLaplace_zero: [propext, Classical.choice, Quot.sound]
AXIOMS Luce.natCountLaw_eq_of_laplace: [propext, Classical.choice, Quot.sound]
AXIOMS Luce.nonneg_laplace_tendsto_zero: [propext, Classical.choice, Quot.sound]
AXIOMS Luce.nonneg_laplace_tightness: [propext, Classical.choice, Quot.sound]
AXIOMS Luce.norm_momentLaplace_le_one: [propext, Classical.choice, Quot.sound]
AXIOMS Luce.norm_natCountLaplace_le_one: [propext, Classical.choice, Quot.sound]
AXIOMS Luce.normalized_cyclicComparisonArray: [propext, Classical.choice, Quot.sound]
AXIOMS Luce.normalized_sum_cutoff_error_le: [propext, Classical.choice, Quot.sound]
AXIOMS Luce.normalized_sum_sq_le: [propext, Classical.choice, Quot.sound]
AXIOMS Luce.normalized_surviving_mass_le: [propext, Classical.choice, Quot.sound]
AXIOMS Luce.normalized_tuple_high_rate_le: [propext, Classical.choice, Quot.sound]
AXIOMS Luce.observedPointMeasure_count: [propext, Classical.choice, Quot.sound]
AXIOMS Luce.observedPointMeasure_mass: [propext, Classical.choice, Quot.sound]
AXIOMS Luce.observedPointMeasure_toFiniteMeasure: [propext, Classical.choice, Quot.sound]
AXIOMS Luce.one_sub_exp_neg_disjointCountTest: [propext, Classical.choice, Quot.sound]
AXIOMS Luce.orderTime_eq_arrivalTime: [propext, Classical.choice, Quot.sound]
AXIOMS Luce.orderTime_nonneg: [propext, Classical.choice, Quot.sound]
AXIOMS Luce.orderedNormalizedGaps_compactDeleted: [propext, Classical.choice, Quot.sound]
AXIOMS Luce.orderedNormalizedGaps_eq_rate_mul_gap: [propext, Classical.choice, Quot.sound]
AXIOMS Luce.orderedRemainingRate_eq_surviving_sum: [propext, Classical.choice, Quot.sound]
AXIOMS Luce.orderedRemainingRate_identity_succ: [propext, Classical.choice, Quot.sound]
AXIOMS Luce.orderedRemainingRate_identity_zero: [propext, Classical.choice, Quot.sound]
AXIOMS Luce.orderedRemainingRate_pos: [propext, Classical.choice, Quot.sound]
AXIOMS Luce.ordered_gap_eq_normalized_div_rate: [propext, Classical.choice, Quot.sound]
AXIOMS Luce.otherSurvivorProbability_early: [propext, Classical.choice, Quot.sound]
AXIOMS Luce.otherSurvivorProbability_le_one: [propext, Classical.choice, Quot.sound]
AXIOMS Luce.otherSurvivorProbability_nonneg: [propext, Classical.choice, Quot.sound]
AXIOMS Luce.other_survivors_eq_sum: [propext, Classical.choice, Quot.sound]
AXIOMS Luce.pairedExponentialRace_background: [propext, Classical.choice, Quot.sound]
AXIOMS Luce.pairedExponentialRace_families: [propext, Classical.choice, Quot.sound]
AXIOMS Luce.pairedExponentialRace_isProbability: [propext, Classical.choice, Quot.sound]
AXIOMS Luce.pointLaplace_disjointCountTest: [propext, Classical.choice, Quot.sound]
AXIOMS Luce.pointLaplace_mem_Icc: [propext, Classical.choice, Quot.sound]
AXIOMS Luce.pointLaplace_observedPointMeasure: [propext, Classical.choice, Quot.sound]
AXIOMS Luce.pointLaplace_ofFin: [propext, Classical.choice, Quot.sound]
AXIOMS Luce.pointLaplace_zero: [propext, Classical.choice, Quot.sound]
AXIOMS Luce.pointMeasureOfFin_mass: [propext, Classical.choice, Quot.sound]
AXIOMS Luce.pointMeasure_count_singleton_tendsto: [propext, Classical.choice, Quot.sound]
AXIOMS Luce.pointMeasure_eventually_mass_le: [propext, Classical.choice, Quot.sound]
AXIOMS Luce.pointMeasure_laplace_of_integrals: [propext, Classical.choice, Quot.sound]
AXIOMS Luce.pointMeasure_laplace_tendsto: [propext, Classical.choice, Quot.sound]
AXIOMS Luce.pointMeasure_law_convergence_of_laplace: [propext, Classical.choice, Quot.sound]
AXIOMS Luce.pointMeasure_mass_tail_tendsto_zero: [propext, Classical.choice, Quot.sound]
AXIOMS Luce.pointMeasure_random_count_singleton_poisson_tendsto: [propext, Classical.choice, Quot.sound]
AXIOMS Luce.pointMeasure_tightness_of_laplace: [propext, Classical.choice, Quot.sound]
AXIOMS Luce.poissonMixture_isProbabilityMeasure: [propext, Classical.choice, Quot.sound]
AXIOMS Luce.predictableChance_eq_of_prefix_agreement: [propext, Classical.choice, Quot.sound]
AXIOMS Luce.predictableChance_formula: [propext, Classical.choice, Quot.sound]
AXIOMS Luce.predictableChance_le_rate_div: [propext, Classical.choice, Quot.sound]
AXIOMS Luce.predictable_fixed_point_probability: [propext, Classical.choice, Quot.sound]
AXIOMS Luce.predictable_poisson: [propext, Classical.choice, Quot.sound]
AXIOMS Luce.predictable_poisson_of_integrals: [propext, Classical.choice, Quot.sound]
AXIOMS Luce.prefixAgrees_decomposeFin: [propext, Classical.choice, Quot.sound]
AXIOMS Luce.prefixAgrees_self: [Quot.sound]
AXIOMS Luce.prefixAgrees_succ_iff: [propext, Classical.choice, Quot.sound]
AXIOMS Luce.prefixAgrees_zero: [propext, Quot.sound]
AXIOMS Luce.prefixMass_decomposeFin: [propext, Classical.choice, Quot.sound]
AXIOMS Luce.prefixMass_eq_of_prefix_agreement: [propext, Classical.choice, Quot.sound]
AXIOMS Luce.prefixMass_full: [propext, Classical.choice, Quot.sound]
AXIOMS Luce.prefixMass_succ: [propext, Classical.choice, Quot.sound]
AXIOMS Luce.prefixMass_zero: [propext, Classical.choice, Quot.sound]
AXIOMS Luce.prefixVector_eq_iff: [Quot.sound]
AXIOMS Luce.probabilityTotalVariation_le_finite_sum: [propext, Classical.choice, Quot.sound]
AXIOMS Luce.probabilityTotalVariation_le_one: [propext, Classical.choice, Quot.sound]
AXIOMS Luce.probabilityTotalVariation_nonneg: [propext, Classical.choice, Quot.sound]
AXIOMS Luce.probability_error_le_bad_add_integral: [propext, Classical.choice, Quot.sound]
AXIOMS Luce.probability_event_difference_le_totalVariation: [propext, Classical.choice, Quot.sound]
AXIOMS Luce.probability_le_of_denominator_close: [propext, Classical.choice, Quot.sound]
AXIOMS Luce.probability_survival_replacement_le: [propext, Classical.choice, Quot.sound]
AXIOMS Luce.probability_weighted_density_bound: [propext, Classical.choice, Quot.sound]
AXIOMS Luce.probability_weighted_tail_bound: [propext, Classical.choice, Quot.sound]
AXIOMS Luce.prod_exponentialGapMass_taylor: [propext, Classical.choice, Quot.sound]
AXIOMS Luce.prod_one_exception: [propext, Classical.choice, Quot.sound]
AXIOMS Luce.product_error_modulus: [propext, Classical.choice, Quot.sound]
AXIOMS Luce.product_poisson_error: [propext, Classical.choice, Quot.sound]
AXIOMS Luce.product_poisson_error_of_atom_bound: [propext, Classical.choice, Quot.sound]
AXIOMS Luce.profileCell_subset: [propext, Classical.choice, Quot.sound]
AXIOMS Luce.profileD_pos: [propext, Classical.choice, Quot.sound]
AXIOMS Luce.profileDiagonal_nonneg: [propext, Classical.choice, Quot.sound]
AXIOMS Luce.profileF_lt_one: [propext, Classical.choice, Quot.sound]
AXIOMS Luce.profileF_nonneg: [propext, Classical.choice, Quot.sound]
AXIOMS Luce.profileF_profileQuantile: [propext, Classical.choice, Quot.sound]
AXIOMS Luce.profileF_zero: [propext, Classical.choice, Quot.sound]
AXIOMS Luce.profileGapCoefficient_uniform_rank_modulus: [propext, Classical.choice, Quot.sound]
AXIOMS Luce.profileGridEndpoint_ge: [propext, Classical.choice, Quot.sound]
AXIOMS Luce.profileGridEndpoint_of_mem_cell: [propext, Classical.choice, Quot.sound]
AXIOMS Luce.profileGridEndpoint_pos: [propext, Classical.choice, Quot.sound]
AXIOMS Luce.profileMeasure_cell: [propext, Classical.choice, Quot.sound]
AXIOMS Luce.profileQuantile_nonneg: [propext, Classical.choice, Quot.sound]
AXIOMS Luce.profileQuantile_pos_of_pos: [propext, Classical.choice, Quot.sound]
AXIOMS Luce.profileQuantile_profileF: [propext, Classical.choice, Quot.sound]
AXIOMS Luce.profileQuantile_zero: [propext, Classical.choice, Quot.sound]
AXIOMS Luce.raceDraw_eq: [propext, Classical.choice, Quot.sound]
AXIOMS Luce.raceDraw_event_probability: [propext, Classical.choice, Quot.sound]
AXIOMS Luce.raceDraw_fixed_iff_rankOf: [propext, Classical.choice, Quot.sound]
AXIOMS Luce.raceDraw_mass: [propext, Classical.choice, Quot.sound]
AXIOMS Luce.raceGapDuration_eq_normalized_div_rate: [propext, Classical.choice, Quot.sound]
AXIOMS Luce.raceGapStart_eq_consecutiveGapLower: [propext, Classical.choice, Quot.sound]
AXIOMS Luce.raceInteriorBernoulli_integral: [propext, Classical.choice, Quot.sound]
AXIOMS Luce.raceInteriorBernoulli_observation: [propext, Classical.choice, Quot.sound]
AXIOMS Luce.raceInteriorBernoulli_pointMeasure: [propext, Classical.choice, Quot.sound]
AXIOMS Luce.raceInteriorBernoulli_probability: [propext, Classical.choice, Quot.sound]
AXIOMS Luce.raceNormalizedGaps_nonneg: [propext, Classical.choice, Quot.sound]
AXIOMS Luce.raceRankPermutation_eq: [propext, Classical.choice, Quot.sound]
AXIOMS Luce.raceRank_add_survivors: [propext, Classical.choice, Quot.sound]
AXIOMS Luce.raceRank_eq_iff_raceDraw: [propext, Classical.choice, Quot.sound]
AXIOMS Luce.raceRank_eq_iff_survivors: [propext, Classical.choice, Quot.sound]
AXIOMS Luce.raceRank_injective: [propext, Classical.choice, Quot.sound]
AXIOMS Luce.raceRank_probability_integral: [propext, Classical.choice, Quot.sound]
AXIOMS Luce.raceRank_strict: [propext, Classical.choice, Quot.sound]
AXIOMS Luce.race_probability_formula: [propext, Classical.choice, Quot.sound]
AXIOMS Luce.race_probability_le_on_good_event: [propext, Classical.choice, Quot.sound]
AXIOMS Luce.random_time_substitution_bound: [propext, Classical.choice, Quot.sound]
AXIOMS Luce.rankOf_eq_raceRank_for_tail: [propext, Classical.choice, Quot.sound]
AXIOMS Luce.rankPermutation_dist_le_of_count_window: [propext, Classical.choice, Quot.sound]
AXIOMS Luce.rank_integral: [propext, Classical.choice, Quot.sound]
AXIOMS Luce.rank_integral_common: [propext, Classical.choice, Quot.sound]
AXIOMS Luce.rank_integral_real: [propext, Classical.choice, Quot.sound]
AXIOMS Luce.rank_integral_survivors: [propext, Classical.choice, Quot.sound]
AXIOMS Luce.rank_integrand_integrable: [propext, Classical.choice, Quot.sound]
AXIOMS Luce.rank_survives_iff: [propext, Classical.choice, Quot.sound]
AXIOMS Luce.rateKernel_antitone_time: [propext, Classical.choice, Quot.sound]
AXIOMS Luce.rateKernel_le: [propext, Classical.choice, Quot.sound]
AXIOMS Luce.rateKernel_nonneg: [propext, Classical.choice, Quot.sound]
AXIOMS Luce.rate_le_rowMaxRate: [propext, Classical.choice, Quot.sound]
AXIOMS Luce.rate_sq_survival_le: [propext, Classical.choice, Quot.sound]
AXIOMS Luce.real_coe_nat_dist: [propext, Classical.choice, Quot.sound]
AXIOMS Luce.remaining_eq_clock_survivors: [propext, Classical.choice, Quot.sound]
AXIOMS Luce.remaining_eq_of_prefix_agreement: [propext, Classical.choice, Quot.sound]
AXIOMS Luce.remaining_nonempty: [propext, Classical.choice, Quot.sound]
AXIOMS Luce.remaining_rate_lower_pointwise: [propext, Classical.choice, Quot.sound]
AXIOMS Luce.remaining_rate_of_reservoir: [propext, Classical.choice, Quot.sound]
AXIOMS Luce.remaining_total_eq_tail_sum: [propext, Classical.choice, Quot.sound]
AXIOMS Luce.remaining_weight_eq_empirical: [propext, Classical.choice, Quot.sound]
AXIOMS Luce.removeFirst_zero_total: [propext, Classical.choice, Quot.sound]
AXIOMS Luce.rescaled_gap_error_constant: [propext, Classical.choice, Quot.sound]
AXIOMS Luce.rescaled_prod_exponentialGapMass_taylor: [propext, Classical.choice, Quot.sound]
AXIOMS Luce.rootedGhostProduct_eq_forward: [propext, Classical.choice, Quot.sound]
AXIOMS Luce.section3UnitWeights_normalized: [propext, Classical.choice, Quot.sound]
AXIOMS Luce.section3UnitWeights_profileLimit: [propext, Classical.choice, Quot.sound]
AXIOMS Luce.section3_cell_real_measure: [propext, Classical.choice, Quot.sound]
AXIOMS Luce.section3_convergence_congr_ae: [propext, Classical.choice, Quot.sound]
AXIOMS Luce.section3_denominator_lower: [propext, Classical.choice, Quot.sound]
AXIOMS Luce.section3_interior_poisson: [propext, Classical.choice, Quot.sound]
AXIOMS Luce.section3_interior_poisson_general: [propext, Classical.choice, Quot.sound]
AXIOMS Luce.section3_max_probability: [propext, Classical.choice, Quot.sound]
AXIOMS Luce.section3_max_probability_general: [propext, Classical.choice, Quot.sound]
AXIOMS Luce.section3_max_probability_luce: [propext, Classical.choice, Quot.sound]
AXIOMS Luce.section3_order_statistics_general: [propext, Classical.choice, Quot.sound]
AXIOMS Luce.section3_predictable_maximum: [propext, Classical.choice, Quot.sound]
AXIOMS Luce.section3_predictable_tests: [propext, Classical.choice, Quot.sound]
AXIOMS Luce.section3_rowMaximum_lt: [propext, Classical.choice, Quot.sound]
AXIOMS Luce.section3_survival_fluctuation: [propext, Classical.choice, Quot.sound]
AXIOMS Luce.section3_survival_replacement: [propext, Classical.choice, Quot.sound]
AXIOMS Luce.section3_uniform_arrival: [propext, Classical.choice, Quot.sound]
AXIOMS Luce.section3_uniform_denominator: [propext, Classical.choice, Quot.sound]
AXIOMS Luce.section3_uniform_quantile: [propext, Classical.choice, Quot.sound]
AXIOMS Luce.section3_uniform_race: [propext, Classical.choice, Quot.sound]
AXIOMS Luce.section3_uniform_race_general: [propext, Classical.choice, Quot.sound]
AXIOMS Luce.section3_uniform_race_of_independent: [propext, Classical.choice, Quot.sound]
AXIOMS Luce.section3_uniform_remaining: [propext, Classical.choice, Quot.sound]
AXIOMS Luce.section3_uniform_remaining_weight_general: [propext, Classical.choice, Quot.sound]
AXIOMS Luce.section3_weighted_compensator: [propext, Classical.choice, Quot.sound]
AXIOMS Luce.section3_weighted_compensator_general: [propext, Classical.choice, Quot.sound]
AXIOMS Luce.section3_weighted_compensator_luce: [propext, Classical.choice, Quot.sound]
AXIOMS Luce.section3_weighted_compensator_on_interval: [propext, Classical.choice, Quot.sound]
AXIOMS Luce.section4_count_poisson: [propext, Classical.choice, Quot.sound]
AXIOMS Luce.section4_count_poisson_general: [propext, Classical.choice, Quot.sound]
AXIOMS Luce.section4_endpoint_bound: [propext, Classical.choice, Quot.sound]
AXIOMS Luce.section4_full_intensity_finite: [propext, Classical.choice, Quot.sound]
AXIOMS Luce.section4_full_laplace: [propext, Classical.choice, Quot.sound]
AXIOMS Luce.section4_full_poisson: [propext, Classical.choice, Quot.sound]
AXIOMS Luce.section4_full_poisson_general: [propext, Classical.choice, Quot.sound]
AXIOMS Luce.section4_intensity_tail_tendsto: [propext, Classical.choice, Quot.sound]
AXIOMS Luce.section4_intensity_test_bound: [propext, Classical.choice, Quot.sound]
AXIOMS Luce.section4_interior_intensity_bounded: [propext, Classical.choice, Quot.sound]
AXIOMS Luce.section4_interior_test_expectation_lower: [propext, Classical.choice, Quot.sound]
AXIOMS Luce.section4_lambda_nonneg: [propext, Classical.choice, Quot.sound]
AXIOMS Luce.section4_laplace_cutoff_error: [propext, Classical.choice, Quot.sound]
AXIOMS Luce.section4_main_poisson: [propext, Classical.choice, Quot.sound]
AXIOMS Luce.section4_main_poisson_general: [propext, Classical.choice, Quot.sound]
AXIOMS Luce.section4_point_measure_tail_tightness: [propext, Classical.choice, Quot.sound]
AXIOMS Luce.section4_profileDiagonal_integrable: [propext, Classical.choice, Quot.sound]
AXIOMS Luce.section4_tail_expectation_bound: [propext, Classical.choice, Quot.sound]
AXIOMS Luce.section4_tail_expectation_bound_of_endpoint_witness: [propext, Classical.choice, Quot.sound]
AXIOMS Luce.section5UnitWeights_assumptions: [propext, Classical.choice, Quot.sound]
AXIOMS Luce.section5_bounded_marked_asymptotic: [propext, Classical.choice, Quot.sound]
AXIOMS Luce.section5_cyclic_local: [propext, Classical.choice, Quot.sound]
AXIOMS Luce.section5_deleted_gap_rate: [propext, Classical.choice, Quot.sound]
AXIOMS Luce.section5_deleted_order_statistics: [propext, Classical.choice, Quot.sound]
AXIOMS Luce.section5_lemma52: [propext, Classical.choice, Quot.sound]
AXIOMS Luce.section5_marked_coefficient_expectation: [propext, Classical.choice, Quot.sound]
AXIOMS Luce.section5_measurableSet_injective_clocks: [propext, Classical.choice, Quot.sound]
AXIOMS Luce.section5_proposition54: [propext, Classical.choice, Quot.sound]
AXIOMS Luce.section5_sorted_marked_asymptotic: [propext, Classical.choice, Quot.sound]
AXIOMS Luce.section5_uniform_deleted_arrival: [propext, Classical.choice, Quot.sound]
AXIOMS Luce.section5_uniform_deleted_denominator: [propext, Classical.choice, Quot.sound]
AXIOMS Luce.section5_uniform_deleted_gap_coefficient: [propext, Classical.choice, Quot.sound]
AXIOMS Luce.section5_uniform_deleted_quantile: [propext, Classical.choice, Quot.sound]
AXIOMS Luce.section5_uniform_deleted_remaining: [propext, Classical.choice, Quot.sound]
AXIOMS Luce.section5_uniform_marked_gap_coefficient: [propext, Classical.choice, Quot.sound]
AXIOMS Luce.section5_uniform_shifted_gap_coefficient: [propext, Classical.choice, Quot.sound]
AXIOMS Luce.shortCycleVertexCountAvoiding_expectation_le: [propext, Classical.choice, Quot.sound]
AXIOMS Luce.shortCycleVertexCountAvoiding_integrable: [propext, Classical.choice, Quot.sound]
AXIOMS Luce.shortCycleVertexCount_empty: [propext, Classical.choice, Quot.sound]
AXIOMS Luce.shortCycleVertexCount_eq_filter_period_le: [propext, Classical.choice, Quot.sound]
AXIOMS Luce.shortCycleVertexCount_expectation_eq: [propext, Classical.choice, Quot.sound]
AXIOMS Luce.shortCycleVertexCount_expectation_le: [propext, Classical.choice, Quot.sound]
AXIOMS Luce.shortCycleVertexCount_expectation_le_ghost: [propext, Classical.choice, Quot.sound]
AXIOMS Luce.shortCycleVertexCount_expectation_le_high_add_avoiding: [propext, Classical.choice, Quot.sound]
AXIOMS Luce.shortCycleVertexCount_integrable: [propext, Classical.choice, Quot.sound]
AXIOMS Luce.shortCycleVertexCount_inverse: [propext, Classical.choice, Quot.sound]
AXIOMS Luce.shortCycleVertexCount_le_card: [propext, Classical.choice, Quot.sound]
AXIOMS Luce.shortCycleVertexCount_le_high_add_avoiding: [propext, Classical.choice, Quot.sound]
AXIOMS Luce.shortCycleVertexCount_zero: [propext, Classical.choice, Quot.sound]
AXIOMS Luce.sortedMarkedGapIndex_add: [propext, Classical.choice, Quot.sound]
AXIOMS Luce.sortedMarkedGapIndex_lt_complement: [propext, Classical.choice, Quot.sound]
AXIOMS Luce.sortedMarkedGapIndex_strictMono: [propext, Classical.choice, Quot.sound]
AXIOMS Luce.spatial_tail_iff_terminal_index: [propext, Classical.choice, Quot.sound]
AXIOMS Luce.standardGapLaw_cons_integral: [propext, Classical.choice, Quot.sound]
AXIOMS Luce.standardGapLaw_isProbability: [propext, Classical.choice, Quot.sound]
AXIOMS Luce.standardGapLaw_select: [propext, Classical.choice, Quot.sound]
AXIOMS Luce.stepProfile_eq_of_mem_Ioc: [propext, Classical.choice, Quot.sound]
AXIOMS Luce.stepProfile_eq_on_cell: [propext, Classical.choice, Quot.sound]
AXIOMS Luce.stepProfile_nonneg: [propext, Classical.choice, Quot.sound]
AXIOMS Luce.stepProfile_superlevel_measure_le: [propext, Classical.choice, Quot.sound]
AXIOMS Luce.stoppedMass_le_cap: [propext, Classical.choice, Quot.sound]
AXIOMS Luce.stoppedMass_le_sum: [propext, Classical.choice, Quot.sound]
AXIOMS Luce.stoppedMass_nonneg: [propext, Classical.choice, Quot.sound]
AXIOMS Luce.stoppedMass_succ: [propext, Classical.choice, Quot.sound]
AXIOMS Luce.stoppedProbability_eq_of_total_le: [propext, Classical.choice, Quot.sound]
AXIOMS Luce.stoppedProbability_le: [propext, Classical.choice, Quot.sound]
AXIOMS Luce.stoppedProbability_le_cap: [propext, Classical.choice, Quot.sound]
AXIOMS Luce.stoppedProbability_nonneg: [propext, Classical.choice, Quot.sound]
AXIOMS Luce.strictMonoOn_profileF: [propext, Classical.choice, Quot.sound]
AXIOMS Luce.strictMonoOn_profileQuantile: [propext, Classical.choice, Quot.sound]
AXIOMS Luce.strictMono_clocks_iff: [propext, Classical.choice, Quot.sound]
AXIOMS Luce.strictMono_draw_clocks: [propext, Classical.choice, Quot.sound]
AXIOMS Luce.strictMono_sorted_markedRanks: [propext, Classical.choice, Quot.sound]
AXIOMS Luce.strictMono_sub_const_iff: [propext, Classical.choice, Quot.sound]
AXIOMS Luce.sum_beforeRank_probability: [propext, Classical.choice, Quot.sound]
AXIOMS Luce.sum_deletedClockLabel: [propext, Classical.choice, Quot.sound]
AXIOMS Luce.sum_embedding_eq_sum_injective: [propext, Classical.choice, Quot.sound]
AXIOMS Luce.sum_ghostCountSuccess_probability_le: [propext, Classical.choice, Quot.sound]
AXIOMS Luce.sum_mass_cylinder_le: [propext, Classical.choice, Quot.sound]
AXIOMS Luce.sum_mass_event_next_le: [propext, Classical.choice, Quot.sound]
AXIOMS Luce.sum_mass_marked_cylinder_le: [propext, Classical.choice, Quot.sound]
AXIOMS Luce.sum_mass_prefix: [propext, Classical.choice, Quot.sound]
AXIOMS Luce.sum_mass_prefix_next: [propext, Classical.choice, Quot.sound]
AXIOMS Luce.sum_measures_eq_lintegral_count: [propext, Classical.choice, Quot.sound]
AXIOMS Luce.sum_otherSurvivorProbability_le_two: [propext, Classical.choice, Quot.sound]
AXIOMS Luce.sum_sq_le_max_mul_sum: [propext, Classical.choice, Quot.sound]
AXIOMS Luce.sum_stoppedProbability: [propext, Classical.choice, Quot.sound]
AXIOMS Luce.sum_tuple_high_rate_le: [propext, Classical.choice, Quot.sound]
AXIOMS Luce.survivalGe_abs_sub_le_one: [propext, Classical.choice, Quot.sound]
AXIOMS Luce.survivalGe_mem_Icc: [propext, Classical.choice, Quot.sound]
AXIOMS Luce.survivalGe_sub_le_band: [propext, Classical.choice, Quot.sound]
AXIOMS Luce.survivalKernel_antitone_time: [propext, Classical.choice, Quot.sound]
AXIOMS Luce.survivalKernel_le_one: [propext, Classical.choice, Quot.sound]
AXIOMS Luce.survivalKernel_pos: [propext, Classical.choice, Quot.sound]
AXIOMS Luce.survival_replacement_bound: [propext, Classical.choice, Quot.sound]
AXIOMS Luce.survival_replacement_converges: [propext, Classical.choice, Quot.sound]
AXIOMS Luce.survivingAtRankProbability_eq: [propext, Classical.choice, Quot.sound]
AXIOMS Luce.swapClockCopies_involutive: [propext, Classical.choice, Quot.sound]
AXIOMS Luce.swapClockCopies_measurePreserving: [propext, Classical.choice, Quot.sound]
AXIOMS Luce.swapped_background_injective_ae: [propext, Classical.choice, Quot.sound]
AXIOMS Luce.swapped_background_measurePreserving: [propext, Classical.choice, Quot.sound]
AXIOMS Luce.swapped_deleted_count: [propext, Classical.choice, Quot.sound]
AXIOMS Luce.swapped_markedRankCylinder_iff_deleted_success: [propext, Classical.choice, Quot.sound]
AXIOMS Luce.swapped_rankCylinder_implies_ghost: [propext, Classical.choice, Quot.sound]
AXIOMS Luce.symmetricClip_eq_self: [propext, Classical.choice, Quot.sound]
AXIOMS Luce.tailFixedPointCount_eq_terminalFixedPointCount: [propext, Classical.choice, Quot.sound]
AXIOMS Luce.tailFixedPointCount_expectation_eq: [propext, Classical.choice, Quot.sound]
AXIOMS Luce.tailFixedPointCount_le: [propext, Classical.choice, Quot.sound]
AXIOMS Luce.tailFixedPointCount_probability_eq: [propext, Classical.choice, Quot.sound]
AXIOMS Luce.tailFixedPointCount_probability_le_expectation: [propext, Classical.choice, Quot.sound]
AXIOMS Luce.tail_fixed_point_tightness: [propext, Classical.choice, Quot.sound]
AXIOMS Luce.tail_probability_le_epsilonTailExpectation: [propext, Classical.choice, Quot.sound]
AXIOMS Luce.tendstoUniformlyOn_profileD: [propext, Classical.choice, Quot.sound]
AXIOMS Luce.tendstoUniformlyOn_profileF: [propext, Classical.choice, Quot.sound]
AXIOMS Luce.tendsto_cyclicGridKernel: [propext, Classical.choice, Quot.sound]
AXIOMS Luce.tendsto_cyclic_array_sum_of_separated: [propext, Classical.choice, Quot.sound]
AXIOMS Luce.tendsto_endpoint_early_envelope: [propext, Classical.choice, Quot.sound]
AXIOMS Luce.tendsto_integral_abs_of_bounded_inMeasure: [propext, Classical.choice, Quot.sound]
AXIOMS Luce.tendsto_integral_abs_of_bounded_probability: [propext, Classical.choice, Quot.sound]
AXIOMS Luce.tendsto_integral_boundedContinuousFunction_of_tight_algebra: [propext, Classical.choice, Quot.sound]
AXIOMS Luce.tendsto_integral_continuous_comp_of_subalgebra: [propext, Classical.choice, Quot.sound]
AXIOMS Luce.tendsto_integral_cyclicGridKernel: [propext, Classical.choice, Quot.sound]
AXIOMS Luce.tendsto_integral_interiorIntensity_full: [propext, Classical.choice, Quot.sound]
AXIOMS Luce.tendsto_integral_interiorIntensity_full_of_tendsto: [propext, Classical.choice, Quot.sound]
AXIOMS Luce.tendsto_integral_momentLaplaceAlgebra: [propext, Classical.choice, Quot.sound]
AXIOMS Luce.tendsto_integral_of_uniform_approximation: [propext, Classical.choice, Quot.sound]
AXIOMS Luce.tendsto_integral_profileGridKernel: [propext, Classical.choice, Quot.sound]
AXIOMS Luce.tendsto_laplace_finitePoissonLaw_interior_full: [propext, Classical.choice, Quot.sound]
AXIOMS Luce.tendsto_likelihood_integral: [propext, Classical.choice, Quot.sound]
AXIOMS Luce.tendsto_meanSurvivors_atTop: [propext, Classical.choice, Quot.sound]
AXIOMS Luce.tendsto_nat_add_one: [propext, Classical.choice, Quot.sound]
AXIOMS Luce.tendsto_normalized_weight_of_cells: [propext, Classical.choice, Quot.sound]
AXIOMS Luce.tendsto_of_terminal_approximation: [propext, Classical.choice, Quot.sound]
AXIOMS Luce.tendsto_probabilityTotalVariation_of_integrals: [propext, Classical.choice, Quot.sound]
AXIOMS Luce.tendsto_probabilityTotalVariation_of_singletons: [propext, Classical.choice, Quot.sound]
AXIOMS Luce.tendsto_probabilityTotalVariation_of_weak: [propext, Classical.choice, Quot.sound]
AXIOMS Luce.tendsto_probability_singletons_of_weak: [propext, Classical.choice, Quot.sound]
AXIOMS Luce.tendsto_profileF_atTop: [propext, Classical.choice, Quot.sound]
AXIOMS Luce.tendsto_profileGridEndpoint: [propext, Classical.choice, Quot.sound]
AXIOMS Luce.tendsto_profileGridKernel: [propext, Classical.choice, Quot.sound]
AXIOMS Luce.tendsto_setIntegral_of_L1_of_measure_tendsto_zero: [propext, Classical.choice, Quot.sound]
AXIOMS Luce.tendsto_zero_of_endpoint_power_bound: [propext, Classical.choice, Quot.sound]
AXIOMS Luce.terminalCandidate_val_add: [propext, Quot.sound]
AXIOMS Luce.terminalIntensityTest_bounds: [propext, Classical.choice, Quot.sound]
AXIOMS Luce.terminalIntensityTest_one: [propext, Classical.choice, Quot.sound]
AXIOMS Luce.terminalIntensityTest_zero: [propext, Classical.choice, Quot.sound]
AXIOMS Luce.totalPredictable_of_integrals: [propext, Classical.choice, Quot.sound]
AXIOMS Luce.totalPredictable_tendsto: [propext, Classical.choice, Quot.sound]
AXIOMS Luce.total_compl_deletedPrefixLabels: [propext, Classical.choice, Quot.sound]
AXIOMS Luce.two_candidate_bound: [propext, Classical.choice, Quot.sound]
AXIOMS Luce.two_candidate_bound_Icc: [propext, Classical.choice, Quot.sound]
AXIOMS Luce.two_candidate_bound_finset: [propext, Classical.choice, Quot.sound]
AXIOMS Luce.two_candidate_density_bound: [propext, Classical.choice, Quot.sound]
AXIOMS Luce.two_candidate_probability_bound: [propext, Classical.choice, Quot.sound]
AXIOMS Luce.two_candidate_sum_bound: [propext, Classical.choice, Quot.sound]
AXIOMS Luce.uniform_empiricalArrival: [propext, Classical.choice, Quot.sound]
AXIOMS Luce.uniform_empiricalRemaining: [propext, Classical.choice, Quot.sound]
AXIOMS Luce.uniform_empiricalRemainingGe: [propext, Classical.choice, Quot.sound]
AXIOMS Luce.uniform_integral_error_mul_small: [propext, Classical.choice, Quot.sound]
AXIOMS Luce.uniform_product_error_probability: [propext, Classical.choice, Quot.sound]
AXIOMS Luce.uniform_profile_inverse_modulus: [propext, Classical.choice, Quot.sound]
AXIOMS Luce.validMarkedGap_coordinates: [propext, Classical.choice, Quot.sound]
AXIOMS Luce.variance_empiricalArrival_le: [propext, Classical.choice, Quot.sound]
AXIOMS Luce.variance_empiricalRemaining_le: [propext, Classical.choice, Quot.sound]
AXIOMS Luce.variance_normalized_sum_le: [propext, Classical.choice, Quot.sound]
AXIOMS Luce.variance_normalized_survivalGe_le: [propext, Classical.choice, Quot.sound]
AXIOMS Luce.variance_weighted_survivalGe_le: [propext, Classical.choice, Quot.sound]
AXIOMS Luce.weightedPointMeasure_mass: [propext, Classical.choice, Quot.sound]
AXIOMS Luce.weighted_denominator_error_le: [propext, Classical.choice, Quot.sound]
AXIOMS Luce.weighted_exponential_band_eq: [propext, Classical.choice, Quot.sound]
AXIOMS Luce.weighted_exponential_band_le: [propext, Classical.choice, Quot.sound]
AXIOMS _private.Luce.ApprovedRankIntegral.0.Luce.measurable_otherSurvivors_at: [propext, Classical.choice, Quot.sound]
AXIOMS _private.Luce.ApprovedRankIntegral.0.Luce.measurable_survivorProbability_product: [propext,
 Classical.choice,
 Quot.sound]
AXIOMS _private.Luce.ApprovedRankIntegral.0.Luce.otherSurvivors_eq: [propext, Classical.choice, Quot.sound]
AXIOMS _private.Luce.ApprovedRankIntegral.0.Luce.rankOf_eq_raceRank: [propext, Classical.choice, Quot.sound]
AXIOMS _private.Luce.BernoulliPointMeasure.0.Luce.mass_sum_for_bernoulli: [propext, Classical.choice, Quot.sound]
AXIOMS _private.Luce.BernoulliPointMeasure.0.Luce.sum_selected_enumeration: [propext, Classical.choice, Quot.sound]
AXIOMS _private.Luce.DiscreteTotalVariation.0.Luce.probability_event_difference_le_one: [propext,
 Classical.choice,
 Quot.sound]
AXIOMS _private.Luce.DiscreteTotalVariation.0.Luce.probability_event_le_finite_part_add_tail: [propext,
 Classical.choice,
 Quot.sound]
AXIOMS _private.Luce.DiscreteTotalVariation.0.Luce.probability_finite_event_difference_le: [propext,
 Classical.choice,
 Quot.sound]
AXIOMS _private.Luce.DiscreteTotalVariation.0.Luce.probability_nat_tail_tendsto: [propext, Classical.choice, Quot.sound]
AXIOMS _private.Luce.FinitePointMeasure.0.Luce.finiteMeasure_mass_add: [propext, Classical.choice, Quot.sound]
AXIOMS _private.Luce.FinitePointMeasure.0.Luce.finiteMeasure_mass_sum: [propext, Classical.choice, Quot.sound]
AXIOMS _private.Luce.FinitePoissonLaw.0.Luce.nonempty_of_finiteMeasure_ne_zero: [propext, Classical.choice, Quot.sound]
AXIOMS _private.Luce.PoissonMixture.0.Luce.integrable_of_zero_le_le_one: [propext, Classical.choice, Quot.sound]
AXIOMS _private.Luce.Section3Expectation.0.Luce.profileGridKernel_step_eq_sum: [propext, Classical.choice, Quot.sound]
AXIOMS _private.Luce.Section3Mean.0.Luce.section3_cell_unique: [propext, Classical.choice, Quot.sound]
AXIOMS _private.Luce.Section3Quantile.0.Luce.integral_pos_of_ae_pos: [propext, Classical.choice, Quot.sound]
AXIOMS _private.Luce.Section3Race.0.Luce.section3_sum_rates: [propext, Classical.choice, Quot.sound]
AXIOMS _private.Luce.Section5GapMoments.0.Luce.coordinate_mul_prod_eq_mixed: [propext, Classical.choice, Quot.sound]
AXIOMS _private.Luce.Section5GapMoments.0.Luce.exponential_one_density_pow: [propext, Classical.choice, Quot.sound]
AXIOMS _private.Luce.UncappedPoisson.0.Luce.integral_difference_le_bad_probability: [propext,
 Classical.choice,
 Quot.sound]
AXIOMS Luce.ApproximateClockPath.eq_1: [propext, Classical.choice, Quot.sound]
AXIOMS Luce.ApproximatePermutationEdge.eq_1: [Quot.sound]
AXIOMS Luce.BernoulliProcess.adapted: [propext, Classical.choice, Quot.sound]
AXIOMS Luce.BernoulliProcess.capped_laplace_tendsto: [propext, Classical.choice, Quot.sound]
AXIOMS Luce.BernoulliProcess.capped_laplace_tendsto_rows: [propext, Classical.choice, Quot.sound]
AXIOMS Luce.BernoulliProcess.conditional_mean: [propext, Classical.choice, Quot.sound]
AXIOMS Luce.BernoulliProcess.count_tail_le_of_sum_probability_le: [propext, Classical.choice, Quot.sound]
AXIOMS Luce.BernoulliProcess.count_tightness_rows: [propext, Classical.choice, Quot.sound]
AXIOMS Luce.BernoulliProcess.integrable_laplaceRow: [propext, Classical.choice, Quot.sound]
AXIOMS Luce.BernoulliProcess.integrable_likelihood_sq: [propext, Classical.choice, Quot.sound]
AXIOMS Luce.BernoulliProcess.integrable_observation: [propext, Classical.choice, Quot.sound]
AXIOMS Luce.BernoulliProcess.integrable_probability: [propext, Classical.choice, Quot.sound]
AXIOMS Luce.BernoulliProcess.integral_laplace_error_of_atom_bound: [propext, Classical.choice, Quot.sound]
AXIOMS Luce.BernoulliProcess.integral_likelihood: [propext, Classical.choice, Quot.sound]
AXIOMS Luce.BernoulliProcess.integral_likelihood_sq_le: [propext, Classical.choice, Quot.sound]
AXIOMS Luce.BernoulliProcess.integral_sum_observation: [propext, Classical.choice, Quot.sound]
AXIOMS Luce.BernoulliProcess.laplaceCompensator_bounds: [propext, Classical.choice, Quot.sound]
AXIOMS Luce.BernoulliProcess.laplaceCompensator_integrable: [propext, Classical.choice, Quot.sound]
AXIOMS Luce.BernoulliProcess.laplaceFactor_bounds: [propext, Classical.choice, Quot.sound]
AXIOMS Luce.BernoulliProcess.laplaceFactor_conditional_mean: [propext, Classical.choice, Quot.sound]
AXIOMS Luce.BernoulliProcess.laplaceFactor_integrable: [propext, Classical.choice, Quot.sound]
AXIOMS Luce.BernoulliProcess.laplaceFactor_stronglyMeasurable: [propext, Classical.choice, Quot.sound]
AXIOMS Luce.BernoulliProcess.laplaceProduct_bounds: [propext, Classical.choice, Quot.sound]
AXIOMS Luce.BernoulliProcess.laplaceProduct_integrable: [propext, Classical.choice, Quot.sound]
AXIOMS Luce.BernoulliProcess.laplaceRow_bounds: [propext, Classical.choice, Quot.sound]
AXIOMS Luce.BernoulliProcess.likelihood_bounds_of_sum_le: [propext, Classical.choice, Quot.sound]
AXIOMS Luce.BernoulliProcess.likelihood_eq_laplace_div: [propext, Classical.choice, Quot.sound]
AXIOMS Luce.BernoulliProcess.likelihood_integrable: [propext, Classical.choice, Quot.sound]
AXIOMS Luce.BernoulliProcess.likelihood_martingale: [propext, Classical.choice, Quot.sound]
AXIOMS Luce.BernoulliProcess.likelihood_mul_laplaceProduct: [propext, Classical.choice, Quot.sound]
AXIOMS Luce.BernoulliProcess.measurable_laplaceRow: [propext, Classical.choice, Quot.sound]
AXIOMS Luce.BernoulliProcess.measurable_rowMaximum: [propext, Classical.choice, Quot.sound]
AXIOMS Luce.BernoulliProcess.observation_le_one: [propext, Classical.choice, Quot.sound]
AXIOMS Luce.BernoulliProcess.observation_nonneg: [propext, Classical.choice, Quot.sound]
AXIOMS Luce.BernoulliProcess.predictable: [propext, Classical.choice, Quot.sound]
AXIOMS Luce.BernoulliProcess.probability_le_one: [propext, Classical.choice, Quot.sound]
AXIOMS Luce.BernoulliProcess.probability_le_rowMaximum: [propext, Classical.choice, Quot.sound]
AXIOMS Luce.BernoulliProcess.probability_nonneg: [propext, Classical.choice, Quot.sound]
AXIOMS Luce.BernoulliProcess.rowMaximum_nonneg: [propext, Classical.choice, Quot.sound]
AXIOMS Luce.BernoulliProcess.row_bad_event_tendsto_zero: [propext, Classical.choice, Quot.sound]
AXIOMS Luce.BernoulliProcess.stop_probability_le_cap: [propext, Classical.choice, Quot.sound]
AXIOMS Luce.BernoulliProcess.stop_sum_probability_le_cap: [propext, Classical.choice, Quot.sound]
AXIOMS Luce.BernoulliProcess.stopped_integral_likelihood_sq_le: [propext, Classical.choice, Quot.sound]
AXIOMS Luce.BernoulliProcess.sum_truncateAt_probability: [propext, Classical.choice, Quot.sound]
AXIOMS Luce.BernoulliProcess.truncateAt_observation: [propext, Classical.choice, Quot.sound]
AXIOMS Luce.BernoulliProcess.truncateAt_probability: [propext, Classical.choice, Quot.sound]
AXIOMS Luce.BernoulliProcess.truncateAt_probability_le_rowMaximum: [propext, Classical.choice, Quot.sound]
AXIOMS Luce.BernoulliProcess.truncatedStop_eq_on_good: [propext, Classical.choice, Quot.sound]
AXIOMS Luce.BernoulliProcess.uncapped_laplace_tendsto_rows: [propext, Classical.choice, Quot.sound]
AXIOMS Luce.BernoulliProcess.zero_one: [propext, Classical.choice, Quot.sound]
AXIOMS Luce.ConvergesInProbability.add: [propext, Classical.choice, Quot.sound]
AXIOMS Luce.ConvergesInProbability.congr_off: [propext, Classical.choice, Quot.sound]
AXIOMS Luce.ConvergesInProbability.deterministic: [propext, Classical.choice, Quot.sound]
AXIOMS Luce.ConvergesInProbability.integral_abs_tendsto: [propext, Classical.choice, Quot.sound]
AXIOMS Luce.ConvergesInProbability.le_limsup_integral: [propext, Classical.choice, Quot.sound]
AXIOMS Luce.ConvergesInProbability.mono: [propext, Classical.choice, Quot.sound]
AXIOMS Luce.ConvergesInProbability.neg: [propext, Classical.choice, Quot.sound]
AXIOMS Luce.ConvergesInProbability.of_arbitrarily_close: [propext, Classical.choice, Quot.sound]
AXIOMS Luce.ConvergesInProbability.of_sub: [propext, Classical.choice, Quot.sound]
AXIOMS Luce.ConvergesInProbability.sub: [propext, Classical.choice, Quot.sound]
AXIOMS Luce.ConvergesInProbability.upper_tail: [propext, Classical.choice, Quot.sound]
AXIOMS Luce.DeletedMarkedSuccess.eq_1: [propext, Classical.choice, Quot.sound]
AXIOMS Luce.EndpointAssumption.eventually_terminal_rates: [propext, Classical.choice, Quot.sound]
AXIOMS Luce.FiniteAdaptedBernoulli.adapted: [propext, Classical.choice, Quot.sound]
AXIOMS Luce.FiniteAdaptedBernoulli.conditional_mean: [propext, Classical.choice, Quot.sound]
AXIOMS Luce.FiniteAdaptedBernoulli.integrable_observationReal: [propext, Classical.choice, Quot.sound]
AXIOMS Luce.FiniteAdaptedBernoulli.integrable_probability: [propext, Classical.choice, Quot.sound]
AXIOMS Luce.FiniteAdaptedBernoulli.integral_predictableMeasure: [propext, Classical.choice, Quot.sound]
AXIOMS Luce.FiniteAdaptedBernoulli.integral_predictable_eq_observed: [propext, Classical.choice, Quot.sound]
AXIOMS Luce.FiniteAdaptedBernoulli.integral_probability_eq: [propext, Classical.choice, Quot.sound]
AXIOMS Luce.FiniteAdaptedBernoulli.laplaceCompensator_eq_integral_predictableMeasure: [propext,
 Classical.choice,
 Quot.sound]
AXIOMS Luce.FiniteAdaptedBernoulli.measurableSet_predictableMeasure_preimage: [propext, Classical.choice, Quot.sound]
AXIOMS Luce.FiniteAdaptedBernoulli.measurable_pointMeasure: [propext, Classical.choice, Quot.sound]
AXIOMS Luce.FiniteAdaptedBernoulli.measurable_predictableMeasure: [propext, Classical.choice, Quot.sound]
AXIOMS Luce.FiniteAdaptedBernoulli.observationReal_adapted: [propext, Classical.choice, Quot.sound]
AXIOMS Luce.FiniteAdaptedBernoulli.observationReal_le_one: [propext, Classical.choice, Quot.sound]
AXIOMS Luce.FiniteAdaptedBernoulli.observationReal_nonneg: [propext, Classical.choice, Quot.sound]
AXIOMS Luce.FiniteAdaptedBernoulli.observationReal_zero_one: [propext, Classical.choice, Quot.sound]
AXIOMS Luce.FiniteAdaptedBernoulli.pointLaplace_pointMeasure: [propext, Classical.choice, Quot.sound]
AXIOMS Luce.FiniteAdaptedBernoulli.pointMeasure_mass: [propext, Classical.choice, Quot.sound]
AXIOMS Luce.FiniteAdaptedBernoulli.predictableMeasure_mass: [propext, Classical.choice, Quot.sound]
AXIOMS Luce.FiniteAdaptedBernoulli.probability_ae_eq_condExp: [propext, Classical.choice, Quot.sound]
AXIOMS Luce.FiniteAdaptedBernoulli.probability_le_one: [propext, Classical.choice, Quot.sound]
AXIOMS Luce.FiniteAdaptedBernoulli.probability_nonneg: [propext, Classical.choice, Quot.sound]
AXIOMS Luce.FiniteAdaptedBernoulli.probability_predictable: [propext, Classical.choice, Quot.sound]
AXIOMS Luce.FiniteAdaptedBernoulli.spatialTest_at_fin: [propext, Classical.choice, Quot.sound]
AXIOMS Luce.FiniteAdaptedBernoulli.spatialTest_nonneg: [propext, Classical.choice, Quot.sound]
AXIOMS Luce.FiniteAdaptedBernoulli.toProcess_filtration: [propext, Classical.choice, Quot.sound]
AXIOMS Luce.FiniteAdaptedBernoulli.toProcess_observation: [propext, Classical.choice, Quot.sound]
AXIOMS Luce.FiniteAdaptedBernoulli.toProcess_observation_of_le: [propext, Classical.choice, Quot.sound]
AXIOMS Luce.FiniteAdaptedBernoulli.toProcess_probability: [propext, Classical.choice, Quot.sound]
AXIOMS Luce.FiniteAdaptedBernoulli.toProcess_probability_of_le: [propext, Classical.choice, Quot.sound]
AXIOMS Luce.FinitePointMeasure.continuous_count_univ: [propext, Classical.choice, Quot.sound]
AXIOMS Luce.FinitePointMeasure.continuous_ofFin: [propext, Classical.choice, Quot.sound]
AXIOMS Luce.FinitePointMeasure.continuous_toFiniteMeasure: [propext, Classical.choice, Quot.sound]
AXIOMS Luce.FinitePointMeasure.count_coe_eq: [propext, Classical.choice, Quot.sound]
AXIOMS Luce.FinitePointMeasure.isCompact_mass_le: [propext, Classical.choice, Quot.sound]
AXIOMS Luce.FinitePointMeasure.measurable_count: [propext, Classical.choice, Quot.sound]
AXIOMS Luce.FinitePointMeasure.measurable_ofFin: [propext, Classical.choice, Quot.sound]
AXIOMS Luce.FinitePointMeasure.measurable_toFiniteMeasure: [propext, Classical.choice, Quot.sound]
AXIOMS Luce.FinitePointMeasure.measurable_toMeasure: [propext, Classical.choice, Quot.sound]
AXIOMS Luce.FinitePointMeasure.ofFin_mass: [propext, Classical.choice, Quot.sound]
AXIOMS Luce.FinitePointMeasure.toFiniteMeasure_ofFin: [propext, Classical.choice, Quot.sound]
AXIOMS Luce.FinitePointMeasure.toFiniteMeasure_zero: [propext, Classical.choice, Quot.sound]
AXIOMS Luce.GhostCountSuccess.eq_1: [propext, Classical.choice, Quot.sound]
AXIOMS Luce.GhostMarkedSuccess.eq_1: [propext, Classical.choice, Quot.sound]
AXIOMS Luce.GhostWindowByOrder._proof_1: [propext, Quot.sound]
AXIOMS Luce.GhostWindowByOrder._proof_2: [propext, Quot.sound]
AXIOMS Luce.GhostWindowByOrder._proof_3: [propext, Quot.sound]
AXIOMS Luce.GhostWindowByOrder._proof_4: [propext, Quot.sound]
AXIOMS Luce.GhostWindowByOrder.congr_simp: [propext, Classical.choice, Quot.sound]
AXIOMS Luce.GhostWindowByOrder.eq_1: [propext, Classical.choice, Quot.sound]
AXIOMS Luce.MarkedRankCylinder.eq_1: [propext, Classical.choice, Quot.sound]
AXIOMS Luce.NormalizedWeights.sum_rates_succ: [propext, Classical.choice, Quot.sound]
AXIOMS Luce.OrbitAvoids.eq_1: [propext, Classical.choice, Quot.sound]
AXIOMS Luce.PointMomentSpace._proof_1: [propext, Classical.choice, Quot.sound]
AXIOMS Luce.PointMomentSpace._proof_2: [propext, Classical.choice, Quot.sound]
AXIOMS Luce.PointMomentSpace._proof_3: [propext, Classical.choice, Quot.sound]
AXIOMS Luce.PointMomentSpace._proof_4: [propext, Classical.choice, Quot.sound]
AXIOMS Luce.ProfileAssumption.max_weight_div_tendsto_zero: [propext, Classical.choice, Quot.sound]
AXIOMS Luce.ProfileLimit.ae_nonneg: [propext, Classical.choice, Quot.sound]
AXIOMS Luce.ProfileLimit.ae_pos: [propext, Classical.choice, Quot.sound]
AXIOMS Luce.ProfileLimit.aestronglyMeasurable: [propext, Classical.choice, Quot.sound]
AXIOMS Luce.ProfileLimit.bounded_cycle_probability_uniform: [propext, Classical.choice, Quot.sound]
AXIOMS Luce.ProfileLimit.cyclicComparisonArray_weighted_bound: [propext, Classical.choice, Quot.sound]
AXIOMS Luce.ProfileLimit.cyclic_deterministic_limit: [propext, Classical.choice, Quot.sound]
AXIOMS Luce.ProfileLimit.cyclic_local_of_bounded_marked_asymptotic: [propext, Classical.choice, Quot.sound]
AXIOMS Luce.ProfileLimit.deleted_remaining_uniform_lower: [propext, Classical.choice, Quot.sound]
AXIOMS Luce.ProfileLimit.deleted_suffix_rate_uniform_lower: [propext, Classical.choice, Quot.sound]
AXIOMS Luce.ProfileLimit.deterministic_expectation_limit: [propext, Classical.choice, Quot.sound]
AXIOMS Luce.ProfileLimit.eventually_bulk_remaining_rate: [propext, Classical.choice, Quot.sound]
AXIOMS Luce.ProfileLimit.eventually_moderate_half_mass: [propext, Classical.choice, Quot.sound]
AXIOMS Luce.ProfileLimit.eventually_rowMean_le: [propext, Classical.choice, Quot.sound]
AXIOMS Luce.ProfileLimit.exists_large_superlevel: [propext, Classical.choice, Quot.sound]
AXIOMS Luce.ProfileLimit.highCycleExpectation_small: [propext, Classical.choice, Quot.sound]
AXIOMS Luce.ProfileLimit.highRateMass_small: [propext, Classical.choice, Quot.sound]
AXIOMS Luce.ProfileLimit.high_rate_cycles_vanish: [propext, Classical.choice, Quot.sound]
AXIOMS Luce.ProfileLimit.initial_mass_small: [propext, Classical.choice, Quot.sound]
AXIOMS Luce.ProfileLimit.integrable: [propext, Classical.choice, Quot.sound]
AXIOMS Luce.ProfileLimit.integrable_cyclic_density: [propext, Classical.choice, Quot.sound]
AXIOMS Luce.ProfileLimit.integrable_expectation_limit: [propext, Classical.choice, Quot.sound]
AXIOMS Luce.ProfileLimit.integral_eq_one: [propext, Classical.choice, Quot.sound]
AXIOMS Luce.ProfileLimit.interior_ghostWindowLength: [propext, Classical.choice, Quot.sound]
AXIOMS Luce.ProfileLimit.interior_ghostWindowLength_uniform: [propext, Classical.choice, Quot.sound]
AXIOMS Luce.ProfileLimit.lowCycleExpectation_bound: [propext, Classical.choice, Quot.sound]
AXIOMS Luce.ProfileLimit.lowCycleExpectation_small: [propext, Classical.choice, Quot.sound]
AXIOMS Luce.ProfileLimit.lowRateDensity_small: [propext, Classical.choice, Quot.sound]
AXIOMS Luce.ProfileLimit.lowTriangle_tail: [propext, Classical.choice, Quot.sound]
AXIOMS Luce.ProfileLimit.low_rate_cycles_vanish: [propext, Classical.choice, Quot.sound]
AXIOMS Luce.ProfileLimit.marked_gap_scalar_uniform_bound: [propext, Classical.choice, Quot.sound]
AXIOMS Luce.ProfileLimit.max_weight_div_tendsto_zero: [propext, Classical.choice, Quot.sound]
AXIOMS Luce.ProfileLimit.moderate_reservoir: [propext, Classical.choice, Quot.sound]
AXIOMS Luce.ProfileLimit.moderate_reservoir_with_remaining_rate: [propext, Classical.choice, Quot.sound]
AXIOMS Luce.ProfileLimit.positivePart_tail: [propext, Classical.choice, Quot.sound]
AXIOMS Luce.ProfileLimit.rate_div_tendsto_zero: [propext, Classical.choice, Quot.sound]
AXIOMS Luce.ProfileLimit.tendsto_cyclic_grid_profile_replacement: [propext, Classical.choice, Quot.sound]
AXIOMS Luce.ProfileLimit.tendsto_integral_abs_sub: [propext, Classical.choice, Quot.sound]
AXIOMS Luce.ProfileLimit.tendsto_integral_cyclic_stepKernel: [propext, Classical.choice, Quot.sound]
AXIOMS Luce.ProfileLimit.tendsto_integral_gridKernel: [propext, Classical.choice, Quot.sound]
AXIOMS Luce.ProfileLimit.tendsto_weighted_cyclic_array_sum: [propext, Classical.choice, Quot.sound]
AXIOMS Luce.ProfileLimit.uniform_profileD: [propext, Classical.choice, Quot.sound]
AXIOMS Luce.ProfileLimit.uniform_profileF: [propext, Classical.choice, Quot.sound]
AXIOMS Luce.ProfileLimit.weighted_bulk_cylinder: [propext, Classical.choice, Quot.sound]
AXIOMS Luce.ProfileLimit.weighted_bulk_cylinder_all: [propext, Classical.choice, Quot.sound]
AXIOMS Luce.ProfileLimit.weighted_bulk_draw_cylinder: [propext, Classical.choice, Quot.sound]
AXIOMS Luce.Section5.assignmentOfCollection_collectionOfAssignment: [propext, Classical.choice, Quot.sound]
AXIOMS Luce.Section5.bulk_cycle_factorial_eq_assignment_sum: [propext, Classical.choice, Quot.sound]
AXIOMS Luce.Section5.collectionBlock_mem: [propext, Classical.choice, Quot.sound]
AXIOMS Luce.Section5.collectionOfAssignment_assignmentOfCollection: [propext, Classical.choice, Quot.sound]
AXIOMS Luce.Section5.collectionWithin_card: [propext, Classical.choice, Quot.sound]
AXIOMS Luce.Section5.collectionWithin_iff_assignmentWithin: [propext, Classical.choice, Quot.sound]
AXIOMS Luce.Section5.cutoffCycleCollection_card: [propext, Classical.choice, Quot.sound]
AXIOMS Luce.Section5.cutoff_cycle_factorial_eq_assignment_card: [propext, Classical.choice, Quot.sound]
AXIOMS Luce.Section5.cutoff_cycle_factorial_eq_assignment_sum: [propext, Classical.choice, Quot.sound]
AXIOMS Luce.Section5.cycleAssignmentWeight_eq_indicator: [propext, Classical.choice, Quot.sound]
AXIOMS Luce.Section5.cycleAssignmentWithin_card: [propext, Classical.choice, Quot.sound]
AXIOMS Luce.Section5.cycleAssignment_card: [propext, Classical.choice, Quot.sound]
AXIOMS Luce.Section5.cycleAssignment_rootFactor_pos: [propext, Classical.choice, Quot.sound]
AXIOMS Luce.Section5.cycleCollection_card: [propext, Classical.choice, Quot.sound]
AXIOMS Luce.Section5.cycleCountWithin_univ: [propext, Classical.choice, Quot.sound]
AXIOMS Luce.Section5.cycleCount_eq_div_rootedCycle_card: [propext, Classical.choice, Quot.sound]
AXIOMS Luce.Section5.cycleCount_eq_fixedCount: [propext, Classical.choice, Quot.sound]
AXIOMS Luce.Section5.cycleCount_eq_tuple_sum: [propext, Classical.choice, Quot.sound]
AXIOMS Luce.Section5.cycleCount_eq_zero_of_card_lt: [propext, Classical.choice, Quot.sound]
AXIOMS Luce.Section5.cycleCount_symm: [propext, Classical.choice, Quot.sound]
AXIOMS Luce.Section5.cycleCount_zero: [propext, Classical.choice, Quot.sound]
AXIOMS Luce.Section5.cycleOrbit_card: [propext, Classical.choice, Quot.sound]
AXIOMS Luce.Section5.cycleOrbit_fiber: [propext, Classical.choice, Quot.sound]
AXIOMS Luce.Section5.cycleOrbit_length: [propext, Classical.choice, Quot.sound]
AXIOMS Luce.Section5.cycleOrbits_disjoint: [propext, Classical.choice, Quot.sound]
AXIOMS Luce.Section5.cycleRoots_card: [propext, Classical.choice, Quot.sound]
AXIOMS Luce.Section5.cycleVertex_card: [propext, Classical.choice, Quot.sound]
AXIOMS Luce.Section5.cycleVertices_card: [propext, Classical.choice, Quot.sound]
AXIOMS Luce.Section5.cycle_factorial_eq_assignment_card: [propext, Classical.choice, Quot.sound]
AXIOMS Luce.Section5.cycle_factorial_eq_assignment_sum: [propext, Classical.choice, Quot.sound]
AXIOMS Luce.Section5.isRootedCycle_iff_rotate: [propext, Classical.choice, Quot.sound]
AXIOMS Luce.Section5.mem_periodicOrbit_toFinset: [propext, Classical.choice, Quot.sound]
AXIOMS Luce.Section5.minimalPeriod_of_mem_cycleOrbit: [propext, Classical.choice, Quot.sound]
AXIOMS Luce.Section5.minimalPeriod_symm: [propext, Classical.choice, Quot.sound]
AXIOMS Luce.Section5.periodicOrbit_eq_of_mem_cycleOrbit: [propext, Classical.choice, Quot.sound]
AXIOMS Luce.Section5.periodicOrbit_toFinset_card: [propext, Classical.choice, Quot.sound]
AXIOMS Luce.Section5.rootedCycleCollectionWithin_card: [propext, Classical.choice, Quot.sound]
AXIOMS Luce.Section5.rootedCycleCollection_card: [propext, Classical.choice, Quot.sound]
AXIOMS Luce.Section5.rootedCycle_card: [propext, Classical.choice, Quot.sound]
AXIOMS Luce.Section5.rootedCycle_eq_iterate: [propext, Quot.sound]
AXIOMS Luce.Section5.rootedCycle_isPeriodicPt: [propext, Quot.sound]
AXIOMS Luce.Section5.rootedCycle_mem_periodicOrbit_iff: [propext, Classical.choice, Quot.sound]
AXIOMS Luce.Section5.rootedCycle_minimalPeriod: [propext, Classical.choice, Quot.sound]
AXIOMS Luce.Section5.sum_cycleAssignmentWeight: [propext, Classical.choice, Quot.sound]
AXIOMS Luce.Section5.sum_cycleBlockIndicator: [propext, Classical.choice, Quot.sound]
AXIOMS Luce.Section5.sum_cycleBlockIndicatorWithin: [propext, Classical.choice, Quot.sound]
AXIOMS Luce.WeakMeasureConvergesInProbability.integral: [propext, Classical.choice, Quot.sound]
AXIOMS Luce.Weights.choice_le_one: [propext, Classical.choice, Quot.sound]
AXIOMS Luce.Weights.choice_nonneg: [propext, Classical.choice, Quot.sound]
AXIOMS Luce.Weights.choice_scale: [propext, Classical.choice, Quot.sound]
AXIOMS Luce.Weights.decomposeFin_tail_sum: [propext, Classical.choice, Quot.sound]
AXIOMS Luce.Weights.mass_decomposeFin: [propext, Classical.choice, Quot.sound]
AXIOMS Luce.Weights.mass_pos: [propext, Classical.choice, Quot.sound]
AXIOMS Luce.Weights.mass_scale: [propext, Classical.choice, Quot.sound]
AXIOMS Luce.Weights.positive: [propext, Classical.choice, Quot.sound]
AXIOMS Luce.Weights.rate_le_total: [propext, Classical.choice, Quot.sound]
AXIOMS Luce.Weights.sum_choice: [propext, Classical.choice, Quot.sound]
AXIOMS Luce.Weights.sum_mass: [propext, Classical.choice, Quot.sound]
AXIOMS Luce.Weights.sum_rate_perm: [propext, Classical.choice, Quot.sound]
AXIOMS Luce.Weights.total_nonneg: [propext, Classical.choice, Quot.sound]
AXIOMS Luce.Weights.total_pos: [propext, Classical.choice, Quot.sound]
AXIOMS Luce.Weights.total_scale: [propext, Classical.choice, Quot.sound]
AXIOMS Luce.abs_div_sub_div_le._simp_1_1: [propext]
AXIOMS Luce.abs_div_sub_div_le._simp_1_2: [propext]
AXIOMS Luce.abs_div_sub_div_le._simp_1_3: [propext]
AXIOMS Luce.abs_div_sub_div_le._simp_1_4: [propext]
AXIOMS Luce.abs_div_sub_div_le._simp_1_5: [propext]
AXIOMS Luce.abs_div_sub_div_le._simp_1_6: [propext, Classical.choice, Quot.sound]
AXIOMS Luce.abs_div_sub_div_le._simp_1_7: [propext]
AXIOMS Luce.added_predecessor._simp_1_1: [propext, Classical.choice, Quot.sound]
AXIOMS Luce.approximatePermutationEdge_iff_oneBased._proof_1_3: [propext, Classical.choice, Quot.sound]
AXIOMS Luce.approximatePermutationEdge_iff_oneBased._simp_1_2: [propext, Quot.sound]
AXIOMS Luce.approximatePermutationPathCode._proof_1: [propext, Quot.sound]
AXIOMS Luce.approximatePermutationPathCode._proof_2: [propext, Quot.sound]
AXIOMS Luce.approximatePermutationPathCode_injective._proof_1_1: [propext, Quot.sound]
AXIOMS Luce.arrivalAt.eq_1: [propext, Classical.choice, Quot.sound]
AXIOMS Luce.arrivalTime.congr_simp: [propext, Classical.choice, Quot.sound]
AXIOMS Luce.arrivalTime.eq_1: [propext, Classical.choice, Quot.sound]
AXIOMS Luce.arrivalTime_lt_iff_clockBeforeCount._proof_1_1: [propext, Classical.choice, Quot.sound]
AXIOMS Luce.arrivalTime_lt_iff_clockBeforeCount._proof_1_2: [propext, Classical.choice, Quot.sound]
AXIOMS Luce.backgroundRace.eq_1: [propext, Classical.choice, Quot.sound]
AXIOMS Luce.backgroundSurvivors.eq_1: [propext, Classical.choice, Quot.sound]
AXIOMS Luce.backgroundSurvivors_eq_all._simp_1_1: [propext, Classical.choice, Quot.sound]
AXIOMS Luce.backgroundSurvivors_eq_erase._proof_1_1: [propext, Classical.choice, Quot.sound]
AXIOMS Luce.background_all_probability._simp_1_1: [propext, Classical.choice, Quot.sound]
AXIOMS Luce.background_all_probability._simp_1_2: [propext]
AXIOMS Luce.background_all_probability._simp_1_3: [propext]
AXIOMS Luce.background_all_probability._simp_1_4: [propext]
AXIOMS Luce.background_all_probability._simp_1_5: [propext]
AXIOMS Luce.background_all_probability._simp_1_7: [propext, Quot.sound]
AXIOMS Luce.beforeRank_probability_eq_intensity._simp_1_1: [propext]
AXIOMS Luce.beforeRank_probability_integral._simp_1_1: [propext]
AXIOMS Luce.bernoulliLowerTailConstant._proof_1: [propext]
AXIOMS Luce.boundedCycleEvent.eq_1: [propext, Classical.choice, Quot.sound]
AXIOMS Luce.bounded_cycle_probability_le_ghost._proof_1_1: [propext, Classical.choice, Quot.sound]
AXIOMS Luce.card_removed_before_rank._simp_1_1: [propext, Classical.choice, Quot.sound]
AXIOMS Luce.card_removed_before_rank._simp_1_2: [propext, Classical.choice, Quot.sound]
AXIOMS Luce.card_removed_before_rank._simp_1_3: [propext, Classical.choice, Quot.sound]
AXIOMS Luce.card_removed_before_rank._simp_1_4: [propext]
AXIOMS Luce.card_removed_before_rank._simp_1_5: [propext, Classical.choice, Quot.sound]
AXIOMS Luce.card_removed_before_rank._simp_1_6: [propext, Classical.choice, Quot.sound]
AXIOMS Luce.clockBand.eq_1: [propext, Classical.choice, Quot.sound]
AXIOMS Luce.clockBeforeCount.eq_1: [propext, Classical.choice, Quot.sound]
AXIOMS Luce.clockBeforeCount_background_at_self._simp_1_1: [propext]
AXIOMS Luce.clockBeforeCount_dist_le_of_eq_off._proof_1_1: [propext, Classical.choice, Quot.sound]
AXIOMS Luce.clockBeforeCount_le_add_of_eq_off._simp_1_1: [propext, Classical.choice, Quot.sound]
AXIOMS Luce.clockBeforeCount_le_add_of_eq_off._simp_1_2: [propext, Classical.choice, Quot.sound]
AXIOMS Luce.clockBeforeCount_lt_of_clock_lt._simp_1_1: [propext, Classical.choice, Quot.sound]
AXIOMS Luce.clockBeforeCount_lt_of_clock_lt._simp_1_2: [propext, Classical.choice, Quot.sound]
AXIOMS Luce.clockBeforeCount_mono._simp_1_1: [propext, Classical.choice, Quot.sound]
AXIOMS Luce.clockBeforeCount_mono._simp_1_2: [propext, Classical.choice, Quot.sound]
AXIOMS Luce.clockBeforeCount_window_dist._proof_1_1: [propext, Classical.choice, Quot.sound]
AXIOMS Luce.clockRank.eq_1: [propext, Classical.choice, Quot.sound]
AXIOMS Luce.clockRank_le_iff._proof_1_3: [propext, Classical.choice, Quot.sound]
AXIOMS Luce.clockSurvivalIndicator.eq_1: [propext, Classical.choice, Quot.sound]
AXIOMS Luce.compactDeletedWeights._proof_1: [propext, Classical.choice, Quot.sound]
AXIOMS Luce.compactDeletedWeights.eq_1: [propext, Classical.choice, Quot.sound]
AXIOMS Luce.condExp_finite_history._simp_1_1: [propext]
AXIOMS Luce.condExp_normalized_bernoulli._simp_1_1: []
AXIOMS Luce.consecutiveGapLower._proof_1: [propext, Quot.sound]
AXIOMS Luce.consecutiveGapLower._proof_2: [propext, Quot.sound]
AXIOMS Luce.consecutiveGapLower.congr_simp: [propext, Classical.choice, Quot.sound]
AXIOMS Luce.consecutiveGapLower.eq_1: [propext, Classical.choice, Quot.sound]
AXIOMS Luce.consecutiveGapLower_le_upper._proof_1_1: [propext, Quot.sound]
AXIOMS Luce.consecutiveGapLower_le_upper._proof_1_2: [propext, Quot.sound]
AXIOMS Luce.countWindow_multiplicity_le._proof_1_1: [propext, Quot.sound]
AXIOMS Luce.countWindow_multiplicity_le._proof_1_2: [propext, Quot.sound]
AXIOMS Luce.cycle_period_has_rankCylinder._proof_1_1: [propext, Classical.choice, Quot.sound]
AXIOMS Luce.cyclicCellStep.eq_1: [propext, Classical.choice, Quot.sound]
AXIOMS Luce.cyclicDensityCoefficient.eq_1: [propext, Classical.choice, Quot.sound]
AXIOMS Luce.cyclicGridKernel.eq_1: [propext, Classical.choice, Quot.sound]
AXIOMS Luce.cyclicLimitKernel.eq_1: [propext, Classical.choice, Quot.sound]
AXIOMS Luce.cyclicProfileDensity.eq_1: [propext, Classical.choice, Quot.sound]
AXIOMS Luce.cyclicProfileIntegral.eq_1: [propext, Classical.choice, Quot.sound]
AXIOMS Luce.cyclicProfileMeasure.eq_1: [propext, Classical.choice, Quot.sound]
AXIOMS Luce.cyclicProfileMeasure_injective_ae._simp_1_1: [propext, Classical.choice, Quot.sound]
AXIOMS Luce.cyclicRaceSum.eq_1: [propext, Classical.choice, Quot.sound]
AXIOMS Luce.cyclicScaledRaceTerm.eq_1: [propext, Classical.choice, Quot.sound]
AXIOMS Luce.cyclicTupleProbability.eq_1: [propext, Classical.choice, Quot.sound]
AXIOMS Luce.cyclic_array_truncation_error._simp_1_1: [propext]
AXIOMS Luce.cyclic_array_truncation_error._simp_1_2: [propext]
AXIOMS Luce.cyclic_array_truncation_error._simp_1_3: [propext]
AXIOMS Luce.cyclic_array_truncation_error._simp_1_4: [propext, Classical.choice, Quot.sound]
AXIOMS Luce.cyclic_array_truncation_error._simp_1_5: [propext]
AXIOMS Luce.deletedBeforeCount.eq_1: [propext, Classical.choice, Quot.sound]
AXIOMS Luce.deletedEmpiricalArrival.eq_1: [propext, Classical.choice, Quot.sound]
AXIOMS Luce.deletedEmpiricalArrival_gapLower._proof_1_1: [propext, Classical.choice, Quot.sound]
AXIOMS Luce.deletedEmpiricalArrival_gapLower._proof_1_2: [propext, Classical.choice, Quot.sound]
AXIOMS Luce.deletedEmpiricalRemaining.eq_1: [propext, Classical.choice, Quot.sound]
AXIOMS Luce.deletedEmpiricalRemainingGe.eq_1: [propext, Classical.choice, Quot.sound]
AXIOMS Luce.deletedEmpiricalRemaining_lower_of_reservoir._simp_1_1: [propext, Classical.choice, Quot.sound]
AXIOMS Luce.deletedEmpiricalRemaining_lower_of_reservoir._simp_1_2: [propext, Classical.choice, Quot.sound]
AXIOMS Luce.deletedEmpiricalRemaining_lower_of_reservoir._simp_1_3: [propext, Classical.choice, Quot.sound]
AXIOMS Luce.deletedEmpiricalRemaining_lower_of_reservoir._simp_1_4: [propext, Classical.choice, Quot.sound]
AXIOMS Luce.deletedEmpiricalRemaining_lower_of_reservoir._simp_1_5: [propext]
AXIOMS Luce.deletedEmpiricalRemaining_lower_of_reservoir._simp_1_6: [propext]
AXIOMS Luce.deletedEmpiricalRemaining_lower_of_reservoir._simp_1_7: [propext]
AXIOMS Luce.deletedGapKernel_marked_product._simp_1_1: [propext, Classical.choice, Quot.sound]
AXIOMS Luce.deletedPrefixLabels.eq_1: [propext, Classical.choice, Quot.sound]
AXIOMS Luce.deleted_remaining_weak_strict_error._simp_1_3: [propext, Classical.choice, Quot.sound]
AXIOMS Luce.deleted_remaining_weak_strict_error._simp_1_4: [propext, Classical.choice, Quot.sound]
AXIOMS Luce.disjointCountTest.eq_1: [propext, Classical.choice, Quot.sound]
AXIOMS Luce.drawHistory.eq_1: [propext, Classical.choice, Quot.sound]
AXIOMS Luce.drawPermutation.congr_simp: [propext, Classical.choice, Quot.sound]
AXIOMS Luce.drawPermutation.eq_1: [propext, Classical.choice, Quot.sound]
AXIOMS Luce.empiricalArrival.eq_1: [propext, Classical.choice, Quot.sound]
AXIOMS Luce.empiricalRemaining.eq_1: [propext, Classical.choice, Quot.sound]
AXIOMS Luce.empiricalRemainingGe.eq_1: [propext, Classical.choice, Quot.sound]
AXIOMS Luce.empiricalRemainingGe_ae_eq._simp_1_1: [propext, Classical.choice, Quot.sound]
AXIOMS Luce.empiricalRemainingGe_ae_eq._simp_1_2: [propext, Classical.choice, Quot.sound]
AXIOMS Luce.endpoint_fixedPoint_probability_bound._proof_1_1: [propext, Quot.sound]
AXIOMS Luce.endpoint_integral_bound._simp_1_1: [propext]
AXIOMS Luce.endpoint_integral_bound._simp_1_2: [propext]
AXIOMS Luce.endpoint_integral_bound._simp_1_3: [propext]
AXIOMS Luce.epsilonTailExpectation.eq_1: [propext, Classical.choice, Quot.sound]
AXIOMS Luce.exists_finite_oscillation_grid._simp_1_1: [propext, Classical.choice, Quot.sound]
AXIOMS Luce.exists_profile_cell._proof_1_1: [propext, Classical.choice, Quot.sound]
AXIOMS Luce.exists_profile_cell._proof_1_2: [propext, Classical.choice, Quot.sound]
AXIOMS Luce.exponentialGapMass.eq_1: [propext, Classical.choice, Quot.sound]
AXIOMS Luce.exponentialGapMass_eq_measure._simp_1_2: [propext]
AXIOMS Luce.exponentialGapMass_eq_measure._simp_1_3: [propext]
AXIOMS Luce.exponentialGapMass_eq_measure._simp_1_4: [propext]
AXIOMS Luce.exponentialGapMass_eq_measure._simp_1_5: [propext]
AXIOMS Luce.exponentialGapMass_eq_measure._simp_1_6: [propext]
AXIOMS Luce.exponentialRace.eq_1: [propext, Classical.choice, Quot.sound]
AXIOMS Luce.exponentialRace_collision_zero._simp_1_1: [propext]
AXIOMS Luce.exponentialRace_event_disintegrate._simp_1_1: [propext]
AXIOMS Luce.exponentialRace_first_choice._proof_1_1: [propext, Quot.sound]
AXIOMS Luce.exponentialRace_first_choice._proof_1_2: [propext, Quot.sound]
AXIOMS Luce.exponentialRace_first_choice._simp_1_3: [propext, Classical.choice, Quot.sound]
AXIOMS Luce.exponentialRace_identityNormalizedGaps._simp_1_1: [propext]
AXIOMS Luce.exponentialRace_identityNormalizedGaps._simp_1_2: [propext]
AXIOMS Luce.exponentialRace_identityNormalizedGaps_integral._simp_1_4: [propext]
AXIOMS Luce.exponentialRace_injective_ae._simp_1_1: [propext, Classical.choice, Quot.sound]
AXIOMS Luce.exponentialRace_order_disintegrate._simp_1_1: [propext, Classical.choice, Quot.sound]
AXIOMS Luce.exponentialRace_orderedNormalizedGaps._simp_1_1: [propext]
AXIOMS Luce.exponentialRace_orderedNormalizedGaps._simp_1_2: [propext]
AXIOMS Luce.exponentialRace_surviving_order._simp_1_1: [propext]
AXIOMS Luce.exponentialRace_surviving_order._simp_1_2: [propext]
AXIOMS Luce.exponentialRace_surviving_order._simp_1_3: [propext, Quot.sound]
AXIOMS Luce.exponentialRace_surviving_order._simp_1_4: [propext]
AXIOMS Luce.exponentialRace_surviving_order._simp_1_5: [propext, Classical.choice, Quot.sound]
AXIOMS Luce.exponentialRace_surviving_order_integral._simp_1_1: [propext, Quot.sound]
AXIOMS Luce.exponentialRace_surviving_order_integral._simp_1_2: [propext]
AXIOMS Luce.exponentialRace_surviving_order_integral._simp_1_3: [propext, Classical.choice, Quot.sound]
AXIOMS Luce.exponential_residual_measure._simp_1_1: [propext]
AXIOMS Luce.exponential_residual_measure._simp_1_2: [propext]
AXIOMS Luce.exponential_residual_measure._simp_1_3: [propext]
AXIOMS Luce.exponential_residual_measure._simp_1_4: [propext]
AXIOMS Luce.exponential_residual_measure._simp_1_5: [propext]
AXIOMS Luce.exponential_residual_measure._simp_1_6: [propext]
AXIOMS Luce.exponential_scale_to_unit._simp_1_1: [propext]
AXIOMS Luce.exponential_scale_to_unit._simp_1_2: [propext]
AXIOMS Luce.finiteCyclicDensity.eq_1: [propext, Classical.choice, Quot.sound]
AXIOMS Luce.finitePoissonLaw.eq_1: [propext, Classical.choice, Quot.sound]
AXIOMS Luce.finite_insertion_path._simp_1_1: [propext, Classical.choice, Quot.sound]
AXIOMS Luce.first_clock_event_iff._simp_1_1: [propext, Quot.sound]
AXIOMS Luce.first_clock_event_iff._simp_1_2: [propext, Classical.choice, Quot.sound]
AXIOMS Luce.first_gap_density._simp_1_1: [propext]
AXIOMS Luce.first_gap_density._simp_1_2: [propext]
AXIOMS Luce.first_gap_density._simp_1_3: [propext]
AXIOMS Luce.first_gap_density._simp_1_4: [propext]
AXIOMS Luce.first_gap_density._simp_1_5: [propext]
AXIOMS Luce.first_gap_density._simp_1_6: [propext, Classical.choice, Quot.sound]
AXIOMS Luce.first_gap_density._simp_1_7: [propext]
AXIOMS Luce.fixedCount.eq_1: [propext, Classical.choice, Quot.sound]
AXIOMS Luce.fixedCount_inverse._simp_1_2: [propext, Quot.sound]
AXIOMS Luce.fixedPointCount.eq_1: [propext, Classical.choice, Quot.sound]
AXIOMS Luce.fixedPointCountLaw._proof_1: [propext, Classical.choice, Quot.sound]
AXIOMS Luce.fixedPointCount_eq_card._simp_1_2: [propext, Classical.choice, Quot.sound]
AXIOMS Luce.fixedPointCount_eq_card._simp_1_3: [propext, Classical.choice, Quot.sound]
AXIOMS Luce.fixedPointCount_eq_card._simp_1_4: [propext]
AXIOMS Luce.fixedPointCount_eq_card._simp_1_5: [propext, Quot.sound]
AXIOMS Luce.fixedPoints.eq_1: [propext, Classical.choice, Quot.sound]
AXIOMS Luce.fixed_point_mass_fiber_identity._simp_1_1: [propext, Quot.sound]
AXIOMS Luce.fixed_point_probability_integral._proof_1_1: [propext, Quot.sound]
AXIOMS Luce.fixed_point_probability_integral._proof_1_2: [propext, Quot.sound]
AXIOMS Luce.forwardPathWeight.eq_1: [propext, Classical.choice, Quot.sound]
AXIOMS Luce.fullDensityMeasure_restrict_Iio._simp_1_2: [propext]
AXIOMS Luce.fullDensityMeasure_restrict_Iio._simp_1_3: [propext]
AXIOMS Luce.fullDensityMeasure_restrict_Iio._simp_1_4: [propext]
AXIOMS Luce.fullDensityMeasure_restrict_Iio._simp_1_5: [propext]
AXIOMS Luce.fullIntensity._proof_1: [propext, Classical.choice, Quot.sound]
AXIOMS Luce.fullIntensity.congr_simp: [propext, Classical.choice, Quot.sound]
AXIOMS Luce.fullIntensity_mass._simp_1_1: [propext, Classical.choice, Quot.sound]
AXIOMS Luce.ghostCountKernel.eq_1: [propext, Classical.choice, Quot.sound]
AXIOMS Luce.ghostCountKernel_marked_product._simp_1_1: [propext, Classical.choice, Quot.sound]
AXIOMS Luce.ghostCountKernel_product._simp_1_1: [propext, Classical.choice, Quot.sound]
AXIOMS Luce.ghostCountSuccess_implies_swapped_path._proof_1_1: [propext, Classical.choice, Quot.sound]
AXIOMS Luce.ghostCountWindow_probability_le_rank_sum._proof_1_2: [propext, Classical.choice, Quot.sound]
AXIOMS Luce.ghostCountWindow_probability_le_rank_sum._proof_1_3: [propext, Classical.choice, Quot.sound]
AXIOMS Luce.ghostCountWindow_probability_le_rank_sum._simp_1_1: [propext]
AXIOMS Luce.ghostCountWindow_probability_le_rank_sum._simp_1_4: [propext]
AXIOMS Luce.ghostCountWindow_probability_le_rank_sum._simp_1_5: [propext]
AXIOMS Luce.ghostCycleVertexSum._proof_1: [propext]
AXIOMS Luce.ghostCycleVertexSum.eq_1: [propext, Classical.choice, Quot.sound]
AXIOMS Luce.ghostEntry.eq_1: [propext, Classical.choice, Quot.sound]
AXIOMS Luce.ghostOrderKernel.eq_1: [propext, Classical.choice, Quot.sound]
AXIOMS Luce.ghostPathSum.eq_1: [propext, Classical.choice, Quot.sound]
AXIOMS Luce.ghostPredecessorSum._proof_1: [propext]
AXIOMS Luce.ghostPredecessorSum.eq_1: [propext, Classical.choice, Quot.sound]
AXIOMS Luce.ghostWindowByOrder_count_bounds._proof_1_1: [propext, Classical.choice, Quot.sound]
AXIOMS Luce.ghostWindowByOrder_count_bounds._proof_1_2: [propext, Classical.choice, Quot.sound]
AXIOMS Luce.ghostWindowByOrder_count_bounds._proof_1_3: [propext, Classical.choice, Quot.sound]
AXIOMS Luce.ghostWindowByOrder_count_bounds._proof_1_4: [propext, Classical.choice, Quot.sound]
AXIOMS Luce.ghostWindowByOrder_count_bounds._proof_1_5: [propext, Classical.choice, Quot.sound]
AXIOMS Luce.ghostWindowByOrder_iff_count._proof_1_1: [propext, Classical.choice, Quot.sound]
AXIOMS Luce.ghostWindowByOrder_iff_count._proof_1_2: [propext, Classical.choice, Quot.sound]
AXIOMS Luce.ghostWindowByOrder_iff_count._proof_1_3: [propext, Classical.choice, Quot.sound]
AXIOMS Luce.ghostWindowByOrder_iff_count._proof_1_4: [propext, Classical.choice, Quot.sound]
AXIOMS Luce.ghostWindowByOrder_iff_count._proof_1_5: [propext, Classical.choice, Quot.sound]
AXIOMS Luce.ghostWindowByOrder_iff_count._proof_1_6: [propext, Classical.choice, Quot.sound]
AXIOMS Luce.ghostWindowByOrder_iff_count._proof_1_7: [propext, Classical.choice, Quot.sound]
AXIOMS Luce.ghostWindowLength.eq_1: [propext, Classical.choice, Quot.sound]
AXIOMS Luce.ghostWindowVolume.eq_1: [propext, Classical.choice, Quot.sound]
AXIOMS Luce.ghostWindowVolume_expectation_le._proof_1_1: [propext, Quot.sound]
AXIOMS Luce.ghostWindowVolume_ne_top_of_interior._proof_1_2: [propext, Quot.sound]
AXIOMS Luce.highCycleConstant.eq_1: [propext, Classical.choice, Quot.sound]
AXIOMS Luce.highRateMass.eq_1: [propext, Classical.choice, Quot.sound]
AXIOMS Luce.high_rate_cycle_vertices_bound._simp_1_1: [propext, Quot.sound]
AXIOMS Luce.high_rate_cycle_vertices_bound._simp_1_2: [propext, Quot.sound]
AXIOMS Luce.high_rate_cycle_vertices_bound._simp_1_3: [propext, Classical.choice, Quot.sound]
AXIOMS Luce.high_rate_density_bound._simp_1_1: [propext]
AXIOMS Luce.high_rate_density_bound._simp_1_2: [propext]
AXIOMS Luce.high_rate_density_bound._simp_1_3: [propext]
AXIOMS Luce.high_rate_density_bound._simp_1_4: [propext]
AXIOMS Luce.high_rate_density_bound._simp_1_5: [propext]
AXIOMS Luce.high_rate_density_bound._simp_1_6: [propext, Classical.choice, Quot.sound]
AXIOMS Luce.high_rate_density_bound._simp_1_7: [propext]
AXIOMS Luce.high_rate_density_bound._simp_1_8: []
AXIOMS Luce.identityGapDuration.eq_1: [propext, Classical.choice, Quot.sound]
AXIOMS Luce.identityGapDuration_succ._proof_1_3: [propext, Quot.sound]
AXIOMS Luce.identityGapDuration_succ._simp_1_1: [propext]
AXIOMS Luce.identityGapDuration_succ._simp_1_2: [propext]
AXIOMS Luce.identityNormalizedGaps._proof_1: [propext]
AXIOMS Luce.identityNormalizedGaps.eq_1: [propext, Classical.choice, Quot.sound]
AXIOMS Luce.identityNormalizedGaps.eq_2: [propext, Classical.choice, Quot.sound]
AXIOMS Luce.identityNormalizedGaps.eq_def: [propext, Classical.choice, Quot.sound]
AXIOMS Luce.identityNormalizedGaps_order_recursion._simp_1_4: [propext, Classical.choice, Quot.sound]
AXIOMS Luce.iidPointLaw.eq_1: [propext, Classical.choice, Quot.sound]
AXIOMS Luce.initialRateMass.eq_1: [propext, Classical.choice, Quot.sound]
AXIOMS Luce.insertionColumn_le_new_add_length._simp_1_1: [propext, Classical.choice, Quot.sound]
AXIOMS Luce.insertionPathSum.congr_simp: [propext, Classical.choice, Quot.sound]
AXIOMS Luce.insertionPathSum.eq_1: [propext, Classical.choice, Quot.sound]
AXIOMS Luce.insertionPathSum_succ._simp_1_1: [propext, Quot.sound]
AXIOMS Luce.insertionPathWeight.eq_1: [propext, Classical.choice, Quot.sound]
AXIOMS Luce.insertionPathWeight_cons._simp_1_1: [propext, Quot.sound]
AXIOMS Luce.integrable_finite_state._simp_1_1: [propext]
AXIOMS Luce.integral_comp_stepProfile._simp_1_1: [propext]
AXIOMS Luce.integral_exponentialPDFReal._simp_1_1: [propext]
AXIOMS Luce.integral_finite_state._simp_1_1: [propext]
AXIOMS Luce.integral_markedNormalizedGaps_prod_sq._simp_1_1: [propext, Quot.sound]
AXIOMS Luce.integral_natCountLaplace_pi_poisson._simp_1_2: [propext, Quot.sound]
AXIOMS Luce.integral_natCountSingletonTest._simp_1_2: [propext]
AXIOMS Luce.integral_profileGridKernel_step._simp_1_1: [propext]
AXIOMS Luce.integrated_rank_crossing_intensity._simp_1_1: [propext, Classical.choice, Quot.sound]
AXIOMS Luce.interiorCompensatorSum.eq_1: [propext, Classical.choice, Quot.sound]
AXIOMS Luce.interiorDensityMeasure.eq_1: [propext, Classical.choice, Quot.sound]
AXIOMS Luce.interiorDensityMeasure_restrict._simp_1_2: [propext]
AXIOMS Luce.interiorDensityMeasure_restrict._simp_1_3: [propext]
AXIOMS Luce.interiorDensityMeasure_restrict._simp_1_4: [propext]
AXIOMS Luce.interiorDensityMeasure_restrict._simp_1_5: [propext]
AXIOMS Luce.interiorFixedPoints.eq_1: [propext, Classical.choice, Quot.sound]
AXIOMS Luce.interiorIntensity._proof_1: [propext, Classical.choice, Quot.sound]
AXIOMS Luce.interiorIntensity.congr_simp: [propext, Classical.choice, Quot.sound]
AXIOMS Luce.interior_observed_test_le_tail._simp_1_1: [propext]
AXIOMS Luce.intervalTestExtension.eq_1: [propext, Classical.choice, Quot.sound]
AXIOMS Luce.inverse_product_le_exp._simp_1_1: [propext]
AXIOMS Luce.inverse_product_le_exp._simp_1_2: [propext]
AXIOMS Luce.inverse_product_le_exp._simp_1_3: [propext]
AXIOMS Luce.inverse_product_le_exp._simp_1_4: [propext]
AXIOMS Luce.inverse_product_le_exp._simp_1_5: [propext]
AXIOMS Luce.inverse_product_le_exp._simp_1_6: [propext, Classical.choice, Quot.sound]
AXIOMS Luce.inverse_product_le_exp._simp_1_7: [propext]
AXIOMS Luce.keepTerm.eq_1: [propext, Classical.choice, Quot.sound]
AXIOMS Luce.lowRateDensity.eq_1: [propext, Classical.choice, Quot.sound]
AXIOMS Luce.lt_arrivalTime_iff_clockBeforeCount._proof_1_1: [propext, Classical.choice, Quot.sound]
AXIOMS Luce.lt_arrivalTime_iff_clockBeforeCount._proof_1_2: [propext, Classical.choice, Quot.sound]
AXIOMS Luce.markedGapCoefficient.eq_1: [propext, Classical.choice, Quot.sound]
AXIOMS Luce.markedGapScalar.eq_1: [propext, Classical.choice, Quot.sound]
AXIOMS Luce.markedImage_comp_perm._simp_1_1: [propext, Classical.choice, Quot.sound]
AXIOMS Luce.markedImage_comp_perm._simp_1_2: [propext, Classical.choice, Quot.sound]
AXIOMS Luce.markedNormalizedGaps.eq_1: [propext, Classical.choice, Quot.sound]
AXIOMS Luce.markedRankCylinder_deleted_counts._proof_1_1: [propext, Classical.choice, Quot.sound]
AXIOMS Luce.markedRankCylinder_iff_deleted_counts._proof_1_1: [propext, Classical.choice, Quot.sound]
AXIOMS Luce.markedRankCylinder_iff_deleted_counts._proof_1_2: [propext, Classical.choice, Quot.sound]
AXIOMS Luce.markedRankCylinder_probability_eq_sortedGapProduct._simp_1_1: [propext, Classical.choice, Quot.sound]
AXIOMS Luce.markedRankCylinder_probability_le_deletedGapProduct._proof_1_1: [propext, Classical.choice, Quot.sound]
AXIOMS Luce.marked_times_strictMono_of_rankCylinder._proof_1_1: [propext, Classical.choice, Quot.sound]
AXIOMS Luce.meanArrival.eq_1: [propext, Classical.choice, Quot.sound]
AXIOMS Luce.meanSurvivors.eq_1: [propext, Classical.choice, Quot.sound]
AXIOMS Luce.measurableSet_boundedCycleEvent._simp_1_2: [propext]
AXIOMS Luce.measurableSet_boundedCycleEvent._simp_1_3: [propext]
AXIOMS Luce.measurableSet_injective_clocks._simp_1_1: [propext]
AXIOMS Luce.measurableSet_label_available._simp_1_1: [propext]
AXIOMS Luce.measurable_other_survivors._simp_1_1: [propext, Classical.choice, Quot.sound]
AXIOMS Luce.measurable_raceDraw._simp_1_1: [propext]
AXIOMS Luce.measurable_raceDraw._simp_1_2: [propext]
AXIOMS Luce.measurable_raceDraw._simp_1_3: [propext]
AXIOMS Luce.measurable_raceDraw._simp_1_4: [propext]
AXIOMS Luce.measurable_raceGapStart._proof_1_1: [propext, Quot.sound]
AXIOMS Luce.measurable_raceRankPermutation_apply._simp_1_1: [propext]
AXIOMS Luce.measurable_raceRankPermutation_apply._simp_1_2: [propext]
AXIOMS Luce.measurable_raceRankPermutation_apply._simp_1_3: [propext]
AXIOMS Luce.measurable_raceRankPermutation_apply._simp_1_4: [propext]
AXIOMS Luce.mem_consecutiveGap_iff_count._proof_1_2: [propext, Classical.choice, Quot.sound]
AXIOMS Luce.mem_consecutiveGap_iff_count._proof_1_3: [propext, Classical.choice, Quot.sound]
AXIOMS Luce.mem_consecutiveGap_iff_count._proof_1_4: [propext, Classical.choice, Quot.sound]
AXIOMS Luce.moderateReservoir.eq_1: [propext, Classical.choice, Quot.sound]
AXIOMS Luce.momentLaplace._proof_1: [propext, Classical.choice, Quot.sound]
AXIOMS Luce.momentLaplace.eq_1: [propext, Classical.choice, Quot.sound]
AXIOMS Luce.momentLaplaceAlgebra._proof_1: [propext, Classical.choice, Quot.sound]
AXIOMS Luce.momentLaplaceAlgebra.eq_1: [propext, Classical.choice, Quot.sound]
AXIOMS Luce.momentLaplaceMonoid._proof_1: [propext, Classical.choice, Quot.sound]
AXIOMS Luce.momentLaplaceMonoid._proof_2: [propext, Classical.choice, Quot.sound]
AXIOMS Luce.momentLaplaceMonoid._proof_3: [propext, Classical.choice, Quot.sound]
AXIOMS Luce.natCountLaplace._proof_1: [propext, Classical.choice, Quot.sound]
AXIOMS Luce.natCountLaplace.eq_1: [propext, Classical.choice, Quot.sound]
AXIOMS Luce.natCountLaplaceAlgebra._proof_1: [propext, Classical.choice, Quot.sound]
AXIOMS Luce.natCountLaplaceAlgebra.eq_1: [propext, Classical.choice, Quot.sound]
AXIOMS Luce.natCountLaplaceMonoid._proof_1: [propext, Classical.choice, Quot.sound]
AXIOMS Luce.natCountLaplaceMonoid._proof_2: [propext, Classical.choice, Quot.sound]
AXIOMS Luce.natCountLaplaceMonoid._proof_3: [propext, Classical.choice, Quot.sound]
AXIOMS Luce.natCountSingletonTest._proof_1: [propext, Classical.choice, Quot.sound]
AXIOMS Luce.natCountSingletonTest._proof_2: [propext, Classical.choice, Quot.sound]
AXIOMS Luce.natCountSingletonTest.eq_1: [propext, Classical.choice, Quot.sound]
AXIOMS Luce.normalized_tuple_high_rate_le._simp_1_1: [propext]
AXIOMS Luce.normalized_tuple_high_rate_le._simp_1_2: [propext]
AXIOMS Luce.normalized_tuple_high_rate_le._simp_1_3: [propext]
AXIOMS Luce.normalized_tuple_high_rate_le._simp_1_4: [propext]
AXIOMS Luce.normalized_tuple_high_rate_le._simp_1_5: [propext]
AXIOMS Luce.normalized_tuple_high_rate_le._simp_1_6: [propext, Classical.choice, Quot.sound]
AXIOMS Luce.normalized_tuple_high_rate_le._simp_1_7: [propext]
AXIOMS Luce.orderTime.eq_1: [propext, Classical.choice, Quot.sound]
AXIOMS Luce.orderedRemainingRate.eq_1: [propext, Classical.choice, Quot.sound]
AXIOMS Luce.orderedRemainingRate_eq_surviving_sum._proof_1_2: [propext, Quot.sound]
AXIOMS Luce.orderedRemainingRate_eq_surviving_sum._proof_1_3: [propext, Classical.choice, Quot.sound]
AXIOMS Luce.orderedWeights._proof_1: [propext, Classical.choice, Quot.sound]
AXIOMS Luce.ordered_gap_eq_normalized_div_rate._simp_1_1: [propext]
AXIOMS Luce.ordered_gap_eq_normalized_div_rate._simp_1_2: [propext]
AXIOMS Luce.ordered_gap_eq_normalized_div_rate._simp_1_3: [propext]
AXIOMS Luce.ordered_gap_eq_normalized_div_rate._simp_1_4: [propext]
AXIOMS Luce.ordered_gap_eq_normalized_div_rate._simp_1_5: [propext]
AXIOMS Luce.ordered_gap_eq_normalized_div_rate._simp_1_6: [propext, Classical.choice, Quot.sound]
AXIOMS Luce.ordered_gap_eq_normalized_div_rate._simp_1_7: [propext]
AXIOMS Luce.otherSurvivorProbability.eq_1: [propext, Classical.choice, Quot.sound]
AXIOMS Luce.otherSurvivorProbability_early._simp_1_1: [propext, Classical.choice, Quot.sound]
AXIOMS Luce.otherSurvivorProbability_early._simp_1_2: [propext]
AXIOMS Luce.otherSurvivors.eq_1: [propext, Classical.choice, Quot.sound]
AXIOMS Luce.other_survivors_eq_sum._simp_1_1: [propext, Classical.choice, Quot.sound]
AXIOMS Luce.pointCountSingletonTest._proof_1: [propext, Classical.choice, Quot.sound]
AXIOMS Luce.pointCountSingletonTest._proof_2: [propext, Classical.choice, Quot.sound]
AXIOMS Luce.pointCountSingletonTest.eq_1: [propext, Classical.choice, Quot.sound]
AXIOMS Luce.pointLaplace.eq_1: [propext, Classical.choice, Quot.sound]
AXIOMS Luce.pointMeasureOfFin.eq_1: [propext, Classical.choice, Quot.sound]
AXIOMS Luce.pointMeasure_law_convergence_of_laplace._simp_1_2: [propext]
AXIOMS Luce.pointMeasure_law_convergence_of_laplace._simp_1_3: [propext]
AXIOMS Luce.pointMoment.congr_simp: [propext, Classical.choice, Quot.sound]
AXIOMS Luce.poissonMixture.eq_1: [propext, Classical.choice, Quot.sound]
AXIOMS Luce.poissonProbabilityMeasure._proof_1: [propext, Classical.choice, Quot.sound]
AXIOMS Luce.predecessorConstant.eq_1: [propext]
AXIOMS Luce.predictableChance.eq_1: [propext, Classical.choice, Quot.sound]
AXIOMS Luce.prefixAgrees.eq_1: [Quot.sound]
AXIOMS Luce.prefixAgrees_decomposeFin._simp_1_2: [propext]
AXIOMS Luce.prefixAgrees_decomposeFin._simp_1_3: [propext]
AXIOMS Luce.prefixAgrees_decomposeFin._simp_1_4: [propext]
AXIOMS Luce.prefixAgrees_decomposeFin._simp_1_5: [propext]
AXIOMS Luce.prefixMass.eq_1: [propext, Classical.choice, Quot.sound]
AXIOMS Luce.prefixMass_decomposeFin._simp_1_2: [propext]
AXIOMS Luce.prefixMass_decomposeFin._simp_1_3: [propext]
AXIOMS Luce.prefixMass_succ._proof_1_5: [propext, Classical.choice, Quot.sound]
AXIOMS Luce.prefixMass_succ._simp_1_1: [propext, Classical.choice, Quot.sound]
AXIOMS Luce.prefixMass_succ._simp_1_2: [propext, Classical.choice, Quot.sound]
AXIOMS Luce.prefixMass_succ._simp_1_3: [propext, Classical.choice, Quot.sound]
AXIOMS Luce.prefixMass_succ._simp_1_4: [propext]
AXIOMS Luce.prefixVector.eq_1: [Quot.sound]
AXIOMS Luce.previousOrderedTime._proof_1: [propext, Quot.sound]
AXIOMS Luce.previousOrderedTime._proof_2: [propext, Quot.sound]
AXIOMS Luce.previousOrderedTime.eq_1: [propext, Classical.choice, Quot.sound]
AXIOMS Luce.probabilityTotalVariation.eq_1: [propext, Classical.choice, Quot.sound]
AXIOMS Luce.profileCell.eq_1: [propext, Classical.choice, Quot.sound]
AXIOMS Luce.profileD.eq_1: [propext, Classical.choice, Quot.sound]
AXIOMS Luce.profileF.eq_1: [propext, Classical.choice, Quot.sound]
AXIOMS Luce.profileGapCoefficient.eq_1: [propext, Classical.choice, Quot.sound]
AXIOMS Luce.profileGridKernel.eq_1: [propext, Classical.choice, Quot.sound]
AXIOMS Luce.profileH.eq_1: [propext, Classical.choice, Quot.sound]
AXIOMS Luce.profileLimitKernel.eq_1: [propext, Classical.choice, Quot.sound]
AXIOMS Luce.profileMeasure.eq_1: [propext, Classical.choice, Quot.sound]
AXIOMS Luce.raceDraw.eq_1: [propext, Classical.choice, Quot.sound]
AXIOMS Luce.raceDrawFiltration._proof_1: [propext, Classical.choice, Quot.sound]
AXIOMS Luce.raceDrawFiltration._proof_2: [propext, Classical.choice, Quot.sound]
AXIOMS Luce.raceDraw_event_probability._simp_1_1: [propext]
AXIOMS Luce.raceDraw_event_probability._simp_1_2: [propext, Classical.choice, Quot.sound]
AXIOMS Luce.raceDraw_event_probability._simp_1_3: [propext, Classical.choice, Quot.sound]
AXIOMS Luce.raceDraw_event_probability._simp_1_4: [propext, Classical.choice, Quot.sound]
AXIOMS Luce.raceDraw_fixed_iff_rankOf._proof_1_1: [propext, Classical.choice, Quot.sound]
AXIOMS Luce.raceGapRate.eq_1: [propext, Classical.choice, Quot.sound]
AXIOMS Luce.raceGapStart.eq_1: [propext, Classical.choice, Quot.sound]
AXIOMS Luce.raceInteriorBernoulli._proof_1: [propext, Classical.choice, Quot.sound]
AXIOMS Luce.raceInteriorBernoulli.eq_1: [propext, Classical.choice, Quot.sound]
AXIOMS Luce.raceInteriorBernoulli_observation._simp_1_2: [propext, Quot.sound]
AXIOMS Luce.raceInteriorBernoulli_pointMeasure._simp_1_1: [propext, Quot.sound]
AXIOMS Luce.raceNormalizedGaps.eq_1: [propext, Classical.choice, Quot.sound]
AXIOMS Luce.raceRank.eq_1: [propext, Classical.choice, Quot.sound]
AXIOMS Luce.raceRankPermutation.eq_1: [propext, Classical.choice, Quot.sound]
AXIOMS Luce.raceRank_add_survivors._proof_1_6: [propext, Classical.choice, Quot.sound]
AXIOMS Luce.raceRank_add_survivors._simp_1_1: [propext, Classical.choice, Quot.sound]
AXIOMS Luce.raceRank_add_survivors._simp_1_2: [propext, Classical.choice, Quot.sound]
AXIOMS Luce.raceRank_add_survivors._simp_1_3: [propext, Classical.choice, Quot.sound]
AXIOMS Luce.raceRank_add_survivors._simp_1_5: [propext, Classical.choice, Quot.sound]
AXIOMS Luce.raceRank_eq_iff_raceDraw._proof_1_2: [propext, Classical.choice, Quot.sound]
AXIOMS Luce.raceRank_eq_iff_survivors._proof_1_1: [propext, Classical.choice, Quot.sound]
AXIOMS Luce.raceRank_injective._proof_1_1: [propext, Classical.choice, Quot.sound]
AXIOMS Luce.raceRank_injective._proof_1_2: [propext, Classical.choice, Quot.sound]
AXIOMS Luce.raceRank_strict._proof_1_1: [propext, Classical.choice, Quot.sound]
AXIOMS Luce.rankOf.eq_1: [propext, Classical.choice, Quot.sound]
AXIOMS Luce.rankPermutation._proof_1: [propext, Classical.choice, Quot.sound]
AXIOMS Luce.rankPermutation.congr_simp: [propext, Classical.choice, Quot.sound]
AXIOMS Luce.rank_integral_real._simp_1_1: [propext]
AXIOMS Luce.rank_integral_survivors._simp_1_1: [propext]
AXIOMS Luce.rateKernel.eq_1: [propext, Classical.choice, Quot.sound]
AXIOMS Luce.remaining.eq_1: [propext, Classical.choice, Quot.sound]
AXIOMS Luce.remaining_eq_clock_survivors._simp_1_1: [propext, Classical.choice, Quot.sound]
AXIOMS Luce.remaining_eq_clock_survivors._simp_1_2: [propext, Classical.choice, Quot.sound]
AXIOMS Luce.remaining_eq_of_prefix_agreement._simp_1_1: [propext, Classical.choice, Quot.sound]
AXIOMS Luce.remaining_eq_of_prefix_agreement._simp_1_2: [propext, Classical.choice, Quot.sound]
AXIOMS Luce.remaining_eq_of_prefix_agreement._simp_1_3: [propext, Quot.sound]
AXIOMS Luce.remaining_rate_lower_pointwise._proof_1_2: [propext, Classical.choice, Quot.sound]
AXIOMS Luce.remaining_rate_lower_pointwise._simp_1_1: [propext]
AXIOMS Luce.remaining_rate_lower_pointwise._simp_1_3: [propext]
AXIOMS Luce.rescaled_gap_error_constant._simp_1_1: [propext]
AXIOMS Luce.rescaled_gap_error_constant._simp_1_2: [propext]
AXIOMS Luce.rescaled_gap_error_constant._simp_1_3: [propext]
AXIOMS Luce.rescaled_gap_error_constant._simp_1_4: [propext]
AXIOMS Luce.rescaled_gap_error_constant._simp_1_5: [propext]
AXIOMS Luce.rescaled_gap_error_constant._simp_1_6: [propext, Classical.choice, Quot.sound]
AXIOMS Luce.rescaled_gap_error_constant._simp_1_7: [propext]
AXIOMS Luce.rescaled_prod_exponentialGapMass_taylor._simp_1_1: [propext]
AXIOMS Luce.rescaled_prod_exponentialGapMass_taylor._simp_1_2: [propext]
AXIOMS Luce.rescaled_prod_exponentialGapMass_taylor._simp_1_3: [propext]
AXIOMS Luce.rescaled_prod_exponentialGapMass_taylor._simp_1_4: [propext]
AXIOMS Luce.rescaled_prod_exponentialGapMass_taylor._simp_1_5: [propext]
AXIOMS Luce.rescaled_prod_exponentialGapMass_taylor._simp_1_6: [propext, Classical.choice, Quot.sound]
AXIOMS Luce.rescaled_prod_exponentialGapMass_taylor._simp_1_7: [propext]
AXIOMS Luce.rowMaxRate._proof_1: [propext, Classical.choice, Quot.sound]
AXIOMS Luce.section3Location._proof_1: [propext, Classical.choice, Quot.sound]
AXIOMS Luce.section3Location.eq_1: [propext, Classical.choice, Quot.sound]
AXIOMS Luce.section3UnitWeights._proof_1: [propext, Classical.choice, Quot.sound]
AXIOMS Luce.section3UnitWeights.eq_1: [propext, Classical.choice, Quot.sound]
AXIOMS Luce.section4_intensity_tail_tendsto._simp_1_1: [propext]
AXIOMS Luce.section4_intensity_tail_tendsto._simp_1_2: [propext]
AXIOMS Luce.section4_intensity_tail_tendsto._simp_1_3: [propext]
AXIOMS Luce.section4_intensity_test_bound._proof_1_1: [propext, Quot.sound]
AXIOMS Luce.section4_intensity_test_bound._proof_1_2: [propext, Quot.sound]
AXIOMS Luce.section5_sorted_marked_asymptotic._proof_1_1: [propext, Classical.choice, Quot.sound]
AXIOMS Luce.shortCycleVertexCount.eq_1: [propext, Classical.choice, Quot.sound]
AXIOMS Luce.shortCycleVertexCountAvoiding.eq_1: [propext, Classical.choice, Quot.sound]
AXIOMS Luce.shortCycleVertexCountAvoiding_expectation_le._proof_1_1: [propext, Classical.choice, Quot.sound]
AXIOMS Luce.shortCycleVertexCountAvoiding_expectation_le._proof_1_2: [propext, Classical.choice, Quot.sound]
AXIOMS Luce.shortCycleVertexCountAvoiding_expectation_le._proof_1_3: [propext, Classical.choice, Quot.sound]
AXIOMS Luce.shortCycleVertexCountAvoiding_expectation_le._simp_1_5: [propext, Classical.choice, Quot.sound]
AXIOMS Luce.shortCycleVertexCount_eq_filter_period_le._proof_1_1: [propext, Classical.choice, Quot.sound]
AXIOMS Luce.shortCycleVertexCount_eq_filter_period_le._proof_1_2: [propext, Classical.choice, Quot.sound]
AXIOMS Luce.shortCycleVertexCount_eq_filter_period_le._proof_1_3: [propext, Classical.choice, Quot.sound]
AXIOMS Luce.shortCycleVertexCount_le_high_add_avoiding._proof_1_6: [propext, Classical.choice, Quot.sound]
AXIOMS Luce.shortCycleVertexCount_le_high_add_avoiding._simp_1_2: [propext, Classical.choice, Quot.sound]
AXIOMS Luce.shortCycleVertexCount_le_high_add_avoiding._simp_1_3: [propext, Classical.choice, Quot.sound]
AXIOMS Luce.shortCycleVertexCount_le_high_add_avoiding._simp_1_4: [propext, Classical.choice, Quot.sound]
AXIOMS Luce.shortCycleVertexCount_le_high_add_avoiding._simp_1_5: [propext]
AXIOMS Luce.sortedMarkedGapIndex_lt_complement._proof_1_1: [propext, Classical.choice, Quot.sound]
AXIOMS Luce.sortedMarkedGapIndex_strictMono._proof_1_1: [propext, Classical.choice, Quot.sound]
AXIOMS Luce.spatial_tail_iff_terminal_index._proof_1_1: [propext, Quot.sound]
AXIOMS Luce.standardGapLaw.eq_1: [propext, Classical.choice, Quot.sound]
AXIOMS Luce.stepProfile.eq_1: [propext, Classical.choice, Quot.sound]
AXIOMS Luce.stepProfile_superlevel_measure_le._simp_1_1: [propext]
AXIOMS Luce.stepProfile_superlevel_measure_le._simp_1_3: [propext, Classical.choice, Quot.sound]
AXIOMS Luce.stepProfile_superlevel_measure_le._simp_1_4: [propext, Classical.choice, Quot.sound]
AXIOMS Luce.stoppedMass.eq_1: [propext, Classical.choice, Quot.sound]
AXIOMS Luce.stoppedMass.eq_2: [propext, Classical.choice, Quot.sound]
AXIOMS Luce.stoppedMass.eq_def: [propext, Classical.choice, Quot.sound]
AXIOMS Luce.stoppedProbability.eq_1: [propext, Classical.choice, Quot.sound]
AXIOMS Luce.sum_beforeRank_probability._simp_1_1: [propext, Classical.choice, Quot.sound]
AXIOMS Luce.sum_beforeRank_probability._simp_1_2: [propext, Classical.choice, Quot.sound]
AXIOMS Luce.sum_beforeRank_probability._simp_1_3: [propext, Classical.choice, Quot.sound]
AXIOMS Luce.sum_ghostCountSuccess_probability_le._simp_1_1: [propext, Classical.choice, Quot.sound]
AXIOMS Luce.sum_ghostCountSuccess_probability_le._simp_1_2: [propext, Classical.choice, Quot.sound]
AXIOMS Luce.sum_mass_cylinder_le._simp_1_1: [propext, Classical.choice, Quot.sound]
AXIOMS Luce.sum_mass_cylinder_le._simp_1_2: [propext]
AXIOMS Luce.sum_mass_marked_cylinder_le._simp_1_1: [propext, Classical.choice, Quot.sound]
AXIOMS Luce.sum_mass_marked_cylinder_le._simp_1_2: [propext, Classical.choice, Quot.sound]
AXIOMS Luce.sum_mass_marked_cylinder_le._simp_1_3: [propext]
AXIOMS Luce.sum_mass_prefix._simp_1_1: [propext, Quot.sound]
AXIOMS Luce.sum_mass_prefix._simp_1_2: [propext, Classical.choice, Quot.sound]
AXIOMS Luce.sum_mass_prefix_next._simp_1_1: [propext, Classical.choice, Quot.sound]
AXIOMS Luce.sum_mass_prefix_next._simp_1_2: [propext, Classical.choice, Quot.sound]
AXIOMS Luce.survivalGe.eq_1: [propext, Classical.choice, Quot.sound]
AXIOMS Luce.survivalGe_sub_le_band._simp_1_1: [propext]
AXIOMS Luce.survivalGe_sub_le_band._simp_1_2: [propext]
AXIOMS Luce.survivalKernel.eq_1: [propext, Classical.choice, Quot.sound]
AXIOMS Luce.survivingAtRankProbability.eq_1: [propext, Classical.choice, Quot.sound]
AXIOMS Luce.survivingAtRankProbability_eq._simp_1_1: [propext]
AXIOMS Luce.survivingAtRankProbability_eq._simp_1_2: [propext]
AXIOMS Luce.survivingAtRankProbability_eq._simp_1_3: [propext]
AXIOMS Luce.survivorSet.eq_1: [propext, Classical.choice, Quot.sound]
AXIOMS Luce.swapClockCopies.eq_1: [propext, Classical.choice, Quot.sound]
AXIOMS Luce.swapped_rankCylinder_implies_ghost._proof_1_1: [propext, Classical.choice, Quot.sound]
AXIOMS Luce.swapped_rankCylinder_implies_ghost._proof_1_2: [propext, Classical.choice, Quot.sound]
AXIOMS Luce.symmetricClip.eq_1: [propext, Classical.choice, Quot.sound]
AXIOMS Luce.tailFixedPointCount.eq_1: [propext, Classical.choice, Quot.sound]
AXIOMS Luce.tailFixedPointCount_eq_terminalFixedPointCount._proof_1_1: [propext, Classical.choice, Quot.sound]
AXIOMS Luce.tailFixedPointCount_eq_terminalFixedPointCount._proof_1_2: [propext, Classical.choice, Quot.sound]
AXIOMS Luce.tailFixedPointCount_eq_terminalFixedPointCount._proof_1_3: [propext, Classical.choice, Quot.sound]
AXIOMS Luce.tailFixedPointCount_eq_terminalFixedPointCount._proof_1_4: [propext, Classical.choice, Quot.sound]
AXIOMS Luce.tailFixedPointCount_probability_le_expectation._simp_1_1: [propext, Classical.choice, Quot.sound]
AXIOMS Luce.tailFixedPointCount_probability_le_expectation._simp_1_2: [propext]
AXIOMS Luce.tailFixedPointCount_probability_le_expectation._simp_1_3: [propext]
AXIOMS Luce.tendsto_integral_interiorIntensity_full._simp_1_1: [propext]
AXIOMS Luce.tendsto_laplace_finitePoissonLaw_interior_full._simp_1_1: [propext]
AXIOMS Luce.terminalCandidate._proof_1: []
AXIOMS Luce.terminalCandidate.eq_1: []
AXIOMS Luce.terminalCandidate_val_add._proof_1_2: [propext, Quot.sound]
AXIOMS Luce.terminalFixedPointCount.eq_1: [propext, Classical.choice, Quot.sound]
AXIOMS Luce.terminalIntensityTest._proof_1: [propext, Classical.choice, Quot.sound]
AXIOMS Luce.terminalIntensityTest._proof_2: [propext, Classical.choice, Quot.sound]
AXIOMS Luce.total_compl_deletedPrefixLabels._simp_1_1: [propext, Classical.choice, Quot.sound]
AXIOMS Luce.total_compl_deletedPrefixLabels._simp_1_2: [propext, Classical.choice, Quot.sound]
AXIOMS Luce.total_compl_deletedPrefixLabels._simp_1_4: [propext, Classical.choice, Quot.sound]
AXIOMS Luce.total_compl_deletedPrefixLabels._simp_1_5: [propext, Classical.choice, Quot.sound]
AXIOMS Luce.total_compl_deletedPrefixLabels._simp_1_6: [propext, Classical.choice, Quot.sound]
AXIOMS Luce.total_compl_deletedPrefixLabels._simp_1_7: [propext]
AXIOMS Luce.total_compl_deletedPrefixLabels._simp_1_8: [propext, Classical.choice, Quot.sound]
AXIOMS Luce.total_compl_deletedPrefixLabels._simp_1_9: [propext]
AXIOMS Luce.two_candidate_bound_Icc._proof_1_1: [propext, Quot.sound]
AXIOMS Luce.two_candidate_bound_Icc._proof_1_2: [propext, Quot.sound]
AXIOMS Luce.variance_normalized_survivalGe_le._simp_1_1: [propext]
AXIOMS Luce.variance_normalized_survivalGe_le._simp_1_2: [propext]
AXIOMS Luce.variance_normalized_survivalGe_le._simp_1_3: [propext]
AXIOMS Luce.variance_normalized_survivalGe_le._simp_1_4: [propext]
AXIOMS Luce.variance_normalized_survivalGe_le._simp_1_5: [propext]
AXIOMS Luce.variance_normalized_survivalGe_le._simp_1_6: [propext, Classical.choice, Quot.sound]
AXIOMS Luce.variance_normalized_survivalGe_le._simp_1_7: [propext]
AXIOMS Luce.weightedPointMeasure._proof_1: [propext, Classical.choice, Quot.sound]
AXIOMS Luce.weightedPointMeasure._proof_2: [propext, Classical.choice, Quot.sound]
AXIOMS Luce.weightedPointMeasure.eq_1: [propext, Classical.choice, Quot.sound]
AXIOMS Luce.weighted_exponential_band_eq._simp_1_1: [propext]
AXIOMS Luce.weighted_exponential_band_eq._simp_1_2: [propext]
AXIOMS Luce.weighted_exponential_band_eq._simp_1_3: [propext]
AXIOMS Luce.weighted_exponential_band_eq._simp_1_4: [propext]
AXIOMS Luce.weighted_exponential_band_eq._simp_1_5: [propext, Quot.sound]
AXIOMS _private.Luce.DiscreteTotalVariation.0.Luce.probability_finite_event_difference_le._simp_1_1: [propext]
AXIOMS _private.Luce.LikelihoodSecondMoment.0.Luce.BernoulliProcess.likelihood_bounds_of_terminal_cap: [propext,
 Classical.choice,
 Quot.sound]
AXIOMS _private.Luce.Section3Mean.0.Luce.section3_cell_unique._proof_1_1: [propext, Quot.sound]
AXIOMS Luce.BernoulliProcess.count_tightness_rows._simp_1_1: [propext]
AXIOMS Luce.BernoulliProcess.count_tightness_rows._simp_1_2: [propext]
AXIOMS Luce.BernoulliProcess.count_tightness_rows._simp_1_3: [propext]
AXIOMS Luce.BernoulliProcess.laplaceFactor.eq_1: [propext, Classical.choice, Quot.sound]
AXIOMS Luce.BernoulliProcess.laplaceProduct.eq_1: [propext, Classical.choice, Quot.sound]
AXIOMS Luce.BernoulliProcess.laplaceRow.eq_1: [propext, Classical.choice, Quot.sound]
AXIOMS Luce.BernoulliProcess.likelihood.eq_1: [propext, Classical.choice, Quot.sound]
AXIOMS Luce.BernoulliProcess.likelihood_eq_laplace_div._simp_1_4: [propext, Classical.choice, Quot.sound]
AXIOMS Luce.BernoulliProcess.mk.congr_simp: [propext, Classical.choice, Quot.sound]
AXIOMS Luce.BernoulliProcess.mk.inj: [propext, Classical.choice, Quot.sound]
AXIOMS Luce.BernoulliProcess.mk.injEq: [propext, Classical.choice, Quot.sound]
AXIOMS Luce.BernoulliProcess.mk.sizeOf_spec: [propext, Classical.choice, Quot.sound]
AXIOMS Luce.BernoulliProcess.probability_le_rowMaximum._proof_1_1: [propext, Quot.sound]
AXIOMS Luce.BernoulliProcess.stop._proof_1: [propext, Classical.choice, Quot.sound]
AXIOMS Luce.BernoulliProcess.stop._proof_2: [propext, Classical.choice, Quot.sound]
AXIOMS Luce.BernoulliProcess.stop._proof_3: [propext, Classical.choice, Quot.sound]
AXIOMS Luce.BernoulliProcess.stop._proof_4: [propext, Classical.choice, Quot.sound]
AXIOMS Luce.BernoulliProcess.stop._proof_5: [propext, Classical.choice, Quot.sound]
AXIOMS Luce.BernoulliProcess.stop._proof_6: [propext, Classical.choice, Quot.sound]
AXIOMS Luce.BernoulliProcess.truncateAt._proof_1: [propext, Classical.choice, Quot.sound]
AXIOMS Luce.BernoulliProcess.truncateAt._proof_2: [propext, Classical.choice, Quot.sound]
AXIOMS Luce.BernoulliProcess.truncateAt._proof_3: [propext, Classical.choice, Quot.sound]
AXIOMS Luce.BernoulliProcess.truncateAt._proof_4: [propext, Classical.choice, Quot.sound]
AXIOMS Luce.BernoulliProcess.truncateAt._proof_5: [propext, Classical.choice, Quot.sound]
AXIOMS Luce.BernoulliProcess.truncateAt._proof_6: [propext, Classical.choice, Quot.sound]
AXIOMS Luce.BernoulliProcess.truncateAt.eq_1: [propext, Classical.choice, Quot.sound]
AXIOMS Luce.BernoulliProcess.uncapped_laplace_tendsto_rows._simp_1_1: [propext]
AXIOMS Luce.BernoulliProcess.uncapped_laplace_tendsto_rows._simp_1_2: [propext]
AXIOMS Luce.BernoulliProcess.uncapped_laplace_tendsto_rows._simp_1_3: [propext]
AXIOMS Luce.ConvergesInProbability.deterministic._simp_1_1: [propext]
AXIOMS Luce.ConvergesInProbability.le_limsup_integral._simp_1_1: [propext, Quot.sound]
AXIOMS Luce.FiniteAdaptedBernoulli.mk.congr_simp: [propext, Classical.choice, Quot.sound]
AXIOMS Luce.FiniteAdaptedBernoulli.mk.inj: [propext, Classical.choice, Quot.sound]
AXIOMS Luce.FiniteAdaptedBernoulli.mk.injEq: [propext, Classical.choice, Quot.sound]
AXIOMS Luce.FiniteAdaptedBernoulli.mk.sizeOf_spec: [propext, Classical.choice, Quot.sound]
AXIOMS Luce.FiniteAdaptedBernoulli.observationReal.eq_1: [propext, Classical.choice, Quot.sound]
AXIOMS Luce.FiniteAdaptedBernoulli.pointMeasure.eq_1: [propext, Classical.choice, Quot.sound]
AXIOMS Luce.FiniteAdaptedBernoulli.spatialTest.eq_1: [propext, Classical.choice, Quot.sound]
AXIOMS Luce.FiniteAdaptedBernoulli.toProcess._proof_1: [propext, Classical.choice, Quot.sound]
AXIOMS Luce.FiniteAdaptedBernoulli.toProcess._proof_2: [propext, Classical.choice, Quot.sound]
AXIOMS Luce.FiniteAdaptedBernoulli.toProcess._proof_3: [propext, Classical.choice, Quot.sound]
AXIOMS Luce.FiniteAdaptedBernoulli.toProcess._proof_4: [propext, Classical.choice, Quot.sound]
AXIOMS Luce.FiniteAdaptedBernoulli.toProcess._proof_5: [propext, Classical.choice, Quot.sound]
AXIOMS Luce.FiniteAdaptedBernoulli.toProcess._proof_6: [propext, Classical.choice, Quot.sound]
AXIOMS Luce.FiniteAdaptedBernoulli.toProcess.congr_simp: [propext, Classical.choice, Quot.sound]
AXIOMS Luce.FiniteAdaptedBernoulli.toProcess.eq_1: [propext, Classical.choice, Quot.sound]
AXIOMS Luce.FinitePointMeasure.count_coe_eq._simp_1_1: [propext, Classical.choice, Quot.sound]
AXIOMS Luce.FinitePointMeasure.instMeasurableSpace._proof_3: [propext, Classical.choice, Quot.sound]
AXIOMS Luce.FinitePointMeasure.instMeasurableSpace._proof_4: [propext, Classical.choice, Quot.sound]
AXIOMS Luce.FinitePointMeasure.instMeasurableSpace._proof_5: [propext, Classical.choice, Quot.sound]
AXIOMS Luce.FinitePointMeasure.instTopologicalSpace._proof_3: [propext, Classical.choice, Quot.sound]
AXIOMS Luce.FinitePointMeasure.instTopologicalSpace._proof_4: [propext, Classical.choice, Quot.sound]
AXIOMS Luce.FinitePointMeasure.instTopologicalSpace._proof_5: [propext, Classical.choice, Quot.sound]
AXIOMS Luce.FinitePointMeasure.instZero._proof_1: [propext, Classical.choice, Quot.sound]
AXIOMS Luce.FinitePointMeasure.ofFin._proof_1: [propext, Classical.choice, Quot.sound]
AXIOMS Luce.MarkedGapIndexData.mk.inj: [propext, Classical.choice, Quot.sound]
AXIOMS Luce.MarkedGapIndexData.mk.injEq: [propext, Classical.choice, Quot.sound]
AXIOMS Luce.MarkedGapIndexData.mk.sizeOf_spec: [propext, Classical.choice, Quot.sound]
AXIOMS Luce.ProfileLimit.bounded_cycle_probability_uniform._proof_1_2: [propext, Quot.sound]
AXIOMS Luce.ProfileLimit.cyclicComparisonArray_weighted_bound._simp_1_1: [propext]
AXIOMS Luce.ProfileLimit.cyclicComparisonArray_weighted_bound._simp_1_2: [propext]
AXIOMS Luce.ProfileLimit.cyclicComparisonArray_weighted_bound._simp_1_3: [propext]
AXIOMS Luce.ProfileLimit.cyclicComparisonArray_weighted_bound._simp_1_4: [propext]
AXIOMS Luce.ProfileLimit.cyclicComparisonArray_weighted_bound._simp_1_5: [propext]
AXIOMS Luce.ProfileLimit.cyclicComparisonArray_weighted_bound._simp_1_6: [propext, Classical.choice, Quot.sound]
AXIOMS Luce.ProfileLimit.cyclicComparisonArray_weighted_bound._simp_1_7: [propext]
AXIOMS Luce.ProfileLimit.cyclic_deterministic_limit._simp_1_1: [propext, Classical.choice, Quot.sound]
AXIOMS Luce.ProfileLimit.eventually_moderate_half_mass._proof_1_1: [propext, Quot.sound]
AXIOMS Luce.ProfileLimit.exists_large_superlevel._simp_1_1: [propext]
AXIOMS Luce.ProfileLimit.exists_large_superlevel._simp_1_2: [propext]
AXIOMS Luce.ProfileLimit.interior_ghostWindowLength._proof_1_1: [propext, Quot.sound]
AXIOMS Luce.ProfileLimit.interior_ghostWindowLength_uniform._proof_1_1: [propext, Quot.sound]
AXIOMS Luce.ProfileLimit.lowRateDensity_small._proof_1_1: [propext, Quot.sound]
AXIOMS Luce.ProfileLimit.weighted_bulk_draw_cylinder._simp_1_1: [propext]
AXIOMS Luce.ProfileLimit.weighted_bulk_draw_cylinder._simp_1_2: [propext]
AXIOMS Luce.ProfileLimit.weighted_bulk_draw_cylinder._simp_1_3: [propext]
AXIOMS Luce.ProfileLimit.weighted_bulk_draw_cylinder._simp_1_4: [propext]
AXIOMS Luce.ProfileLimit.weighted_bulk_draw_cylinder._simp_1_5: [propext]
AXIOMS Luce.ProfileLimit.weighted_bulk_draw_cylinder._simp_1_6: [propext, Classical.choice, Quot.sound]
AXIOMS Luce.ProfileLimit.weighted_bulk_draw_cylinder._simp_1_7: [propext]
AXIOMS Luce.Section5.CycleCollection.disjoint: [propext, Classical.choice, Quot.sound]
AXIOMS Luce.Section5.CycleCollection.distinct: [propext, Classical.choice, Quot.sound]
AXIOMS Luce.Section5.IsRootedCycle._proof_1: [propext]
AXIOMS Luce.Section5.IsRootedCycle.eq_1: [propext, Quot.sound]
AXIOMS Luce.Section5.assignmentBlock._proof_1: [propext, Classical.choice, Quot.sound]
AXIOMS Luce.Section5.assignmentBlock._proof_2: [propext, Classical.choice, Quot.sound]
AXIOMS Luce.Section5.assignmentOfCollection._proof_1: [propext, Classical.choice, Quot.sound]
AXIOMS Luce.Section5.assignmentOfCollection._proof_2: [propext, Classical.choice, Quot.sound]
AXIOMS Luce.Section5.bulkCycleCount.eq_1: [propext, Classical.choice, Quot.sound]
AXIOMS Luce.Section5.bulkCycleLabelSet.eq_1: [propext, Classical.choice, Quot.sound]
AXIOMS Luce.Section5.bulk_cycle_factorial_eq_assignment_sum._simp_1_4: [propext, Classical.choice, Quot.sound]
AXIOMS Luce.Section5.bulk_cycle_factorial_eq_assignment_sum._simp_1_5: [propext, Classical.choice, Quot.sound]
AXIOMS Luce.Section5.collectionBlock._proof_1: [propext, Classical.choice, Quot.sound]
AXIOMS Luce.Section5.collectionOfAssignment._proof_1: [propext]
AXIOMS Luce.Section5.collectionOfAssignment._proof_2: [propext, Classical.choice, Quot.sound]
AXIOMS Luce.Section5.collectionOfAssignment._proof_3: [propext, Classical.choice, Quot.sound]
AXIOMS Luce.Section5.collectionOfAssignment._proof_4: [propext, Classical.choice, Quot.sound]
AXIOMS Luce.Section5.collectionWithinEquivCutoffCollection._proof_1: [propext, Classical.choice, Quot.sound]
AXIOMS Luce.Section5.collectionWithinEquivCutoffCollection._proof_10: [propext, Classical.choice, Quot.sound]
AXIOMS Luce.Section5.collectionWithinEquivCutoffCollection._proof_11: [propext, Classical.choice, Quot.sound]
AXIOMS Luce.Section5.collectionWithinEquivCutoffCollection._proof_12: [propext, Classical.choice, Quot.sound]
AXIOMS Luce.Section5.collectionWithinEquivCutoffCollection._proof_2: [propext, Classical.choice, Quot.sound]
AXIOMS Luce.Section5.collectionWithinEquivCutoffCollection._proof_3: [propext, Classical.choice, Quot.sound]
AXIOMS Luce.Section5.collectionWithinEquivCutoffCollection._proof_4: [propext, Classical.choice, Quot.sound]
AXIOMS Luce.Section5.collectionWithinEquivCutoffCollection._proof_5: [propext, Classical.choice, Quot.sound]
AXIOMS Luce.Section5.collectionWithinEquivCutoffCollection._proof_6: [propext, Classical.choice, Quot.sound]
AXIOMS Luce.Section5.collectionWithinEquivCutoffCollection._proof_7: [propext, Classical.choice, Quot.sound]
AXIOMS Luce.Section5.collectionWithinEquivCutoffCollection._proof_8: [propext, Classical.choice, Quot.sound]
AXIOMS Luce.Section5.collectionWithinEquivCutoffCollection._proof_9: [propext, Classical.choice, Quot.sound]
AXIOMS Luce.Section5.cycleAssignmentWeight.congr_simp: [propext, Classical.choice, Quot.sound]
AXIOMS Luce.Section5.cycleAssignmentWeight.eq_1: [propext, Classical.choice, Quot.sound]
AXIOMS Luce.Section5.cycleBlockIndicator.congr_simp: [propext, Classical.choice, Quot.sound]
AXIOMS Luce.Section5.cycleBlockIndicator.eq_1: [propext, Classical.choice, Quot.sound]
AXIOMS Luce.Section5.cycleBlockIndicatorWithin.congr_simp: [propext, Classical.choice, Quot.sound]
AXIOMS Luce.Section5.cycleBlockIndicatorWithin.eq_1: [propext, Classical.choice, Quot.sound]
AXIOMS Luce.Section5.cycleCount.congr_simp: [propext, Classical.choice, Quot.sound]
AXIOMS Luce.Section5.cycleCount.eq_1: [propext, Classical.choice, Quot.sound]
AXIOMS Luce.Section5.cycleCountWithin.congr_simp: [propext, Classical.choice, Quot.sound]
AXIOMS Luce.Section5.cycleCountWithin.eq_1: [propext, Classical.choice, Quot.sound]
AXIOMS Luce.Section5.cycleCount_eq_zero_of_card_lt._proof_1_1: [propext, Classical.choice, Quot.sound]
AXIOMS Luce.Section5.cycleCount_zero._simp_1_2: [propext, Classical.choice, Quot.sound]
AXIOMS Luce.Section5.cycleOrbit_fiber._proof_1_1: [propext, Classical.choice, Quot.sound]
AXIOMS Luce.Section5.cycleOrbit_fiber._proof_1_6: [propext, Classical.choice, Quot.sound]
AXIOMS Luce.Section5.cycleOrbit_fiber._simp_1_2: [propext, Classical.choice, Quot.sound]
AXIOMS Luce.Section5.cycleOrbit_fiber._simp_1_4: [propext, Classical.choice, Quot.sound]
AXIOMS Luce.Section5.cycleOrbit_fiber._simp_1_5: [propext, Classical.choice, Quot.sound]
AXIOMS Luce.Section5.cycleOrbitsWithin.eq_1: [propext, Classical.choice, Quot.sound]
AXIOMS Luce.Section5.cycleOrbits_disjoint._proof_1_1: [propext, Classical.choice, Quot.sound]
AXIOMS Luce.Section5.cycleVertices.eq_1: [propext, Classical.choice, Quot.sound]
AXIOMS Luce.Section5.mem_periodicOrbit_toFinset._simp_1_1: [propext, Classical.choice, Quot.sound]
AXIOMS Luce.Section5.mem_periodicOrbit_toFinset._simp_1_2: [propext, Quot.sound]
AXIOMS Luce.Section5.periodicOrbit_eq_of_mem_cycleOrbit._proof_1_1: [propext, Classical.choice, Quot.sound]
AXIOMS Luce.Section5.rootedCycleEquivPeriodicPoint._proof_1: [propext, Classical.choice, Quot.sound]
AXIOMS Luce.Section5.rootedCycleEquivPeriodicPoint._proof_2: [propext, Classical.choice, Quot.sound]
AXIOMS Luce.Section5.rootedCycleEquivPeriodicPoint._proof_3: [propext, Classical.choice, Quot.sound]
AXIOMS Luce.Section5.rootedCycleOfPeriodicPoint._proof_1: [propext, Classical.choice, Quot.sound]
AXIOMS Luce.Section5.rootedCycleOfPeriodicPoint._proof_2: [propext, Classical.choice, Quot.sound]
AXIOMS Luce.Section5.rootedCycle_mem_periodicOrbit_iff._simp_1_1: [propext, Quot.sound]
AXIOMS Luce.Section5.rootedCycle_mem_periodicOrbit_iff._simp_1_2: [propext, Quot.sound]
AXIOMS Luce.Section5.rootedCycle_mem_periodicOrbit_iff._simp_1_3: [propext, Quot.sound]
AXIOMS Luce.Section5.rootedCycle_minimalPeriod._proof_1_1: [propext, Classical.choice, Quot.sound]
AXIOMS Luce.Section5.rootedCycle_minimalPeriod._proof_1_2: [propext, Classical.choice, Quot.sound]
AXIOMS Luce.Weights.choice.eq_1: [propext, Classical.choice, Quot.sound]
AXIOMS Luce.Weights.mass.eq_1: [propext, Classical.choice, Quot.sound]
AXIOMS Luce.Weights.mass_decomposeFin._simp_1_2: [propext]
AXIOMS Luce.Weights.mass_scale._simp_1_2: [propext, Quot.sound]
AXIOMS Luce.Weights.mk.congr_simp: [propext, Classical.choice, Quot.sound]
AXIOMS Luce.Weights.mk.inj: [propext, Classical.choice, Quot.sound]
AXIOMS Luce.Weights.mk.injEq: [propext, Classical.choice, Quot.sound]
AXIOMS Luce.Weights.mk.sizeOf_spec: [propext, Classical.choice, Quot.sound]
AXIOMS Luce.Weights.removeFirst._proof_1: [propext]
AXIOMS Luce.Weights.removeFirst._proof_2: [propext, Classical.choice, Quot.sound]
AXIOMS Luce.Weights.removeFirst.eq_1: [propext, Classical.choice, Quot.sound]
AXIOMS Luce.Weights.scale._proof_1: [propext, Classical.choice, Quot.sound]
AXIOMS Luce.Weights.scale.eq_1: [propext, Classical.choice, Quot.sound]
AXIOMS Luce.Weights.sum_choice._simp_1_2: [propext, Quot.sound]
AXIOMS Luce.Weights.sum_mass._simp_1_2: [propext, Quot.sound]
AXIOMS Luce.Weights.sum_mass._simp_1_3: [propext, Quot.sound]
AXIOMS Luce.Weights.total.eq_1: [propext, Classical.choice, Quot.sound]
AXIOMS _private.Luce.Section5GapLaw.0.Luce.identityNormalizedGaps.match_1.eq_1: [propext, Classical.choice, Quot.sound]
AXIOMS _private.Luce.Section5GapLaw.0.Luce.identityNormalizedGaps.match_1.eq_2: [propext, Classical.choice, Quot.sound]
AXIOMS _private.Luce.Stopping.0.Luce.stoppedMass.match_1.eq_1: []
AXIOMS _private.Luce.Stopping.0.Luce.stoppedMass.match_1.eq_2: []
AXIOMS Luce.Section5.CycleCollection.distinct._proof_1_1: [propext, Classical.choice, Quot.sound]
INVENTORY_TOTAL: 1891 theorem/axiom constants (includes generated auxiliaries)
INVENTORY_AXIOM_UNION: [propext, Classical.choice, Quot.sound]
