def SampledProfileContract.critical.{u} : Luce.Section6.SamplingGrid → Prop :=
fun grid =>
  ∀ (Ω : Nat → Type u) (mΩ : (n : Nat) → MeasurableSpace.{u} (Ω n))
    (P : (n : Nat) → @MeasureTheory.Measure.{u} (Ω n) (mΩ n)),
    (∀ (n : Nat), @MeasureTheory.IsProbabilityMeasure.{u} (Ω n) (mΩ n) (P n)) →
      ∀ (w : Luce.WeightArray) (f : Real → Real) (c eta rightLimit : Real),
        Luce.Section6.SampledRates grid w f →
          Luce.Section6.CriticalProfile f c eta rightLimit →
            ∀ (π : (n : Nat) → Ω n → Equiv.Perm.{1} (Fin n)),
              (∀ (n : Nat),
                  @Measurable.{u, 0} (Ω n) (Equiv.Perm.{1} (Fin n)) (mΩ n)
                    (@Top.top.{0} (MeasurableSpace.{0} (Equiv.Perm.{1} (Fin n)))
                      (@OrderTop.toTop.{0} (MeasurableSpace.{0} (Equiv.Perm.{1} (Fin n)))
                        (@Preorder.toLE.{0} (MeasurableSpace.{0} (Equiv.Perm.{1} (Fin n)))
                          (@PartialOrder.toPreorder.{0} (MeasurableSpace.{0} (Equiv.Perm.{1} (Fin n)))
                            (@SemilatticeSup.toPartialOrder.{0} (MeasurableSpace.{0} (Equiv.Perm.{1} (Fin n)))
                              (@Lattice.toSemilatticeSup.{0} (MeasurableSpace.{0} (Equiv.Perm.{1} (Fin n)))
                                (@CompleteLattice.toLattice.{0} (MeasurableSpace.{0} (Equiv.Perm.{1} (Fin n)))
                                  (@MeasurableSpace.instCompleteLattice.{0} (Equiv.Perm.{1} (Fin n))))))))
                        (@BoundedOrder.toOrderTop.{0} (MeasurableSpace.{0} (Equiv.Perm.{1} (Fin n)))
                          (@Preorder.toLE.{0} (MeasurableSpace.{0} (Equiv.Perm.{1} (Fin n)))
                            (@PartialOrder.toPreorder.{0} (MeasurableSpace.{0} (Equiv.Perm.{1} (Fin n)))
                              (@SemilatticeSup.toPartialOrder.{0} (MeasurableSpace.{0} (Equiv.Perm.{1} (Fin n)))
                                (@Lattice.toSemilatticeSup.{0} (MeasurableSpace.{0} (Equiv.Perm.{1} (Fin n)))
                                  (@CompleteLattice.toLattice.{0} (MeasurableSpace.{0} (Equiv.Perm.{1} (Fin n)))
                                    (@MeasurableSpace.instCompleteLattice.{0} (Equiv.Perm.{1} (Fin n))))))))
                          (@CompleteLattice.toBoundedOrder.{0} (MeasurableSpace.{0} (Equiv.Perm.{1} (Fin n)))
                            (@MeasurableSpace.instCompleteLattice.{0} (Equiv.Perm.{1} (Fin n)))))))
                    (π n)) →
                (∀ (n : Nat) (σ : Equiv.Perm.{1} (Fin n)),
                    @Eq.{1} Real
                      (@MeasureTheory.Measure.real.{u} (Ω n) (mΩ n) (P n)
                        (@Set.ofPred.{u} (Ω n) fun ω => @Eq.{1} (Equiv.Perm.{1} (Fin n)) (π n ω) σ))
                      (@Luce.Weights.mass n (w n) σ)) →
                  And
                    (∀
                      (F :
                        @BoundedContinuousFunction.{0, 0} Real Real
                          (@UniformSpace.toTopologicalSpace.{0} Real
                            (@PseudoMetricSpace.toUniformSpace.{0} Real Real.pseudoMetricSpace))
                          Real.pseudoMetricSpace),
                      @Filter.Tendsto.{0, 0} Nat Real
                        (fun n =>
                          @MeasureTheory.integral.{u, 0} (Ω n) Real Real.normedAddCommGroup
                            (@InnerProductSpace.toNormedSpace.{0, 0} Real Real Real.instRCLike
                              (@NormedAddCommGroup.toSeminormedAddCommGroup.{0} Real Real.normedAddCommGroup)
                              (@RCLike.toInnerProductSpaceReal.{0} Real Real.instRCLike))
                            (mΩ n) (P n) fun ω =>
                            @DFunLike.coe.{1, 1, 1}
                              (@BoundedContinuousFunction.{0, 0} Real Real
                                (@UniformSpace.toTopologicalSpace.{0} Real
                                  (@PseudoMetricSpace.toUniformSpace.{0} Real Real.pseudoMetricSpace))
                                Real.pseudoMetricSpace)
                              Real (fun x => Real)
                              (@BoundedContinuousFunction.instFunLike.{0, 0} Real Real
                                (@UniformSpace.toTopologicalSpace.{0} Real
                                  (@PseudoMetricSpace.toUniformSpace.{0} Real Real.pseudoMetricSpace))
                                Real.pseudoMetricSpace)
                              F
                              (@HDiv.hDiv.{0, 0, 0} Real Real Real
                                (@instHDiv.{0} Real (@DivInvMonoid.toDiv.{0} Real Real.instDivInvMonoid))
                                (@HSub.hSub.{0, 0, 0} Real Real Real (@instHSub.{0} Real Real.instSub)
                                  (@Nat.cast.{0} Real Real.instNatCast
                                    (@Luce.Section5.cycleCount.{0} (Fin n) (Fin.fintype n) (instDecidableEqFin n)
                                      (π n ω) (@OfNat.ofNat.{0} Nat (nat_lit 0) (instOfNatNat (nat_lit 0)))))
                                  (Real.log (Real.log (@Nat.cast.{0} Real Real.instNatCast n))))
                                (Real.log (Real.log (@Nat.cast.{0} Real Real.instNatCast n))).sqrt))
                        (@Filter.atTop.{0} Nat Nat.instPreorder)
                        (@nhds.{0} Real
                          (@UniformSpace.toTopologicalSpace.{0} Real
                            (@PseudoMetricSpace.toUniformSpace.{0} Real Real.pseudoMetricSpace))
                          (@MeasureTheory.integral.{0, 0} Real Real Real.normedAddCommGroup
                            (@InnerProductSpace.toNormedSpace.{0, 0} Real Real Real.instRCLike
                              (@NormedAddCommGroup.toSeminormedAddCommGroup.{0} Real Real.normedAddCommGroup)
                              (@RCLike.toInnerProductSpaceReal.{0} Real Real.instRCLike))
                            Real.measurableSpace
                            (ProbabilityTheory.gaussianReal
                              (@OfNat.ofNat.{0} Real (nat_lit 0) (@Zero.toOfNat0.{0} Real Real.instZero))
                              (@OfNat.ofNat.{0} NNReal (nat_lit 1) (@One.toOfNat1.{0} NNReal NNReal.instOne)))
                            fun z =>
                            @DFunLike.coe.{1, 1, 1}
                              (@BoundedContinuousFunction.{0, 0} Real Real
                                (@UniformSpace.toTopologicalSpace.{0} Real
                                  (@PseudoMetricSpace.toUniformSpace.{0} Real Real.pseudoMetricSpace))
                                Real.pseudoMetricSpace)
                              Real (fun x => Real)
                              (@BoundedContinuousFunction.instFunLike.{0, 0} Real Real
                                (@UniformSpace.toTopologicalSpace.{0} Real
                                  (@PseudoMetricSpace.toUniformSpace.{0} Real Real.pseudoMetricSpace))
                                Real.pseudoMetricSpace)
                              F z)))
                    (And
                      (@Filter.Tendsto.{0, 0} Nat Real
                        (fun n =>
                          @HDiv.hDiv.{0, 0, 0} Real Real Real
                            (@instHDiv.{0} Real (@DivInvMonoid.toDiv.{0} Real Real.instDivInvMonoid))
                            (@MeasureTheory.integral.{u, 0} (Ω n) Real Real.normedAddCommGroup
                              (@InnerProductSpace.toNormedSpace.{0, 0} Real Real Real.instRCLike
                                (@NormedAddCommGroup.toSeminormedAddCommGroup.{0} Real Real.normedAddCommGroup)
                                (@RCLike.toInnerProductSpaceReal.{0} Real Real.instRCLike))
                              (mΩ n) (P n) fun ω =>
                              @Nat.cast.{0} Real Real.instNatCast
                                (@Luce.Section5.cycleCount.{0} (Fin n) (Fin.fintype n) (instDecidableEqFin n) (π n ω)
                                  (@OfNat.ofNat.{0} Nat (nat_lit 0) (instOfNatNat (nat_lit 0)))))
                            (Real.log (Real.log (@Nat.cast.{0} Real Real.instNatCast n))))
                        (@Filter.atTop.{0} Nat Nat.instPreorder)
                        (@nhds.{0} Real
                          (@UniformSpace.toTopologicalSpace.{0} Real
                            (@PseudoMetricSpace.toUniformSpace.{0} Real Real.pseudoMetricSpace))
                          (@OfNat.ofNat.{0} Real (nat_lit 1) (@One.toOfNat1.{0} Real Real.instOne))))
                      (∀ (k : Nat),
                        ∃ C,
                          ∀ (n : Nat),
                            @LE.le.{0} Real Real.instLE
                              (@MeasureTheory.integral.{u, 0} (Ω n) Real Real.normedAddCommGroup
                                (@InnerProductSpace.toNormedSpace.{0, 0} Real Real Real.instRCLike
                                  (@NormedAddCommGroup.toSeminormedAddCommGroup.{0} Real Real.normedAddCommGroup)
                                  (@RCLike.toInnerProductSpaceReal.{0} Real Real.instRCLike))
                                (mΩ n) (P n) fun ω =>
                                @Nat.cast.{0} Real Real.instNatCast
                                  (@Luce.Section5.cycleCount.{0} (Fin n) (Fin.fintype n) (instDecidableEqFin n) (π n ω)
                                    (@HAdd.hAdd.{0, 0, 0} Nat Nat Nat (@instHAdd.{0} Nat instAddNat) k
                                      (@OfNat.ofNat.{0} Nat (nat_lit 1) (instOfNatNat (nat_lit 1))))))
                              C))
def Luce.Section6.CriticalProfile : (Real → Real) → Real → Real → Real → Prop :=
fun f c eta rightLimit =>
  And
    (@ContinuousOn.{0, 0} Real Real
      (@UniformSpace.toTopologicalSpace.{0} Real (@PseudoMetricSpace.toUniformSpace.{0} Real Real.pseudoMetricSpace))
      (@UniformSpace.toTopologicalSpace.{0} Real (@PseudoMetricSpace.toUniformSpace.{0} Real Real.pseudoMetricSpace)) f
      (@Set.Ioo.{0} Real Real.instPreorder (@OfNat.ofNat.{0} Real (nat_lit 0) (@Zero.toOfNat0.{0} Real Real.instZero))
        (@OfNat.ofNat.{0} Real (nat_lit 1) (@One.toOfNat1.{0} Real Real.instOne))))
    (And
      (∀ (x : Real),
        @Membership.mem.{0, 0} Real (Set.{0} Real) (@Set.instMembership.{0} Real)
            (@Set.Ioo.{0} Real Real.instPreorder
              (@OfNat.ofNat.{0} Real (nat_lit 0) (@Zero.toOfNat0.{0} Real Real.instZero))
              (@OfNat.ofNat.{0} Real (nat_lit 1) (@One.toOfNat1.{0} Real Real.instOne)))
            x →
          @LT.lt.{0} Real Real.instLT (@OfNat.ofNat.{0} Real (nat_lit 0) (@Zero.toOfNat0.{0} Real Real.instZero)) (f x))
      (And (@LT.lt.{0} Real Real.instLT (@OfNat.ofNat.{0} Real (nat_lit 0) (@Zero.toOfNat0.{0} Real Real.instZero)) c)
        (And
          (@LT.lt.{0} Real Real.instLT (@OfNat.ofNat.{0} Real (nat_lit 0) (@Zero.toOfNat0.{0} Real Real.instZero)) eta)
          (And
            (Luce.Section6.PowerExpansion f c
              (@Neg.neg.{0} Real Real.instNeg (@OfNat.ofNat.{0} Real (nat_lit 1) (@One.toOfNat1.{0} Real Real.instOne)))
              eta)
            (And
              (@LT.lt.{0} Real Real.instLT (@OfNat.ofNat.{0} Real (nat_lit 0) (@Zero.toOfNat0.{0} Real Real.instZero))
                rightLimit)
              (@Filter.Tendsto.{0, 0} Real Real
                (fun s =>
                  f
                    (@HSub.hSub.{0, 0, 0} Real Real Real (@instHSub.{0} Real Real.instSub)
                      (@OfNat.ofNat.{0} Real (nat_lit 1) (@One.toOfNat1.{0} Real Real.instOne)) s))
                (@nhdsWithin.{0} Real
                  (@UniformSpace.toTopologicalSpace.{0} Real
                    (@PseudoMetricSpace.toUniformSpace.{0} Real Real.pseudoMetricSpace))
                  (@OfNat.ofNat.{0} Real (nat_lit 0) (@Zero.toOfNat0.{0} Real Real.instZero))
                  (@Set.Ioi.{0} Real Real.instPreorder
                    (@OfNat.ofNat.{0} Real (nat_lit 0) (@Zero.toOfNat0.{0} Real Real.instZero))))
                (@nhds.{0} Real
                  (@UniformSpace.toTopologicalSpace.{0} Real
                    (@PseudoMetricSpace.toUniformSpace.{0} Real Real.pseudoMetricSpace))
                  rightLimit)))))))
def Luce.Section6.SampledRates : Luce.Section6.SamplingGrid → Luce.WeightArray → (Real → Real) → Prop :=
fun grid w f =>
  ∀ (n : Nat) (i : Fin n), @Eq.{1} Real (@Luce.Weights.rate n (w n) i) (f (Luce.Section6.samplePoint grid n i))
theorem Luce.BernoulliCLT.boundedContinuous_tendsto_of_eventual_reference.{u_1} : ∀ {Ω : Nat → Type u_1}
  [inst : (n : Nat) → MeasurableSpace.{u_1} (Ω n)] (μ : (n : Nat) → @MeasureTheory.Measure.{u_1} (Ω n) (inst n))
  [∀ (n : Nat), @MeasureTheory.IsProbabilityMeasure.{u_1} (Ω n) (inst n) (μ n)]
  (X : (n : Nat) → @Luce.BernoulliProcess.{u_1} (Ω n) (inst n) (μ n)) (N : Nat → Nat) (q : Nat → Nat → Real)
  {v : Nat → Real},
  @Filter.Tendsto.{0, 0} Nat Real v (@Filter.atTop.{0} Nat Nat.instPreorder)
      (@Filter.atTop.{0} Real Real.instPreorder) →
    @Filter.Eventually.{0} Nat
        (fun n =>
          ∀ (k : Nat),
            And
              (@LE.le.{0} Real Real.instLE (@OfNat.ofNat.{0} Real (nat_lit 0) (@Zero.toOfNat0.{0} Real Real.instZero))
                (q n k))
              (@LE.le.{0} Real Real.instLE (q n k)
                (@OfNat.ofNat.{0} Real (nat_lit 1) (@One.toOfNat1.{0} Real Real.instOne))))
        (@Filter.atTop.{0} Nat Nat.instPreorder) →
      ∀ {C : Real},
        @Filter.Eventually.{0} Nat
            (fun n =>
              And
                (@LE.le.{0} Real Real.instLE
                  (∑ k ∈ Finset.range (N n),
                    @MeasureTheory.integral.{u_1, 0} (Ω n) Real Real.normedAddCommGroup
                      (@InnerProductSpace.toNormedSpace.{0, 0} Real Real Real.instRCLike
                        (@NormedAddCommGroup.toSeminormedAddCommGroup.{0} Real Real.normedAddCommGroup)
                        (@RCLike.toInnerProductSpaceReal.{0} Real Real.instRCLike))
                      (inst n) (μ n) fun ω =>
                      @abs.{0} Real Real.lattice Real.instAddGroup
                        (@HSub.hSub.{0, 0, 0} Real Real Real (@instHSub.{0} Real Real.instSub)
                          (@Luce.BernoulliProcess.probability.{u_1} (Ω n) (inst n) (μ n) (X n) k ω) (q n k)))
                  C)
                (And
                  (@LE.le.{0} Real Real.instLE
                    (@abs.{0} Real Real.lattice Real.instAddGroup
                      (@HSub.hSub.{0, 0, 0} Real Real Real (@instHSub.{0} Real Real.instSub)
                        (∑ k ∈ Finset.range (N n), q n k) (v n)))
                    C)
                  (@LE.le.{0} Real Real.instLE
                    (∑ k ∈ Finset.range (N n),
                      @HPow.hPow.{0, 0, 0} Real Nat Real
                        (@instHPow.{0, 0} Real Nat (@NPow.toPow.{0} Real (@Monoid.toNPow.{0} Real Real.instMonoid)))
                        (q n k) (@OfNat.ofNat.{0} Nat (nat_lit 2) (instOfNatNat (nat_lit 2))))
                    C)))
            (@Filter.atTop.{0} Nat Nat.instPreorder) →
          ∀
            (F :
              @BoundedContinuousFunction.{0, 0} Real Real
                (@UniformSpace.toTopologicalSpace.{0} Real
                  (@PseudoMetricSpace.toUniformSpace.{0} Real Real.pseudoMetricSpace))
                Real.pseudoMetricSpace),
            @Filter.Tendsto.{0, 0} Nat Real
              (fun n =>
                @MeasureTheory.integral.{u_1, 0} (Ω n) Real Real.normedAddCommGroup
                  (@InnerProductSpace.toNormedSpace.{0, 0} Real Real Real.instRCLike
                    (@NormedAddCommGroup.toSeminormedAddCommGroup.{0} Real Real.normedAddCommGroup)
                    (@RCLike.toInnerProductSpaceReal.{0} Real Real.instRCLike))
                  (inst n) (μ n) fun ω =>
                  @DFunLike.coe.{1, 1, 1}
                    (@BoundedContinuousFunction.{0, 0} Real Real
                      (@UniformSpace.toTopologicalSpace.{0} Real
                        (@PseudoMetricSpace.toUniformSpace.{0} Real Real.pseudoMetricSpace))
                      Real.pseudoMetricSpace)
                    Real (fun x => Real)
                    (@BoundedContinuousFunction.instFunLike.{0, 0} Real Real
                      (@UniformSpace.toTopologicalSpace.{0} Real
                        (@PseudoMetricSpace.toUniformSpace.{0} Real Real.pseudoMetricSpace))
                      Real.pseudoMetricSpace)
                    F
                    (@HDiv.hDiv.{0, 0, 0} Real Real Real
                      (@instHDiv.{0} Real (@DivInvMonoid.toDiv.{0} Real Real.instDivInvMonoid))
                      (@HSub.hSub.{0, 0, 0} Real Real Real (@instHSub.{0} Real Real.instSub)
                        (@Luce.BernoulliProcess.cltCount.{u_1} (Ω n) (inst n) (μ n) (X n) (N n) ω) (v n))
                      (v n).sqrt))
              (@Filter.atTop.{0} Nat Nat.instPreorder)
              (@nhds.{0} Real
                (@UniformSpace.toTopologicalSpace.{0} Real
                  (@PseudoMetricSpace.toUniformSpace.{0} Real Real.pseudoMetricSpace))
                (@MeasureTheory.integral.{0, 0} Real Real Real.normedAddCommGroup
                  (@InnerProductSpace.toNormedSpace.{0, 0} Real Real Real.instRCLike
                    (@NormedAddCommGroup.toSeminormedAddCommGroup.{0} Real Real.normedAddCommGroup)
                    (@RCLike.toInnerProductSpaceReal.{0} Real Real.instRCLike))
                  Real.measurableSpace
                  (ProbabilityTheory.gaussianReal
                    (@OfNat.ofNat.{0} Real (nat_lit 0) (@Zero.toOfNat0.{0} Real Real.instZero))
                    (@OfNat.ofNat.{0} NNReal (nat_lit 1) (@One.toOfNat1.{0} NNReal NNReal.instOne)))
                  fun z =>
                  @DFunLike.coe.{1, 1, 1}
                    (@BoundedContinuousFunction.{0, 0} Real Real
                      (@UniformSpace.toTopologicalSpace.{0} Real
                        (@PseudoMetricSpace.toUniformSpace.{0} Real Real.pseudoMetricSpace))
                      Real.pseudoMetricSpace)
                    Real (fun x => Real)
                    (@BoundedContinuousFunction.instFunLike.{0, 0} Real Real
                      (@UniformSpace.toTopologicalSpace.{0} Real
                        (@PseudoMetricSpace.toUniformSpace.{0} Real Real.pseudoMetricSpace))
                      Real.pseudoMetricSpace)
                    F z)) :=
⋯
'Luce.BernoulliCLT.boundedContinuous_tendsto_of_eventual_reference' depends on axioms: [propext,
 Classical.choice.{u},
 Quot.sound.{u}]
theorem Luce.BernoulliCLT.boundedContinuous_tendsto_of_reference.{u_1} : ∀ {Ω : Nat → Type u_1}
  [inst : (n : Nat) → MeasurableSpace.{u_1} (Ω n)] (μ : (n : Nat) → @MeasureTheory.Measure.{u_1} (Ω n) (inst n))
  [∀ (n : Nat), @MeasureTheory.IsProbabilityMeasure.{u_1} (Ω n) (inst n) (μ n)]
  (X : (n : Nat) → @Luce.BernoulliProcess.{u_1} (Ω n) (inst n) (μ n)) (N : Nat → Nat) (q : Nat → Nat → Real)
  {v : Nat → Real},
  @Filter.Tendsto.{0, 0} Nat Real v (@Filter.atTop.{0} Nat Nat.instPreorder)
      (@Filter.atTop.{0} Real Real.instPreorder) →
    (∀ (n k : Nat),
        @LE.le.{0} Real Real.instLE (@OfNat.ofNat.{0} Real (nat_lit 0) (@Zero.toOfNat0.{0} Real Real.instZero))
          (q n k)) →
      (∀ (n k : Nat),
          @LE.le.{0} Real Real.instLE (q n k)
            (@OfNat.ofNat.{0} Real (nat_lit 1) (@One.toOfNat1.{0} Real Real.instOne))) →
        ∀ {C : Real},
          @Filter.Eventually.{0} Nat
              (fun n =>
                And
                  (@LE.le.{0} Real Real.instLE
                    (∑ k ∈ Finset.range (N n),
                      @MeasureTheory.integral.{u_1, 0} (Ω n) Real Real.normedAddCommGroup
                        (@InnerProductSpace.toNormedSpace.{0, 0} Real Real Real.instRCLike
                          (@NormedAddCommGroup.toSeminormedAddCommGroup.{0} Real Real.normedAddCommGroup)
                          (@RCLike.toInnerProductSpaceReal.{0} Real Real.instRCLike))
                        (inst n) (μ n) fun ω =>
                        @abs.{0} Real Real.lattice Real.instAddGroup
                          (@HSub.hSub.{0, 0, 0} Real Real Real (@instHSub.{0} Real Real.instSub)
                            (@Luce.BernoulliProcess.probability.{u_1} (Ω n) (inst n) (μ n) (X n) k ω) (q n k)))
                    C)
                  (And
                    (@LE.le.{0} Real Real.instLE
                      (@abs.{0} Real Real.lattice Real.instAddGroup
                        (@HSub.hSub.{0, 0, 0} Real Real Real (@instHSub.{0} Real Real.instSub)
                          (∑ k ∈ Finset.range (N n), q n k) (v n)))
                      C)
                    (@LE.le.{0} Real Real.instLE
                      (∑ k ∈ Finset.range (N n),
                        @HPow.hPow.{0, 0, 0} Real Nat Real
                          (@instHPow.{0, 0} Real Nat (@NPow.toPow.{0} Real (@Monoid.toNPow.{0} Real Real.instMonoid)))
                          (q n k) (@OfNat.ofNat.{0} Nat (nat_lit 2) (instOfNatNat (nat_lit 2))))
                      C)))
              (@Filter.atTop.{0} Nat Nat.instPreorder) →
            ∀
              (F :
                @BoundedContinuousFunction.{0, 0} Real Real
                  (@UniformSpace.toTopologicalSpace.{0} Real
                    (@PseudoMetricSpace.toUniformSpace.{0} Real Real.pseudoMetricSpace))
                  Real.pseudoMetricSpace),
              @Filter.Tendsto.{0, 0} Nat Real
                (fun n =>
                  @MeasureTheory.integral.{u_1, 0} (Ω n) Real Real.normedAddCommGroup
                    (@InnerProductSpace.toNormedSpace.{0, 0} Real Real Real.instRCLike
                      (@NormedAddCommGroup.toSeminormedAddCommGroup.{0} Real Real.normedAddCommGroup)
                      (@RCLike.toInnerProductSpaceReal.{0} Real Real.instRCLike))
                    (inst n) (μ n) fun ω =>
                    @DFunLike.coe.{1, 1, 1}
                      (@BoundedContinuousFunction.{0, 0} Real Real
                        (@UniformSpace.toTopologicalSpace.{0} Real
                          (@PseudoMetricSpace.toUniformSpace.{0} Real Real.pseudoMetricSpace))
                        Real.pseudoMetricSpace)
                      Real (fun x => Real)
                      (@BoundedContinuousFunction.instFunLike.{0, 0} Real Real
                        (@UniformSpace.toTopologicalSpace.{0} Real
                          (@PseudoMetricSpace.toUniformSpace.{0} Real Real.pseudoMetricSpace))
                        Real.pseudoMetricSpace)
                      F
                      (@HDiv.hDiv.{0, 0, 0} Real Real Real
                        (@instHDiv.{0} Real (@DivInvMonoid.toDiv.{0} Real Real.instDivInvMonoid))
                        (@HSub.hSub.{0, 0, 0} Real Real Real (@instHSub.{0} Real Real.instSub)
                          (@Luce.BernoulliProcess.cltCount.{u_1} (Ω n) (inst n) (μ n) (X n) (N n) ω) (v n))
                        (v n).sqrt))
                (@Filter.atTop.{0} Nat Nat.instPreorder)
                (@nhds.{0} Real
                  (@UniformSpace.toTopologicalSpace.{0} Real
                    (@PseudoMetricSpace.toUniformSpace.{0} Real Real.pseudoMetricSpace))
                  (@MeasureTheory.integral.{0, 0} Real Real Real.normedAddCommGroup
                    (@InnerProductSpace.toNormedSpace.{0, 0} Real Real Real.instRCLike
                      (@NormedAddCommGroup.toSeminormedAddCommGroup.{0} Real Real.normedAddCommGroup)
                      (@RCLike.toInnerProductSpaceReal.{0} Real Real.instRCLike))
                    Real.measurableSpace
                    (ProbabilityTheory.gaussianReal
                      (@OfNat.ofNat.{0} Real (nat_lit 0) (@Zero.toOfNat0.{0} Real Real.instZero))
                      (@OfNat.ofNat.{0} NNReal (nat_lit 1) (@One.toOfNat1.{0} NNReal NNReal.instOne)))
                    fun z =>
                    @DFunLike.coe.{1, 1, 1}
                      (@BoundedContinuousFunction.{0, 0} Real Real
                        (@UniformSpace.toTopologicalSpace.{0} Real
                          (@PseudoMetricSpace.toUniformSpace.{0} Real Real.pseudoMetricSpace))
                        Real.pseudoMetricSpace)
                      Real (fun x => Real)
                      (@BoundedContinuousFunction.instFunLike.{0, 0} Real Real
                        (@UniformSpace.toTopologicalSpace.{0} Real
                          (@PseudoMetricSpace.toUniformSpace.{0} Real Real.pseudoMetricSpace))
                        Real.pseudoMetricSpace)
                      F z)) :=
⋯
'Luce.BernoulliCLT.boundedContinuous_tendsto_of_reference' depends on axioms: [propext,
 Classical.choice.{u},
 Quot.sound.{u}]
theorem Luce.BernoulliCLT.mean_tendsto_of_reference.{u_1} : ∀ {Ω : Nat → Type u_1}
  [inst : (n : Nat) → MeasurableSpace.{u_1} (Ω n)] (μ : (n : Nat) → @MeasureTheory.Measure.{u_1} (Ω n) (inst n))
  [∀ (n : Nat), @MeasureTheory.IsProbabilityMeasure.{u_1} (Ω n) (inst n) (μ n)]
  (X : (n : Nat) → @Luce.BernoulliProcess.{u_1} (Ω n) (inst n) (μ n)) (N : Nat → Nat) (q : Nat → Nat → Real)
  {v : Nat → Real},
  @Filter.Tendsto.{0, 0} Nat Real v (@Filter.atTop.{0} Nat Nat.instPreorder)
      (@Filter.atTop.{0} Real Real.instPreorder) →
    ∀ {C : Real},
      @Filter.Eventually.{0} Nat
          (fun n =>
            And
              (@LE.le.{0} Real Real.instLE
                (∑ k ∈ Finset.range (N n),
                  @MeasureTheory.integral.{u_1, 0} (Ω n) Real Real.normedAddCommGroup
                    (@InnerProductSpace.toNormedSpace.{0, 0} Real Real Real.instRCLike
                      (@NormedAddCommGroup.toSeminormedAddCommGroup.{0} Real Real.normedAddCommGroup)
                      (@RCLike.toInnerProductSpaceReal.{0} Real Real.instRCLike))
                    (inst n) (μ n) fun ω =>
                    @abs.{0} Real Real.lattice Real.instAddGroup
                      (@HSub.hSub.{0, 0, 0} Real Real Real (@instHSub.{0} Real Real.instSub)
                        (@Luce.BernoulliProcess.probability.{u_1} (Ω n) (inst n) (μ n) (X n) k ω) (q n k)))
                C)
              (@LE.le.{0} Real Real.instLE
                (@abs.{0} Real Real.lattice Real.instAddGroup
                  (@HSub.hSub.{0, 0, 0} Real Real Real (@instHSub.{0} Real Real.instSub)
                    (∑ k ∈ Finset.range (N n), q n k) (v n)))
                C))
          (@Filter.atTop.{0} Nat Nat.instPreorder) →
        @Filter.Tendsto.{0, 0} Nat Real
          (fun n =>
            @HDiv.hDiv.{0, 0, 0} Real Real Real
              (@instHDiv.{0} Real (@DivInvMonoid.toDiv.{0} Real Real.instDivInvMonoid))
              (@MeasureTheory.integral.{u_1, 0} (Ω n) Real Real.normedAddCommGroup
                (@InnerProductSpace.toNormedSpace.{0, 0} Real Real Real.instRCLike
                  (@NormedAddCommGroup.toSeminormedAddCommGroup.{0} Real Real.normedAddCommGroup)
                  (@RCLike.toInnerProductSpaceReal.{0} Real Real.instRCLike))
                (inst n) (μ n) fun ω => @Luce.BernoulliProcess.cltCount.{u_1} (Ω n) (inst n) (μ n) (X n) (N n) ω)
              (v n))
          (@Filter.atTop.{0} Nat Nat.instPreorder)
          (@nhds.{0} Real
            (@UniformSpace.toTopologicalSpace.{0} Real
              (@PseudoMetricSpace.toUniformSpace.{0} Real Real.pseudoMetricSpace))
            (@OfNat.ofNat.{0} Real (nat_lit 1) (@One.toOfNat1.{0} Real Real.instOne))) :=
⋯
'Luce.BernoulliCLT.mean_tendsto_of_reference' depends on axioms: [propext, Classical.choice.{u}, Quot.sound.{u}]
theorem Luce.BernoulliProcess.reference_mass_error.{u_1} : ∀ {Ω : Type u_1} [inst : MeasurableSpace.{u_1} Ω]
  {μ : @MeasureTheory.Measure.{u_1} Ω inst} [@MeasureTheory.IsProbabilityMeasure.{u_1} Ω inst μ]
  (X : @Luce.BernoulliProcess.{u_1} Ω inst μ) (N : Nat) (q : Nat → Real) (v : Real),
  @LE.le.{0} Real Real.instLE
    (@MeasureTheory.integral.{u_1, 0} Ω Real Real.normedAddCommGroup
      (@InnerProductSpace.toNormedSpace.{0, 0} Real Real Real.instRCLike
        (@NormedAddCommGroup.toSeminormedAddCommGroup.{0} Real Real.normedAddCommGroup)
        (@RCLike.toInnerProductSpaceReal.{0} Real Real.instRCLike))
      inst μ fun ω =>
      @abs.{0} Real Real.lattice Real.instAddGroup
        (@HSub.hSub.{0, 0, 0} Real Real Real (@instHSub.{0} Real Real.instSub)
          (@Luce.BernoulliProcess.cltMass.{u_1} Ω inst μ X N ω) v))
    (@HAdd.hAdd.{0, 0, 0} Real Real Real (@instHAdd.{0} Real Real.instAdd)
      (∑ k ∈ Finset.range N,
        @MeasureTheory.integral.{u_1, 0} Ω Real Real.normedAddCommGroup
          (@InnerProductSpace.toNormedSpace.{0, 0} Real Real Real.instRCLike
            (@NormedAddCommGroup.toSeminormedAddCommGroup.{0} Real Real.normedAddCommGroup)
            (@RCLike.toInnerProductSpaceReal.{0} Real Real.instRCLike))
          inst μ fun ω =>
          @abs.{0} Real Real.lattice Real.instAddGroup
            (@HSub.hSub.{0, 0, 0} Real Real Real (@instHSub.{0} Real Real.instSub)
              (@Luce.BernoulliProcess.probability.{u_1} Ω inst μ X k ω) (q k)))
      (@abs.{0} Real Real.lattice Real.instAddGroup
        (@HSub.hSub.{0, 0, 0} Real Real Real (@instHSub.{0} Real Real.instSub) (∑ k ∈ Finset.range N, q k) v))) :=
⋯
'Luce.BernoulliProcess.reference_mass_error' depends on axioms: [propext, Classical.choice.{u}, Quot.sound.{u}]
theorem Luce.BernoulliProcess.reference_square_bound.{u_1} : ∀ {Ω : Type u_1} [inst : MeasurableSpace.{u_1} Ω]
  {μ : @MeasureTheory.Measure.{u_1} Ω inst} [@MeasureTheory.IsProbabilityMeasure.{u_1} Ω inst μ]
  (X : @Luce.BernoulliProcess.{u_1} Ω inst μ) (N : Nat) (q : Nat → Real),
  (∀ (k : Nat),
      @LE.le.{0} Real Real.instLE (@OfNat.ofNat.{0} Real (nat_lit 0) (@Zero.toOfNat0.{0} Real Real.instZero)) (q k)) →
    (∀ (k : Nat),
        @LE.le.{0} Real Real.instLE (q k) (@OfNat.ofNat.{0} Real (nat_lit 1) (@One.toOfNat1.{0} Real Real.instOne))) →
      @LE.le.{0} Real Real.instLE
        (@MeasureTheory.integral.{u_1, 0} Ω Real Real.normedAddCommGroup
          (@InnerProductSpace.toNormedSpace.{0, 0} Real Real Real.instRCLike
            (@NormedAddCommGroup.toSeminormedAddCommGroup.{0} Real Real.normedAddCommGroup)
            (@RCLike.toInnerProductSpaceReal.{0} Real Real.instRCLike))
          inst μ fun ω => @Luce.BernoulliProcess.cltSquares.{u_1} Ω inst μ X N ω)
        (@HAdd.hAdd.{0, 0, 0} Real Real Real (@instHAdd.{0} Real Real.instAdd)
          (@HMul.hMul.{0, 0, 0} Real Real Real (@instHMul.{0} Real Real.instMul)
            (@OfNat.ofNat.{0} Real (nat_lit 2) (@instOfNatAtLeastTwo.{0} Real (nat_lit 2) Real.instNatCast ⋯))
            (∑ k ∈ Finset.range N,
              @MeasureTheory.integral.{u_1, 0} Ω Real Real.normedAddCommGroup
                (@InnerProductSpace.toNormedSpace.{0, 0} Real Real Real.instRCLike
                  (@NormedAddCommGroup.toSeminormedAddCommGroup.{0} Real Real.normedAddCommGroup)
                  (@RCLike.toInnerProductSpaceReal.{0} Real Real.instRCLike))
                inst μ fun ω =>
                @abs.{0} Real Real.lattice Real.instAddGroup
                  (@HSub.hSub.{0, 0, 0} Real Real Real (@instHSub.{0} Real Real.instSub)
                    (@Luce.BernoulliProcess.probability.{u_1} Ω inst μ X k ω) (q k))))
          (∑ k ∈ Finset.range N,
            @HPow.hPow.{0, 0, 0} Real Nat Real
              (@instHPow.{0, 0} Real Nat (@NPow.toPow.{0} Real (@Monoid.toNPow.{0} Real Real.instMonoid))) (q k)
              (@OfNat.ofNat.{0} Nat (nat_lit 2) (instOfNatNat (nat_lit 2))))) :=
⋯
'Luce.BernoulliProcess.reference_square_bound' depends on axioms: [propext, Classical.choice.{u}, Quot.sound.{u}]
theorem Luce.Section6.CriticalProfile.critical_domination_matrix : ∀ {f : Real → Real} {c eta d : Real},
  Luce.Section6.CriticalProfile f c eta d →
    ∀ (r : Nat),
      @LE.le.{0} Nat instLENat (@OfNat.ofNat.{0} Nat (nat_lit 1) (instOfNatNat (nat_lit 1))) r →
        ∃ K gamma Z,
          And
            (@LT.lt.{0} Real Real.instLT (@OfNat.ofNat.{0} Real (nat_lit 0) (@Zero.toOfNat0.{0} Real Real.instZero)) K)
            (And
              (@LT.lt.{0} Real Real.instLT (@OfNat.ofNat.{0} Real (nat_lit 0) (@Zero.toOfNat0.{0} Real Real.instZero))
                gamma)
              (And
                (@LE.le.{0} Real Real.instLE
                  (@OfNat.ofNat.{0} Real (nat_lit 2) (@instOfNatAtLeastTwo.{0} Real (nat_lit 2) Real.instNatCast ⋯)) Z)
                (∀ (grid : Luce.Section6.SamplingGrid) (w : Luce.WeightArray),
                  Luce.Section6.SampledRates grid w f →
                    ∀ (n : Nat) (i j : Fin n),
                      @LE.le.{0} Nat instLENat
                          (@HAdd.hAdd.{0, 0, 0} Nat Nat Nat (@instHAdd.{0} Nat instAddNat)
                            (@HMul.hMul.{0, 0, 0} Nat Nat Nat (@instHMul.{0} Nat instMulNat)
                              (@OfNat.ofNat.{0} Nat (nat_lit 8) (instOfNatNat (nat_lit 8))) r)
                            (@OfNat.ofNat.{0} Nat (nat_lit 8) (instOfNatNat (nat_lit 8))))
                          (@HAdd.hAdd.{0, 0, 0} Nat Nat Nat (@instHAdd.{0} Nat instAddNat) (@Fin.val n j)
                            (@OfNat.ofNat.{0} Nat (nat_lit 1) (instOfNatNat (nat_lit 1)))) →
                        @LE.le.{0} Nat instLENat
                            (@HMul.hMul.{0, 0, 0} Nat Nat Nat (@instHMul.{0} Nat instMulNat)
                              (@OfNat.ofNat.{0} Nat (nat_lit 8) (instOfNatNat (nat_lit 8)))
                              (@HAdd.hAdd.{0, 0, 0} Nat Nat Nat (@instHAdd.{0} Nat instAddNat) (@Fin.val n j)
                                (@OfNat.ofNat.{0} Nat (nat_lit 1) (instOfNatNat (nat_lit 1)))))
                            n →
                          @LE.le.{0} Real Real.instLE Z
                              (Real.log
                                (@HDiv.hDiv.{0, 0, 0} Real Real Real
                                  (@instHDiv.{0} Real (@DivInvMonoid.toDiv.{0} Real Real.instDivInvMonoid))
                                  (@Nat.cast.{0} Real Real.instNatCast n)
                                  (@HAdd.hAdd.{0, 0, 0} Real Real Real (@instHAdd.{0} Real Real.instAdd)
                                    (@Nat.cast.{0} Real Real.instNatCast (@Fin.val n j))
                                    (@OfNat.ofNat.{0} Real (nat_lit 1) (@One.toOfNat1.{0} Real Real.instOne))))) →
                            @LE.le.{0} Real Real.instLE (@Luce.Section6.insertionDominationMatrix n (w n) r r i j)
                              (@HMul.hMul.{0, 0, 0} Real Real Real (@instHMul.{0} Real Real.instMul)
                                (@HDiv.hDiv.{0, 0, 0} Real Real Real
                                  (@instHDiv.{0} Real (@DivInvMonoid.toDiv.{0} Real Real.instDivInvMonoid)) K
                                  (@HMul.hMul.{0, 0, 0} Real Real Real (@instHMul.{0} Real Real.instMul)
                                    (@HAdd.hAdd.{0, 0, 0} Real Real Real (@instHAdd.{0} Real Real.instAdd)
                                      (@Nat.cast.{0} Real Real.instNatCast (@Fin.val n i))
                                      (@OfNat.ofNat.{0} Real (nat_lit 1) (@One.toOfNat1.{0} Real Real.instOne)))
                                    (Real.log
                                      (@HDiv.hDiv.{0, 0, 0} Real Real Real
                                        (@instHDiv.{0} Real (@DivInvMonoid.toDiv.{0} Real Real.instDivInvMonoid))
                                        (@Nat.cast.{0} Real Real.instNatCast n)
                                        (@HAdd.hAdd.{0, 0, 0} Real Real Real (@instHAdd.{0} Real Real.instAdd)
                                          (@Nat.cast.{0} Real Real.instNatCast (@Fin.val n j))
                                          (@OfNat.ofNat.{0} Real (nat_lit 1) (@One.toOfNat1.{0} Real Real.instOne)))))))
                                (Real.exp
                                  (@HMul.hMul.{0, 0, 0} Real Real Real (@instHMul.{0} Real Real.instMul)
                                    (@Neg.neg.{0} Real Real.instNeg gamma)
                                    (@HDiv.hDiv.{0, 0, 0} Real Real Real
                                      (@instHDiv.{0} Real (@DivInvMonoid.toDiv.{0} Real Real.instDivInvMonoid))
                                      (@HAdd.hAdd.{0, 0, 0} Real Real Real (@instHAdd.{0} Real Real.instAdd)
                                        (@Nat.cast.{0} Real Real.instNatCast (@Fin.val n j))
                                        (@OfNat.ofNat.{0} Real (nat_lit 1) (@One.toOfNat1.{0} Real Real.instOne)))
                                      (@HMul.hMul.{0, 0, 0} Real Real Real (@instHMul.{0} Real Real.instMul)
                                        (@HAdd.hAdd.{0, 0, 0} Real Real Real (@instHAdd.{0} Real Real.instAdd)
                                          (@Nat.cast.{0} Real Real.instNatCast (@Fin.val n i))
                                          (@OfNat.ofNat.{0} Real (nat_lit 1) (@One.toOfNat1.{0} Real Real.instOne)))
                                        (Real.log
                                          (@HDiv.hDiv.{0, 0, 0} Real Real Real
                                            (@instHDiv.{0} Real (@DivInvMonoid.toDiv.{0} Real Real.instDivInvMonoid))
                                            (@Nat.cast.{0} Real Real.instNatCast n)
                                            (@HAdd.hAdd.{0, 0, 0} Real Real Real (@instHAdd.{0} Real Real.instAdd)
                                              (@Nat.cast.{0} Real Real.instNatCast (@Fin.val n j))
                                              (@OfNat.ofNat.{0} Real (nat_lit 1)
                                                (@One.toOfNat1.{0} Real Real.instOne))))))))))))) :=
⋯
'Luce.Section6.CriticalProfile.critical_domination_matrix' depends on axioms: [propext,
 Classical.choice.{u},
 Quot.sound.{u}]
theorem Luce.Section6.CriticalProfile.critical_insertion_Lp : ∀ {f : Real → Real} {c eta d : Real},
  Luce.Section6.CriticalProfile f c eta d →
    ∀ (p : Nat),
      @LE.le.{0} Nat instLENat (@OfNat.ofNat.{0} Nat (nat_lit 1) (instOfNatNat (nat_lit 1))) p →
        ∃ K gamma Z,
          And
            (@LT.lt.{0} Real Real.instLT (@OfNat.ofNat.{0} Real (nat_lit 0) (@Zero.toOfNat0.{0} Real Real.instZero)) K)
            (And
              (@LT.lt.{0} Real Real.instLT (@OfNat.ofNat.{0} Real (nat_lit 0) (@Zero.toOfNat0.{0} Real Real.instZero))
                gamma)
              (And
                (@LE.le.{0} Real Real.instLE
                  (@OfNat.ofNat.{0} Real (nat_lit 2) (@instOfNatAtLeastTwo.{0} Real (nat_lit 2) Real.instNatCast ⋯)) Z)
                (∀ (grid : Luce.Section6.SamplingGrid) (w : Luce.WeightArray),
                  Luce.Section6.SampledRates grid w f →
                    ∀ (n : Nat) (removed : Finset.{0} (Fin n))
                      (q :
                        Fin
                          (@Finset.card.{0} (Fin n)
                            (@SDiff.sdiff.{0} (Finset.{0} (Fin n))
                              (@Finset.instSDiff.{0} (Fin n) (instDecidableEqFin n))
                              (@Finset.univ.{0} (Fin n) (Fin.fintype n)) removed)))
                      (i : Fin n),
                      @LE.le.{0} Nat instLENat (@OfNat.ofNat.{0} Nat (nat_lit 4) (instOfNatNat (nat_lit 4)))
                          (@Fin.val
                            (@Finset.card.{0} (Fin n)
                              (@SDiff.sdiff.{0} (Finset.{0} (Fin n))
                                (@Finset.instSDiff.{0} (Fin n) (instDecidableEqFin n))
                                (@Finset.univ.{0} (Fin n) (Fin.fintype n)) removed))
                            q) →
                        @LE.le.{0} Nat instLENat (@Finset.card.{0} (Fin n) removed)
                            (@Fin.val
                              (@Finset.card.{0} (Fin n)
                                (@SDiff.sdiff.{0} (Finset.{0} (Fin n))
                                  (@Finset.instSDiff.{0} (Fin n) (instDecidableEqFin n))
                                  (@Finset.univ.{0} (Fin n) (Fin.fintype n)) removed))
                              q) →
                          @LE.le.{0} Nat instLENat
                              (@HMul.hMul.{0, 0, 0} Nat Nat Nat (@instHMul.{0} Nat instMulNat)
                                (@OfNat.ofNat.{0} Nat (nat_lit 4) (instOfNatNat (nat_lit 4)))
                                (@Fin.val
                                  (@Finset.card.{0} (Fin n)
                                    (@SDiff.sdiff.{0} (Finset.{0} (Fin n))
                                      (@Finset.instSDiff.{0} (Fin n) (instDecidableEqFin n))
                                      (@Finset.univ.{0} (Fin n) (Fin.fintype n)) removed))
                                  q))
                              n →
                            @LE.le.{0} Real Real.instLE Z
                                (Real.log
                                  (@HDiv.hDiv.{0, 0, 0} Real Real Real
                                    (@instHDiv.{0} Real (@DivInvMonoid.toDiv.{0} Real Real.instDivInvMonoid))
                                    (@Nat.cast.{0} Real Real.instNatCast n)
                                    (@Nat.cast.{0} Real Real.instNatCast
                                      (@Fin.val
                                        (@Finset.card.{0} (Fin n)
                                          (@SDiff.sdiff.{0} (Finset.{0} (Fin n))
                                            (@Finset.instSDiff.{0} (Fin n) (instDecidableEqFin n))
                                            (@Finset.univ.{0} (Fin n) (Fin.fintype n)) removed))
                                        q)))) →
                              @LE.le.{0} ENNReal ENNReal.instLE
                                (@MeasureTheory.eLpNorm.{0, 0} (Fin n → Real) Real
                                  (@ContinuousENorm.toENorm.{0} Real
                                    (@UniformSpace.toTopologicalSpace.{0} Real
                                      (@PseudoMetricSpace.toUniformSpace.{0} Real
                                        (@SeminormedAddGroup.toPseudoMetricSpace.{0} Real
                                          (@SeminormedAddCommGroup.toSeminormedAddGroup.{0} Real
                                            (@NonUnitalSeminormedRing.toSeminormedAddCommGroup.{0} Real
                                              (@NonUnitalSeminormedCommRing.toNonUnitalSeminormedRing.{0} Real
                                                (@SeminormedCommRing.toNonUnitalSeminormedCommRing.{0} Real
                                                  (@NormedCommRing.toSeminormedCommRing.{0} Real
                                                    Real.normedCommRing))))))))
                                    (@SeminormedAddGroup.toContinuousENorm.{0} Real
                                      (@SeminormedAddCommGroup.toSeminormedAddGroup.{0} Real
                                        (@NonUnitalSeminormedRing.toSeminormedAddCommGroup.{0} Real
                                          (@NonUnitalSeminormedCommRing.toNonUnitalSeminormedRing.{0} Real
                                            (@SeminormedCommRing.toNonUnitalSeminormedCommRing.{0} Real
                                              (@NormedCommRing.toSeminormedCommRing.{0} Real Real.normedCommRing)))))))
                                  (@MeasurableSpace.pi.{0, 0} (Fin n) (fun a => Real) fun a => Real.measurableSpace)
                                  (fun old =>
                                    (@Luce.deletedGapKernel n (w n) removed old i
                                        (@Fin.val
                                          (@Finset.card.{0} (Fin n)
                                            (@SDiff.sdiff.{0} (Finset.{0} (Fin n))
                                              (@Finset.instSDiff.{0} (Fin n) (instDecidableEqFin n))
                                              (@Finset.univ.{0} (Fin n) (Fin.fintype n)) removed))
                                          q)).toReal)
                                  (@Nat.cast.{0} ENNReal
                                    (@AddMonoidWithOne.toNatCast.{0} ENNReal
                                      (@AddCommMonoidWithOne.toAddMonoidWithOne.{0} ENNReal
                                        ENNReal.instAddCommMonoidWithOne))
                                    p)
                                  (@Luce.exponentialRace n (w n)))
                                (ENNReal.ofReal
                                  (@HMul.hMul.{0, 0, 0} Real Real Real (@instHMul.{0} Real Real.instMul)
                                    (@HDiv.hDiv.{0, 0, 0} Real Real Real
                                      (@instHDiv.{0} Real (@DivInvMonoid.toDiv.{0} Real Real.instDivInvMonoid)) K
                                      (@HMul.hMul.{0, 0, 0} Real Real Real (@instHMul.{0} Real Real.instMul)
                                        (@HAdd.hAdd.{0, 0, 0} Real Real Real (@instHAdd.{0} Real Real.instAdd)
                                          (@Nat.cast.{0} Real Real.instNatCast (@Fin.val n i))
                                          (@OfNat.ofNat.{0} Real (nat_lit 1) (@One.toOfNat1.{0} Real Real.instOne)))
                                        (Real.log
                                          (@HDiv.hDiv.{0, 0, 0} Real Real Real
                                            (@instHDiv.{0} Real (@DivInvMonoid.toDiv.{0} Real Real.instDivInvMonoid))
                                            (@Nat.cast.{0} Real Real.instNatCast n)
                                            (@Nat.cast.{0} Real Real.instNatCast
                                              (@Fin.val
                                                (@Finset.card.{0} (Fin n)
                                                  (@SDiff.sdiff.{0} (Finset.{0} (Fin n))
                                                    (@Finset.instSDiff.{0} (Fin n) (instDecidableEqFin n))
                                                    (@Finset.univ.{0} (Fin n) (Fin.fintype n)) removed))
                                                q))))))
                                    (Real.exp
                                      (@HMul.hMul.{0, 0, 0} Real Real Real (@instHMul.{0} Real Real.instMul)
                                        (@Neg.neg.{0} Real Real.instNeg gamma)
                                        (@HDiv.hDiv.{0, 0, 0} Real Real Real
                                          (@instHDiv.{0} Real (@DivInvMonoid.toDiv.{0} Real Real.instDivInvMonoid))
                                          (@Nat.cast.{0} Real Real.instNatCast
                                            (@Fin.val
                                              (@Finset.card.{0} (Fin n)
                                                (@SDiff.sdiff.{0} (Finset.{0} (Fin n))
                                                  (@Finset.instSDiff.{0} (Fin n) (instDecidableEqFin n))
                                                  (@Finset.univ.{0} (Fin n) (Fin.fintype n)) removed))
                                              q))
                                          (@HMul.hMul.{0, 0, 0} Real Real Real (@instHMul.{0} Real Real.instMul)
                                            (@HAdd.hAdd.{0, 0, 0} Real Real Real (@instHAdd.{0} Real Real.instAdd)
                                              (@Nat.cast.{0} Real Real.instNatCast (@Fin.val n i))
                                              (@OfNat.ofNat.{0} Real (nat_lit 1) (@One.toOfNat1.{0} Real Real.instOne)))
                                            (Real.log
                                              (@HDiv.hDiv.{0, 0, 0} Real Real Real
                                                (@instHDiv.{0} Real
                                                  (@DivInvMonoid.toDiv.{0} Real Real.instDivInvMonoid))
                                                (@Nat.cast.{0} Real Real.instNatCast n)
                                                (@Nat.cast.{0} Real Real.instNatCast
                                                  (@Fin.val
                                                    (@Finset.card.{0} (Fin n)
                                                      (@SDiff.sdiff.{0} (Finset.{0} (Fin n))
                                                        (@Finset.instSDiff.{0} (Fin n) (instDecidableEqFin n))
                                                        (@Finset.univ.{0} (Fin n) (Fin.fintype n)) removed))
                                                    q))))))))))))) :=
⋯
'Luce.Section6.CriticalProfile.critical_insertion_Lp' depends on axioms: [propext, Classical.choice.{u}, Quot.sound.{u}]
theorem Luce.Section6.CriticalProfile.critical_root_probability : ∀ {f : Real → Real} {c eta d : Real},
  Luce.Section6.CriticalProfile f c eta d →
    ∀ (k : Nat),
      @LE.le.{0} Nat instLENat (@OfNat.ofNat.{0} Nat (nat_lit 1) (instOfNatNat (nat_lit 1))) k →
        ∃ C Z,
          And
            (@LT.lt.{0} Real Real.instLT (@OfNat.ofNat.{0} Real (nat_lit 0) (@Zero.toOfNat0.{0} Real Real.instZero)) C)
            (And
              (@LE.le.{0} Real Real.instLE
                (@OfNat.ofNat.{0} Real (nat_lit 2) (@instOfNatAtLeastTwo.{0} Real (nat_lit 2) Real.instNatCast ⋯)) Z)
              (∀ (grid : Luce.Section6.SamplingGrid) (w : Luce.WeightArray),
                Luce.Section6.SampledRates grid w f →
                  ∀ (n M B : Nat),
                    @LE.le.{0} Nat instLENat
                        (@HAdd.hAdd.{0, 0, 0} Nat Nat Nat (@instHAdd.{0} Nat instAddNat)
                          (@HMul.hMul.{0, 0, 0} Nat Nat Nat (@instHMul.{0} Nat instMulNat)
                            (@OfNat.ofNat.{0} Nat (nat_lit 8) (instOfNatNat (nat_lit 8)))
                            (@HAdd.hAdd.{0, 0, 0} Nat Nat Nat (@instHAdd.{0} Nat instAddNat) k
                              (@OfNat.ofNat.{0} Nat (nat_lit 1) (instOfNatNat (nat_lit 1)))))
                          (@OfNat.ofNat.{0} Nat (nat_lit 8) (instOfNatNat (nat_lit 8))))
                        M →
                      @LE.le.{0} Nat instLENat
                          (@HMul.hMul.{0, 0, 0} Nat Nat Nat (@instHMul.{0} Nat instMulNat)
                            (@OfNat.ofNat.{0} Nat (nat_lit 8) (instOfNatNat (nat_lit 8))) B)
                          n →
                        @LE.le.{0} Real Real.instLE Z
                            (@HSub.hSub.{0, 0, 0} Real Real Real (@instHSub.{0} Real Real.instSub)
                              (Real.log (@Nat.cast.{0} Real Real.instNatCast n))
                              (Real.log (@Nat.cast.{0} Real Real.instNatCast B))) →
                          ∀ (v : Fin n),
                            @Membership.mem.{0, 0} (Fin n) (Finset.{0} (Fin n))
                                (@SetLike.instMembership.{0, 0} (Finset.{0} (Fin n)) (Fin n)
                                  (@Finset.instSetLike.{0} (Fin n)))
                                (Luce.Section6.criticalBlock n M B) v →
                              @LE.le.{0} Real Real.instLE
                                (@MeasureTheory.Measure.real.{0} (Fin n → Real)
                                  (@MeasurableSpace.pi.{0, 0} (Fin n) (fun a => Real) fun a => Real.measurableSpace)
                                  (@Luce.exponentialRace n (w n))
                                  (@Luce.retainedMaximumCycleEvent n k (Luce.Section6.criticalBlock n M B) v))
                                (@HDiv.hDiv.{0, 0, 0} Real Real Real
                                  (@instHDiv.{0} Real (@DivInvMonoid.toDiv.{0} Real Real.instDivInvMonoid))
                                  (@HMul.hMul.{0, 0, 0} Real Real Real (@instHMul.{0} Real Real.instMul) C
                                    (@HPow.hPow.{0, 0, 0} Real Real Real (@instHPow.{0, 0} Real Real Real.instPow)
                                      (Real.log
                                        (@HDiv.hDiv.{0, 0, 0} Real Real Real
                                          (@instHDiv.{0} Real (@DivInvMonoid.toDiv.{0} Real Real.instDivInvMonoid))
                                          (@Nat.cast.{0} Real Real.instNatCast n)
                                          (@HAdd.hAdd.{0, 0, 0} Real Real Real (@instHAdd.{0} Real Real.instAdd)
                                            (@Nat.cast.{0} Real Real.instNatCast (@Fin.val n v))
                                            (@OfNat.ofNat.{0} Real (nat_lit 1) (@One.toOfNat1.{0} Real Real.instOne)))))
                                      (@Neg.neg.{0} Real Real.instNeg
                                        (@HDiv.hDiv.{0, 0, 0} Real Real Real
                                          (@instHDiv.{0} Real (@DivInvMonoid.toDiv.{0} Real Real.instDivInvMonoid))
                                          (@OfNat.ofNat.{0} Real (nat_lit 3)
                                            (@instOfNatAtLeastTwo.{0} Real (nat_lit 3) Real.instNatCast ⋯))
                                          (@OfNat.ofNat.{0} Real (nat_lit 2)
                                            (@instOfNatAtLeastTwo.{0} Real (nat_lit 2) Real.instNatCast ⋯))))))
                                  (@HAdd.hAdd.{0, 0, 0} Real Real Real (@instHAdd.{0} Real Real.instAdd)
                                    (@Nat.cast.{0} Real Real.instNatCast (@Fin.val n v))
                                    (@OfNat.ofNat.{0} Real (nat_lit 1) (@One.toOfNat1.{0} Real Real.instOne)))))) :=
⋯
'Luce.Section6.CriticalProfile.critical_root_probability' depends on axioms: [propext,
 Classical.choice.{u},
 Quot.sound.{u}]
theorem Luce.Section6.CriticalProfile.deleted_gap_survival : ∀ {f : Real → Real} {c eta d : Real},
  Luce.Section6.CriticalProfile f c eta d →
    ∃ gamma Z,
      And
        (@LT.lt.{0} Real Real.instLT (@OfNat.ofNat.{0} Real (nat_lit 0) (@Zero.toOfNat0.{0} Real Real.instZero)) gamma)
        (And (@LE.le.{0} Real Real.instLE (@OfNat.ofNat.{0} Real (nat_lit 1) (@One.toOfNat1.{0} Real Real.instOne)) Z)
          (∀ (grid : Luce.Section6.SamplingGrid) (w : Luce.WeightArray),
            Luce.Section6.SampledRates grid w f →
              ∀ (n : Nat) (removed : Finset.{0} (Fin n))
                (q :
                  Fin
                    (@Finset.card.{0} (Fin n)
                      (@SDiff.sdiff.{0} (Finset.{0} (Fin n)) (@Finset.instSDiff.{0} (Fin n) (instDecidableEqFin n))
                        (@Finset.univ.{0} (Fin n) (Fin.fintype n)) removed)))
                (i : Fin n) (p : Nat),
                @LE.le.{0} Nat instLENat (@OfNat.ofNat.{0} Nat (nat_lit 4) (instOfNatNat (nat_lit 4)))
                    (@Fin.val
                      (@Finset.card.{0} (Fin n)
                        (@SDiff.sdiff.{0} (Finset.{0} (Fin n)) (@Finset.instSDiff.{0} (Fin n) (instDecidableEqFin n))
                          (@Finset.univ.{0} (Fin n) (Fin.fintype n)) removed))
                      q) →
                  @LE.le.{0} Nat instLENat
                      (@Fin.val
                        (@Finset.card.{0} (Fin n)
                          (@SDiff.sdiff.{0} (Finset.{0} (Fin n)) (@Finset.instSDiff.{0} (Fin n) (instDecidableEqFin n))
                            (@Finset.univ.{0} (Fin n) (Fin.fintype n)) removed))
                        q)
                      n →
                    @LE.le.{0} Nat instLENat (@OfNat.ofNat.{0} Nat (nat_lit 1) (instOfNatNat (nat_lit 1))) p →
                      @LE.le.{0} Real Real.instLE Z
                          (Real.log
                            (@HDiv.hDiv.{0, 0, 0} Real Real Real
                              (@instHDiv.{0} Real (@DivInvMonoid.toDiv.{0} Real Real.instDivInvMonoid))
                              (@Nat.cast.{0} Real Real.instNatCast n)
                              (@Nat.cast.{0} Real Real.instNatCast
                                (@Fin.val
                                  (@Finset.card.{0} (Fin n)
                                    (@SDiff.sdiff.{0} (Finset.{0} (Fin n))
                                      (@Finset.instSDiff.{0} (Fin n) (instDecidableEqFin n))
                                      (@Finset.univ.{0} (Fin n) (Fin.fintype n)) removed))
                                  q)))) →
                        @LE.le.{0} Real Real.instLE
                          (@MeasureTheory.integral.{0, 0} (Fin n → Real) Real Real.normedAddCommGroup
                            (@InnerProductSpace.toNormedSpace.{0, 0} Real Real Real.instRCLike
                              (@NormedAddCommGroup.toSeminormedAddCommGroup.{0} Real Real.normedAddCommGroup)
                              (@RCLike.toInnerProductSpaceReal.{0} Real Real.instRCLike))
                            (@MeasurableSpace.pi.{0, 0} (Fin n) (fun a => Real) fun a => Real.measurableSpace)
                            (@Luce.exponentialRace n (w n)) fun e =>
                            Real.exp
                              (@Neg.neg.{0} Real Real.instNeg
                                (@HMul.hMul.{0, 0, 0} Real Real Real (@instHMul.{0} Real Real.instMul)
                                  (@HMul.hMul.{0, 0, 0} Real Real Real (@instHMul.{0} Real Real.instMul)
                                    (@Nat.cast.{0} Real Real.instNatCast p) (@Luce.Weights.rate n (w n) i))
                                  (@Luce.raceGapStart
                                    (@Finset.card.{0} (Fin n)
                                      (@SDiff.sdiff.{0} (Finset.{0} (Fin n))
                                        (@Finset.instSDiff.{0} (Fin n) (instDecidableEqFin n))
                                        (@Finset.univ.{0} (Fin n) (Fin.fintype n)) removed))
                                    (@Luce.compactDeletedClocks n removed e) q))))
                          (@HMul.hMul.{0, 0, 0} Real Real Real (@instHMul.{0} Real Real.instMul)
                            (@OfNat.ofNat.{0} Real (nat_lit 2)
                              (@instOfNatAtLeastTwo.{0} Real (nat_lit 2) Real.instNatCast ⋯))
                            (Real.exp
                              (@HMul.hMul.{0, 0, 0} Real Real Real (@instHMul.{0} Real Real.instMul)
                                (@Neg.neg.{0} Real Real.instNeg gamma)
                                (@HDiv.hDiv.{0, 0, 0} Real Real Real
                                  (@instHDiv.{0} Real (@DivInvMonoid.toDiv.{0} Real Real.instDivInvMonoid))
                                  (@Nat.cast.{0} Real Real.instNatCast
                                    (@Fin.val
                                      (@Finset.card.{0} (Fin n)
                                        (@SDiff.sdiff.{0} (Finset.{0} (Fin n))
                                          (@Finset.instSDiff.{0} (Fin n) (instDecidableEqFin n))
                                          (@Finset.univ.{0} (Fin n) (Fin.fintype n)) removed))
                                      q))
                                  (@HMul.hMul.{0, 0, 0} Real Real Real (@instHMul.{0} Real Real.instMul)
                                    (@HAdd.hAdd.{0, 0, 0} Real Real Real (@instHAdd.{0} Real Real.instAdd)
                                      (@Nat.cast.{0} Real Real.instNatCast (@Fin.val n i))
                                      (@OfNat.ofNat.{0} Real (nat_lit 1) (@One.toOfNat1.{0} Real Real.instOne)))
                                    (Real.log
                                      (@HDiv.hDiv.{0, 0, 0} Real Real Real
                                        (@instHDiv.{0} Real (@DivInvMonoid.toDiv.{0} Real Real.instDivInvMonoid))
                                        (@Nat.cast.{0} Real Real.instNatCast n)
                                        (@Nat.cast.{0} Real Real.instNatCast
                                          (@Fin.val
                                            (@Finset.card.{0} (Fin n)
                                              (@SDiff.sdiff.{0} (Finset.{0} (Fin n))
                                                (@Finset.instSDiff.{0} (Fin n) (instDecidableEqFin n))
                                                (@Finset.univ.{0} (Fin n) (Fin.fintype n)) removed))
                                            q))))))))))) :=
⋯
'Luce.Section6.CriticalProfile.deleted_gap_survival' depends on axioms: [propext, Classical.choice.{u}, Quot.sound.{u}]
theorem Luce.Section6.CriticalProfile.deleted_remaining_floor : ∀ {f : Real → Real} {c eta d : Real},
  Luce.Section6.CriticalProfile f c eta d →
    ∃ Z,
      And
        (@LE.le.{0} Real Real.instLE
          (@OfNat.ofNat.{0} Real (nat_lit 2) (@instOfNatAtLeastTwo.{0} Real (nat_lit 2) Real.instNatCast ⋯)) Z)
        (∀ (grid : Luce.Section6.SamplingGrid) (w : Luce.WeightArray),
          Luce.Section6.SampledRates grid w f →
            ∀ (n : Nat) (removed : Finset.{0} (Fin n))
              (q :
                Fin
                  (@Finset.card.{0} (Fin n)
                    (@SDiff.sdiff.{0} (Finset.{0} (Fin n)) (@Finset.instSDiff.{0} (Fin n) (instDecidableEqFin n))
                      (@Finset.univ.{0} (Fin n) (Fin.fintype n)) removed))),
              @LE.le.{0} Nat instLENat (@OfNat.ofNat.{0} Nat (nat_lit 1) (instOfNatNat (nat_lit 1)))
                  (@Fin.val
                    (@Finset.card.{0} (Fin n)
                      (@SDiff.sdiff.{0} (Finset.{0} (Fin n)) (@Finset.instSDiff.{0} (Fin n) (instDecidableEqFin n))
                        (@Finset.univ.{0} (Fin n) (Fin.fintype n)) removed))
                    q) →
                @LE.le.{0} Nat instLENat (@Finset.card.{0} (Fin n) removed)
                    (@Fin.val
                      (@Finset.card.{0} (Fin n)
                        (@SDiff.sdiff.{0} (Finset.{0} (Fin n)) (@Finset.instSDiff.{0} (Fin n) (instDecidableEqFin n))
                          (@Finset.univ.{0} (Fin n) (Fin.fintype n)) removed))
                      q) →
                  @LE.le.{0} Nat instLENat
                      (@HMul.hMul.{0, 0, 0} Nat Nat Nat (@instHMul.{0} Nat instMulNat)
                        (@OfNat.ofNat.{0} Nat (nat_lit 4) (instOfNatNat (nat_lit 4)))
                        (@Fin.val
                          (@Finset.card.{0} (Fin n)
                            (@SDiff.sdiff.{0} (Finset.{0} (Fin n))
                              (@Finset.instSDiff.{0} (Fin n) (instDecidableEqFin n))
                              (@Finset.univ.{0} (Fin n) (Fin.fintype n)) removed))
                          q))
                      n →
                    @LE.le.{0} Real Real.instLE Z
                        (Real.log
                          (@HDiv.hDiv.{0, 0, 0} Real Real Real
                            (@instHDiv.{0} Real (@DivInvMonoid.toDiv.{0} Real Real.instDivInvMonoid))
                            (@Nat.cast.{0} Real Real.instNatCast n)
                            (@Nat.cast.{0} Real Real.instNatCast
                              (@Fin.val
                                (@Finset.card.{0} (Fin n)
                                  (@SDiff.sdiff.{0} (Finset.{0} (Fin n))
                                    (@Finset.instSDiff.{0} (Fin n) (instDecidableEqFin n))
                                    (@Finset.univ.{0} (Fin n) (Fin.fintype n)) removed))
                                q)))) →
                      ∀
                        (σ :
                          Equiv.Perm.{1}
                            (Fin
                              (@Finset.card.{0} (Fin n)
                                (@SDiff.sdiff.{0} (Finset.{0} (Fin n))
                                  (@Finset.instSDiff.{0} (Fin n) (instDecidableEqFin n))
                                  (@Finset.univ.{0} (Fin n) (Fin.fintype n)) removed)))),
                        @LE.le.{0} Real Real.instLE
                          (@HMul.hMul.{0, 0, 0} Real Real Real (@instHMul.{0} Real Real.instMul)
                            (@HMul.hMul.{0, 0, 0} Real Real Real (@instHMul.{0} Real Real.instMul)
                              (@HDiv.hDiv.{0, 0, 0} Real Real Real
                                (@instHDiv.{0} Real (@DivInvMonoid.toDiv.{0} Real Real.instDivInvMonoid)) c
                                (@OfNat.ofNat.{0} Real (nat_lit 2)
                                  (@instOfNatAtLeastTwo.{0} Real (nat_lit 2) Real.instNatCast ⋯)))
                              (@Nat.cast.{0} Real Real.instNatCast n))
                            (Real.log
                              (@HDiv.hDiv.{0, 0, 0} Real Real Real
                                (@instHDiv.{0} Real (@DivInvMonoid.toDiv.{0} Real Real.instDivInvMonoid))
                                (@Nat.cast.{0} Real Real.instNatCast n)
                                (@Nat.cast.{0} Real Real.instNatCast
                                  (@Fin.val
                                    (@Finset.card.{0} (Fin n)
                                      (@SDiff.sdiff.{0} (Finset.{0} (Fin n))
                                        (@Finset.instSDiff.{0} (Fin n) (instDecidableEqFin n))
                                        (@Finset.univ.{0} (Fin n) (Fin.fintype n)) removed))
                                    q)))))
                          (@Luce.orderedRemainingRate
                            (@Finset.card.{0} (Fin n)
                              (@SDiff.sdiff.{0} (Finset.{0} (Fin n))
                                (@Finset.instSDiff.{0} (Fin n) (instDecidableEqFin n))
                                (@Finset.univ.{0} (Fin n) (Fin.fintype n)) removed))
                            (@Luce.compactDeletedWeights n (w n) removed) σ q)) :=
⋯
'Luce.Section6.CriticalProfile.deleted_remaining_floor' depends on axioms: [propext,
 Classical.choice.{u},
 Quot.sound.{u}]
theorem Luce.Section6.CriticalProfile.fixed_point_limits.{u_1} : ∀ {Ω : Nat → Type u_1}
  [inst : (n : Nat) → MeasurableSpace.{u_1} (Ω n)] (P : (n : Nat) → @MeasureTheory.Measure.{u_1} (Ω n) (inst n))
  [∀ (n : Nat), @MeasureTheory.IsProbabilityMeasure.{u_1} (Ω n) (inst n) (P n)] {f : Real → Real} {c eta d : Real},
  Luce.Section6.CriticalProfile f c eta d →
    ∀ (grid : Luce.Section6.SamplingGrid) (w : Luce.WeightArray),
      Luce.Section6.SampledRates grid w f →
        ∀ (π : (n : Nat) → Ω n → Equiv.Perm.{1} (Fin n)),
          (∀ (n : Nat),
              @Measurable.{u_1, 0} (Ω n) (Equiv.Perm.{1} (Fin n)) (inst n)
                (@Top.top.{0} (MeasurableSpace.{0} (Equiv.Perm.{1} (Fin n)))
                  (@OrderTop.toTop.{0} (MeasurableSpace.{0} (Equiv.Perm.{1} (Fin n)))
                    (@Preorder.toLE.{0} (MeasurableSpace.{0} (Equiv.Perm.{1} (Fin n)))
                      (@PartialOrder.toPreorder.{0} (MeasurableSpace.{0} (Equiv.Perm.{1} (Fin n)))
                        (@SemilatticeSup.toPartialOrder.{0} (MeasurableSpace.{0} (Equiv.Perm.{1} (Fin n)))
                          (@Lattice.toSemilatticeSup.{0} (MeasurableSpace.{0} (Equiv.Perm.{1} (Fin n)))
                            (@CompleteLattice.toLattice.{0} (MeasurableSpace.{0} (Equiv.Perm.{1} (Fin n)))
                              (@MeasurableSpace.instCompleteLattice.{0} (Equiv.Perm.{1} (Fin n))))))))
                    (@BoundedOrder.toOrderTop.{0} (MeasurableSpace.{0} (Equiv.Perm.{1} (Fin n)))
                      (@Preorder.toLE.{0} (MeasurableSpace.{0} (Equiv.Perm.{1} (Fin n)))
                        (@PartialOrder.toPreorder.{0} (MeasurableSpace.{0} (Equiv.Perm.{1} (Fin n)))
                          (@SemilatticeSup.toPartialOrder.{0} (MeasurableSpace.{0} (Equiv.Perm.{1} (Fin n)))
                            (@Lattice.toSemilatticeSup.{0} (MeasurableSpace.{0} (Equiv.Perm.{1} (Fin n)))
                              (@CompleteLattice.toLattice.{0} (MeasurableSpace.{0} (Equiv.Perm.{1} (Fin n)))
                                (@MeasurableSpace.instCompleteLattice.{0} (Equiv.Perm.{1} (Fin n))))))))
                      (@CompleteLattice.toBoundedOrder.{0} (MeasurableSpace.{0} (Equiv.Perm.{1} (Fin n)))
                        (@MeasurableSpace.instCompleteLattice.{0} (Equiv.Perm.{1} (Fin n)))))))
                (π n)) →
            (∀ (n : Nat) (σ : Equiv.Perm.{1} (Fin n)),
                @Eq.{1} Real
                  (@MeasureTheory.Measure.real.{u_1} (Ω n) (inst n) (P n)
                    (@Set.ofPred.{u_1} (Ω n) fun ω => @Eq.{1} (Equiv.Perm.{1} (Fin n)) (π n ω) σ))
                  (@Luce.Weights.mass n (w n) σ)) →
              And
                (∀
                  (F :
                    @BoundedContinuousFunction.{0, 0} Real Real
                      (@UniformSpace.toTopologicalSpace.{0} Real
                        (@PseudoMetricSpace.toUniformSpace.{0} Real Real.pseudoMetricSpace))
                      Real.pseudoMetricSpace),
                  @Filter.Tendsto.{0, 0} Nat Real
                    (fun n =>
                      @MeasureTheory.integral.{u_1, 0} (Ω n) Real Real.normedAddCommGroup
                        (@InnerProductSpace.toNormedSpace.{0, 0} Real Real Real.instRCLike
                          (@NormedAddCommGroup.toSeminormedAddCommGroup.{0} Real Real.normedAddCommGroup)
                          (@RCLike.toInnerProductSpaceReal.{0} Real Real.instRCLike))
                        (inst n) (P n) fun ω =>
                        @DFunLike.coe.{1, 1, 1}
                          (@BoundedContinuousFunction.{0, 0} Real Real
                            (@UniformSpace.toTopologicalSpace.{0} Real
                              (@PseudoMetricSpace.toUniformSpace.{0} Real Real.pseudoMetricSpace))
                            Real.pseudoMetricSpace)
                          Real (fun x => Real)
                          (@BoundedContinuousFunction.instFunLike.{0, 0} Real Real
                            (@UniformSpace.toTopologicalSpace.{0} Real
                              (@PseudoMetricSpace.toUniformSpace.{0} Real Real.pseudoMetricSpace))
                            Real.pseudoMetricSpace)
                          F
                          (@HDiv.hDiv.{0, 0, 0} Real Real Real
                            (@instHDiv.{0} Real (@DivInvMonoid.toDiv.{0} Real Real.instDivInvMonoid))
                            (@HSub.hSub.{0, 0, 0} Real Real Real (@instHSub.{0} Real Real.instSub)
                              (@Nat.cast.{0} Real Real.instNatCast
                                (@Luce.Section5.cycleCount.{0} (Fin n) (Fin.fintype n) (instDecidableEqFin n) (π n ω)
                                  (@OfNat.ofNat.{0} Nat (nat_lit 0) (instOfNatNat (nat_lit 0)))))
                              (Real.log (Real.log (@Nat.cast.{0} Real Real.instNatCast n))))
                            (Real.log (Real.log (@Nat.cast.{0} Real Real.instNatCast n))).sqrt))
                    (@Filter.atTop.{0} Nat Nat.instPreorder)
                    (@nhds.{0} Real
                      (@UniformSpace.toTopologicalSpace.{0} Real
                        (@PseudoMetricSpace.toUniformSpace.{0} Real Real.pseudoMetricSpace))
                      (@MeasureTheory.integral.{0, 0} Real Real Real.normedAddCommGroup
                        (@InnerProductSpace.toNormedSpace.{0, 0} Real Real Real.instRCLike
                          (@NormedAddCommGroup.toSeminormedAddCommGroup.{0} Real Real.normedAddCommGroup)
                          (@RCLike.toInnerProductSpaceReal.{0} Real Real.instRCLike))
                        Real.measurableSpace
                        (ProbabilityTheory.gaussianReal
                          (@OfNat.ofNat.{0} Real (nat_lit 0) (@Zero.toOfNat0.{0} Real Real.instZero))
                          (@OfNat.ofNat.{0} NNReal (nat_lit 1) (@One.toOfNat1.{0} NNReal NNReal.instOne)))
                        fun z =>
                        @DFunLike.coe.{1, 1, 1}
                          (@BoundedContinuousFunction.{0, 0} Real Real
                            (@UniformSpace.toTopologicalSpace.{0} Real
                              (@PseudoMetricSpace.toUniformSpace.{0} Real Real.pseudoMetricSpace))
                            Real.pseudoMetricSpace)
                          Real (fun x => Real)
                          (@BoundedContinuousFunction.instFunLike.{0, 0} Real Real
                            (@UniformSpace.toTopologicalSpace.{0} Real
                              (@PseudoMetricSpace.toUniformSpace.{0} Real Real.pseudoMetricSpace))
                            Real.pseudoMetricSpace)
                          F z)))
                (@Filter.Tendsto.{0, 0} Nat Real
                  (fun n =>
                    @HDiv.hDiv.{0, 0, 0} Real Real Real
                      (@instHDiv.{0} Real (@DivInvMonoid.toDiv.{0} Real Real.instDivInvMonoid))
                      (@MeasureTheory.integral.{u_1, 0} (Ω n) Real Real.normedAddCommGroup
                        (@InnerProductSpace.toNormedSpace.{0, 0} Real Real Real.instRCLike
                          (@NormedAddCommGroup.toSeminormedAddCommGroup.{0} Real Real.normedAddCommGroup)
                          (@RCLike.toInnerProductSpaceReal.{0} Real Real.instRCLike))
                        (inst n) (P n) fun ω =>
                        @Nat.cast.{0} Real Real.instNatCast
                          (@Luce.Section5.cycleCount.{0} (Fin n) (Fin.fintype n) (instDecidableEqFin n) (π n ω)
                            (@OfNat.ofNat.{0} Nat (nat_lit 0) (instOfNatNat (nat_lit 0)))))
                      (Real.log (Real.log (@Nat.cast.{0} Real Real.instNatCast n))))
                  (@Filter.atTop.{0} Nat Nat.instPreorder)
                  (@nhds.{0} Real
                    (@UniformSpace.toTopologicalSpace.{0} Real
                      (@PseudoMetricSpace.toUniformSpace.{0} Real Real.pseudoMetricSpace))
                    (@OfNat.ofNat.{0} Real (nat_lit 1) (@One.toOfNat1.{0} Real Real.instOne)))) :=
⋯
'Luce.Section6.CriticalProfile.fixed_point_limits' depends on axioms: [propext, Classical.choice.{u}, Quot.sound.{u}]
theorem Luce.Section6.CriticalProfile.fixed_point_race_limits : ∀ {f : Real → Real} {c eta d : Real},
  Luce.Section6.CriticalProfile f c eta d →
    ∀ (grid : Luce.Section6.SamplingGrid) (w : Luce.WeightArray),
      Luce.Section6.SampledRates grid w f →
        And
          (∀
            (F :
              @BoundedContinuousFunction.{0, 0} Real Real
                (@UniformSpace.toTopologicalSpace.{0} Real
                  (@PseudoMetricSpace.toUniformSpace.{0} Real Real.pseudoMetricSpace))
                Real.pseudoMetricSpace),
            @Filter.Tendsto.{0, 0} Nat Real
              (fun n =>
                @MeasureTheory.integral.{0, 0} (Fin n → Real) Real Real.normedAddCommGroup
                  (@InnerProductSpace.toNormedSpace.{0, 0} Real Real Real.instRCLike
                    (@NormedAddCommGroup.toSeminormedAddCommGroup.{0} Real Real.normedAddCommGroup)
                    (@RCLike.toInnerProductSpaceReal.{0} Real Real.instRCLike))
                  (@MeasurableSpace.pi.{0, 0} (Fin n) (fun a => Real) fun a => Real.measurableSpace)
                  (@Luce.exponentialRace n (w n)) fun e =>
                  @DFunLike.coe.{1, 1, 1}
                    (@BoundedContinuousFunction.{0, 0} Real Real
                      (@UniformSpace.toTopologicalSpace.{0} Real
                        (@PseudoMetricSpace.toUniformSpace.{0} Real Real.pseudoMetricSpace))
                      Real.pseudoMetricSpace)
                    Real (fun x => Real)
                    (@BoundedContinuousFunction.instFunLike.{0, 0} Real Real
                      (@UniformSpace.toTopologicalSpace.{0} Real
                        (@PseudoMetricSpace.toUniformSpace.{0} Real Real.pseudoMetricSpace))
                      Real.pseudoMetricSpace)
                    F
                    (@HDiv.hDiv.{0, 0, 0} Real Real Real
                      (@instHDiv.{0} Real (@DivInvMonoid.toDiv.{0} Real Real.instDivInvMonoid))
                      (@HSub.hSub.{0, 0, 0} Real Real Real (@instHSub.{0} Real Real.instSub)
                        (@Nat.cast.{0} Real Real.instNatCast
                          (@Luce.Section5.cycleCount.{0} (Fin n) (Fin.fintype n) (instDecidableEqFin n)
                            (@Luce.raceRankPermutation n e)
                            (@OfNat.ofNat.{0} Nat (nat_lit 0) (instOfNatNat (nat_lit 0)))))
                        (Real.log (Real.log (@Nat.cast.{0} Real Real.instNatCast n))))
                      (Real.log (Real.log (@Nat.cast.{0} Real Real.instNatCast n))).sqrt))
              (@Filter.atTop.{0} Nat Nat.instPreorder)
              (@nhds.{0} Real
                (@UniformSpace.toTopologicalSpace.{0} Real
                  (@PseudoMetricSpace.toUniformSpace.{0} Real Real.pseudoMetricSpace))
                (@MeasureTheory.integral.{0, 0} Real Real Real.normedAddCommGroup
                  (@InnerProductSpace.toNormedSpace.{0, 0} Real Real Real.instRCLike
                    (@NormedAddCommGroup.toSeminormedAddCommGroup.{0} Real Real.normedAddCommGroup)
                    (@RCLike.toInnerProductSpaceReal.{0} Real Real.instRCLike))
                  Real.measurableSpace
                  (ProbabilityTheory.gaussianReal
                    (@OfNat.ofNat.{0} Real (nat_lit 0) (@Zero.toOfNat0.{0} Real Real.instZero))
                    (@OfNat.ofNat.{0} NNReal (nat_lit 1) (@One.toOfNat1.{0} NNReal NNReal.instOne)))
                  fun z =>
                  @DFunLike.coe.{1, 1, 1}
                    (@BoundedContinuousFunction.{0, 0} Real Real
                      (@UniformSpace.toTopologicalSpace.{0} Real
                        (@PseudoMetricSpace.toUniformSpace.{0} Real Real.pseudoMetricSpace))
                      Real.pseudoMetricSpace)
                    Real (fun x => Real)
                    (@BoundedContinuousFunction.instFunLike.{0, 0} Real Real
                      (@UniformSpace.toTopologicalSpace.{0} Real
                        (@PseudoMetricSpace.toUniformSpace.{0} Real Real.pseudoMetricSpace))
                      Real.pseudoMetricSpace)
                    F z)))
          (@Filter.Tendsto.{0, 0} Nat Real
            (fun n =>
              @HDiv.hDiv.{0, 0, 0} Real Real Real
                (@instHDiv.{0} Real (@DivInvMonoid.toDiv.{0} Real Real.instDivInvMonoid))
                (@MeasureTheory.integral.{0, 0} (Fin n → Real) Real Real.normedAddCommGroup
                  (@InnerProductSpace.toNormedSpace.{0, 0} Real Real Real.instRCLike
                    (@NormedAddCommGroup.toSeminormedAddCommGroup.{0} Real Real.normedAddCommGroup)
                    (@RCLike.toInnerProductSpaceReal.{0} Real Real.instRCLike))
                  (@MeasurableSpace.pi.{0, 0} (Fin n) (fun a => Real) fun a => Real.measurableSpace)
                  (@Luce.exponentialRace n (w n)) fun e =>
                  @Nat.cast.{0} Real Real.instNatCast
                    (@Luce.Section5.cycleCount.{0} (Fin n) (Fin.fintype n) (instDecidableEqFin n)
                      (@Luce.raceRankPermutation n e) (@OfNat.ofNat.{0} Nat (nat_lit 0) (instOfNatNat (nat_lit 0)))))
                (Real.log (Real.log (@Nat.cast.{0} Real Real.instNatCast n))))
            (@Filter.atTop.{0} Nat Nat.instPreorder)
            (@nhds.{0} Real
              (@UniformSpace.toTopologicalSpace.{0} Real
                (@PseudoMetricSpace.toUniformSpace.{0} Real Real.pseudoMetricSpace))
              (@OfNat.ofNat.{0} Real (nat_lit 1) (@One.toOfNat1.{0} Real Real.instOne)))) :=
⋯
'Luce.Section6.CriticalProfile.fixed_point_race_limits' depends on axioms: [propext,
 Classical.choice.{u},
 Quot.sound.{u}]
theorem Luce.Section6.CriticalProfile.global_comparison : ∀ {f : Real → Real} {c eta d : Real},
  Luce.Section6.CriticalProfile f c eta d →
    ∃ a b,
      And (@LT.lt.{0} Real Real.instLT (@OfNat.ofNat.{0} Real (nat_lit 0) (@Zero.toOfNat0.{0} Real Real.instZero)) a)
        (And (@LT.lt.{0} Real Real.instLT (@OfNat.ofNat.{0} Real (nat_lit 0) (@Zero.toOfNat0.{0} Real Real.instZero)) b)
          (∀ (s : Real),
            @Membership.mem.{0, 0} Real (Set.{0} Real) (@Set.instMembership.{0} Real)
                (@Set.Ioo.{0} Real Real.instPreorder
                  (@OfNat.ofNat.{0} Real (nat_lit 0) (@Zero.toOfNat0.{0} Real Real.instZero))
                  (@OfNat.ofNat.{0} Real (nat_lit 1) (@One.toOfNat1.{0} Real Real.instOne)))
                s →
              And
                (@LE.le.{0} Real Real.instLE
                  (@HDiv.hDiv.{0, 0, 0} Real Real Real
                    (@instHDiv.{0} Real (@DivInvMonoid.toDiv.{0} Real Real.instDivInvMonoid)) a s)
                  (f s))
                (@LE.le.{0} Real Real.instLE (f s)
                  (@HDiv.hDiv.{0, 0, 0} Real Real Real
                    (@instHDiv.{0} Real (@DivInvMonoid.toDiv.{0} Real Real.instDivInvMonoid)) b s)))) :=
⋯
'Luce.Section6.CriticalProfile.global_comparison' depends on axioms: [propext, Classical.choice.{u}, Quot.sound.{u}]
theorem Luce.Section6.CriticalProfile.global_error_bound : ∀ {f : Real → Real} {c eta d : Real},
  Luce.Section6.CriticalProfile f c eta d →
    ∃ e C,
      And (@LT.lt.{0} Real Real.instLT (@OfNat.ofNat.{0} Real (nat_lit 0) (@Zero.toOfNat0.{0} Real Real.instZero)) e)
        (And
          (@LE.le.{0} Real Real.instLE e
            (@HDiv.hDiv.{0, 0, 0} Real Real Real
              (@instHDiv.{0} Real (@DivInvMonoid.toDiv.{0} Real Real.instDivInvMonoid))
              (@OfNat.ofNat.{0} Real (nat_lit 1) (@One.toOfNat1.{0} Real Real.instOne))
              (@OfNat.ofNat.{0} Real (nat_lit 2) (@instOfNatAtLeastTwo.{0} Real (nat_lit 2) Real.instNatCast ⋯))))
          (And
            (@LT.lt.{0} Real Real.instLT (@OfNat.ofNat.{0} Real (nat_lit 0) (@Zero.toOfNat0.{0} Real Real.instZero)) C)
            (∀ (s : Real),
              @Membership.mem.{0, 0} Real (Set.{0} Real) (@Set.instMembership.{0} Real)
                  (@Set.Ioo.{0} Real Real.instPreorder
                    (@OfNat.ofNat.{0} Real (nat_lit 0) (@Zero.toOfNat0.{0} Real Real.instZero))
                    (@OfNat.ofNat.{0} Real (nat_lit 1) (@One.toOfNat1.{0} Real Real.instOne)))
                  s →
                @LE.le.{0} Real Real.instLE
                  (@abs.{0} Real Real.lattice Real.instAddGroup
                    (@HSub.hSub.{0, 0, 0} Real Real Real (@instHSub.{0} Real Real.instSub) (f s)
                      (@HDiv.hDiv.{0, 0, 0} Real Real Real
                        (@instHDiv.{0} Real (@DivInvMonoid.toDiv.{0} Real Real.instDivInvMonoid)) c s)))
                  (@HMul.hMul.{0, 0, 0} Real Real Real (@instHMul.{0} Real Real.instMul) C
                    (@HPow.hPow.{0, 0, 0} Real Real Real (@instHPow.{0, 0} Real Real Real.instPow) s
                      (@HSub.hSub.{0, 0, 0} Real Real Real (@instHSub.{0} Real Real.instSub) e
                        (@OfNat.ofNat.{0} Real (nat_lit 1) (@One.toOfNat1.{0} Real Real.instOne)))))))) :=
⋯
'Luce.Section6.CriticalProfile.global_error_bound' depends on axioms: [propext, Classical.choice.{u}, Quot.sound.{u}]
theorem Luce.Section6.CriticalProfile.hazard_approximation : ∀ {f : Real → Real} {c eta d : Real},
  Luce.Section6.CriticalProfile f c eta d →
    ∃ K Z,
      And (@LT.lt.{0} Real Real.instLT (@OfNat.ofNat.{0} Real (nat_lit 0) (@Zero.toOfNat0.{0} Real Real.instZero)) K)
        (And (@LE.le.{0} Real Real.instLE (@OfNat.ofNat.{0} Real (nat_lit 1) (@One.toOfNat1.{0} Real Real.instOne)) Z)
          (∀ (grid : Luce.Section6.SamplingGrid) (w : Luce.WeightArray),
            Luce.Section6.SampledRates grid w f →
              ∀ (n : Nat) (k : Fin n),
                @LE.le.{0} Nat instLENat (@OfNat.ofNat.{0} Nat (nat_lit 4) (instOfNatNat (nat_lit 4)))
                    (@HAdd.hAdd.{0, 0, 0} Nat Nat Nat (@instHAdd.{0} Nat instAddNat) (@Fin.val n k)
                      (@OfNat.ofNat.{0} Nat (nat_lit 1) (instOfNatNat (nat_lit 1)))) →
                  @LE.le.{0} Real Real.instLE (@Nat.cast.{0} Real Real.instNatCast n)
                      (@HPow.hPow.{0, 0, 0} Real Nat Real
                        (@instHPow.{0, 0} Real Nat (@NPow.toPow.{0} Real (@Monoid.toNPow.{0} Real Real.instMonoid)))
                        (@HAdd.hAdd.{0, 0, 0} Real Real Real (@instHAdd.{0} Real Real.instAdd)
                          (@Nat.cast.{0} Real Real.instNatCast (@Fin.val n k))
                          (@OfNat.ofNat.{0} Real (nat_lit 1) (@One.toOfNat1.{0} Real Real.instOne)))
                        (@OfNat.ofNat.{0} Nat (nat_lit 2) (instOfNatNat (nat_lit 2)))) →
                    @LE.le.{0} Real Real.instLE Z
                        (Real.log
                          (@HDiv.hDiv.{0, 0, 0} Real Real Real
                            (@instHDiv.{0} Real (@DivInvMonoid.toDiv.{0} Real Real.instDivInvMonoid))
                            (@Nat.cast.{0} Real Real.instNatCast n)
                            (@HAdd.hAdd.{0, 0, 0} Real Real Real (@instHAdd.{0} Real Real.instAdd)
                              (@Nat.cast.{0} Real Real.instNatCast (@Fin.val n k))
                              (@OfNat.ofNat.{0} Real (nat_lit 1) (@One.toOfNat1.{0} Real Real.instOne))))) →
                      @LE.le.{0} Real Real.instLE
                        (@MeasureTheory.integral.{0, 0} (Fin n → Real) Real Real.normedAddCommGroup
                          (@InnerProductSpace.toNormedSpace.{0, 0} Real Real Real.instRCLike
                            (@NormedAddCommGroup.toSeminormedAddCommGroup.{0} Real Real.normedAddCommGroup)
                            (@RCLike.toInnerProductSpaceReal.{0} Real Real.instRCLike))
                          (@MeasurableSpace.pi.{0, 0} (Fin n) (fun a => Real) fun a => Real.measurableSpace)
                          (@Luce.exponentialRace n (w n)) fun e =>
                          @abs.{0} Real Real.lattice Real.instAddGroup
                            (@HSub.hSub.{0, 0, 0} Real Real Real (@instHSub.{0} Real Real.instSub)
                              (@Luce.predictableChance n (w n)
                                (@Equiv.symm.{1, 1} (Fin n) (Fin n) (@Luce.raceRankPermutation n e)) k)
                              (@HDiv.hDiv.{0, 0, 0} Real Real Real
                                (@instHDiv.{0} Real (@DivInvMonoid.toDiv.{0} Real Real.instDivInvMonoid))
                                (@Luce.Weights.rate n (w n) k)
                                (@HMul.hMul.{0, 0, 0} Real Real Real (@instHMul.{0} Real Real.instMul)
                                  (@HMul.hMul.{0, 0, 0} Real Real Real (@instHMul.{0} Real Real.instMul) c
                                    (@Nat.cast.{0} Real Real.instNatCast n))
                                  (Real.log
                                    (@HDiv.hDiv.{0, 0, 0} Real Real Real
                                      (@instHDiv.{0} Real (@DivInvMonoid.toDiv.{0} Real Real.instDivInvMonoid))
                                      (@Nat.cast.{0} Real Real.instNatCast n)
                                      (@HAdd.hAdd.{0, 0, 0} Real Real Real (@instHAdd.{0} Real Real.instAdd)
                                        (@Nat.cast.{0} Real Real.instNatCast (@Fin.val n k))
                                        (@OfNat.ofNat.{0} Real (nat_lit 1) (@One.toOfNat1.{0} Real Real.instOne)))))))))
                        (@HMul.hMul.{0, 0, 0} Real Real Real (@instHMul.{0} Real Real.instMul)
                          (@HDiv.hDiv.{0, 0, 0} Real Real Real
                            (@instHDiv.{0} Real (@DivInvMonoid.toDiv.{0} Real Real.instDivInvMonoid)) K
                            (@HMul.hMul.{0, 0, 0} Real Real Real (@instHMul.{0} Real Real.instMul)
                              (@HAdd.hAdd.{0, 0, 0} Real Real Real (@instHAdd.{0} Real Real.instAdd)
                                (@Nat.cast.{0} Real Real.instNatCast (@Fin.val n k))
                                (@OfNat.ofNat.{0} Real (nat_lit 1) (@One.toOfNat1.{0} Real Real.instOne)))
                              (Real.log
                                (@HDiv.hDiv.{0, 0, 0} Real Real Real
                                  (@instHDiv.{0} Real (@DivInvMonoid.toDiv.{0} Real Real.instDivInvMonoid))
                                  (@Nat.cast.{0} Real Real.instNatCast n)
                                  (@HAdd.hAdd.{0, 0, 0} Real Real Real (@instHAdd.{0} Real Real.instAdd)
                                    (@Nat.cast.{0} Real Real.instNatCast (@Fin.val n k))
                                    (@OfNat.ofNat.{0} Real (nat_lit 1) (@One.toOfNat1.{0} Real Real.instOne)))))))
                          (@HAdd.hAdd.{0, 0, 0} Real Real Real (@instHAdd.{0} Real Real.instAdd)
                            (@HDiv.hDiv.{0, 0, 0} Real Real Real
                              (@instHDiv.{0} Real (@DivInvMonoid.toDiv.{0} Real Real.instDivInvMonoid))
                              (@HAdd.hAdd.{0, 0, 0} Real Real Real (@instHAdd.{0} Real Real.instAdd)
                                (@OfNat.ofNat.{0} Real (nat_lit 1) (@One.toOfNat1.{0} Real Real.instOne))
                                (Real.log
                                  (Real.log
                                    (@HDiv.hDiv.{0, 0, 0} Real Real Real
                                      (@instHDiv.{0} Real (@DivInvMonoid.toDiv.{0} Real Real.instDivInvMonoid))
                                      (@Nat.cast.{0} Real Real.instNatCast n)
                                      (@HAdd.hAdd.{0, 0, 0} Real Real Real (@instHAdd.{0} Real Real.instAdd)
                                        (@Nat.cast.{0} Real Real.instNatCast (@Fin.val n k))
                                        (@OfNat.ofNat.{0} Real (nat_lit 1) (@One.toOfNat1.{0} Real Real.instOne)))))))
                              (Real.log
                                (@HDiv.hDiv.{0, 0, 0} Real Real Real
                                  (@instHDiv.{0} Real (@DivInvMonoid.toDiv.{0} Real Real.instDivInvMonoid))
                                  (@Nat.cast.{0} Real Real.instNatCast n)
                                  (@HAdd.hAdd.{0, 0, 0} Real Real Real (@instHAdd.{0} Real Real.instAdd)
                                    (@Nat.cast.{0} Real Real.instNatCast (@Fin.val n k))
                                    (@OfNat.ofNat.{0} Real (nat_lit 1) (@One.toOfNat1.{0} Real Real.instOne))))))
                            (@HDiv.hDiv.{0, 0, 0} Real Real Real
                              (@instHDiv.{0} Real (@DivInvMonoid.toDiv.{0} Real Real.instDivInvMonoid))
                              (@OfNat.ofNat.{0} Real (nat_lit 1) (@One.toOfNat1.{0} Real Real.instOne))
                              (@HAdd.hAdd.{0, 0, 0} Real Real Real (@instHAdd.{0} Real Real.instAdd)
                                (@Nat.cast.{0} Real Real.instNatCast (@Fin.val n k))
                                (@OfNat.ofNat.{0} Real (nat_lit 1) (@One.toOfNat1.{0} Real Real.instOne)))))))) :=
⋯
'Luce.Section6.CriticalProfile.hazard_approximation' depends on axioms: [propext, Classical.choice.{u}, Quot.sound.{u}]
theorem Luce.Section6.CriticalProfile.late_vertex_expectation : ∀ {f : Real → Real} {c eta d : Real},
  Luce.Section6.CriticalProfile f c eta d →
    ∀ (k : Nat) {eps : Real},
      @LT.lt.{0} Real Real.instLT (@OfNat.ofNat.{0} Real (nat_lit 0) (@Zero.toOfNat0.{0} Real Real.instZero)) eps →
        ∃ C,
          And
            (@LT.lt.{0} Real Real.instLT (@OfNat.ofNat.{0} Real (nat_lit 0) (@Zero.toOfNat0.{0} Real Real.instZero)) C)
            (∀ (grid : Luce.Section6.SamplingGrid) (w : Luce.WeightArray),
              Luce.Section6.SampledRates grid w f →
                ∀ (n : Nat) (S : Finset.{0} (Fin n)),
                  (∀ (i : Fin n),
                      @Membership.mem.{0, 0} (Fin n) (Finset.{0} (Fin n))
                          (@SetLike.instMembership.{0, 0} (Finset.{0} (Fin n)) (Fin n)
                            (@Finset.instSetLike.{0} (Fin n)))
                          S i →
                        @LE.le.{0} Real Real.instLE eps
                          (@HDiv.hDiv.{0, 0, 0} Real Real Real
                            (@instHDiv.{0} Real (@DivInvMonoid.toDiv.{0} Real Real.instDivInvMonoid))
                            (@HAdd.hAdd.{0, 0, 0} Real Real Real (@instHAdd.{0} Real Real.instAdd)
                              (@Nat.cast.{0} Real Real.instNatCast (@Fin.val n i))
                              (@OfNat.ofNat.{0} Real (nat_lit 1) (@One.toOfNat1.{0} Real Real.instOne)))
                            (@Nat.cast.{0} Real Real.instNatCast n))) →
                    @LE.le.{0} Real Real.instLE
                      (@MeasureTheory.integral.{0, 0} (Fin n → Real) Real Real.normedAddCommGroup
                        (@InnerProductSpace.toNormedSpace.{0, 0} Real Real Real.instRCLike
                          (@NormedAddCommGroup.toSeminormedAddCommGroup.{0} Real Real.normedAddCommGroup)
                          (@RCLike.toInnerProductSpaceReal.{0} Real Real.instRCLike))
                        (@MeasurableSpace.pi.{0, 0} (Fin n) (fun a => Real) fun a => Real.measurableSpace)
                        (@Luce.exponentialRace n (w n)) fun e =>
                        @Nat.cast.{0} Real Real.instNatCast
                          (@Luce.Section6.exactCycleVertexCount n (@Luce.raceRankPermutation n e)
                            (@HAdd.hAdd.{0, 0, 0} Nat Nat Nat (@instHAdd.{0} Nat instAddNat) k
                              (@OfNat.ofNat.{0} Nat (nat_lit 1) (instOfNatNat (nat_lit 1))))
                            S))
                      C) :=
⋯
'Luce.Section6.CriticalProfile.late_vertex_expectation' depends on axioms: [propext,
 Classical.choice.{u},
 Quot.sound.{u}]
theorem Luce.Section6.CriticalProfile.longer_cycle_race_bound : ∀ {f : Real → Real} {c eta d : Real},
  Luce.Section6.CriticalProfile f c eta d →
    ∀ (k : Nat),
      @LE.le.{0} Nat instLENat (@OfNat.ofNat.{0} Nat (nat_lit 1) (instOfNatNat (nat_lit 1))) k →
        ∃ C,
          And
            (@LT.lt.{0} Real Real.instLT (@OfNat.ofNat.{0} Real (nat_lit 0) (@Zero.toOfNat0.{0} Real Real.instZero)) C)
            (∀ (grid : Luce.Section6.SamplingGrid) (w : Luce.WeightArray),
              Luce.Section6.SampledRates grid w f →
                ∀ (n : Nat),
                  @LE.le.{0} Real Real.instLE
                    (@MeasureTheory.integral.{0, 0} (Fin n → Real) Real Real.normedAddCommGroup
                      (@InnerProductSpace.toNormedSpace.{0, 0} Real Real Real.instRCLike
                        (@NormedAddCommGroup.toSeminormedAddCommGroup.{0} Real Real.normedAddCommGroup)
                        (@RCLike.toInnerProductSpaceReal.{0} Real Real.instRCLike))
                      (@MeasurableSpace.pi.{0, 0} (Fin n) (fun a => Real) fun a => Real.measurableSpace)
                      (@Luce.exponentialRace n (w n)) fun e =>
                      @Nat.cast.{0} Real Real.instNatCast
                        (@Luce.Section5.cycleCount.{0} (Fin n) (Fin.fintype n) (instDecidableEqFin n)
                          (@Luce.raceRankPermutation n e) k))
                    C) :=
⋯
'Luce.Section6.CriticalProfile.longer_cycle_race_bound' depends on axioms: [propext,
 Classical.choice.{u},
 Quot.sound.{u}]
theorem Luce.Section6.CriticalProfile.main_missing_expectation : ∀ {f : Real → Real} {c eta d : Real},
  Luce.Section6.CriticalProfile f c eta d →
    ∃ K Z,
      And (@LT.lt.{0} Real Real.instLT (@OfNat.ofNat.{0} Real (nat_lit 0) (@Zero.toOfNat0.{0} Real Real.instZero)) K)
        (And (@LE.le.{0} Real Real.instLE (@OfNat.ofNat.{0} Real (nat_lit 1) (@One.toOfNat1.{0} Real Real.instOne)) Z)
          (∀ (grid : Luce.Section6.SamplingGrid) (w : Luce.WeightArray),
            Luce.Section6.SampledRates grid w f →
              ∀ (n : Nat) (k : Fin n),
                @LE.le.{0} Nat instLENat (@OfNat.ofNat.{0} Nat (nat_lit 4) (instOfNatNat (nat_lit 4)))
                    (@HAdd.hAdd.{0, 0, 0} Nat Nat Nat (@instHAdd.{0} Nat instAddNat) (@Fin.val n k)
                      (@OfNat.ofNat.{0} Nat (nat_lit 1) (instOfNatNat (nat_lit 1)))) →
                  @LE.le.{0} Real Real.instLE Z
                      (Real.log
                        (@HDiv.hDiv.{0, 0, 0} Real Real Real
                          (@instHDiv.{0} Real (@DivInvMonoid.toDiv.{0} Real Real.instDivInvMonoid))
                          (@Nat.cast.{0} Real Real.instNatCast n)
                          (@HAdd.hAdd.{0, 0, 0} Real Real Real (@instHAdd.{0} Real Real.instAdd)
                            (@Nat.cast.{0} Real Real.instNatCast (@Fin.val n k))
                            (@OfNat.ofNat.{0} Real (nat_lit 1) (@One.toOfNat1.{0} Real Real.instOne))))) →
                    @LE.le.{0} Real Real.instLE
                      (@MeasureTheory.integral.{0, 0} (Fin n → Real) Real Real.normedAddCommGroup
                        (@InnerProductSpace.toNormedSpace.{0, 0} Real Real Real.instRCLike
                          (@NormedAddCommGroup.toSeminormedAddCommGroup.{0} Real Real.normedAddCommGroup)
                          (@RCLike.toInnerProductSpaceReal.{0} Real Real.instRCLike))
                        (@MeasurableSpace.pi.{0, 0} (Fin n) (fun a => Real) fun a => Real.measurableSpace)
                        (@Luce.exponentialRace n (w n)) fun e => @Luce.Section6.criticalMissingIndicator n k e)
                      (@HMul.hMul.{0, 0, 0} Real Real Real (@instHMul.{0} Real Real.instMul) K
                        (@HAdd.hAdd.{0, 0, 0} Real Real Real (@instHAdd.{0} Real Real.instAdd)
                          (@HDiv.hDiv.{0, 0, 0} Real Real Real
                            (@instHDiv.{0} Real (@DivInvMonoid.toDiv.{0} Real Real.instDivInvMonoid))
                            (@OfNat.ofNat.{0} Real (nat_lit 1) (@One.toOfNat1.{0} Real Real.instOne))
                            (Real.log
                              (@HDiv.hDiv.{0, 0, 0} Real Real Real
                                (@instHDiv.{0} Real (@DivInvMonoid.toDiv.{0} Real Real.instDivInvMonoid))
                                (@Nat.cast.{0} Real Real.instNatCast n)
                                (@HAdd.hAdd.{0, 0, 0} Real Real Real (@instHAdd.{0} Real Real.instAdd)
                                  (@Nat.cast.{0} Real Real.instNatCast (@Fin.val n k))
                                  (@OfNat.ofNat.{0} Real (nat_lit 1) (@One.toOfNat1.{0} Real Real.instOne))))))
                          (@HDiv.hDiv.{0, 0, 0} Real Real Real
                            (@instHDiv.{0} Real (@DivInvMonoid.toDiv.{0} Real Real.instDivInvMonoid))
                            (@OfNat.ofNat.{0} Real (nat_lit 1) (@One.toOfNat1.{0} Real Real.instOne))
                            (@HAdd.hAdd.{0, 0, 0} Real Real Real (@instHAdd.{0} Real Real.instAdd)
                              (@Nat.cast.{0} Real Real.instNatCast (@Fin.val n k))
                              (@OfNat.ofNat.{0} Real (nat_lit 1) (@One.toOfNat1.{0} Real Real.instOne)))))))) :=
⋯
'Luce.Section6.CriticalProfile.main_missing_expectation' depends on axioms: [propext,
 Classical.choice.{u},
 Quot.sound.{u}]
theorem Luce.Section6.CriticalProfile.main_probability_approximation : ∀ {f : Real → Real} {c eta d : Real},
  Luce.Section6.CriticalProfile f c eta d →
    ∃ K Z delta,
      And (@LT.lt.{0} Real Real.instLT (@OfNat.ofNat.{0} Real (nat_lit 0) (@Zero.toOfNat0.{0} Real Real.instZero)) K)
        (And (@LE.le.{0} Real Real.instLE (@OfNat.ofNat.{0} Real (nat_lit 1) (@One.toOfNat1.{0} Real Real.instOne)) Z)
          (And
            (@LT.lt.{0} Real Real.instLT (@OfNat.ofNat.{0} Real (nat_lit 0) (@Zero.toOfNat0.{0} Real Real.instZero))
              delta)
            (And
              (@LT.lt.{0} Real Real.instLT delta
                (@OfNat.ofNat.{0} Real (nat_lit 1) (@One.toOfNat1.{0} Real Real.instOne)))
              (∀ (grid : Luce.Section6.SamplingGrid) (w : Luce.WeightArray),
                Luce.Section6.SampledRates grid w f →
                  ∀ (n : Nat) (k : Fin n),
                    @LE.le.{0} Nat instLENat (@OfNat.ofNat.{0} Nat (nat_lit 4) (instOfNatNat (nat_lit 4)))
                        (@HAdd.hAdd.{0, 0, 0} Nat Nat Nat (@instHAdd.{0} Nat instAddNat) (@Fin.val n k)
                          (@OfNat.ofNat.{0} Nat (nat_lit 1) (instOfNatNat (nat_lit 1)))) →
                      @LE.le.{0} Real Real.instLE (@Nat.cast.{0} Real Real.instNatCast n)
                          (@HPow.hPow.{0, 0, 0} Real Nat Real
                            (@instHPow.{0, 0} Real Nat (@NPow.toPow.{0} Real (@Monoid.toNPow.{0} Real Real.instMonoid)))
                            (@HAdd.hAdd.{0, 0, 0} Real Real Real (@instHAdd.{0} Real Real.instAdd)
                              (@Nat.cast.{0} Real Real.instNatCast (@Fin.val n k))
                              (@OfNat.ofNat.{0} Real (nat_lit 1) (@One.toOfNat1.{0} Real Real.instOne)))
                            (@OfNat.ofNat.{0} Nat (nat_lit 2) (instOfNatNat (nat_lit 2)))) →
                        @LE.le.{0} Real Real.instLE Z
                            (Real.log
                              (@HDiv.hDiv.{0, 0, 0} Real Real Real
                                (@instHDiv.{0} Real (@DivInvMonoid.toDiv.{0} Real Real.instDivInvMonoid))
                                (@Nat.cast.{0} Real Real.instNatCast n)
                                (@HAdd.hAdd.{0, 0, 0} Real Real Real (@instHAdd.{0} Real Real.instAdd)
                                  (@Nat.cast.{0} Real Real.instNatCast (@Fin.val n k))
                                  (@OfNat.ofNat.{0} Real (nat_lit 1) (@One.toOfNat1.{0} Real Real.instOne))))) →
                          @LT.lt.{0} Real Real.instLT
                              (@HDiv.hDiv.{0, 0, 0} Real Real Real
                                (@instHDiv.{0} Real (@DivInvMonoid.toDiv.{0} Real Real.instDivInvMonoid))
                                (@HAdd.hAdd.{0, 0, 0} Real Real Real (@instHAdd.{0} Real Real.instAdd)
                                  (@Nat.cast.{0} Real Real.instNatCast (@Fin.val n k))
                                  (@OfNat.ofNat.{0} Real (nat_lit 1) (@One.toOfNat1.{0} Real Real.instOne)))
                                (@Nat.cast.{0} Real Real.instNatCast n))
                              delta →
                            @LE.le.{0} Real Real.instLE
                              (@MeasureTheory.integral.{0, 0} (Fin n → Real) Real Real.normedAddCommGroup
                                (@InnerProductSpace.toNormedSpace.{0, 0} Real Real Real.instRCLike
                                  (@NormedAddCommGroup.toSeminormedAddCommGroup.{0} Real Real.normedAddCommGroup)
                                  (@RCLike.toInnerProductSpaceReal.{0} Real Real.instRCLike))
                                (@MeasurableSpace.pi.{0, 0} (Fin n) (fun a => Real) fun a => Real.measurableSpace)
                                (@Luce.exponentialRace n (w n)) fun e =>
                                @abs.{0} Real Real.lattice Real.instAddGroup
                                  (@HSub.hSub.{0, 0, 0} Real Real Real (@instHSub.{0} Real Real.instSub)
                                    (@Luce.predictableChance n (w n)
                                      (@Equiv.symm.{1, 1} (Fin n) (Fin n) (@Luce.raceRankPermutation n e)) k)
                                    (@HDiv.hDiv.{0, 0, 0} Real Real Real
                                      (@instHDiv.{0} Real (@DivInvMonoid.toDiv.{0} Real Real.instDivInvMonoid))
                                      (@OfNat.ofNat.{0} Real (nat_lit 1) (@One.toOfNat1.{0} Real Real.instOne))
                                      (@HMul.hMul.{0, 0, 0} Real Real Real (@instHMul.{0} Real Real.instMul)
                                        (@HAdd.hAdd.{0, 0, 0} Real Real Real (@instHAdd.{0} Real Real.instAdd)
                                          (@Nat.cast.{0} Real Real.instNatCast (@Fin.val n k))
                                          (@OfNat.ofNat.{0} Real (nat_lit 1) (@One.toOfNat1.{0} Real Real.instOne)))
                                        (Real.log
                                          (@HDiv.hDiv.{0, 0, 0} Real Real Real
                                            (@instHDiv.{0} Real (@DivInvMonoid.toDiv.{0} Real Real.instDivInvMonoid))
                                            (@Nat.cast.{0} Real Real.instNatCast n)
                                            (@HAdd.hAdd.{0, 0, 0} Real Real Real (@instHAdd.{0} Real Real.instAdd)
                                              (@Nat.cast.{0} Real Real.instNatCast (@Fin.val n k))
                                              (@OfNat.ofNat.{0} Real (nat_lit 1)
                                                (@One.toOfNat1.{0} Real Real.instOne)))))))))
                              (@HMul.hMul.{0, 0, 0} Real Real Real (@instHMul.{0} Real Real.instMul)
                                (@HDiv.hDiv.{0, 0, 0} Real Real Real
                                  (@instHDiv.{0} Real (@DivInvMonoid.toDiv.{0} Real Real.instDivInvMonoid)) K
                                  (@HMul.hMul.{0, 0, 0} Real Real Real (@instHMul.{0} Real Real.instMul)
                                    (@HAdd.hAdd.{0, 0, 0} Real Real Real (@instHAdd.{0} Real Real.instAdd)
                                      (@Nat.cast.{0} Real Real.instNatCast (@Fin.val n k))
                                      (@OfNat.ofNat.{0} Real (nat_lit 1) (@One.toOfNat1.{0} Real Real.instOne)))
                                    (Real.log
                                      (@HDiv.hDiv.{0, 0, 0} Real Real Real
                                        (@instHDiv.{0} Real (@DivInvMonoid.toDiv.{0} Real Real.instDivInvMonoid))
                                        (@Nat.cast.{0} Real Real.instNatCast n)
                                        (@HAdd.hAdd.{0, 0, 0} Real Real Real (@instHAdd.{0} Real Real.instAdd)
                                          (@Nat.cast.{0} Real Real.instNatCast (@Fin.val n k))
                                          (@OfNat.ofNat.{0} Real (nat_lit 1) (@One.toOfNat1.{0} Real Real.instOne)))))))
                                (@HAdd.hAdd.{0, 0, 0} Real Real Real (@instHAdd.{0} Real Real.instAdd)
                                  (@HAdd.hAdd.{0, 0, 0} Real Real Real (@instHAdd.{0} Real Real.instAdd)
                                    (@HDiv.hDiv.{0, 0, 0} Real Real Real
                                      (@instHDiv.{0} Real (@DivInvMonoid.toDiv.{0} Real Real.instDivInvMonoid))
                                      (@HAdd.hAdd.{0, 0, 0} Real Real Real (@instHAdd.{0} Real Real.instAdd)
                                        (@OfNat.ofNat.{0} Real (nat_lit 1) (@One.toOfNat1.{0} Real Real.instOne))
                                        (Real.log
                                          (Real.log
                                            (@HDiv.hDiv.{0, 0, 0} Real Real Real
                                              (@instHDiv.{0} Real (@DivInvMonoid.toDiv.{0} Real Real.instDivInvMonoid))
                                              (@Nat.cast.{0} Real Real.instNatCast n)
                                              (@HAdd.hAdd.{0, 0, 0} Real Real Real (@instHAdd.{0} Real Real.instAdd)
                                                (@Nat.cast.{0} Real Real.instNatCast (@Fin.val n k))
                                                (@OfNat.ofNat.{0} Real (nat_lit 1)
                                                  (@One.toOfNat1.{0} Real Real.instOne)))))))
                                      (Real.log
                                        (@HDiv.hDiv.{0, 0, 0} Real Real Real
                                          (@instHDiv.{0} Real (@DivInvMonoid.toDiv.{0} Real Real.instDivInvMonoid))
                                          (@Nat.cast.{0} Real Real.instNatCast n)
                                          (@HAdd.hAdd.{0, 0, 0} Real Real Real (@instHAdd.{0} Real Real.instAdd)
                                            (@Nat.cast.{0} Real Real.instNatCast (@Fin.val n k))
                                            (@OfNat.ofNat.{0} Real (nat_lit 1)
                                              (@One.toOfNat1.{0} Real Real.instOne))))))
                                    (@HDiv.hDiv.{0, 0, 0} Real Real Real
                                      (@instHDiv.{0} Real (@DivInvMonoid.toDiv.{0} Real Real.instDivInvMonoid))
                                      (@OfNat.ofNat.{0} Real (nat_lit 1) (@One.toOfNat1.{0} Real Real.instOne))
                                      (@HAdd.hAdd.{0, 0, 0} Real Real Real (@instHAdd.{0} Real Real.instAdd)
                                        (@Nat.cast.{0} Real Real.instNatCast (@Fin.val n k))
                                        (@OfNat.ofNat.{0} Real (nat_lit 1) (@One.toOfNat1.{0} Real Real.instOne)))))
                                  (@HPow.hPow.{0, 0, 0} Real Real Real (@instHPow.{0, 0} Real Real Real.instPow)
                                    (@HDiv.hDiv.{0, 0, 0} Real Real Real
                                      (@instHDiv.{0} Real (@DivInvMonoid.toDiv.{0} Real Real.instDivInvMonoid))
                                      (@HAdd.hAdd.{0, 0, 0} Real Real Real (@instHAdd.{0} Real Real.instAdd)
                                        (@Nat.cast.{0} Real Real.instNatCast (@Fin.val n k))
                                        (@OfNat.ofNat.{0} Real (nat_lit 1) (@One.toOfNat1.{0} Real Real.instOne)))
                                      (@Nat.cast.{0} Real Real.instNatCast n))
                                    eta))))))) :=
⋯
'Luce.Section6.CriticalProfile.main_probability_approximation' depends on axioms: [propext,
 Classical.choice.{u},
 Quot.sound.{u}]
theorem Luce.Section6.CriticalProfile.main_remaining_expectation : ∀ {f : Real → Real} {c eta d : Real},
  Luce.Section6.CriticalProfile f c eta d →
    ∃ K Z,
      And (@LT.lt.{0} Real Real.instLT (@OfNat.ofNat.{0} Real (nat_lit 0) (@Zero.toOfNat0.{0} Real Real.instZero)) K)
        (And (@LE.le.{0} Real Real.instLE (@OfNat.ofNat.{0} Real (nat_lit 1) (@One.toOfNat1.{0} Real Real.instOne)) Z)
          (∀ (grid : Luce.Section6.SamplingGrid) (w : Luce.WeightArray),
            Luce.Section6.SampledRates grid w f →
              ∀ (n : Nat) (k : Fin n),
                @LE.le.{0} Nat instLENat (@OfNat.ofNat.{0} Nat (nat_lit 4) (instOfNatNat (nat_lit 4)))
                    (@HAdd.hAdd.{0, 0, 0} Nat Nat Nat (@instHAdd.{0} Nat instAddNat) (@Fin.val n k)
                      (@OfNat.ofNat.{0} Nat (nat_lit 1) (instOfNatNat (nat_lit 1)))) →
                  @LE.le.{0} Real Real.instLE (@Nat.cast.{0} Real Real.instNatCast n)
                      (@HPow.hPow.{0, 0, 0} Real Nat Real
                        (@instHPow.{0, 0} Real Nat (@NPow.toPow.{0} Real (@Monoid.toNPow.{0} Real Real.instMonoid)))
                        (@HAdd.hAdd.{0, 0, 0} Real Real Real (@instHAdd.{0} Real Real.instAdd)
                          (@Nat.cast.{0} Real Real.instNatCast (@Fin.val n k))
                          (@OfNat.ofNat.{0} Real (nat_lit 1) (@One.toOfNat1.{0} Real Real.instOne)))
                        (@OfNat.ofNat.{0} Nat (nat_lit 2) (instOfNatNat (nat_lit 2)))) →
                    @LE.le.{0} Real Real.instLE Z
                        (Real.log
                          (@HDiv.hDiv.{0, 0, 0} Real Real Real
                            (@instHDiv.{0} Real (@DivInvMonoid.toDiv.{0} Real Real.instDivInvMonoid))
                            (@Nat.cast.{0} Real Real.instNatCast n)
                            (@HAdd.hAdd.{0, 0, 0} Real Real Real (@instHAdd.{0} Real Real.instAdd)
                              (@Nat.cast.{0} Real Real.instNatCast (@Fin.val n k))
                              (@OfNat.ofNat.{0} Real (nat_lit 1) (@One.toOfNat1.{0} Real Real.instOne))))) →
                      @LE.le.{0} Real Real.instLE
                        (@MeasureTheory.integral.{0, 0} (Fin n → Real) Real Real.normedAddCommGroup
                          (@InnerProductSpace.toNormedSpace.{0, 0} Real Real Real.instRCLike
                            (@NormedAddCommGroup.toSeminormedAddCommGroup.{0} Real Real.normedAddCommGroup)
                            (@RCLike.toInnerProductSpaceReal.{0} Real Real.instRCLike))
                          (@MeasurableSpace.pi.{0, 0} (Fin n) (fun a => Real) fun a => Real.measurableSpace)
                          (@Luce.exponentialRace n (w n)) fun e => @Luce.Section6.criticalRemainingWeight n (w n) k e)
                        (@HAdd.hAdd.{0, 0, 0} Real Real Real (@instHAdd.{0} Real Real.instAdd)
                          (@HMul.hMul.{0, 0, 0} Real Real Real (@instHMul.{0} Real Real.instMul)
                            (@HMul.hMul.{0, 0, 0} Real Real Real (@instHMul.{0} Real Real.instMul) c
                              (@Nat.cast.{0} Real Real.instNatCast n))
                            (Real.log
                              (@HDiv.hDiv.{0, 0, 0} Real Real Real
                                (@instHDiv.{0} Real (@DivInvMonoid.toDiv.{0} Real Real.instDivInvMonoid))
                                (@Nat.cast.{0} Real Real.instNatCast n)
                                (@HAdd.hAdd.{0, 0, 0} Real Real Real (@instHAdd.{0} Real Real.instAdd)
                                  (@Nat.cast.{0} Real Real.instNatCast (@Fin.val n k))
                                  (@OfNat.ofNat.{0} Real (nat_lit 1) (@One.toOfNat1.{0} Real Real.instOne))))))
                          (@HMul.hMul.{0, 0, 0} Real Real Real (@instHMul.{0} Real Real.instMul)
                            (@HMul.hMul.{0, 0, 0} Real Real Real (@instHMul.{0} Real Real.instMul) K
                              (@Nat.cast.{0} Real Real.instNatCast n))
                            (@HAdd.hAdd.{0, 0, 0} Real Real Real (@instHAdd.{0} Real Real.instAdd)
                              (@HAdd.hAdd.{0, 0, 0} Real Real Real (@instHAdd.{0} Real Real.instAdd)
                                (@OfNat.ofNat.{0} Real (nat_lit 1) (@One.toOfNat1.{0} Real Real.instOne))
                                (Real.log
                                  (Real.log
                                    (@HDiv.hDiv.{0, 0, 0} Real Real Real
                                      (@instHDiv.{0} Real (@DivInvMonoid.toDiv.{0} Real Real.instDivInvMonoid))
                                      (@Nat.cast.{0} Real Real.instNatCast n)
                                      (@HAdd.hAdd.{0, 0, 0} Real Real Real (@instHAdd.{0} Real Real.instAdd)
                                        (@Nat.cast.{0} Real Real.instNatCast (@Fin.val n k))
                                        (@OfNat.ofNat.{0} Real (nat_lit 1) (@One.toOfNat1.{0} Real Real.instOne)))))))
                              (@HDiv.hDiv.{0, 0, 0} Real Real Real
                                (@instHDiv.{0} Real (@DivInvMonoid.toDiv.{0} Real Real.instDivInvMonoid))
                                (Real.log
                                  (@HDiv.hDiv.{0, 0, 0} Real Real Real
                                    (@instHDiv.{0} Real (@DivInvMonoid.toDiv.{0} Real Real.instDivInvMonoid))
                                    (@Nat.cast.{0} Real Real.instNatCast n)
                                    (@HAdd.hAdd.{0, 0, 0} Real Real Real (@instHAdd.{0} Real Real.instAdd)
                                      (@Nat.cast.{0} Real Real.instNatCast (@Fin.val n k))
                                      (@OfNat.ofNat.{0} Real (nat_lit 1) (@One.toOfNat1.{0} Real Real.instOne)))))
                                (@HAdd.hAdd.{0, 0, 0} Real Real Real (@instHAdd.{0} Real Real.instAdd)
                                  (@Nat.cast.{0} Real Real.instNatCast (@Fin.val n k))
                                  (@OfNat.ofNat.{0} Real (nat_lit 1) (@One.toOfNat1.{0} Real Real.instOne))))))))) :=
⋯
'Luce.Section6.CriticalProfile.main_remaining_expectation' depends on axioms: [propext,
 Classical.choice.{u},
 Quot.sound.{u}]
theorem Luce.Section6.CriticalProfile.population_estimates : ∀ {f : Real → Real} {c eta d : Real},
  Luce.Section6.CriticalProfile f c eta d →
    ∃ C,
      And (@LT.lt.{0} Real Real.instLT (@OfNat.ofNat.{0} Real (nat_lit 0) (@Zero.toOfNat0.{0} Real Real.instZero)) C)
        (∀ (grid : Luce.Section6.SamplingGrid) (w : Luce.WeightArray),
          Luce.Section6.SampledRates grid w f →
            ∀ (n : Nat),
              @LT.lt.{0} Nat instLTNat (@OfNat.ofNat.{0} Nat (nat_lit 0) (instOfNatNat (nat_lit 0))) n →
                ∀ (t : Real),
                  @LT.lt.{0} Real Real.instLT
                      (@OfNat.ofNat.{0} Real (nat_lit 0) (@Zero.toOfNat0.{0} Real Real.instZero)) t →
                    @LE.le.{0} Real Real.instLE t
                        (@OfNat.ofNat.{0} Real (nat_lit 1) (@One.toOfNat1.{0} Real Real.instOne)) →
                      And
                        (@LE.le.{0} Real Real.instLE
                          (@abs.{0} Real Real.lattice Real.instAddGroup
                            (@HSub.hSub.{0, 0, 0} Real Real Real (@instHSub.{0} Real Real.instSub)
                              (@Luce.Section6.populationG n (w n) t)
                              (@HMul.hMul.{0, 0, 0} Real Real Real (@instHMul.{0} Real Real.instMul)
                                (@HMul.hMul.{0, 0, 0} Real Real Real (@instHMul.{0} Real Real.instMul) c t)
                                (Real.log
                                  (@HDiv.hDiv.{0, 0, 0} Real Real Real
                                    (@instHDiv.{0} Real (@DivInvMonoid.toDiv.{0} Real Real.instDivInvMonoid))
                                    (@OfNat.ofNat.{0} Real (nat_lit 1) (@One.toOfNat1.{0} Real Real.instOne)) t)))))
                          (@HAdd.hAdd.{0, 0, 0} Real Real Real (@instHAdd.{0} Real Real.instAdd)
                            (@HMul.hMul.{0, 0, 0} Real Real Real (@instHMul.{0} Real Real.instMul) C t)
                            (@HDiv.hDiv.{0, 0, 0} Real Real Real
                              (@instHDiv.{0} Real (@DivInvMonoid.toDiv.{0} Real Real.instDivInvMonoid))
                              (@OfNat.ofNat.{0} Real (nat_lit 1) (@One.toOfNat1.{0} Real Real.instOne))
                              (@Nat.cast.{0} Real Real.instNatCast n))))
                        (@LE.le.{0} Real Real.instLE
                          (@abs.{0} Real Real.lattice Real.instAddGroup
                            (@HSub.hSub.{0, 0, 0} Real Real Real (@instHSub.{0} Real Real.instSub)
                              (@Luce.Section6.populationD n (w n)
                                (@OfNat.ofNat.{0} Nat (nat_lit 1) (instOfNatNat (nat_lit 1))) t)
                              (@HMul.hMul.{0, 0, 0} Real Real Real (@instHMul.{0} Real Real.instMul) c
                                (Real.log
                                  (@HDiv.hDiv.{0, 0, 0} Real Real Real
                                    (@instHDiv.{0} Real (@DivInvMonoid.toDiv.{0} Real Real.instDivInvMonoid))
                                    (@OfNat.ofNat.{0} Real (nat_lit 1) (@One.toOfNat1.{0} Real Real.instOne)) t)))))
                          (@HAdd.hAdd.{0, 0, 0} Real Real Real (@instHAdd.{0} Real Real.instAdd) C
                            (@HDiv.hDiv.{0, 0, 0} Real Real Real
                              (@instHDiv.{0} Real (@DivInvMonoid.toDiv.{0} Real Real.instDivInvMonoid))
                              (@HMul.hMul.{0, 0, 0} Real Real Real (@instHMul.{0} Real Real.instMul)
                                (@OfNat.ofNat.{0} Real (nat_lit 2)
                                  (@instOfNatAtLeastTwo.{0} Real (nat_lit 2) Real.instNatCast ⋯))
                                (Real.exp
                                  (@Neg.neg.{0} Real Real.instNeg
                                    (@OfNat.ofNat.{0} Real (nat_lit 1) (@One.toOfNat1.{0} Real Real.instOne)))))
                              (@HMul.hMul.{0, 0, 0} Real Real Real (@instHMul.{0} Real Real.instMul)
                                (@Nat.cast.{0} Real Real.instNatCast n) t))))) :=
⋯
'Luce.Section6.CriticalProfile.population_estimates' depends on axioms: [propext, Classical.choice.{u}, Quot.sound.{u}]
theorem Luce.Section6.CriticalProfile.population_pole_comparison : ∀ {f : Real → Real} {c eta d : Real},
  Luce.Section6.CriticalProfile f c eta d →
    ∃ C,
      And (@LT.lt.{0} Real Real.instLT (@OfNat.ofNat.{0} Real (nat_lit 0) (@Zero.toOfNat0.{0} Real Real.instZero)) C)
        (∀ (grid : Luce.Section6.SamplingGrid) (w : Luce.WeightArray),
          Luce.Section6.SampledRates grid w f →
            ∀ (n : Nat),
              @LT.lt.{0} Nat instLTNat (@OfNat.ofNat.{0} Nat (nat_lit 0) (instOfNatNat (nat_lit 0))) n →
                ∀ (t : Real),
                  @LE.le.{0} Real Real.instLE
                      (@OfNat.ofNat.{0} Real (nat_lit 0) (@Zero.toOfNat0.{0} Real Real.instZero)) t →
                    And
                      (@LE.le.{0} Real Real.instLE
                        (@abs.{0} Real Real.lattice Real.instAddGroup
                          (@HSub.hSub.{0, 0, 0} Real Real Real (@instHSub.{0} Real Real.instSub)
                            (@Luce.Section6.populationG n (w n) t)
                            (@HDiv.hDiv.{0, 0, 0} Real Real Real
                              (@instHDiv.{0} Real (@DivInvMonoid.toDiv.{0} Real Real.instDivInvMonoid))
                              (∑ i,
                                @HSub.hSub.{0, 0, 0} Real Real Real (@instHSub.{0} Real Real.instSub)
                                  (@OfNat.ofNat.{0} Real (nat_lit 1) (@One.toOfNat1.{0} Real Real.instOne))
                                  (Luce.survivalKernel t
                                    (@HDiv.hDiv.{0, 0, 0} Real Real Real
                                      (@instHDiv.{0} Real (@DivInvMonoid.toDiv.{0} Real Real.instDivInvMonoid)) c
                                      (Luce.Section6.samplePoint grid n i))))
                              (@Nat.cast.{0} Real Real.instNatCast n))))
                        (@HMul.hMul.{0, 0, 0} Real Real Real (@instHMul.{0} Real Real.instMul) C t))
                      (@LE.le.{0} Real Real.instLE
                        (@abs.{0} Real Real.lattice Real.instAddGroup
                          (@HSub.hSub.{0, 0, 0} Real Real Real (@instHSub.{0} Real Real.instSub)
                            (@Luce.Section6.populationD n (w n)
                              (@OfNat.ofNat.{0} Nat (nat_lit 1) (instOfNatNat (nat_lit 1))) t)
                            (@HDiv.hDiv.{0, 0, 0} Real Real Real
                              (@instHDiv.{0} Real (@DivInvMonoid.toDiv.{0} Real Real.instDivInvMonoid))
                              (∑ i,
                                Luce.rateKernel t
                                  (@HDiv.hDiv.{0, 0, 0} Real Real Real
                                    (@instHDiv.{0} Real (@DivInvMonoid.toDiv.{0} Real Real.instDivInvMonoid)) c
                                    (Luce.Section6.samplePoint grid n i)))
                              (@Nat.cast.{0} Real Real.instNatCast n))))
                        C)) :=
⋯
'Luce.Section6.CriticalProfile.population_pole_comparison' depends on axioms: [propext,
 Classical.choice.{u},
 Quot.sound.{u}]
theorem Luce.Section6.CriticalProfile.predictable_envelope : ∀ {f : Real → Real} {c eta d : Real},
  Luce.Section6.CriticalProfile f c eta d →
    ∃ A Z,
      And (@LT.lt.{0} Real Real.instLT (@OfNat.ofNat.{0} Real (nat_lit 0) (@Zero.toOfNat0.{0} Real Real.instZero)) A)
        (And (@LE.le.{0} Real Real.instLE (@OfNat.ofNat.{0} Real (nat_lit 1) (@One.toOfNat1.{0} Real Real.instOne)) Z)
          (∀ (grid : Luce.Section6.SamplingGrid) (w : Luce.WeightArray),
            Luce.Section6.SampledRates grid w f →
              ∀ (n : Nat) (π : Equiv.Perm.{1} (Fin n)) (k : Fin n),
                @LE.le.{0} Real Real.instLE Z
                    (Real.log
                      (@HDiv.hDiv.{0, 0, 0} Real Real Real
                        (@instHDiv.{0} Real (@DivInvMonoid.toDiv.{0} Real Real.instDivInvMonoid))
                        (@Nat.cast.{0} Real Real.instNatCast n)
                        (@HAdd.hAdd.{0, 0, 0} Real Real Real (@instHAdd.{0} Real Real.instAdd)
                          (@Nat.cast.{0} Real Real.instNatCast (@Fin.val n k))
                          (@OfNat.ofNat.{0} Real (nat_lit 1) (@One.toOfNat1.{0} Real Real.instOne))))) →
                  And
                    (@LE.le.{0} Real Real.instLE
                      (@HMul.hMul.{0, 0, 0} Real Real Real (@instHMul.{0} Real Real.instMul)
                        (@HMul.hMul.{0, 0, 0} Real Real Real (@instHMul.{0} Real Real.instMul)
                          (@HDiv.hDiv.{0, 0, 0} Real Real Real
                            (@instHDiv.{0} Real (@DivInvMonoid.toDiv.{0} Real Real.instDivInvMonoid)) c
                            (@OfNat.ofNat.{0} Real (nat_lit 2)
                              (@instOfNatAtLeastTwo.{0} Real (nat_lit 2) Real.instNatCast ⋯)))
                          (@Nat.cast.{0} Real Real.instNatCast n))
                        (Real.log
                          (@HDiv.hDiv.{0, 0, 0} Real Real Real
                            (@instHDiv.{0} Real (@DivInvMonoid.toDiv.{0} Real Real.instDivInvMonoid))
                            (@Nat.cast.{0} Real Real.instNatCast n)
                            (@HAdd.hAdd.{0, 0, 0} Real Real Real (@instHAdd.{0} Real Real.instAdd)
                              (@Nat.cast.{0} Real Real.instNatCast (@Fin.val n k))
                              (@OfNat.ofNat.{0} Real (nat_lit 1) (@One.toOfNat1.{0} Real Real.instOne))))))
                      (@Luce.Weights.total n (w n) (@Luce.remaining n π k)))
                    (@LE.le.{0} Real Real.instLE (@Luce.predictableChance n (w n) π k)
                      (@HDiv.hDiv.{0, 0, 0} Real Real Real
                        (@instHDiv.{0} Real (@DivInvMonoid.toDiv.{0} Real Real.instDivInvMonoid)) A
                        (@HMul.hMul.{0, 0, 0} Real Real Real (@instHMul.{0} Real Real.instMul)
                          (@HAdd.hAdd.{0, 0, 0} Real Real Real (@instHAdd.{0} Real Real.instAdd)
                            (@Nat.cast.{0} Real Real.instNatCast (@Fin.val n k))
                            (@OfNat.ofNat.{0} Real (nat_lit 1) (@One.toOfNat1.{0} Real Real.instOne)))
                          (Real.log
                            (@HDiv.hDiv.{0, 0, 0} Real Real Real
                              (@instHDiv.{0} Real (@DivInvMonoid.toDiv.{0} Real Real.instDivInvMonoid))
                              (@Nat.cast.{0} Real Real.instNatCast n)
                              (@HAdd.hAdd.{0, 0, 0} Real Real Real (@instHAdd.{0} Real Real.instAdd)
                                (@Nat.cast.{0} Real Real.instNatCast (@Fin.val n k))
                                (@OfNat.ofNat.{0} Real (nat_lit 1) (@One.toOfNat1.{0} Real Real.instOne)))))))))) :=
⋯
'Luce.Section6.CriticalProfile.predictable_envelope' depends on axioms: [propext, Classical.choice.{u}, Quot.sound.{u}]
theorem Luce.Section6.CriticalProfile.probe_brackets : ∀ {f : Real → Real} {c eta d : Real},
  Luce.Section6.CriticalProfile f c eta d →
    ∃ Z,
      And (@LE.le.{0} Real Real.instLE (@OfNat.ofNat.{0} Real (nat_lit 1) (@One.toOfNat1.{0} Real Real.instOne)) Z)
        (∀ (grid : Luce.Section6.SamplingGrid) (w : Luce.WeightArray),
          Luce.Section6.SampledRates grid w f →
            ∀ (n m : Nat),
              @LE.le.{0} Nat instLENat (@OfNat.ofNat.{0} Nat (nat_lit 4) (instOfNatNat (nat_lit 4))) m →
                @LE.le.{0} Nat instLENat m n →
                  @LE.le.{0} Real Real.instLE Z
                      (Real.log
                        (@HDiv.hDiv.{0, 0, 0} Real Real Real
                          (@instHDiv.{0} Real (@DivInvMonoid.toDiv.{0} Real Real.instDivInvMonoid))
                          (@Nat.cast.{0} Real Real.instNatCast n) (@Nat.cast.{0} Real Real.instNatCast m))) →
                    And
                      (@LE.le.{0} Real Real.instLE
                        (@HMul.hMul.{0, 0, 0} Real Real Real (@instHMul.{0} Real Real.instMul)
                          (@Nat.cast.{0} Real Real.instNatCast n)
                          (@Luce.Section6.populationG n (w n)
                            (Luce.Section6.criticalProbeTime n m
                              (@HDiv.hDiv.{0, 0, 0} Real Real Real
                                (@instHDiv.{0} Real (@DivInvMonoid.toDiv.{0} Real Real.instDivInvMonoid))
                                (@OfNat.ofNat.{0} Real (nat_lit 1) (@One.toOfNat1.{0} Real Real.instOne))
                                (@HMul.hMul.{0, 0, 0} Real Real Real (@instHMul.{0} Real Real.instMul)
                                  (@OfNat.ofNat.{0} Real (nat_lit 16)
                                    (@instOfNatAtLeastTwo.{0} Real (nat_lit 16) Real.instNatCast ⋯))
                                  c)))))
                        (@HDiv.hDiv.{0, 0, 0} Real Real Real
                          (@instHDiv.{0} Real (@DivInvMonoid.toDiv.{0} Real Real.instDivInvMonoid))
                          (@Nat.cast.{0} Real Real.instNatCast m)
                          (@OfNat.ofNat.{0} Real (nat_lit 2)
                            (@instOfNatAtLeastTwo.{0} Real (nat_lit 2) Real.instNatCast ⋯))))
                      (@LE.le.{0} Real Real.instLE
                        (@HMul.hMul.{0, 0, 0} Real Real Real (@instHMul.{0} Real Real.instMul)
                          (@OfNat.ofNat.{0} Real (nat_lit 2)
                            (@instOfNatAtLeastTwo.{0} Real (nat_lit 2) Real.instNatCast ⋯))
                          (@Nat.cast.{0} Real Real.instNatCast m))
                        (@HMul.hMul.{0, 0, 0} Real Real Real (@instHMul.{0} Real Real.instMul)
                          (@Nat.cast.{0} Real Real.instNatCast n)
                          (@Luce.Section6.populationG n (w n)
                            (Luce.Section6.criticalProbeTime n m
                              (@HDiv.hDiv.{0, 0, 0} Real Real Real
                                (@instHDiv.{0} Real (@DivInvMonoid.toDiv.{0} Real Real.instDivInvMonoid))
                                (@OfNat.ofNat.{0} Real (nat_lit 8)
                                  (@instOfNatAtLeastTwo.{0} Real (nat_lit 8) Real.instNatCast ⋯))
                                c)))))) :=
⋯
'Luce.Section6.CriticalProfile.probe_brackets' depends on axioms: [propext, Classical.choice.{u}, Quot.sound.{u}]
theorem Luce.Section6.CriticalProfile.probe_estimates : ∀ {f : Real → Real} {c eta d : Real},
  Luce.Section6.CriticalProfile f c eta d →
    ∃ C,
      And (@LT.lt.{0} Real Real.instLT (@OfNat.ofNat.{0} Real (nat_lit 0) (@Zero.toOfNat0.{0} Real Real.instZero)) C)
        (∀ (grid : Luce.Section6.SamplingGrid) (w : Luce.WeightArray),
          Luce.Section6.SampledRates grid w f →
            ∀ (n m : Nat),
              @LE.le.{0} Nat instLENat (@OfNat.ofNat.{0} Nat (nat_lit 1) (instOfNatNat (nat_lit 1))) m →
                @LE.le.{0} Nat instLENat m n →
                  ∀ (k : Real),
                    @LT.lt.{0} Real Real.instLT
                        (@OfNat.ofNat.{0} Real (nat_lit 0) (@Zero.toOfNat0.{0} Real Real.instZero)) k →
                      @LE.le.{0} Real Real.instLE k
                          (Real.log
                            (@HDiv.hDiv.{0, 0, 0} Real Real Real
                              (@instHDiv.{0} Real (@DivInvMonoid.toDiv.{0} Real Real.instDivInvMonoid))
                              (@Nat.cast.{0} Real Real.instNatCast n) (@Nat.cast.{0} Real Real.instNatCast m))) →
                        And
                          (@LE.le.{0} Real Real.instLE
                            (@abs.{0} Real Real.lattice Real.instAddGroup
                              (@HSub.hSub.{0, 0, 0} Real Real Real (@instHSub.{0} Real Real.instSub)
                                (@HMul.hMul.{0, 0, 0} Real Real Real (@instHMul.{0} Real Real.instMul)
                                  (@Nat.cast.{0} Real Real.instNatCast n)
                                  (@Luce.Section6.populationG n (w n) (Luce.Section6.criticalProbeTime n m k)))
                                (@HMul.hMul.{0, 0, 0} Real Real Real (@instHMul.{0} Real Real.instMul)
                                  (@HDiv.hDiv.{0, 0, 0} Real Real Real
                                    (@instHDiv.{0} Real (@DivInvMonoid.toDiv.{0} Real Real.instDivInvMonoid))
                                    (@HMul.hMul.{0, 0, 0} Real Real Real (@instHMul.{0} Real Real.instMul)
                                      (@HMul.hMul.{0, 0, 0} Real Real Real (@instHMul.{0} Real Real.instMul) c k)
                                      (@Nat.cast.{0} Real Real.instNatCast m))
                                    (Real.log
                                      (@HDiv.hDiv.{0, 0, 0} Real Real Real
                                        (@instHDiv.{0} Real (@DivInvMonoid.toDiv.{0} Real Real.instDivInvMonoid))
                                        (@Nat.cast.{0} Real Real.instNatCast n)
                                        (@Nat.cast.{0} Real Real.instNatCast m))))
                                  (@HSub.hSub.{0, 0, 0} Real Real Real (@instHSub.{0} Real Real.instSub)
                                    (@HAdd.hAdd.{0, 0, 0} Real Real Real (@instHAdd.{0} Real Real.instAdd)
                                      (Real.log
                                        (@HDiv.hDiv.{0, 0, 0} Real Real Real
                                          (@instHDiv.{0} Real (@DivInvMonoid.toDiv.{0} Real Real.instDivInvMonoid))
                                          (@Nat.cast.{0} Real Real.instNatCast n)
                                          (@Nat.cast.{0} Real Real.instNatCast m)))
                                      (Real.log
                                        (Real.log
                                          (@HDiv.hDiv.{0, 0, 0} Real Real Real
                                            (@instHDiv.{0} Real (@DivInvMonoid.toDiv.{0} Real Real.instDivInvMonoid))
                                            (@Nat.cast.{0} Real Real.instNatCast n)
                                            (@Nat.cast.{0} Real Real.instNatCast m)))))
                                    (Real.log k)))))
                            (@HAdd.hAdd.{0, 0, 0} Real Real Real (@instHAdd.{0} Real Real.instAdd)
                              (@HDiv.hDiv.{0, 0, 0} Real Real Real
                                (@instHDiv.{0} Real (@DivInvMonoid.toDiv.{0} Real Real.instDivInvMonoid))
                                (@HMul.hMul.{0, 0, 0} Real Real Real (@instHMul.{0} Real Real.instMul)
                                  (@HMul.hMul.{0, 0, 0} Real Real Real (@instHMul.{0} Real Real.instMul) C k)
                                  (@Nat.cast.{0} Real Real.instNatCast m))
                                (Real.log
                                  (@HDiv.hDiv.{0, 0, 0} Real Real Real
                                    (@instHDiv.{0} Real (@DivInvMonoid.toDiv.{0} Real Real.instDivInvMonoid))
                                    (@Nat.cast.{0} Real Real.instNatCast n) (@Nat.cast.{0} Real Real.instNatCast m))))
                              (@OfNat.ofNat.{0} Real (nat_lit 1) (@One.toOfNat1.{0} Real Real.instOne))))
                          (@LE.le.{0} Real Real.instLE
                            (@HMul.hMul.{0, 0, 0} Real Real Real (@instHMul.{0} Real Real.instMul)
                              (@Nat.cast.{0} Real Real.instNatCast n)
                              (@Luce.Section6.populationD n (w n)
                                (@OfNat.ofNat.{0} Nat (nat_lit 1) (instOfNatNat (nat_lit 1)))
                                (Luce.Section6.criticalProbeTime n m k)))
                            (@HAdd.hAdd.{0, 0, 0} Real Real Real (@instHAdd.{0} Real Real.instAdd)
                              (@HAdd.hAdd.{0, 0, 0} Real Real Real (@instHAdd.{0} Real Real.instAdd)
                                (@HMul.hMul.{0, 0, 0} Real Real Real (@instHMul.{0} Real Real.instMul)
                                  (@HMul.hMul.{0, 0, 0} Real Real Real (@instHMul.{0} Real Real.instMul) c
                                    (@Nat.cast.{0} Real Real.instNatCast n))
                                  (@HSub.hSub.{0, 0, 0} Real Real Real (@instHSub.{0} Real Real.instSub)
                                    (@HAdd.hAdd.{0, 0, 0} Real Real Real (@instHAdd.{0} Real Real.instAdd)
                                      (Real.log
                                        (@HDiv.hDiv.{0, 0, 0} Real Real Real
                                          (@instHDiv.{0} Real (@DivInvMonoid.toDiv.{0} Real Real.instDivInvMonoid))
                                          (@Nat.cast.{0} Real Real.instNatCast n)
                                          (@Nat.cast.{0} Real Real.instNatCast m)))
                                      (Real.log
                                        (Real.log
                                          (@HDiv.hDiv.{0, 0, 0} Real Real Real
                                            (@instHDiv.{0} Real (@DivInvMonoid.toDiv.{0} Real Real.instDivInvMonoid))
                                            (@Nat.cast.{0} Real Real.instNatCast n)
                                            (@Nat.cast.{0} Real Real.instNatCast m)))))
                                    (Real.log k)))
                                (@HMul.hMul.{0, 0, 0} Real Real Real (@instHMul.{0} Real Real.instMul) C
                                  (@Nat.cast.{0} Real Real.instNatCast n)))
                              (@HDiv.hDiv.{0, 0, 0} Real Real Real
                                (@instHDiv.{0} Real (@DivInvMonoid.toDiv.{0} Real Real.instDivInvMonoid))
                                (@HMul.hMul.{0, 0, 0} Real Real Real (@instHMul.{0} Real Real.instMul)
                                  (@HMul.hMul.{0, 0, 0} Real Real Real (@instHMul.{0} Real Real.instMul)
                                    (@HMul.hMul.{0, 0, 0} Real Real Real (@instHMul.{0} Real Real.instMul)
                                      (@OfNat.ofNat.{0} Real (nat_lit 2)
                                        (@instOfNatAtLeastTwo.{0} Real (nat_lit 2) Real.instNatCast ⋯))
                                      (Real.exp
                                        (@Neg.neg.{0} Real Real.instNeg
                                          (@OfNat.ofNat.{0} Real (nat_lit 1) (@One.toOfNat1.{0} Real Real.instOne)))))
                                    (@Nat.cast.{0} Real Real.instNatCast n))
                                  (Real.log
                                    (@HDiv.hDiv.{0, 0, 0} Real Real Real
                                      (@instHDiv.{0} Real (@DivInvMonoid.toDiv.{0} Real Real.instDivInvMonoid))
                                      (@Nat.cast.{0} Real Real.instNatCast n) (@Nat.cast.{0} Real Real.instNatCast m))))
                                (@HMul.hMul.{0, 0, 0} Real Real Real (@instHMul.{0} Real Real.instMul) k
                                  (@Nat.cast.{0} Real Real.instNatCast m)))))) :=
⋯
'Luce.Section6.CriticalProfile.probe_estimates' depends on axioms: [propext, Classical.choice.{u}, Quot.sound.{u}]
theorem Luce.Section6.CriticalProfile.reference_rows : ∀ {f : Real → Real} {c eta d : Real},
  Luce.Section6.CriticalProfile f c eta d →
    ∃ eps C,
      And (@LT.lt.{0} Real Real.instLT (@OfNat.ofNat.{0} Real (nat_lit 0) (@Zero.toOfNat0.{0} Real Real.instZero)) eps)
        (And (@LT.lt.{0} Real Real.instLT eps (@OfNat.ofNat.{0} Real (nat_lit 1) (@One.toOfNat1.{0} Real Real.instOne)))
          (And
            (@LT.lt.{0} Real Real.instLT (@OfNat.ofNat.{0} Real (nat_lit 0) (@Zero.toOfNat0.{0} Real Real.instZero)) C)
            (∀ (grid : Luce.Section6.SamplingGrid) (w : Luce.WeightArray),
              Luce.Section6.SampledRates grid w f →
                @Filter.Eventually.{0} Nat
                  (fun n =>
                    And
                      (∀ (k : Nat),
                        And
                          (@LE.le.{0} Real Real.instLE
                            (@OfNat.ofNat.{0} Real (nat_lit 0) (@Zero.toOfNat0.{0} Real Real.instZero))
                            (Luce.Section6.criticalReference n (Luce.Section6.criticalLower n)
                              (Luce.Section6.criticalUpper eps n) k))
                          (@LE.le.{0} Real Real.instLE
                            (Luce.Section6.criticalReference n (Luce.Section6.criticalLower n)
                              (Luce.Section6.criticalUpper eps n) k)
                            (@OfNat.ofNat.{0} Real (nat_lit 1) (@One.toOfNat1.{0} Real Real.instOne))))
                      (And
                        (@LE.le.{0} Real Real.instLE
                          (∑ k ∈ Finset.range n,
                            @MeasureTheory.integral.{0, 0} (Fin n → Real) Real Real.normedAddCommGroup
                              (@InnerProductSpace.toNormedSpace.{0, 0} Real Real Real.instRCLike
                                (@NormedAddCommGroup.toSeminormedAddCommGroup.{0} Real Real.normedAddCommGroup)
                                (@RCLike.toInnerProductSpaceReal.{0} Real Real.instRCLike))
                              (@MeasurableSpace.pi.{0, 0} (Fin n) (fun a => Real) fun a => Real.measurableSpace)
                              (@Luce.exponentialRace n (w n)) fun e =>
                              @abs.{0} Real Real.lattice Real.instAddGroup
                                (@HSub.hSub.{0, 0, 0} Real Real Real (@instHSub.{0} Real Real.instSub)
                                  (@Luce.BernoulliProcess.probability.{0} (Fin n → Real)
                                    (@MeasurableSpace.pi.{0, 0} (Fin n) (fun a => Real) fun a => Real.measurableSpace)
                                    (@Luce.exponentialRace n (w n))
                                    (@Luce.FiniteAdaptedBernoulli.toProcess.{0} (Fin n → Real)
                                      (@MeasurableSpace.pi.{0, 0} (Fin n) (fun a => Real) fun a => Real.measurableSpace)
                                      (@Luce.exponentialRace n (w n)) n
                                      (@Luce.raceInteriorBernoulli n (w n)
                                        (@OfNat.ofNat.{0} Real (nat_lit 1) (@One.toOfNat1.{0} Real Real.instOne)))
                                      ⋯)
                                    k e)
                                  (Luce.Section6.criticalReference n (Luce.Section6.criticalLower n)
                                    (Luce.Section6.criticalUpper eps n) k)))
                          C)
                        (And
                          (@LE.le.{0} Real Real.instLE
                            (@abs.{0} Real Real.lattice Real.instAddGroup
                              (@HSub.hSub.{0, 0, 0} Real Real Real (@instHSub.{0} Real Real.instSub)
                                (∑ k ∈ Finset.range n,
                                  Luce.Section6.criticalReference n (Luce.Section6.criticalLower n)
                                    (Luce.Section6.criticalUpper eps n) k)
                                (Real.log (Real.log (@Nat.cast.{0} Real Real.instNatCast n)))))
                            C)
                          (@LE.le.{0} Real Real.instLE
                            (∑ k ∈ Finset.range n,
                              @HPow.hPow.{0, 0, 0} Real Nat Real
                                (@instHPow.{0, 0} Real Nat
                                  (@NPow.toPow.{0} Real (@Monoid.toNPow.{0} Real Real.instMonoid)))
                                (Luce.Section6.criticalReference n (Luce.Section6.criticalLower n)
                                  (Luce.Section6.criticalUpper eps n) k)
                                (@OfNat.ofNat.{0} Nat (nat_lit 2) (instOfNatNat (nat_lit 2))))
                            C))))
                  (@Filter.atTop.{0} Nat Nat.instPreorder)))) :=
⋯
'Luce.Section6.CriticalProfile.reference_rows' depends on axioms: [propext, Classical.choice.{u}, Quot.sound.{u}]
theorem Luce.Section6.CriticalProfile.remaining_weight_floor : ∀ {f : Real → Real} {c eta d : Real},
  Luce.Section6.CriticalProfile f c eta d →
    ∃ C,
      And (@LT.lt.{0} Real Real.instLT (@OfNat.ofNat.{0} Real (nat_lit 0) (@Zero.toOfNat0.{0} Real Real.instZero)) C)
        (∀ (grid : Luce.Section6.SamplingGrid) (w : Luce.WeightArray),
          Luce.Section6.SampledRates grid w f →
            ∀ (n m : Nat),
              @LE.le.{0} Nat instLENat (@OfNat.ofNat.{0} Nat (nat_lit 1) (instOfNatNat (nat_lit 1))) m →
                @LE.le.{0} Nat instLENat m n →
                  ∀ (removed : Finset.{0} (Fin n)),
                    @LE.le.{0} Nat instLENat (@Finset.card.{0} (Fin n) removed) m →
                      @LE.le.{0} Real Real.instLE
                        (@HMul.hMul.{0, 0, 0} Real Real Real (@instHMul.{0} Real Real.instMul)
                          (@Nat.cast.{0} Real Real.instNatCast n)
                          (@HSub.hSub.{0, 0, 0} Real Real Real (@instHSub.{0} Real Real.instSub)
                            (@HMul.hMul.{0, 0, 0} Real Real Real (@instHMul.{0} Real Real.instMul) c
                              (Real.log
                                (@HDiv.hDiv.{0, 0, 0} Real Real Real
                                  (@instHDiv.{0} Real (@DivInvMonoid.toDiv.{0} Real Real.instDivInvMonoid))
                                  (@Nat.cast.{0} Real Real.instNatCast n) (@Nat.cast.{0} Real Real.instNatCast m))))
                            C))
                        (∑
                          i ∈
                            @SDiff.sdiff.{0} (Finset.{0} (Fin n)) (@Finset.instSDiff.{0} (Fin n) (instDecidableEqFin n))
                              (@Finset.univ.{0} (Fin n) (Fin.fintype n)) removed,
                          @Luce.Weights.rate n (w n) i)) :=
⋯
'Luce.Section6.CriticalProfile.remaining_weight_floor' depends on axioms: [propext,
 Classical.choice.{u},
 Quot.sound.{u}]
theorem Luce.Section6.CriticalProfile.sampled_error_average : ∀ {f : Real → Real} {c eta d : Real},
  Luce.Section6.CriticalProfile f c eta d →
    ∃ C,
      And (@LT.lt.{0} Real Real.instLT (@OfNat.ofNat.{0} Real (nat_lit 0) (@Zero.toOfNat0.{0} Real Real.instZero)) C)
        (∀ (grid : Luce.Section6.SamplingGrid) (w : Luce.WeightArray),
          Luce.Section6.SampledRates grid w f →
            ∀ (n : Nat),
              @LT.lt.{0} Nat instLTNat (@OfNat.ofNat.{0} Nat (nat_lit 0) (instOfNatNat (nat_lit 0))) n →
                @LE.le.{0} Real Real.instLE
                  (@HDiv.hDiv.{0, 0, 0} Real Real Real
                    (@instHDiv.{0} Real (@DivInvMonoid.toDiv.{0} Real Real.instDivInvMonoid))
                    (∑ i,
                      @abs.{0} Real Real.lattice Real.instAddGroup
                        (@HSub.hSub.{0, 0, 0} Real Real Real (@instHSub.{0} Real Real.instSub)
                          (@Luce.Weights.rate n (w n) i)
                          (@HDiv.hDiv.{0, 0, 0} Real Real Real
                            (@instHDiv.{0} Real (@DivInvMonoid.toDiv.{0} Real Real.instDivInvMonoid)) c
                            (Luce.Section6.samplePoint grid n i))))
                    (@Nat.cast.{0} Real Real.instNatCast n))
                  C) :=
⋯
'Luce.Section6.CriticalProfile.sampled_error_average' depends on axioms: [propext, Classical.choice.{u}, Quot.sound.{u}]
theorem Luce.Section6.CriticalProfile.sampled_global_comparison : ∀ {f : Real → Real} {c eta d : Real},
  Luce.Section6.CriticalProfile f c eta d →
    ∃ a b,
      And (@LT.lt.{0} Real Real.instLT (@OfNat.ofNat.{0} Real (nat_lit 0) (@Zero.toOfNat0.{0} Real Real.instZero)) a)
        (And (@LT.lt.{0} Real Real.instLT (@OfNat.ofNat.{0} Real (nat_lit 0) (@Zero.toOfNat0.{0} Real Real.instZero)) b)
          (∀ (grid : Luce.Section6.SamplingGrid) (w : Luce.WeightArray),
            Luce.Section6.SampledRates grid w f →
              ∀ (n : Nat) (i : Fin n),
                And
                  (@LE.le.{0} Real Real.instLE
                    (@HDiv.hDiv.{0, 0, 0} Real Real Real
                      (@instHDiv.{0} Real (@DivInvMonoid.toDiv.{0} Real Real.instDivInvMonoid))
                      (@HMul.hMul.{0, 0, 0} Real Real Real (@instHMul.{0} Real Real.instMul) a
                        (@Nat.cast.{0} Real Real.instNatCast n))
                      (@HAdd.hAdd.{0, 0, 0} Real Real Real (@instHAdd.{0} Real Real.instAdd)
                        (@Nat.cast.{0} Real Real.instNatCast (@Fin.val n i))
                        (@OfNat.ofNat.{0} Real (nat_lit 1) (@One.toOfNat1.{0} Real Real.instOne))))
                    (@Luce.Weights.rate n (w n) i))
                  (@LE.le.{0} Real Real.instLE (@Luce.Weights.rate n (w n) i)
                    (@HDiv.hDiv.{0, 0, 0} Real Real Real
                      (@instHDiv.{0} Real (@DivInvMonoid.toDiv.{0} Real Real.instDivInvMonoid))
                      (@HMul.hMul.{0, 0, 0} Real Real Real (@instHMul.{0} Real Real.instMul) b
                        (@Nat.cast.{0} Real Real.instNatCast n))
                      (@HAdd.hAdd.{0, 0, 0} Real Real Real (@instHAdd.{0} Real Real.instAdd)
                        (@Nat.cast.{0} Real Real.instNatCast (@Fin.val n i))
                        (@OfNat.ofNat.{0} Real (nat_lit 1) (@One.toOfNat1.{0} Real Real.instOne))))))) :=
⋯
'Luce.Section6.CriticalProfile.sampled_global_comparison' depends on axioms: [propext,
 Classical.choice.{u},
 Quot.sound.{u}]
theorem Luce.Section6.critical.{u} : ∀ (grid : Luce.Section6.SamplingGrid), SampledProfileContract.critical.{u} grid :=
⋯
'Luce.Section6.critical' depends on axioms: [propext, Classical.choice.{u}, Quot.sound.{u}]
def Luce.Section6.criticalArrivalCount : {n : Nat} → Real → (Fin n → Real) → Real :=
fun {n} t e => ∑ i, @Luce.Section6.clockArrivalIndicator n t i e
'Luce.Section6.criticalArrivalCount' depends on axioms: [propext, Classical.choice.{u}, Quot.sound.{u}]
theorem Luce.Section6.criticalArrivalCount_measurable : ∀ {n : Nat} (t : Real),
  @Measurable.{0, 0} (Fin n → Real) Real
    (@MeasurableSpace.pi.{0, 0} (Fin n) (fun a => Real) fun a => Real.measurableSpace) Real.measurableSpace
    (@Luce.Section6.criticalArrivalCount n t) :=
⋯
'Luce.Section6.criticalArrivalCount_measurable' depends on axioms: [propext, Classical.choice.{u}, Quot.sound.{u}]
def Luce.Section6.criticalBlock : (n : Nat) → Nat → Nat → Finset.{0} (Fin n) :=
fun n A B =>
  {k |
    And
      (@LE.le.{0} Nat instLENat A
        (@HAdd.hAdd.{0, 0, 0} Nat Nat Nat (@instHAdd.{0} Nat instAddNat) (@Fin.val n k)
          (@OfNat.ofNat.{0} Nat (nat_lit 1) (instOfNatNat (nat_lit 1)))))
      (@LE.le.{0} Nat instLENat
        (@HAdd.hAdd.{0, 0, 0} Nat Nat Nat (@instHAdd.{0} Nat instAddNat) (@Fin.val n k)
          (@OfNat.ofNat.{0} Nat (nat_lit 1) (instOfNatNat (nat_lit 1))))
        B)}
'Luce.Section6.criticalBlock' depends on axioms: [propext, Classical.choice.{u}, Quot.sound.{u}]
def Luce.Section6.criticalCycleDecay : Nat → Real :=
fun k =>
  @HDiv.hDiv.{0, 0, 0} Real Real Real (@instHDiv.{0} Real (@DivInvMonoid.toDiv.{0} Real Real.instDivInvMonoid))
    (@OfNat.ofNat.{0} Real (nat_lit 1) (@One.toOfNat1.{0} Real Real.instOne))
    (@HMul.hMul.{0, 0, 0} Real Real Real (@instHMul.{0} Real Real.instMul)
      (@OfNat.ofNat.{0} Real (nat_lit 8)
        (@instOfNatAtLeastTwo.{0} Real (nat_lit 8) Real.instNatCast Luce.Section6.criticalCycleDecay._proof_1))
      (@HPow.hPow.{0, 0, 0} Real Nat Real
        (@instHPow.{0, 0} Real Nat (@NPow.toPow.{0} Real (@Monoid.toNPow.{0} Real Real.instMonoid)))
        (@HAdd.hAdd.{0, 0, 0} Real Real Real (@instHAdd.{0} Real Real.instAdd) (@Nat.cast.{0} Real Real.instNatCast k)
          (@OfNat.ofNat.{0} Real (nat_lit 1) (@One.toOfNat1.{0} Real Real.instOne)))
        (@OfNat.ofNat.{0} Nat (nat_lit 2) (instOfNatNat (nat_lit 2)))))
'Luce.Section6.criticalCycleDecay' depends on axioms: [propext, Classical.choice.{u}, Quot.sound.{u}]
def Luce.Section6.criticalError : Nat → Nat → Real → Real :=
fun n m eta =>
  @HMul.hMul.{0, 0, 0} Real Real Real (@instHMul.{0} Real Real.instMul)
    (@HDiv.hDiv.{0, 0, 0} Real Real Real (@instHDiv.{0} Real (@DivInvMonoid.toDiv.{0} Real Real.instDivInvMonoid))
      (@OfNat.ofNat.{0} Real (nat_lit 1) (@One.toOfNat1.{0} Real Real.instOne))
      (@HMul.hMul.{0, 0, 0} Real Real Real (@instHMul.{0} Real Real.instMul) (@Nat.cast.{0} Real Real.instNatCast m)
        (@HSub.hSub.{0, 0, 0} Real Real Real (@instHSub.{0} Real Real.instSub)
          (Real.log (@Nat.cast.{0} Real Real.instNatCast n)) (Real.log (@Nat.cast.{0} Real Real.instNatCast m)))))
    (@HAdd.hAdd.{0, 0, 0} Real Real Real (@instHAdd.{0} Real Real.instAdd)
      (@HAdd.hAdd.{0, 0, 0} Real Real Real (@instHAdd.{0} Real Real.instAdd)
        (@HDiv.hDiv.{0, 0, 0} Real Real Real (@instHDiv.{0} Real (@DivInvMonoid.toDiv.{0} Real Real.instDivInvMonoid))
          (@HAdd.hAdd.{0, 0, 0} Real Real Real (@instHAdd.{0} Real Real.instAdd)
            (@OfNat.ofNat.{0} Real (nat_lit 1) (@One.toOfNat1.{0} Real Real.instOne))
            (Real.log
              (@HSub.hSub.{0, 0, 0} Real Real Real (@instHSub.{0} Real Real.instSub)
                (Real.log (@Nat.cast.{0} Real Real.instNatCast n)) (Real.log (@Nat.cast.{0} Real Real.instNatCast m)))))
          (@HSub.hSub.{0, 0, 0} Real Real Real (@instHSub.{0} Real Real.instSub)
            (Real.log (@Nat.cast.{0} Real Real.instNatCast n)) (Real.log (@Nat.cast.{0} Real Real.instNatCast m))))
        (@HDiv.hDiv.{0, 0, 0} Real Real Real (@instHDiv.{0} Real (@DivInvMonoid.toDiv.{0} Real Real.instDivInvMonoid))
          (@OfNat.ofNat.{0} Real (nat_lit 1) (@One.toOfNat1.{0} Real Real.instOne))
          (@Nat.cast.{0} Real Real.instNatCast m)))
      (@HPow.hPow.{0, 0, 0} Real Real Real (@instHPow.{0, 0} Real Real Real.instPow)
        (@HDiv.hDiv.{0, 0, 0} Real Real Real (@instHDiv.{0} Real (@DivInvMonoid.toDiv.{0} Real Real.instDivInvMonoid))
          (@Nat.cast.{0} Real Real.instNatCast m) (@Nat.cast.{0} Real Real.instNatCast n))
        eta))
'Luce.Section6.criticalError' depends on axioms: [propext, Classical.choice.{u}, Quot.sound.{u}]
def Luce.Section6.criticalKernel : Real → Real → Real → Real → Real → Real :=
fun n K gamma i j =>
  @HMul.hMul.{0, 0, 0} Real Real Real (@instHMul.{0} Real Real.instMul)
    (@HDiv.hDiv.{0, 0, 0} Real Real Real (@instHDiv.{0} Real (@DivInvMonoid.toDiv.{0} Real Real.instDivInvMonoid)) K
      (@HMul.hMul.{0, 0, 0} Real Real Real (@instHMul.{0} Real Real.instMul) i
        (Real.log
          (@HDiv.hDiv.{0, 0, 0} Real Real Real (@instHDiv.{0} Real (@DivInvMonoid.toDiv.{0} Real Real.instDivInvMonoid))
            n j))))
    (Real.exp
      (@HMul.hMul.{0, 0, 0} Real Real Real (@instHMul.{0} Real Real.instMul) (@Neg.neg.{0} Real Real.instNeg gamma)
        (@HDiv.hDiv.{0, 0, 0} Real Real Real (@instHDiv.{0} Real (@DivInvMonoid.toDiv.{0} Real Real.instDivInvMonoid)) j
          (@HMul.hMul.{0, 0, 0} Real Real Real (@instHMul.{0} Real Real.instMul) i
            (Real.log
              (@HDiv.hDiv.{0, 0, 0} Real Real Real
                (@instHDiv.{0} Real (@DivInvMonoid.toDiv.{0} Real Real.instDivInvMonoid)) n j))))))
'Luce.Section6.criticalKernel' depends on axioms: [propext, Classical.choice.{u}, Quot.sound.{u}]
def Luce.Section6.criticalLower : Nat → Nat :=
fun n =>
  @Nat.ceil.{0} Real Real.semiring Real.partialOrder
    (@FloorRing.toFloorSemiring.{0} Real Real.instRing Real.linearOrder Real.instFloorRing)
    (@Nat.cast.{0} Real Real.instNatCast n).sqrt
'Luce.Section6.criticalLower' depends on axioms: [propext, Classical.choice.{u}, Quot.sound.{u}]
def Luce.Section6.criticalMissingIndicator : {n : Nat} → Fin n → (Fin n → Real) → Real :=
fun {n} k e =>
  @ite.{1} Real
    (@LE.le.{0} (Fin n) (@instLEFin n) k
      (@DFunLike.coe.{1, 1, 1} (Equiv.Perm.{1} (Fin n)) (Fin n) (fun x => Fin n)
        (@EquivLike.toFunLike.{1, 1, 1} (Equiv.Perm.{1} (Fin n)) (Fin n) (Fin n)
          (@Equiv.instEquivLike.{1, 1} (Fin n) (Fin n)))
        (@Luce.raceRankPermutation n e) k))
    (@Fin.decLe n k
      (@DFunLike.coe.{1, 1, 1} (Equiv.Perm.{1} (Fin n)) (Fin n) (fun x => Fin n)
        (@EquivLike.toFunLike.{1, 1, 1} (Equiv.Perm.{1} (Fin n)) (Fin n) (Fin n)
          (@Equiv.instEquivLike.{1, 1} (Fin n) (Fin n)))
        (@Luce.raceRankPermutation n e) k))
    (@OfNat.ofNat.{0} Real (nat_lit 0) (@Zero.toOfNat0.{0} Real Real.instZero))
    (@OfNat.ofNat.{0} Real (nat_lit 1) (@One.toOfNat1.{0} Real Real.instOne))
'Luce.Section6.criticalMissingIndicator' depends on axioms: [propext, Classical.choice.{u}, Quot.sound.{u}]
def Luce.Section6.criticalProbeTime : Nat → Nat → Real → Real :=
fun n m k =>
  @HDiv.hDiv.{0, 0, 0} Real Real Real (@instHDiv.{0} Real (@DivInvMonoid.toDiv.{0} Real Real.instDivInvMonoid))
    (@HMul.hMul.{0, 0, 0} Real Real Real (@instHMul.{0} Real Real.instMul) k
      (@HDiv.hDiv.{0, 0, 0} Real Real Real (@instHDiv.{0} Real (@DivInvMonoid.toDiv.{0} Real Real.instDivInvMonoid))
        (@Nat.cast.{0} Real Real.instNatCast m) (@Nat.cast.{0} Real Real.instNatCast n)))
    (Real.log
      (@HDiv.hDiv.{0, 0, 0} Real Real Real (@instHDiv.{0} Real (@DivInvMonoid.toDiv.{0} Real Real.instDivInvMonoid))
        (@Nat.cast.{0} Real Real.instNatCast n) (@Nat.cast.{0} Real Real.instNatCast m)))
'Luce.Section6.criticalProbeTime' depends on axioms: [propext, Classical.choice.{u}, Quot.sound.{u}]
def Luce.Section6.criticalReference : Nat → Nat → Nat → Nat → Real :=
fun n A B k =>
  @ite.{1} Real
    (And
      (@LE.le.{0} Nat instLENat A
        (@HAdd.hAdd.{0, 0, 0} Nat Nat Nat (@instHAdd.{0} Nat instAddNat) k
          (@OfNat.ofNat.{0} Nat (nat_lit 1) (instOfNatNat (nat_lit 1)))))
      (@LE.le.{0} Nat instLENat
        (@HAdd.hAdd.{0, 0, 0} Nat Nat Nat (@instHAdd.{0} Nat instAddNat) k
          (@OfNat.ofNat.{0} Nat (nat_lit 1) (instOfNatNat (nat_lit 1))))
        B))
    (@instDecidableAnd
      (@LE.le.{0} Nat instLENat A
        (@HAdd.hAdd.{0, 0, 0} Nat Nat Nat (@instHAdd.{0} Nat instAddNat) k
          (@OfNat.ofNat.{0} Nat (nat_lit 1) (instOfNatNat (nat_lit 1)))))
      (@LE.le.{0} Nat instLENat
        (@HAdd.hAdd.{0, 0, 0} Nat Nat Nat (@instHAdd.{0} Nat instAddNat) k
          (@OfNat.ofNat.{0} Nat (nat_lit 1) (instOfNatNat (nat_lit 1))))
        B)
      (A.decLe
        (@HAdd.hAdd.{0, 0, 0} Nat Nat Nat (@instHAdd.{0} Nat instAddNat) k
          (@OfNat.ofNat.{0} Nat (nat_lit 1) (instOfNatNat (nat_lit 1)))))
      ((@HAdd.hAdd.{0, 0, 0} Nat Nat Nat (@instHAdd.{0} Nat instAddNat) k
            (@OfNat.ofNat.{0} Nat (nat_lit 1) (instOfNatNat (nat_lit 1)))).decLe
        B))
    (@HDiv.hDiv.{0, 0, 0} Real Real Real (@instHDiv.{0} Real (@DivInvMonoid.toDiv.{0} Real Real.instDivInvMonoid))
      (@OfNat.ofNat.{0} Real (nat_lit 1) (@One.toOfNat1.{0} Real Real.instOne))
      (@HMul.hMul.{0, 0, 0} Real Real Real (@instHMul.{0} Real Real.instMul)
        (@HAdd.hAdd.{0, 0, 0} Real Real Real (@instHAdd.{0} Real Real.instAdd) (@Nat.cast.{0} Real Real.instNatCast k)
          (@OfNat.ofNat.{0} Real (nat_lit 1) (@One.toOfNat1.{0} Real Real.instOne)))
        (Real.log
          (@HDiv.hDiv.{0, 0, 0} Real Real Real (@instHDiv.{0} Real (@DivInvMonoid.toDiv.{0} Real Real.instDivInvMonoid))
            (@Nat.cast.{0} Real Real.instNatCast n)
            (@HAdd.hAdd.{0, 0, 0} Real Real Real (@instHAdd.{0} Real Real.instAdd)
              (@Nat.cast.{0} Real Real.instNatCast k)
              (@OfNat.ofNat.{0} Real (nat_lit 1) (@One.toOfNat1.{0} Real Real.instOne)))))))
    (@OfNat.ofNat.{0} Real (nat_lit 0) (@Zero.toOfNat0.{0} Real Real.instZero))
'Luce.Section6.criticalReference' depends on axioms: [propext, Classical.choice.{u}, Quot.sound.{u}]
def Luce.Section6.criticalRemainingWeight : {n : Nat} → Luce.Weights n → Fin n → (Fin n → Real) → Real :=
fun {n} w k e =>
  @Luce.Weights.total n w (@Luce.remaining n (@Equiv.symm.{1, 1} (Fin n) (Fin n) (@Luce.raceRankPermutation n e)) k)
'Luce.Section6.criticalRemainingWeight' depends on axioms: [propext, Classical.choice.{u}, Quot.sound.{u}]
def Luce.Section6.criticalUpper : Real → Nat → Nat :=
fun eps n =>
  @Nat.floor.{0} Real Real.semiring Real.partialOrder
    (@FloorRing.toFloorSemiring.{0} Real Real.instRing Real.linearOrder Real.instFloorRing)
    (@HMul.hMul.{0, 0, 0} Real Real Real (@instHMul.{0} Real Real.instMul) eps (@Nat.cast.{0} Real Real.instNatCast n))
'Luce.Section6.criticalUpper' depends on axioms: [propext, Classical.choice.{u}, Quot.sound.{u}]
theorem Luce.Section6.critical_arrival_count_card : ∀ {n : Nat} (t : Real) (e : Fin n → Real),
  @Eq.{1} Real (@Luce.Section6.criticalArrivalCount n t e)
    (@Nat.cast.{0} Real Real.instNatCast (@Finset.card.{0} (Fin n) {i | @LE.le.{0} Real Real.instLE (e i) t})) :=
⋯
'Luce.Section6.critical_arrival_count_card' depends on axioms: [propext, Classical.choice.{u}, Quot.sound.{u}]
theorem Luce.Section6.critical_arrival_linear_error : ∀ {x : Real},
  @LE.le.{0} Real Real.instLE (@OfNat.ofNat.{0} Real (nat_lit 0) (@Zero.toOfNat0.{0} Real Real.instZero)) x →
    @LE.le.{0} Real Real.instLE
      (@abs.{0} Real Real.lattice Real.instAddGroup
        (@HSub.hSub.{0, 0, 0} Real Real Real (@instHSub.{0} Real Real.instSub)
          (@HSub.hSub.{0, 0, 0} Real Real Real (@instHSub.{0} Real Real.instSub)
            (@OfNat.ofNat.{0} Real (nat_lit 1) (@One.toOfNat1.{0} Real Real.instOne))
            (Real.exp (@Neg.neg.{0} Real Real.instNeg x)))
          x))
      (@HPow.hPow.{0, 0, 0} Real Nat Real
        (@instHPow.{0, 0} Real Nat (@NPow.toPow.{0} Real (@Monoid.toNPow.{0} Real Real.instMonoid))) x
        (@OfNat.ofNat.{0} Nat (nat_lit 2) (instOfNatNat (nat_lit 2)))) :=
⋯
'Luce.Section6.critical_arrival_linear_error' depends on axioms: [propext, Classical.choice.{u}, Quot.sound.{u}]
theorem Luce.Section6.critical_arrival_lower_tail : ∀ {n : Nat} (w : Luce.Weights n),
  @LT.lt.{0} Nat instLTNat (@OfNat.ofNat.{0} Nat (nat_lit 0) (instOfNatNat (nat_lit 0))) n →
    ∀ {t m : Real},
      @LE.le.{0} Real Real.instLE (@OfNat.ofNat.{0} Real (nat_lit 0) (@Zero.toOfNat0.{0} Real Real.instZero)) t →
        @LE.le.{0} Real Real.instLE
            (@HMul.hMul.{0, 0, 0} Real Real Real (@instHMul.{0} Real Real.instMul)
              (@OfNat.ofNat.{0} Real (nat_lit 2) (@instOfNatAtLeastTwo.{0} Real (nat_lit 2) Real.instNatCast ⋯)) m)
            (@HMul.hMul.{0, 0, 0} Real Real Real (@instHMul.{0} Real Real.instMul)
              (@Nat.cast.{0} Real Real.instNatCast n) (@Luce.Section6.populationG n w t)) →
          @LE.le.{0} Real Real.instLE
            (@MeasureTheory.Measure.real.{0} (Fin n → Real)
              (@MeasurableSpace.pi.{0, 0} (Fin n) (fun a => Real) fun a => Real.measurableSpace)
              (@Luce.exponentialRace n w)
              (@Set.ofPred.{0} (Fin n → Real) fun e =>
                @LE.le.{0} Real Real.instLE (@Luce.Section6.criticalArrivalCount n t e) m))
            (Real.exp
              (@HDiv.hDiv.{0, 0, 0} Real Real Real
                (@instHDiv.{0} Real (@DivInvMonoid.toDiv.{0} Real Real.instDivInvMonoid))
                (@Neg.neg.{0} Real Real.instNeg m)
                (@OfNat.ofNat.{0} Real (nat_lit 8) (@instOfNatAtLeastTwo.{0} Real (nat_lit 8) Real.instNatCast ⋯)))) :=
⋯
'Luce.Section6.critical_arrival_lower_tail' depends on axioms: [propext, Classical.choice.{u}, Quot.sound.{u}]
theorem Luce.Section6.critical_arrival_upper_tail : ∀ {n : Nat} (w : Luce.Weights n),
  @LT.lt.{0} Nat instLTNat (@OfNat.ofNat.{0} Nat (nat_lit 0) (instOfNatNat (nat_lit 0))) n →
    ∀ {t m : Real},
      @LE.le.{0} Real Real.instLE (@OfNat.ofNat.{0} Real (nat_lit 0) (@Zero.toOfNat0.{0} Real Real.instZero)) t →
        @LE.le.{0} Real Real.instLE
            (@HMul.hMul.{0, 0, 0} Real Real Real (@instHMul.{0} Real Real.instMul)
              (@Nat.cast.{0} Real Real.instNatCast n) (@Luce.Section6.populationG n w t))
            (@HDiv.hDiv.{0, 0, 0} Real Real Real
              (@instHDiv.{0} Real (@DivInvMonoid.toDiv.{0} Real Real.instDivInvMonoid)) m
              (@OfNat.ofNat.{0} Real (nat_lit 2) (@instOfNatAtLeastTwo.{0} Real (nat_lit 2) Real.instNatCast ⋯))) →
          @LE.le.{0} Real Real.instLE
            (@MeasureTheory.Measure.real.{0} (Fin n → Real)
              (@MeasurableSpace.pi.{0, 0} (Fin n) (fun a => Real) fun a => Real.measurableSpace)
              (@Luce.exponentialRace n w)
              (@Set.ofPred.{0} (Fin n → Real) fun e =>
                @LE.le.{0} Real Real.instLE m (@Luce.Section6.criticalArrivalCount n t e)))
            (Real.exp
              (@Neg.neg.{0} Real Real.instNeg
                (@HMul.hMul.{0, 0, 0} Real Real Real (@instHMul.{0} Real Real.instMul)
                  (@HSub.hSub.{0, 0, 0} Real Real Real (@instHSub.{0} Real Real.instSub)
                    (Real.log
                      (@OfNat.ofNat.{0} Real (nat_lit 2)
                        (@instOfNatAtLeastTwo.{0} Real (nat_lit 2) Real.instNatCast ⋯)))
                    (@HDiv.hDiv.{0, 0, 0} Real Real Real
                      (@instHDiv.{0} Real (@DivInvMonoid.toDiv.{0} Real Real.instDivInvMonoid))
                      (@OfNat.ofNat.{0} Real (nat_lit 1) (@One.toOfNat1.{0} Real Real.instOne))
                      (@OfNat.ofNat.{0} Real (nat_lit 2)
                        (@instOfNatAtLeastTwo.{0} Real (nat_lit 2) Real.instNatCast ⋯))))
                  m))) :=
⋯
'Luce.Section6.critical_arrival_upper_tail' depends on axioms: [propext, Classical.choice.{u}, Quot.sound.{u}]
theorem Luce.Section6.critical_arrivals_le_rank : ∀ {n : Nat} (e : Fin n → Real) (i : Fin n) {t : Real},
  @LT.lt.{0} Real Real.instLT t (e i) →
    @LE.le.{0} Real Real.instLE (@Luce.Section6.criticalArrivalCount n t e)
      (@Nat.cast.{0} Real Real.instNatCast (@Fin.val n (@Luce.clockRank n e i))) :=
⋯
'Luce.Section6.critical_arrivals_le_rank' depends on axioms: [propext, Classical.choice.{u}, Quot.sound.{u}]
theorem Luce.Section6.critical_block_log_lower : ∀ {n A B : Nat},
  @LE.le.{0} Nat instLENat (@OfNat.ofNat.{0} Nat (nat_lit 1) (instOfNatNat (nat_lit 1))) A →
    ∀ {k : Fin n},
      @Membership.mem.{0, 0} (Fin n) (Finset.{0} (Fin n))
          (@SetLike.instMembership.{0, 0} (Finset.{0} (Fin n)) (Fin n) (@Finset.instSetLike.{0} (Fin n)))
          (Luce.Section6.criticalBlock n A B) k →
        @LE.le.{0} Real Real.instLE
          (@HSub.hSub.{0, 0, 0} Real Real Real (@instHSub.{0} Real Real.instSub)
            (Real.log (@Nat.cast.{0} Real Real.instNatCast n)) (Real.log (@Nat.cast.{0} Real Real.instNatCast B)))
          (Real.log
            (@HDiv.hDiv.{0, 0, 0} Real Real Real
              (@instHDiv.{0} Real (@DivInvMonoid.toDiv.{0} Real Real.instDivInvMonoid))
              (@Nat.cast.{0} Real Real.instNatCast n)
              (@HAdd.hAdd.{0, 0, 0} Real Real Real (@instHAdd.{0} Real Real.instAdd)
                (@Nat.cast.{0} Real Real.instNatCast (@Fin.val n k))
                (@OfNat.ofNat.{0} Real (nat_lit 1) (@One.toOfNat1.{0} Real Real.instOne))))) :=
⋯
'Luce.Section6.critical_block_log_lower' depends on axioms: [propext, Classical.choice.{u}, Quot.sound.{u}]
theorem Luce.Section6.critical_block_square_sum : ∀ {n A B : Nat},
  @LE.le.{0} Nat instLENat (@OfNat.ofNat.{0} Nat (nat_lit 1) (instOfNatNat (nat_lit 1))) A →
    @LE.le.{0} Nat instLENat A B →
      @LE.le.{0} Nat instLENat B n →
        @LE.le.{0} Real Real.instLE (@OfNat.ofNat.{0} Real (nat_lit 1) (@One.toOfNat1.{0} Real Real.instOne))
            (@HSub.hSub.{0, 0, 0} Real Real Real (@instHSub.{0} Real Real.instSub)
              (Real.log (@Nat.cast.{0} Real Real.instNatCast n)) (Real.log (@Nat.cast.{0} Real Real.instNatCast B))) →
          @LE.le.{0} Real Real.instLE
            (∑ k ∈ Luce.Section6.criticalBlock n A B,
              @HPow.hPow.{0, 0, 0} Real Nat Real
                (@instHPow.{0, 0} Real Nat (@NPow.toPow.{0} Real (@Monoid.toNPow.{0} Real Real.instMonoid)))
                (@HDiv.hDiv.{0, 0, 0} Real Real Real
                  (@instHDiv.{0} Real (@DivInvMonoid.toDiv.{0} Real Real.instDivInvMonoid))
                  (@OfNat.ofNat.{0} Real (nat_lit 1) (@One.toOfNat1.{0} Real Real.instOne))
                  (@HMul.hMul.{0, 0, 0} Real Real Real (@instHMul.{0} Real Real.instMul)
                    (@HAdd.hAdd.{0, 0, 0} Real Real Real (@instHAdd.{0} Real Real.instAdd)
                      (@Nat.cast.{0} Real Real.instNatCast (@Fin.val n k))
                      (@OfNat.ofNat.{0} Real (nat_lit 1) (@One.toOfNat1.{0} Real Real.instOne)))
                    (Real.log
                      (@HDiv.hDiv.{0, 0, 0} Real Real Real
                        (@instHDiv.{0} Real (@DivInvMonoid.toDiv.{0} Real Real.instDivInvMonoid))
                        (@Nat.cast.{0} Real Real.instNatCast n)
                        (@HAdd.hAdd.{0, 0, 0} Real Real Real (@instHAdd.{0} Real Real.instAdd)
                          (@Nat.cast.{0} Real Real.instNatCast (@Fin.val n k))
                          (@OfNat.ofNat.{0} Real (nat_lit 1) (@One.toOfNat1.{0} Real Real.instOne)))))))
                (@OfNat.ofNat.{0} Nat (nat_lit 2) (instOfNatNat (nat_lit 2))))
            (@OfNat.ofNat.{0} Real (nat_lit 2) (@instOfNatAtLeastTwo.{0} Real (nat_lit 2) Real.instNatCast ⋯)) :=
⋯
'Luce.Section6.critical_block_square_sum' depends on axioms: [propext, Classical.choice.{u}, Quot.sound.{u}]
theorem Luce.Section6.critical_block_sum : ∀ {n A B : Nat},
  @LE.le.{0} Nat instLENat (@OfNat.ofNat.{0} Nat (nat_lit 1) (instOfNatNat (nat_lit 1))) A →
    @LE.le.{0} Nat instLENat B n →
      ∀ (f : Nat → Real),
        @Eq.{1} Real
          (∑ k ∈ Luce.Section6.criticalBlock n A B,
            f
              (@HAdd.hAdd.{0, 0, 0} Nat Nat Nat (@instHAdd.{0} Nat instAddNat) (@Fin.val n k)
                (@OfNat.ofNat.{0} Nat (nat_lit 1) (instOfNatNat (nat_lit 1)))))
          (∑ m ∈ @Finset.Icc.{0} Nat Nat.instPreorder Nat.instLocallyFiniteOrder A B, f m) :=
⋯
'Luce.Section6.critical_block_sum' depends on axioms: [propext, Classical.choice.{u}, Quot.sound.{u}]
theorem Luce.Section6.critical_contractCheck.{u} : ∀ (grid : Luce.Section6.SamplingGrid),
  SampledProfileContract.critical.{u} grid :=
⋯
'Luce.Section6.critical_contractCheck' depends on axioms: [propext, Classical.choice.{u}, Quot.sound.{u}]
theorem Luce.Section6.critical_corner_choice : ∀ {Z delta : Real},
  @LE.le.{0} Real Real.instLE (@OfNat.ofNat.{0} Real (nat_lit 1) (@One.toOfNat1.{0} Real Real.instOne)) Z →
    @LT.lt.{0} Real Real.instLT (@OfNat.ofNat.{0} Real (nat_lit 0) (@Zero.toOfNat0.{0} Real Real.instZero)) delta →
      ∃ eps,
        And
          (@LT.lt.{0} Real Real.instLT (@OfNat.ofNat.{0} Real (nat_lit 0) (@Zero.toOfNat0.{0} Real Real.instZero)) eps)
          (And
            (@LT.lt.{0} Real Real.instLT eps (@OfNat.ofNat.{0} Real (nat_lit 1) (@One.toOfNat1.{0} Real Real.instOne)))
            (And (@LT.lt.{0} Real Real.instLT eps delta)
              (@LE.le.{0} Real Real.instLE Z (@Neg.neg.{0} Real Real.instNeg (Real.log eps))))) :=
⋯
'Luce.Section6.critical_corner_choice' depends on axioms: [propext, Classical.choice.{u}, Quot.sound.{u}]
theorem Luce.Section6.critical_cutoffs_eventually : ∀ {eps : Real},
  @LT.lt.{0} Real Real.instLT (@OfNat.ofNat.{0} Real (nat_lit 0) (@Zero.toOfNat0.{0} Real Real.instZero)) eps →
    @LT.lt.{0} Real Real.instLT eps (@OfNat.ofNat.{0} Real (nat_lit 1) (@One.toOfNat1.{0} Real Real.instOne)) →
      @Filter.Eventually.{0} Nat
        (fun n =>
          And
            (@LE.le.{0} Nat instLENat (@OfNat.ofNat.{0} Nat (nat_lit 4) (instOfNatNat (nat_lit 4)))
              (Luce.Section6.criticalLower n))
            (And (@LE.le.{0} Nat instLENat (Luce.Section6.criticalLower n) (Luce.Section6.criticalUpper eps n))
              (And (@LE.le.{0} Nat instLENat (Luce.Section6.criticalUpper eps n) n)
                (And
                  (@LE.le.{0} Real Real.instLE (@Nat.cast.{0} Real Real.instNatCast n)
                    (@HPow.hPow.{0, 0, 0} Real Nat Real
                      (@instHPow.{0, 0} Real Nat (@NPow.toPow.{0} Real (@Monoid.toNPow.{0} Real Real.instMonoid)))
                      (@Nat.cast.{0} Real Real.instNatCast (Luce.Section6.criticalLower n))
                      (@OfNat.ofNat.{0} Nat (nat_lit 2) (instOfNatNat (nat_lit 2)))))
                  (And
                    (@LE.le.{0} Real Real.instLE
                      (Real.log (@Nat.cast.{0} Real Real.instNatCast (Luce.Section6.criticalLower n)))
                      (@HMul.hMul.{0, 0, 0} Real Real Real (@instHMul.{0} Real Real.instMul)
                        (@HDiv.hDiv.{0, 0, 0} Real Real Real
                          (@instHDiv.{0} Real (@DivInvMonoid.toDiv.{0} Real Real.instDivInvMonoid))
                          (@OfNat.ofNat.{0} Real (nat_lit 3)
                            (@instOfNatAtLeastTwo.{0} Real (nat_lit 3) Real.instNatCast ⋯))
                          (@OfNat.ofNat.{0} Real (nat_lit 4)
                            (@instOfNatAtLeastTwo.{0} Real (nat_lit 4) Real.instNatCast ⋯)))
                        (Real.log (@Nat.cast.{0} Real Real.instNatCast n))))
                    (And
                      (@LE.le.{0} Real Real.instLE
                        (@HDiv.hDiv.{0, 0, 0} Real Real Real
                          (@instHDiv.{0} Real (@DivInvMonoid.toDiv.{0} Real Real.instDivInvMonoid))
                          (@HMul.hMul.{0, 0, 0} Real Real Real (@instHMul.{0} Real Real.instMul) eps
                            (@Nat.cast.{0} Real Real.instNatCast n))
                          (@OfNat.ofNat.{0} Real (nat_lit 2)
                            (@instOfNatAtLeastTwo.{0} Real (nat_lit 2) Real.instNatCast ⋯)))
                        (@Nat.cast.{0} Real Real.instNatCast (Luce.Section6.criticalUpper eps n)))
                      (And
                        (@LE.le.{0} Real Real.instLE
                          (@Nat.cast.{0} Real Real.instNatCast (Luce.Section6.criticalUpper eps n))
                          (@HMul.hMul.{0, 0, 0} Real Real Real (@instHMul.{0} Real Real.instMul) eps
                            (@Nat.cast.{0} Real Real.instNatCast n)))
                        (@LE.le.{0} Real Real.instLE
                          (@OfNat.ofNat.{0} Real (nat_lit 1) (@One.toOfNat1.{0} Real Real.instOne))
                          (Real.log (@Nat.cast.{0} Real Real.instNatCast n))))))))))
        (@Filter.atTop.{0} Nat Nat.instPreorder) :=
⋯
'Luce.Section6.critical_cutoffs_eventually' depends on axioms: [propext, Classical.choice.{u}, Quot.sound.{u}]
theorem Luce.Section6.critical_cycle_count_complement : ∀ {n : Nat} (R : Equiv.Perm.{1} (Fin n)) (k : Nat)
  (S : Finset.{0} (Fin n)),
  @LE.le.{0} Nat instLENat (@Luce.Section5.cycleCount.{0} (Fin n) (Fin.fintype n) (instDecidableEqFin n) R k)
    (@HAdd.hAdd.{0, 0, 0} Nat Nat Nat (@instHAdd.{0} Nat instAddNat)
      (@Luce.Section5.cycleCountWithin.{0} (Fin n) (Fin.fintype n) (instDecidableEqFin n) R S k)
      (@Luce.Section6.exactCycleVertexCount n R
        (@HAdd.hAdd.{0, 0, 0} Nat Nat Nat (@instHAdd.{0} Nat instAddNat) k
          (@OfNat.ofNat.{0} Nat (nat_lit 1) (instOfNatNat (nat_lit 1))))
        (@SDiff.sdiff.{0} (Finset.{0} (Fin n)) (@Finset.instSDiff.{0} (Fin n) (instDecidableEqFin n))
          (@Finset.univ.{0} (Fin n) (Fin.fintype n)) S))) :=
⋯
'Luce.Section6.critical_cycle_count_complement' depends on axioms: [propext, Classical.choice.{u}, Quot.sound.{u}]
theorem Luce.Section6.critical_cycle_count_le : ∀ {n : Nat} (R : Equiv.Perm.{1} (Fin n)) (k : Nat),
  @LE.le.{0} Nat instLENat (@Luce.Section5.cycleCount.{0} (Fin n) (Fin.fintype n) (instDecidableEqFin n) R k) n :=
⋯
'Luce.Section6.critical_cycle_count_le' depends on axioms: [propext, Classical.choice.{u}, Quot.sound.{u}]
theorem Luce.Section6.critical_cycle_count_split : ∀ {n : Nat} (R : Equiv.Perm.{1} (Fin n)) (k M B : Nat),
  @LE.le.{0} Nat instLENat (@Luce.Section5.cycleCount.{0} (Fin n) (Fin.fintype n) (instDecidableEqFin n) R k)
    (@HAdd.hAdd.{0, 0, 0} Nat Nat Nat (@instHAdd.{0} Nat instAddNat)
      (@HAdd.hAdd.{0, 0, 0} Nat Nat Nat (@instHAdd.{0} Nat instAddNat)
        (@Luce.Section5.cycleCountWithin.{0} (Fin n) (Fin.fintype n) (instDecidableEqFin n) R
          (Luce.Section6.criticalBlock n M B) k)
        M)
      (@Luce.Section6.exactCycleVertexCount n R
        (@HAdd.hAdd.{0, 0, 0} Nat Nat Nat (@instHAdd.{0} Nat instAddNat) k
          (@OfNat.ofNat.{0} Nat (nat_lit 1) (instOfNatNat (nat_lit 1))))
        (Luce.Section6.criticalBlock n
          (@HAdd.hAdd.{0, 0, 0} Nat Nat Nat (@instHAdd.{0} Nat instAddNat) B
            (@OfNat.ofNat.{0} Nat (nat_lit 1) (instOfNatNat (nat_lit 1))))
          n))) :=
⋯
'Luce.Section6.critical_cycle_count_split' depends on axioms: [propext, Classical.choice.{u}, Quot.sound.{u}]
theorem Luce.Section6.critical_cycle_decay_pos : ∀ (k : Nat),
  @LT.lt.{0} Real Real.instLT (@OfNat.ofNat.{0} Real (nat_lit 0) (@Zero.toOfNat0.{0} Real Real.instZero))
    (Luce.Section6.criticalCycleDecay k) :=
⋯
'Luce.Section6.critical_cycle_decay_pos' depends on axioms: [propext, Classical.choice.{u}, Quot.sound.{u}]
theorem Luce.Section6.critical_cycle_expectation_le : ∀ {n : Nat} (w : Luce.Weights n) (k : Nat),
  @LE.le.{0} Real Real.instLE
    (@MeasureTheory.integral.{0, 0} (Fin n → Real) Real Real.normedAddCommGroup
      (@InnerProductSpace.toNormedSpace.{0, 0} Real Real Real.instRCLike
        (@NormedAddCommGroup.toSeminormedAddCommGroup.{0} Real Real.normedAddCommGroup)
        (@RCLike.toInnerProductSpaceReal.{0} Real Real.instRCLike))
      (@MeasurableSpace.pi.{0, 0} (Fin n) (fun a => Real) fun a => Real.measurableSpace) (@Luce.exponentialRace n w)
      fun e =>
      @Nat.cast.{0} Real Real.instNatCast
        (@Luce.Section5.cycleCount.{0} (Fin n) (Fin.fintype n) (instDecidableEqFin n) (@Luce.raceRankPermutation n e)
          k))
    (@Nat.cast.{0} Real Real.instNatCast n) :=
⋯
'Luce.Section6.critical_cycle_expectation_le' depends on axioms: [propext, Classical.choice.{u}, Quot.sound.{u}]
theorem Luce.Section6.critical_cycle_kernel_bound : ∀ {gamma : Real},
  @LT.lt.{0} Real Real.instLT (@OfNat.ofNat.{0} Real (nat_lit 0) (@Zero.toOfNat0.{0} Real Real.instZero)) gamma →
    ∀ (k : Nat),
      @LE.le.{0} Nat instLENat (@OfNat.ofNat.{0} Nat (nat_lit 1) (instOfNatNat (nat_lit 1))) k →
        ∃ C,
          And
            (@LT.lt.{0} Real Real.instLT (@OfNat.ofNat.{0} Real (nat_lit 0) (@Zero.toOfNat0.{0} Real Real.instZero)) C)
            (∀ (n K m : Real),
              @LT.lt.{0} Real Real.instLT (@OfNat.ofNat.{0} Real (nat_lit 0) (@Zero.toOfNat0.{0} Real Real.instZero))
                  n →
                @LT.lt.{0} Real Real.instLT (@OfNat.ofNat.{0} Real (nat_lit 0) (@Zero.toOfNat0.{0} Real Real.instZero))
                    K →
                  @LT.lt.{0} Real Real.instLT
                      (@OfNat.ofNat.{0} Real (nat_lit 0) (@Zero.toOfNat0.{0} Real Real.instZero)) m →
                    @LE.le.{0} Real Real.instLE
                        (@OfNat.ofNat.{0} Real (nat_lit 1) (@One.toOfNat1.{0} Real Real.instOne))
                        (Real.log
                          (@HDiv.hDiv.{0, 0, 0} Real Real Real
                            (@instHDiv.{0} Real (@DivInvMonoid.toDiv.{0} Real Real.instDivInvMonoid)) n m)) →
                      ∀ (u : Fin k → Real),
                        (∀ (i : Fin k),
                            And
                              (@LT.lt.{0} Real Real.instLT
                                (@OfNat.ofNat.{0} Real (nat_lit 0) (@Zero.toOfNat0.{0} Real Real.instZero)) (u i))
                              (@LE.le.{0} Real Real.instLE (u i) m)) →
                          @LE.le.{0} Real Real.instLE
                            (∏ a,
                              Luce.Section6.criticalKernel n K gamma (@Fin.cons.{1} k (fun a => Real) m u a)
                                (@Fin.snoc.{1} k (fun a => Real) u m a))
                            (@HMul.hMul.{0, 0, 0} Real Real Real (@instHMul.{0} Real Real.instMul)
                              (@HDiv.hDiv.{0, 0, 0} Real Real Real
                                (@instHDiv.{0} Real (@DivInvMonoid.toDiv.{0} Real Real.instDivInvMonoid))
                                (@HMul.hMul.{0, 0, 0} Real Real Real (@instHMul.{0} Real Real.instMul)
                                  (@HMul.hMul.{0, 0, 0} Real Real Real (@instHMul.{0} Real Real.instMul) C
                                    (@HPow.hPow.{0, 0, 0} Real Nat Real
                                      (@instHPow.{0, 0} Real Nat
                                        (@NPow.toPow.{0} Real (@Monoid.toNPow.{0} Real Real.instMonoid)))
                                      K
                                      (@HAdd.hAdd.{0, 0, 0} Nat Nat Nat (@instHAdd.{0} Nat instAddNat) k
                                        (@OfNat.ofNat.{0} Nat (nat_lit 1) (instOfNatNat (nat_lit 1))))))
                                  (@HPow.hPow.{0, 0, 0} Real Real Real (@instHPow.{0, 0} Real Real Real.instPow)
                                    (Real.log
                                      (@HDiv.hDiv.{0, 0, 0} Real Real Real
                                        (@instHDiv.{0} Real (@DivInvMonoid.toDiv.{0} Real Real.instDivInvMonoid)) n m))
                                    (@Neg.neg.{0} Real Real.instNeg
                                      (@HDiv.hDiv.{0, 0, 0} Real Real Real
                                        (@instHDiv.{0} Real (@DivInvMonoid.toDiv.{0} Real Real.instDivInvMonoid))
                                        (@OfNat.ofNat.{0} Real (nat_lit 3)
                                          (@instOfNatAtLeastTwo.{0} Real (nat_lit 3) Real.instNatCast ⋯))
                                        (@OfNat.ofNat.{0} Real (nat_lit 2)
                                          (@instOfNatAtLeastTwo.{0} Real (nat_lit 2) Real.instNatCast ⋯))))))
                                m)
                              (∏ i,
                                @HMul.hMul.{0, 0, 0} Real Real Real (@instHMul.{0} Real Real.instMul)
                                  (@HDiv.hDiv.{0, 0, 0} Real Real Real
                                    (@instHDiv.{0} Real (@DivInvMonoid.toDiv.{0} Real Real.instDivInvMonoid))
                                    (@OfNat.ofNat.{0} Real (nat_lit 1) (@One.toOfNat1.{0} Real Real.instOne)) (u i))
                                  (@HPow.hPow.{0, 0, 0} Real Real Real (@instHPow.{0, 0} Real Real Real.instPow)
                                    (@HDiv.hDiv.{0, 0, 0} Real Real Real
                                      (@instHDiv.{0} Real (@DivInvMonoid.toDiv.{0} Real Real.instDivInvMonoid)) (u i) m)
                                    (Luce.Section6.criticalCycleDecay k))))) :=
⋯
'Luce.Section6.critical_cycle_kernel_bound' depends on axioms: [propext, Classical.choice.{u}, Quot.sound.{u}]
theorem Luce.Section6.critical_cycle_one_drop : ∀ (k : Nat) (y : Fin k → Real),
  (∀ (i : Fin k),
      @LE.le.{0} Real Real.instLE (@OfNat.ofNat.{0} Real (nat_lit 0) (@Zero.toOfNat0.{0} Real Real.instZero)) (y i)) →
    ∃ j,
      @LE.le.{0} Real Real.instLE
        (@HDiv.hDiv.{0, 0, 0} Real Real Real (@instHDiv.{0} Real (@DivInvMonoid.toDiv.{0} Real Real.instDivInvMonoid))
          (∑ i, y i)
          (@HMul.hMul.{0, 0, 0} Real Real Real (@instHMul.{0} Real Real.instMul)
            (@OfNat.ofNat.{0} Real (nat_lit 2) (@instOfNatAtLeastTwo.{0} Real (nat_lit 2) Real.instNatCast ⋯))
            (@HPow.hPow.{0, 0, 0} Real Nat Real
              (@instHPow.{0, 0} Real Nat (@NPow.toPow.{0} Real (@Monoid.toNPow.{0} Real Real.instMonoid)))
              (@HAdd.hAdd.{0, 0, 0} Real Real Real (@instHAdd.{0} Real Real.instAdd)
                (@Nat.cast.{0} Real Real.instNatCast k)
                (@OfNat.ofNat.{0} Real (nat_lit 1) (@One.toOfNat1.{0} Real Real.instOne)))
              (@OfNat.ofNat.{0} Nat (nat_lit 2) (instOfNatNat (nat_lit 2))))))
        (@HSub.hSub.{0, 0, 0} Real Real Real (@instHSub.{0} Real Real.instSub)
          (@Fin.cons.{1} k (fun a => Real) (@OfNat.ofNat.{0} Real (nat_lit 0) (@Zero.toOfNat0.{0} Real Real.instZero)) y
            j)
          (@Fin.snoc.{1} k (fun a => Real) y (@OfNat.ofNat.{0} Real (nat_lit 0) (@Zero.toOfNat0.{0} Real Real.instZero))
            j)) :=
⋯
'Luce.Section6.critical_cycle_one_drop' depends on axioms: [propext, Classical.choice.{u}, Quot.sound.{u}]
theorem Luce.Section6.critical_deleted_harmonic_lower : ∀ {m n : Nat},
  @LE.le.{0} Nat instLENat (@OfNat.ofNat.{0} Nat (nat_lit 1) (instOfNatNat (nat_lit 1))) m →
    @LE.le.{0} Nat instLENat m n →
      ∀ (removed : Finset.{0} Nat),
        @LE.le.{0} Nat instLENat (@Finset.card.{0} Nat removed) m →
          @LE.le.{0} Real Real.instLE
            (@HSub.hSub.{0, 0, 0} Real Real Real (@instHSub.{0} Real Real.instSub)
              (Real.log
                (@HDiv.hDiv.{0, 0, 0} Real Real Real
                  (@instHDiv.{0} Real (@DivInvMonoid.toDiv.{0} Real Real.instDivInvMonoid))
                  (@Nat.cast.{0} Real Real.instNatCast n) (@Nat.cast.{0} Real Real.instNatCast m)))
              (@OfNat.ofNat.{0} Real (nat_lit 1) (@One.toOfNat1.{0} Real Real.instOne)))
            (∑
              j ∈
                @SDiff.sdiff.{0} (Finset.{0} Nat) (@Finset.instSDiff.{0} Nat instDecidableEqNat)
                  (@Finset.Icc.{0} Nat Nat.instPreorder Nat.instLocallyFiniteOrder
                    (@OfNat.ofNat.{0} Nat (nat_lit 1) (instOfNatNat (nat_lit 1))) n)
                  removed,
              @HDiv.hDiv.{0, 0, 0} Real Real Real
                (@instHDiv.{0} Real (@DivInvMonoid.toDiv.{0} Real Real.instDivInvMonoid))
                (@OfNat.ofNat.{0} Real (nat_lit 1) (@One.toOfNat1.{0} Real Real.instOne))
                (@Nat.cast.{0} Real Real.instNatCast j)) :=
⋯
'Luce.Section6.critical_deleted_harmonic_lower' depends on axioms: [propext, Classical.choice.{u}, Quot.sound.{u}]
theorem Luce.Section6.critical_drawn_card : ∀ {n : Nat} (π : Equiv.Perm.{1} (Fin n)) (k : Fin n),
  @Eq.{1} Nat
    (@Finset.card.{0} (Fin n)
      (@SDiff.sdiff.{0} (Finset.{0} (Fin n)) (@Finset.instSDiff.{0} (Fin n) (instDecidableEqFin n))
        (@Finset.univ.{0} (Fin n) (Fin.fintype n)) (@Luce.remaining n π k)))
    (@Fin.val n k) :=
⋯
'Luce.Section6.critical_drawn_card' depends on axioms: [propext, Classical.choice.{u}, Quot.sound.{u}]
theorem Luce.Section6.critical_drawn_labels : ∀ {n : Nat} (π : Equiv.Perm.{1} (Fin n)) (k : Fin n),
  @Eq.{1} (Finset.{0} (Fin n))
    (@SDiff.sdiff.{0} (Finset.{0} (Fin n)) (@Finset.instSDiff.{0} (Fin n) (instDecidableEqFin n))
      (@Finset.univ.{0} (Fin n) (Fin.fintype n)) (@Luce.remaining n π k))
    (@Finset.image.{0, 0} (Fin n) (Fin n) (instDecidableEqFin n)
      (@DFunLike.coe.{1, 1, 1} (Equiv.Perm.{1} (Fin n)) (Fin n) (fun x => Fin n)
        (@EquivLike.toFunLike.{1, 1, 1} (Equiv.Perm.{1} (Fin n)) (Fin n) (Fin n)
          (@Equiv.instEquivLike.{1, 1} (Fin n) (Fin n)))
        π)
      (@Finset.Iio.{0} (Fin n) (@PartialOrder.toPreorder.{0} (Fin n) (@Fin.instPartialOrder n))
        (Fin.instLocallyFiniteOrderBot n) k)) :=
⋯
'Luce.Section6.critical_drawn_labels' depends on axioms: [propext, Classical.choice.{u}, Quot.sound.{u}]
theorem Luce.Section6.critical_early_sum_bound : ∀ {n A : Nat},
  @LE.le.{0} Nat instLENat (@OfNat.ofNat.{0} Nat (nat_lit 1) (instOfNatNat (nat_lit 1))) A →
    @LE.le.{0} Nat instLENat A n →
      @LE.le.{0} Real Real.instLE (@OfNat.ofNat.{0} Real (nat_lit 1) (@One.toOfNat1.{0} Real Real.instOne))
          (Real.log (@Nat.cast.{0} Real Real.instNatCast n)) →
        @LE.le.{0} Real Real.instLE (Real.log (@Nat.cast.{0} Real Real.instNatCast A))
            (@HMul.hMul.{0, 0, 0} Real Real Real (@instHMul.{0} Real Real.instMul)
              (@HDiv.hDiv.{0, 0, 0} Real Real Real
                (@instHDiv.{0} Real (@DivInvMonoid.toDiv.{0} Real Real.instDivInvMonoid))
                (@OfNat.ofNat.{0} Real (nat_lit 3) (@instOfNatAtLeastTwo.{0} Real (nat_lit 3) Real.instNatCast ⋯))
                (@OfNat.ofNat.{0} Real (nat_lit 4) (@instOfNatAtLeastTwo.{0} Real (nat_lit 4) Real.instNatCast ⋯)))
              (Real.log (@Nat.cast.{0} Real Real.instNatCast n))) →
          ∀ {K : Real},
            @LE.le.{0} Real Real.instLE (@OfNat.ofNat.{0} Real (nat_lit 0) (@Zero.toOfNat0.{0} Real Real.instZero)) K →
              ∀ {p : Fin n → Real},
                (∀ (k : Fin n),
                    @Membership.mem.{0, 0} (Fin n) (Finset.{0} (Fin n))
                        (@SetLike.instMembership.{0, 0} (Finset.{0} (Fin n)) (Fin n) (@Finset.instSetLike.{0} (Fin n)))
                        (Luce.Section6.criticalBlock n (@OfNat.ofNat.{0} Nat (nat_lit 1) (instOfNatNat (nat_lit 1))) A)
                        k →
                      @LE.le.{0} Real Real.instLE (p k)
                        (@HDiv.hDiv.{0, 0, 0} Real Real Real
                          (@instHDiv.{0} Real (@DivInvMonoid.toDiv.{0} Real Real.instDivInvMonoid)) K
                          (@HMul.hMul.{0, 0, 0} Real Real Real (@instHMul.{0} Real Real.instMul)
                            (@HAdd.hAdd.{0, 0, 0} Real Real Real (@instHAdd.{0} Real Real.instAdd)
                              (@Nat.cast.{0} Real Real.instNatCast (@Fin.val n k))
                              (@OfNat.ofNat.{0} Real (nat_lit 1) (@One.toOfNat1.{0} Real Real.instOne)))
                            (Real.log
                              (@HDiv.hDiv.{0, 0, 0} Real Real Real
                                (@instHDiv.{0} Real (@DivInvMonoid.toDiv.{0} Real Real.instDivInvMonoid))
                                (@Nat.cast.{0} Real Real.instNatCast n)
                                (@HAdd.hAdd.{0, 0, 0} Real Real Real (@instHAdd.{0} Real Real.instAdd)
                                  (@Nat.cast.{0} Real Real.instNatCast (@Fin.val n k))
                                  (@OfNat.ofNat.{0} Real (nat_lit 1) (@One.toOfNat1.{0} Real Real.instOne)))))))) →
                  @LE.le.{0} Real Real.instLE
                    (∑
                      k ∈ Luce.Section6.criticalBlock n (@OfNat.ofNat.{0} Nat (nat_lit 1) (instOfNatNat (nat_lit 1))) A,
                      p k)
                    (@HMul.hMul.{0, 0, 0} Real Real Real (@instHMul.{0} Real Real.instMul)
                      (@OfNat.ofNat.{0} Real (nat_lit 8) (@instOfNatAtLeastTwo.{0} Real (nat_lit 8) Real.instNatCast ⋯))
                      K) :=
⋯
'Luce.Section6.critical_early_sum_bound' depends on axioms: [propext, Classical.choice.{u}, Quot.sound.{u}]
theorem Luce.Section6.critical_exceptional_weight_absorption : ∀ {gamma : Real},
  @LT.lt.{0} Real Real.instLT (@OfNat.ofNat.{0} Real (nat_lit 0) (@Zero.toOfNat0.{0} Real Real.instZero)) gamma →
    ∃ D,
      And (@LT.lt.{0} Real Real.instLT (@OfNat.ofNat.{0} Real (nat_lit 0) (@Zero.toOfNat0.{0} Real Real.instZero)) D)
        (∀ (n m : Real),
          @LE.le.{0} Real Real.instLE (@OfNat.ofNat.{0} Real (nat_lit 0) (@Zero.toOfNat0.{0} Real Real.instZero)) n →
            @LT.lt.{0} Real Real.instLT (@OfNat.ofNat.{0} Real (nat_lit 0) (@Zero.toOfNat0.{0} Real Real.instZero)) m →
              @LE.le.{0} Real Real.instLE n
                  (@HPow.hPow.{0, 0, 0} Real Nat Real
                    (@instHPow.{0, 0} Real Nat (@NPow.toPow.{0} Real (@Monoid.toNPow.{0} Real Real.instMonoid))) m
                    (@OfNat.ofNat.{0} Nat (nat_lit 2) (instOfNatNat (nat_lit 2)))) →
                @LE.le.{0} Real Real.instLE
                  (@HMul.hMul.{0, 0, 0} Real Real Real (@instHMul.{0} Real Real.instMul)
                    (@HPow.hPow.{0, 0, 0} Real Nat Real
                      (@instHPow.{0, 0} Real Nat (@NPow.toPow.{0} Real (@Monoid.toNPow.{0} Real Real.instMonoid))) n
                      (@OfNat.ofNat.{0} Nat (nat_lit 2) (instOfNatNat (nat_lit 2))))
                    (Real.exp
                      (@Neg.neg.{0} Real Real.instNeg
                        (@HMul.hMul.{0, 0, 0} Real Real Real (@instHMul.{0} Real Real.instMul) gamma m))))
                  (@HDiv.hDiv.{0, 0, 0} Real Real Real
                    (@instHDiv.{0} Real (@DivInvMonoid.toDiv.{0} Real Real.instDivInvMonoid))
                    (@HMul.hMul.{0, 0, 0} Real Real Real (@instHMul.{0} Real Real.instMul) D n) m)) :=
⋯
'Luce.Section6.critical_exceptional_weight_absorption' depends on axioms: [propext,
 Classical.choice.{u},
 Quot.sound.{u}]
theorem Luce.Section6.critical_full_count : ∀ {n : Nat} (w : Luce.Weights n) (e : Fin n → Real),
  @Eq.{1} Real
    (@Luce.BernoulliProcess.cltCount.{0} (Fin n → Real)
      (@MeasurableSpace.pi.{0, 0} (Fin n) (fun a => Real) fun a => Real.measurableSpace) (@Luce.exponentialRace n w)
      (@Luce.FiniteAdaptedBernoulli.toProcess.{0} (Fin n → Real)
        (@MeasurableSpace.pi.{0, 0} (Fin n) (fun a => Real) fun a => Real.measurableSpace) (@Luce.exponentialRace n w) n
        (@Luce.raceInteriorBernoulli n w (@OfNat.ofNat.{0} Real (nat_lit 1) (@One.toOfNat1.{0} Real Real.instOne))) ⋯)
      n e)
    (@Nat.cast.{0} Real Real.instNatCast
      (@Luce.Section5.cycleCount.{0} (Fin n) (Fin.fintype n) (instDecidableEqFin n) (@Luce.raceRankPermutation n e)
        (@OfNat.ofNat.{0} Nat (nat_lit 0) (instOfNatNat (nat_lit 0))))) :=
⋯
'Luce.Section6.critical_full_count' depends on axioms: [propext, Classical.choice.{u}, Quot.sound.{u}]
theorem Luce.Section6.critical_full_observation : ∀ {n : Nat} (w : Luce.Weights n) (k : Fin n) (e : Fin n → Real),
  @Eq.{1} Real
    (@Luce.FiniteAdaptedBernoulli.observationReal.{0} (Fin n → Real)
      (@MeasurableSpace.pi.{0, 0} (Fin n) (fun a => Real) fun a => Real.measurableSpace) (@Luce.exponentialRace n w) n
      (@Luce.raceInteriorBernoulli n w (@OfNat.ofNat.{0} Real (nat_lit 1) (@One.toOfNat1.{0} Real Real.instOne))) k e)
    (@ite.{1} Real
      (@Eq.{1} (Fin n)
        (@DFunLike.coe.{1, 1, 1} (Equiv.Perm.{1} (Fin n)) (Fin n) (fun x => Fin n)
          (@EquivLike.toFunLike.{1, 1, 1} (Equiv.Perm.{1} (Fin n)) (Fin n) (Fin n)
            (@Equiv.instEquivLike.{1, 1} (Fin n) (Fin n)))
          (@Luce.raceRankPermutation n e) k)
        k)
      (instDecidableEqFin n
        (@DFunLike.coe.{1, 1, 1} (Equiv.Perm.{1} (Fin n)) (Fin n) (fun x => Fin n)
          (@EquivLike.toFunLike.{1, 1, 1} (Equiv.Perm.{1} (Fin n)) (Fin n) (Fin n)
            (@Equiv.instEquivLike.{1, 1} (Fin n) (Fin n)))
          (@Luce.raceRankPermutation n e) k)
        k)
      (@OfNat.ofNat.{0} Real (nat_lit 1) (@One.toOfNat1.{0} Real Real.instOne))
      (@OfNat.ofNat.{0} Real (nat_lit 0) (@Zero.toOfNat0.{0} Real Real.instZero))) :=
⋯
'Luce.Section6.critical_full_observation' depends on axioms: [propext, Classical.choice.{u}, Quot.sound.{u}]
theorem Luce.Section6.critical_full_probability : ∀ {n : Nat} (w : Luce.Weights n) (k : Fin n),
  @Filter.EventuallyEq.{0, 0} (Fin n → Real) Real
    (@MeasureTheory.ae.{0, 0} (Fin n → Real)
      (@MeasureTheory.Measure.{0} (Fin n → Real)
        (@MeasurableSpace.pi.{0, 0} (Fin n) (fun a => Real) fun a => Real.measurableSpace))
      (@MeasureTheory.Measure.instFunLike.{0} (Fin n → Real)
        (@MeasurableSpace.pi.{0, 0} (Fin n) (fun a => Real) fun a => Real.measurableSpace))
      ⋯ (@Luce.exponentialRace n w))
    (@Luce.FiniteAdaptedBernoulli.probability.{0} (Fin n → Real)
      (@MeasurableSpace.pi.{0, 0} (Fin n) (fun a => Real) fun a => Real.measurableSpace) (@Luce.exponentialRace n w) n
      (@Luce.raceInteriorBernoulli n w (@OfNat.ofNat.{0} Real (nat_lit 1) (@One.toOfNat1.{0} Real Real.instOne))) k)
    fun e => @Luce.predictableChance n w (@Equiv.symm.{1, 1} (Fin n) (Fin n) (@Luce.raceRankPermutation n e)) k :=
⋯
'Luce.Section6.critical_full_probability' depends on axioms: [propext, Classical.choice.{u}, Quot.sound.{u}]
theorem Luce.Section6.critical_harmonic_tail_lower : ∀ {m n : Nat},
  @LE.le.{0} Nat instLENat (@OfNat.ofNat.{0} Nat (nat_lit 1) (instOfNatNat (nat_lit 1))) m →
    @LE.le.{0} Nat instLENat m n →
      @LE.le.{0} Real Real.instLE
        (Real.log
          (@HDiv.hDiv.{0, 0, 0} Real Real Real (@instHDiv.{0} Real (@DivInvMonoid.toDiv.{0} Real Real.instDivInvMonoid))
            (@Nat.cast.{0} Real Real.instNatCast n) (@Nat.cast.{0} Real Real.instNatCast m)))
        (∑ j ∈ @Finset.Icc.{0} Nat Nat.instPreorder Nat.instLocallyFiniteOrder m n,
          @HDiv.hDiv.{0, 0, 0} Real Real Real (@instHDiv.{0} Real (@DivInvMonoid.toDiv.{0} Real Real.instDivInvMonoid))
            (@OfNat.ofNat.{0} Real (nat_lit 1) (@One.toOfNat1.{0} Real Real.instOne))
            (@Nat.cast.{0} Real Real.instNatCast j)) :=
⋯
'Luce.Section6.critical_harmonic_tail_lower' depends on axioms: [propext, Classical.choice.{u}, Quot.sound.{u}]
theorem Luce.Section6.critical_interior_contractCheck.{u} : SampledProfileContract.critical.{u}
  Luce.Section6.SamplingGrid.interior :=
⋯
'Luce.Section6.critical_interior_contractCheck' depends on axioms: [propext, Classical.choice.{u}, Quot.sound.{u}]
theorem Luce.Section6.critical_inv_sq_integral : ∀ {t : Real},
  @LT.lt.{0} Real Real.instLT (@OfNat.ofNat.{0} Real (nat_lit 0) (@Zero.toOfNat0.{0} Real Real.instZero)) t →
    @Eq.{1} Real
      (@intervalIntegral.{0} Real Real.normedAddCommGroup
        (@InnerProductSpace.toNormedSpace.{0, 0} Real Real Real.instRCLike
          (@NormedAddCommGroup.toSeminormedAddCommGroup.{0} Real Real.normedAddCommGroup)
          (@RCLike.toInnerProductSpaceReal.{0} Real Real.instRCLike))
        (fun s =>
          @HDiv.hDiv.{0, 0, 0} Real Real Real (@instHDiv.{0} Real (@DivInvMonoid.toDiv.{0} Real Real.instDivInvMonoid))
            (@OfNat.ofNat.{0} Real (nat_lit 1) (@One.toOfNat1.{0} Real Real.instOne))
            (@HPow.hPow.{0, 0, 0} Real Nat Real
              (@instHPow.{0, 0} Real Nat (@NPow.toPow.{0} Real (@Monoid.toNPow.{0} Real Real.instMonoid))) s
              (@OfNat.ofNat.{0} Nat (nat_lit 2) (instOfNatNat (nat_lit 2)))))
        t (@OfNat.ofNat.{0} Real (nat_lit 1) (@One.toOfNat1.{0} Real Real.instOne))
        (@MeasureTheory.MeasureSpace.volume.{0} Real Real.measureSpace))
      (@HSub.hSub.{0, 0, 0} Real Real Real (@instHSub.{0} Real Real.instSub)
        (@HDiv.hDiv.{0, 0, 0} Real Real Real (@instHDiv.{0} Real (@DivInvMonoid.toDiv.{0} Real Real.instDivInvMonoid))
          (@OfNat.ofNat.{0} Real (nat_lit 1) (@One.toOfNat1.{0} Real Real.instOne)) t)
        (@OfNat.ofNat.{0} Real (nat_lit 1) (@One.toOfNat1.{0} Real Real.instOne))) :=
⋯
'Luce.Section6.critical_inv_sq_integral' depends on axioms: [propext, Classical.choice.{u}, Quot.sound.{u}]
theorem Luce.Section6.critical_inverse_square_sum : ∀ {A B : Nat},
  @LE.le.{0} Nat instLENat (@OfNat.ofNat.{0} Nat (nat_lit 1) (instOfNatNat (nat_lit 1))) A →
    @LE.le.{0} Nat instLENat A B →
      @LE.le.{0} Real Real.instLE
        (∑ m ∈ @Finset.Icc.{0} Nat Nat.instPreorder Nat.instLocallyFiniteOrder A B,
          @HDiv.hDiv.{0, 0, 0} Real Real Real (@instHDiv.{0} Real (@DivInvMonoid.toDiv.{0} Real Real.instDivInvMonoid))
            (@OfNat.ofNat.{0} Real (nat_lit 1) (@One.toOfNat1.{0} Real Real.instOne))
            (@HPow.hPow.{0, 0, 0} Real Nat Real
              (@instHPow.{0, 0} Real Nat (@NPow.toPow.{0} Real (@Monoid.toNPow.{0} Real Real.instMonoid)))
              (@Nat.cast.{0} Real Real.instNatCast m) (@OfNat.ofNat.{0} Nat (nat_lit 2) (instOfNatNat (nat_lit 2)))))
        (@OfNat.ofNat.{0} Real (nat_lit 2) (@instOfNatAtLeastTwo.{0} Real (nat_lit 2) Real.instNatCast ⋯)) :=
⋯
'Luce.Section6.critical_inverse_square_sum' depends on axioms: [propext, Classical.choice.{u}, Quot.sound.{u}]
theorem Luce.Section6.critical_label_image : ∀ {n : Nat},
  @Eq.{1} (Finset.{0} Nat)
    (@Finset.image.{0, 0} (Fin n) Nat instDecidableEqNat
      (fun i =>
        @HAdd.hAdd.{0, 0, 0} Nat Nat Nat (@instHAdd.{0} Nat instAddNat) (@Fin.val n i)
          (@OfNat.ofNat.{0} Nat (nat_lit 1) (instOfNatNat (nat_lit 1))))
      (@Finset.univ.{0} (Fin n) (Fin.fintype n)))
    (@Finset.Icc.{0} Nat Nat.instPreorder Nat.instLocallyFiniteOrder
      (@OfNat.ofNat.{0} Nat (nat_lit 1) (instOfNatNat (nat_lit 1))) n) :=
⋯
'Luce.Section6.critical_label_image' depends on axioms: [propext, Classical.choice.{u}, Quot.sound.{u}]
theorem Luce.Section6.critical_log_cycle_exponential : ∀ {gamma : Real},
  @LT.lt.{0} Real Real.instLT (@OfNat.ofNat.{0} Real (nat_lit 0) (@Zero.toOfNat0.{0} Real Real.instZero)) gamma →
    ∀ (k : Nat),
      ∃ C,
        And (@LT.lt.{0} Real Real.instLT (@OfNat.ofNat.{0} Real (nat_lit 0) (@Zero.toOfNat0.{0} Real Real.instZero)) C)
          (∀ (z : Real),
            @LE.le.{0} Real Real.instLE (@OfNat.ofNat.{0} Real (nat_lit 1) (@One.toOfNat1.{0} Real Real.instOne)) z →
              ∀ (y : Fin k → Real),
                (∀ (i : Fin k),
                    @LE.le.{0} Real Real.instLE
                      (@OfNat.ofNat.{0} Real (nat_lit 0) (@Zero.toOfNat0.{0} Real Real.instZero)) (y i)) →
                  @LE.le.{0} Real Real.instLE
                    (Real.exp
                      (@HMul.hMul.{0, 0, 0} Real Real Real (@instHMul.{0} Real Real.instMul)
                        (@Neg.neg.{0} Real Real.instNeg gamma)
                        (∑ a,
                          @HDiv.hDiv.{0, 0, 0} Real Real Real
                            (@instHDiv.{0} Real (@DivInvMonoid.toDiv.{0} Real Real.instDivInvMonoid))
                            (Real.exp
                              (@HSub.hSub.{0, 0, 0} Real Real Real (@instHSub.{0} Real Real.instSub)
                                (@Fin.cons.{1} k (fun a => Real)
                                  (@OfNat.ofNat.{0} Real (nat_lit 0) (@Zero.toOfNat0.{0} Real Real.instZero)) y a)
                                (@Fin.snoc.{1} k (fun a => Real) y
                                  (@OfNat.ofNat.{0} Real (nat_lit 0) (@Zero.toOfNat0.{0} Real Real.instZero)) a)))
                            (@HAdd.hAdd.{0, 0, 0} Real Real Real (@instHAdd.{0} Real Real.instAdd) z
                              (@Fin.snoc.{1} k (fun a => Real) y
                                (@OfNat.ofNat.{0} Real (nat_lit 0) (@Zero.toOfNat0.{0} Real Real.instZero)) a)))))
                    (@HMul.hMul.{0, 0, 0} Real Real Real (@instHMul.{0} Real Real.instMul)
                      (@HMul.hMul.{0, 0, 0} Real Real Real (@instHMul.{0} Real Real.instMul) C
                        (@HPow.hPow.{0, 0, 0} Real Real Real (@instHPow.{0, 0} Real Real Real.instPow) z
                          (@HDiv.hDiv.{0, 0, 0} Real Real Real
                            (@instHDiv.{0} Real (@DivInvMonoid.toDiv.{0} Real Real.instDivInvMonoid))
                            (@OfNat.ofNat.{0} Real (nat_lit 1) (@One.toOfNat1.{0} Real Real.instOne))
                            (@OfNat.ofNat.{0} Real (nat_lit 2)
                              (@instOfNatAtLeastTwo.{0} Real (nat_lit 2) Real.instNatCast ⋯)))))
                      (∏ i,
                        Real.exp
                          (@HMul.hMul.{0, 0, 0} Real Real Real (@instHMul.{0} Real Real.instMul)
                            (@Neg.neg.{0} Real Real.instNeg (Luce.Section6.criticalCycleDecay k)) (y i))))) :=
⋯
'Luce.Section6.critical_log_cycle_exponential' depends on axioms: [propext, Classical.choice.{u}, Quot.sound.{u}]
theorem Luce.Section6.critical_log_error_power_bound : ∀ {z : Real},
  @LE.le.{0} Real Real.instLE (@OfNat.ofNat.{0} Real (nat_lit 1) (@One.toOfNat1.{0} Real Real.instOne)) z →
    @LE.le.{0} Real Real.instLE
      (@HDiv.hDiv.{0, 0, 0} Real Real Real (@instHDiv.{0} Real (@DivInvMonoid.toDiv.{0} Real Real.instDivInvMonoid))
        (@HAdd.hAdd.{0, 0, 0} Real Real Real (@instHAdd.{0} Real Real.instAdd)
          (@OfNat.ofNat.{0} Real (nat_lit 1) (@One.toOfNat1.{0} Real Real.instOne)) (Real.log z))
        (@HPow.hPow.{0, 0, 0} Real Nat Real
          (@instHPow.{0, 0} Real Nat (@NPow.toPow.{0} Real (@Monoid.toNPow.{0} Real Real.instMonoid))) z
          (@OfNat.ofNat.{0} Nat (nat_lit 2) (instOfNatNat (nat_lit 2)))))
      (@HMul.hMul.{0, 0, 0} Real Real Real (@instHMul.{0} Real Real.instMul)
        (@OfNat.ofNat.{0} Real (nat_lit 3) (@instOfNatAtLeastTwo.{0} Real (nat_lit 3) Real.instNatCast ⋯))
        (@HPow.hPow.{0, 0, 0} Real Real Real (@instHPow.{0, 0} Real Real Real.instPow) z
          (@Neg.neg.{0} Real Real.instNeg
            (@HDiv.hDiv.{0, 0, 0} Real Real Real
              (@instHDiv.{0} Real (@DivInvMonoid.toDiv.{0} Real Real.instDivInvMonoid))
              (@OfNat.ofNat.{0} Real (nat_lit 3) (@instOfNatAtLeastTwo.{0} Real (nat_lit 3) Real.instNatCast ⋯))
              (@OfNat.ofNat.{0} Real (nat_lit 2) (@instOfNatAtLeastTwo.{0} Real (nat_lit 2) Real.instNatCast ⋯)))))) :=
⋯
'Luce.Section6.critical_log_error_power_bound' depends on axioms: [propext, Classical.choice.{u}, Quot.sound.{u}]
theorem Luce.Section6.critical_log_error_sum : ∀ {n : Real} {A B : Nat},
  @LE.le.{0} Nat instLENat (@OfNat.ofNat.{0} Nat (nat_lit 1) (instOfNatNat (nat_lit 1))) A →
    @LE.le.{0} Nat instLENat A B →
      @LE.le.{0} Real Real.instLE
          (@HDiv.hDiv.{0, 0, 0} Real Real Real (@instHDiv.{0} Real (@DivInvMonoid.toDiv.{0} Real Real.instDivInvMonoid))
            (@OfNat.ofNat.{0} Real (nat_lit 3) (@instOfNatAtLeastTwo.{0} Real (nat_lit 3) Real.instNatCast ⋯))
            (@OfNat.ofNat.{0} Real (nat_lit 2) (@instOfNatAtLeastTwo.{0} Real (nat_lit 2) Real.instNatCast ⋯)))
          (@HSub.hSub.{0, 0, 0} Real Real Real (@instHSub.{0} Real Real.instSub) (Real.log n)
            (Real.log (@Nat.cast.{0} Real Real.instNatCast B))) →
        @LE.le.{0} Real Real.instLE
          (∑ m ∈ @Finset.Icc.{0} Nat Nat.instPreorder Nat.instLocallyFiniteOrder A B,
            @HDiv.hDiv.{0, 0, 0} Real Real Real
              (@instHDiv.{0} Real (@DivInvMonoid.toDiv.{0} Real Real.instDivInvMonoid))
              (@HAdd.hAdd.{0, 0, 0} Real Real Real (@instHAdd.{0} Real Real.instAdd)
                (@OfNat.ofNat.{0} Real (nat_lit 1) (@One.toOfNat1.{0} Real Real.instOne))
                (Real.log
                  (@HSub.hSub.{0, 0, 0} Real Real Real (@instHSub.{0} Real Real.instSub) (Real.log n)
                    (Real.log (@Nat.cast.{0} Real Real.instNatCast m)))))
              (@HMul.hMul.{0, 0, 0} Real Real Real (@instHMul.{0} Real Real.instMul)
                (@Nat.cast.{0} Real Real.instNatCast m)
                (@HPow.hPow.{0, 0, 0} Real Nat Real
                  (@instHPow.{0, 0} Real Nat (@NPow.toPow.{0} Real (@Monoid.toNPow.{0} Real Real.instMonoid)))
                  (@HSub.hSub.{0, 0, 0} Real Real Real (@instHSub.{0} Real Real.instSub) (Real.log n)
                    (Real.log (@Nat.cast.{0} Real Real.instNatCast m)))
                  (@OfNat.ofNat.{0} Nat (nat_lit 2) (instOfNatNat (nat_lit 2))))))
          (@OfNat.ofNat.{0} Real (nat_lit 9) (@instOfNatAtLeastTwo.{0} Real (nat_lit 9) Real.instNatCast ⋯)) :=
⋯
'Luce.Section6.critical_log_error_sum' depends on axioms: [propext, Classical.choice.{u}, Quot.sound.{u}]
theorem Luce.Section6.critical_log_primitive_deriv : ∀ {p n x : Real},
  @Ne.{1} Real p (@OfNat.ofNat.{0} Real (nat_lit 1) (@One.toOfNat1.{0} Real Real.instOne)) →
    @LT.lt.{0} Real Real.instLT (@OfNat.ofNat.{0} Real (nat_lit 0) (@Zero.toOfNat0.{0} Real Real.instZero)) x →
      @LT.lt.{0} Real Real.instLT (@OfNat.ofNat.{0} Real (nat_lit 0) (@Zero.toOfNat0.{0} Real Real.instZero))
          (@HSub.hSub.{0, 0, 0} Real Real Real (@instHSub.{0} Real Real.instSub) (Real.log n) (Real.log x)) →
        @HasDerivAt.{0, 0} Real (@DenselyNormedField.toNontriviallyNormedField.{0} Real Real.denselyNormedField) Real
          Real.instAddCommGroup
          (@Semiring.toModule.{0} Real
            (@DivisionSemiring.toSemiring.{0} Real
              (@Semifield.toDivisionSemiring.{0} Real
                (@Field.toSemifield.{0} Real
                  (@NormedField.toField.{0} Real
                    (@NontriviallyNormedField.toNormedField.{0} Real
                      (@DenselyNormedField.toNontriviallyNormedField.{0} Real Real.denselyNormedField)))))))
          (@UniformSpace.toTopologicalSpace.{0} Real
            (@PseudoMetricSpace.toUniformSpace.{0} Real Real.pseudoMetricSpace))
          ⋯
          (fun y =>
            @HDiv.hDiv.{0, 0, 0} Real Real Real
              (@instHDiv.{0} Real (@DivInvMonoid.toDiv.{0} Real Real.instDivInvMonoid))
              (@HPow.hPow.{0, 0, 0} Real Real Real (@instHPow.{0, 0} Real Real Real.instPow)
                (@HSub.hSub.{0, 0, 0} Real Real Real (@instHSub.{0} Real Real.instSub) (Real.log n) (Real.log y))
                (@HSub.hSub.{0, 0, 0} Real Real Real (@instHSub.{0} Real Real.instSub)
                  (@OfNat.ofNat.{0} Real (nat_lit 1) (@One.toOfNat1.{0} Real Real.instOne)) p))
              (@HSub.hSub.{0, 0, 0} Real Real Real (@instHSub.{0} Real Real.instSub) p
                (@OfNat.ofNat.{0} Real (nat_lit 1) (@One.toOfNat1.{0} Real Real.instOne))))
          (@HDiv.hDiv.{0, 0, 0} Real Real Real (@instHDiv.{0} Real (@DivInvMonoid.toDiv.{0} Real Real.instDivInvMonoid))
            (@HPow.hPow.{0, 0, 0} Real Real Real (@instHPow.{0, 0} Real Real Real.instPow)
              (@HSub.hSub.{0, 0, 0} Real Real Real (@instHSub.{0} Real Real.instSub) (Real.log n) (Real.log x))
              (@Neg.neg.{0} Real Real.instNeg p))
            x)
          x :=
⋯
'Luce.Section6.critical_log_primitive_deriv' depends on axioms: [propext, Classical.choice.{u}, Quot.sound.{u}]
theorem Luce.Section6.critical_log_root_sum : ∀ {p n : Real},
  @LT.lt.{0} Real Real.instLT (@OfNat.ofNat.{0} Real (nat_lit 1) (@One.toOfNat1.{0} Real Real.instOne)) p →
    ∀ {A B : Nat},
      @LE.le.{0} Nat instLENat (@OfNat.ofNat.{0} Nat (nat_lit 1) (instOfNatNat (nat_lit 1))) A →
        @LE.le.{0} Nat instLENat A B →
          @LE.le.{0} Real Real.instLE p
              (@HSub.hSub.{0, 0, 0} Real Real Real (@instHSub.{0} Real Real.instSub) (Real.log n)
                (Real.log (@Nat.cast.{0} Real Real.instNatCast B))) →
            @LE.le.{0} Real Real.instLE
              (∑ m ∈ @Finset.Icc.{0} Nat Nat.instPreorder Nat.instLocallyFiniteOrder A B,
                @HDiv.hDiv.{0, 0, 0} Real Real Real
                  (@instHDiv.{0} Real (@DivInvMonoid.toDiv.{0} Real Real.instDivInvMonoid))
                  (@HPow.hPow.{0, 0, 0} Real Real Real (@instHPow.{0, 0} Real Real Real.instPow)
                    (@HSub.hSub.{0, 0, 0} Real Real Real (@instHSub.{0} Real Real.instSub) (Real.log n)
                      (Real.log (@Nat.cast.{0} Real Real.instNatCast m)))
                    (@Neg.neg.{0} Real Real.instNeg p))
                  (@Nat.cast.{0} Real Real.instNatCast m))
              (@HAdd.hAdd.{0, 0, 0} Real Real Real (@instHAdd.{0} Real Real.instAdd)
                (@OfNat.ofNat.{0} Real (nat_lit 1) (@One.toOfNat1.{0} Real Real.instOne))
                (@HDiv.hDiv.{0, 0, 0} Real Real Real
                  (@instHDiv.{0} Real (@DivInvMonoid.toDiv.{0} Real Real.instDivInvMonoid))
                  (@OfNat.ofNat.{0} Real (nat_lit 1) (@One.toOfNat1.{0} Real Real.instOne))
                  (@HSub.hSub.{0, 0, 0} Real Real Real (@instHSub.{0} Real Real.instSub) p
                    (@OfNat.ofNat.{0} Real (nat_lit 1) (@One.toOfNat1.{0} Real Real.instOne))))) :=
⋯
'Luce.Section6.critical_log_root_sum' depends on axioms: [propext, Classical.choice.{u}, Quot.sound.{u}]
theorem Luce.Section6.critical_log_summand_deriv : ∀ {p n x : Real},
  @LT.lt.{0} Real Real.instLT (@OfNat.ofNat.{0} Real (nat_lit 0) (@Zero.toOfNat0.{0} Real Real.instZero)) x →
    @LT.lt.{0} Real Real.instLT (@OfNat.ofNat.{0} Real (nat_lit 0) (@Zero.toOfNat0.{0} Real Real.instZero))
        (@HSub.hSub.{0, 0, 0} Real Real Real (@instHSub.{0} Real Real.instSub) (Real.log n) (Real.log x)) →
      @HasDerivAt.{0, 0} Real (@DenselyNormedField.toNontriviallyNormedField.{0} Real Real.denselyNormedField) Real
        Real.instAddCommGroup
        (@Semiring.toModule.{0} Real
          (@DivisionSemiring.toSemiring.{0} Real
            (@Semifield.toDivisionSemiring.{0} Real
              (@Field.toSemifield.{0} Real
                (@NormedField.toField.{0} Real
                  (@NontriviallyNormedField.toNormedField.{0} Real
                    (@DenselyNormedField.toNontriviallyNormedField.{0} Real Real.denselyNormedField)))))))
        (@UniformSpace.toTopologicalSpace.{0} Real (@PseudoMetricSpace.toUniformSpace.{0} Real Real.pseudoMetricSpace))
        ⋯
        (fun y =>
          @HDiv.hDiv.{0, 0, 0} Real Real Real (@instHDiv.{0} Real (@DivInvMonoid.toDiv.{0} Real Real.instDivInvMonoid))
            (@HPow.hPow.{0, 0, 0} Real Real Real (@instHPow.{0, 0} Real Real Real.instPow)
              (@HSub.hSub.{0, 0, 0} Real Real Real (@instHSub.{0} Real Real.instSub) (Real.log n) (Real.log y))
              (@Neg.neg.{0} Real Real.instNeg p))
            y)
        (@HDiv.hDiv.{0, 0, 0} Real Real Real (@instHDiv.{0} Real (@DivInvMonoid.toDiv.{0} Real Real.instDivInvMonoid))
          (@HMul.hMul.{0, 0, 0} Real Real Real (@instHMul.{0} Real Real.instMul)
            (@HPow.hPow.{0, 0, 0} Real Real Real (@instHPow.{0, 0} Real Real Real.instPow)
              (@HSub.hSub.{0, 0, 0} Real Real Real (@instHSub.{0} Real Real.instSub) (Real.log n) (Real.log x))
              (@HSub.hSub.{0, 0, 0} Real Real Real (@instHSub.{0} Real Real.instSub) (@Neg.neg.{0} Real Real.instNeg p)
                (@OfNat.ofNat.{0} Real (nat_lit 1) (@One.toOfNat1.{0} Real Real.instOne))))
            (@HSub.hSub.{0, 0, 0} Real Real Real (@instHSub.{0} Real Real.instSub) p
              (@HSub.hSub.{0, 0, 0} Real Real Real (@instHSub.{0} Real Real.instSub) (Real.log n) (Real.log x))))
          (@HPow.hPow.{0, 0, 0} Real Nat Real
            (@instHPow.{0, 0} Real Nat (@NPow.toPow.{0} Real (@Monoid.toNPow.{0} Real Real.instMonoid))) x
            (@OfNat.ofNat.{0} Nat (nat_lit 2) (instOfNatNat (nat_lit 2)))))
        x :=
⋯
'Luce.Section6.critical_log_summand_deriv' depends on axioms: [propext, Classical.choice.{u}, Quot.sound.{u}]
theorem Luce.Section6.critical_loglog_tendsto : @Filter.Tendsto.{0, 0} Nat Real
  (fun n => Real.log (Real.log (@Nat.cast.{0} Real Real.instNatCast n))) (@Filter.atTop.{0} Nat Nat.instPreorder)
  (@Filter.atTop.{0} Real Real.instPreorder) :=
⋯
'Luce.Section6.critical_loglog_tendsto' depends on axioms: [propext, Classical.choice.{u}, Quot.sound.{u}]
theorem Luce.Section6.critical_main_block_error_sum : ∀ {f : Real → Real} {c eta d : Real},
  Luce.Section6.CriticalProfile f c eta d →
    ∃ K Z delta,
      And (@LT.lt.{0} Real Real.instLT (@OfNat.ofNat.{0} Real (nat_lit 0) (@Zero.toOfNat0.{0} Real Real.instZero)) K)
        (And
          (@LE.le.{0} Real Real.instLE
            (@OfNat.ofNat.{0} Real (nat_lit 2) (@instOfNatAtLeastTwo.{0} Real (nat_lit 2) Real.instNatCast ⋯)) Z)
          (And
            (@LT.lt.{0} Real Real.instLT (@OfNat.ofNat.{0} Real (nat_lit 0) (@Zero.toOfNat0.{0} Real Real.instZero))
              delta)
            (And
              (@LT.lt.{0} Real Real.instLT delta
                (@OfNat.ofNat.{0} Real (nat_lit 1) (@One.toOfNat1.{0} Real Real.instOne)))
              (∀ (grid : Luce.Section6.SamplingGrid) (w : Luce.WeightArray),
                Luce.Section6.SampledRates grid w f →
                  ∀ (n A B : Nat),
                    @LE.le.{0} Nat instLENat (@OfNat.ofNat.{0} Nat (nat_lit 4) (instOfNatNat (nat_lit 4))) A →
                      @LE.le.{0} Nat instLENat A B →
                        @LE.le.{0} Nat instLENat B n →
                          @LE.le.{0} Real Real.instLE (@Nat.cast.{0} Real Real.instNatCast n)
                              (@HPow.hPow.{0, 0, 0} Real Nat Real
                                (@instHPow.{0, 0} Real Nat
                                  (@NPow.toPow.{0} Real (@Monoid.toNPow.{0} Real Real.instMonoid)))
                                (@Nat.cast.{0} Real Real.instNatCast A)
                                (@OfNat.ofNat.{0} Nat (nat_lit 2) (instOfNatNat (nat_lit 2)))) →
                            @LE.le.{0} Real Real.instLE Z
                                (@HSub.hSub.{0, 0, 0} Real Real Real (@instHSub.{0} Real Real.instSub)
                                  (Real.log (@Nat.cast.{0} Real Real.instNatCast n))
                                  (Real.log (@Nat.cast.{0} Real Real.instNatCast B))) →
                              @LT.lt.{0} Real Real.instLT
                                  (@HDiv.hDiv.{0, 0, 0} Real Real Real
                                    (@instHDiv.{0} Real (@DivInvMonoid.toDiv.{0} Real Real.instDivInvMonoid))
                                    (@Nat.cast.{0} Real Real.instNatCast B) (@Nat.cast.{0} Real Real.instNatCast n))
                                  delta →
                                @LE.le.{0} Real Real.instLE
                                  (∑ k ∈ Luce.Section6.criticalBlock n A B,
                                    @MeasureTheory.integral.{0, 0} (Fin n → Real) Real Real.normedAddCommGroup
                                      (@InnerProductSpace.toNormedSpace.{0, 0} Real Real Real.instRCLike
                                        (@NormedAddCommGroup.toSeminormedAddCommGroup.{0} Real Real.normedAddCommGroup)
                                        (@RCLike.toInnerProductSpaceReal.{0} Real Real.instRCLike))
                                      (@MeasurableSpace.pi.{0, 0} (Fin n) (fun a => Real) fun a => Real.measurableSpace)
                                      (@Luce.exponentialRace n (w n)) fun e =>
                                      @abs.{0} Real Real.lattice Real.instAddGroup
                                        (@HSub.hSub.{0, 0, 0} Real Real Real (@instHSub.{0} Real Real.instSub)
                                          (@Luce.predictableChance n (w n)
                                            (@Equiv.symm.{1, 1} (Fin n) (Fin n) (@Luce.raceRankPermutation n e)) k)
                                          (@HDiv.hDiv.{0, 0, 0} Real Real Real
                                            (@instHDiv.{0} Real (@DivInvMonoid.toDiv.{0} Real Real.instDivInvMonoid))
                                            (@OfNat.ofNat.{0} Real (nat_lit 1) (@One.toOfNat1.{0} Real Real.instOne))
                                            (@HMul.hMul.{0, 0, 0} Real Real Real (@instHMul.{0} Real Real.instMul)
                                              (@HAdd.hAdd.{0, 0, 0} Real Real Real (@instHAdd.{0} Real Real.instAdd)
                                                (@Nat.cast.{0} Real Real.instNatCast (@Fin.val n k))
                                                (@OfNat.ofNat.{0} Real (nat_lit 1)
                                                  (@One.toOfNat1.{0} Real Real.instOne)))
                                              (Real.log
                                                (@HDiv.hDiv.{0, 0, 0} Real Real Real
                                                  (@instHDiv.{0} Real
                                                    (@DivInvMonoid.toDiv.{0} Real Real.instDivInvMonoid))
                                                  (@Nat.cast.{0} Real Real.instNatCast n)
                                                  (@HAdd.hAdd.{0, 0, 0} Real Real Real (@instHAdd.{0} Real Real.instAdd)
                                                    (@Nat.cast.{0} Real Real.instNatCast (@Fin.val n k))
                                                    (@OfNat.ofNat.{0} Real (nat_lit 1)
                                                      (@One.toOfNat1.{0} Real Real.instOne)))))))))
                                  (@HMul.hMul.{0, 0, 0} Real Real Real (@instHMul.{0} Real Real.instMul) K
                                    (@HAdd.hAdd.{0, 0, 0} Real Real Real (@instHAdd.{0} Real Real.instAdd)
                                      (@OfNat.ofNat.{0} Real (nat_lit 12)
                                        (@instOfNatAtLeastTwo.{0} Real (nat_lit 12) Real.instNatCast ⋯))
                                      (@HDiv.hDiv.{0, 0, 0} Real Real Real
                                        (@instHDiv.{0} Real (@DivInvMonoid.toDiv.{0} Real Real.instDivInvMonoid))
                                        (@OfNat.ofNat.{0} Real (nat_lit 1) (@One.toOfNat1.{0} Real Real.instOne))
                                        eta))))))) :=
⋯
'Luce.Section6.critical_main_block_error_sum' depends on axioms: [propext, Classical.choice.{u}, Quot.sound.{u}]
theorem Luce.Section6.critical_main_error_sum : ∀ {eta n : Real},
  @LT.lt.{0} Real Real.instLT (@OfNat.ofNat.{0} Real (nat_lit 0) (@Zero.toOfNat0.{0} Real Real.instZero)) eta →
    @LT.lt.{0} Real Real.instLT (@OfNat.ofNat.{0} Real (nat_lit 0) (@Zero.toOfNat0.{0} Real Real.instZero)) n →
      ∀ {A B : Nat},
        @LE.le.{0} Nat instLENat (@OfNat.ofNat.{0} Nat (nat_lit 1) (instOfNatNat (nat_lit 1))) A →
          @LE.le.{0} Nat instLENat A B →
            @LE.le.{0} Real Real.instLE (@Nat.cast.{0} Real Real.instNatCast B) n →
              @LE.le.{0} Real Real.instLE
                  (@HDiv.hDiv.{0, 0, 0} Real Real Real
                    (@instHDiv.{0} Real (@DivInvMonoid.toDiv.{0} Real Real.instDivInvMonoid))
                    (@OfNat.ofNat.{0} Real (nat_lit 3) (@instOfNatAtLeastTwo.{0} Real (nat_lit 3) Real.instNatCast ⋯))
                    (@OfNat.ofNat.{0} Real (nat_lit 2) (@instOfNatAtLeastTwo.{0} Real (nat_lit 2) Real.instNatCast ⋯)))
                  (@HSub.hSub.{0, 0, 0} Real Real Real (@instHSub.{0} Real Real.instSub) (Real.log n)
                    (Real.log (@Nat.cast.{0} Real Real.instNatCast B))) →
                @LE.le.{0} Real Real.instLE
                  (∑ m ∈ @Finset.Icc.{0} Nat Nat.instPreorder Nat.instLocallyFiniteOrder A B,
                    @HMul.hMul.{0, 0, 0} Real Real Real (@instHMul.{0} Real Real.instMul)
                      (@HDiv.hDiv.{0, 0, 0} Real Real Real
                        (@instHDiv.{0} Real (@DivInvMonoid.toDiv.{0} Real Real.instDivInvMonoid))
                        (@OfNat.ofNat.{0} Real (nat_lit 1) (@One.toOfNat1.{0} Real Real.instOne))
                        (@HMul.hMul.{0, 0, 0} Real Real Real (@instHMul.{0} Real Real.instMul)
                          (@Nat.cast.{0} Real Real.instNatCast m)
                          (@HSub.hSub.{0, 0, 0} Real Real Real (@instHSub.{0} Real Real.instSub) (Real.log n)
                            (Real.log (@Nat.cast.{0} Real Real.instNatCast m)))))
                      (@HAdd.hAdd.{0, 0, 0} Real Real Real (@instHAdd.{0} Real Real.instAdd)
                        (@HAdd.hAdd.{0, 0, 0} Real Real Real (@instHAdd.{0} Real Real.instAdd)
                          (@HDiv.hDiv.{0, 0, 0} Real Real Real
                            (@instHDiv.{0} Real (@DivInvMonoid.toDiv.{0} Real Real.instDivInvMonoid))
                            (@HAdd.hAdd.{0, 0, 0} Real Real Real (@instHAdd.{0} Real Real.instAdd)
                              (@OfNat.ofNat.{0} Real (nat_lit 1) (@One.toOfNat1.{0} Real Real.instOne))
                              (Real.log
                                (@HSub.hSub.{0, 0, 0} Real Real Real (@instHSub.{0} Real Real.instSub) (Real.log n)
                                  (Real.log (@Nat.cast.{0} Real Real.instNatCast m)))))
                            (@HSub.hSub.{0, 0, 0} Real Real Real (@instHSub.{0} Real Real.instSub) (Real.log n)
                              (Real.log (@Nat.cast.{0} Real Real.instNatCast m))))
                          (@HDiv.hDiv.{0, 0, 0} Real Real Real
                            (@instHDiv.{0} Real (@DivInvMonoid.toDiv.{0} Real Real.instDivInvMonoid))
                            (@OfNat.ofNat.{0} Real (nat_lit 1) (@One.toOfNat1.{0} Real Real.instOne))
                            (@Nat.cast.{0} Real Real.instNatCast m)))
                        (@HPow.hPow.{0, 0, 0} Real Real Real (@instHPow.{0, 0} Real Real Real.instPow)
                          (@HDiv.hDiv.{0, 0, 0} Real Real Real
                            (@instHDiv.{0} Real (@DivInvMonoid.toDiv.{0} Real Real.instDivInvMonoid))
                            (@Nat.cast.{0} Real Real.instNatCast m) n)
                          eta)))
                  (@HAdd.hAdd.{0, 0, 0} Real Real Real (@instHAdd.{0} Real Real.instAdd)
                    (@OfNat.ofNat.{0} Real (nat_lit 12) (@instOfNatAtLeastTwo.{0} Real (nat_lit 12) Real.instNatCast ⋯))
                    (@HDiv.hDiv.{0, 0, 0} Real Real Real
                      (@instHDiv.{0} Real (@DivInvMonoid.toDiv.{0} Real Real.instDivInvMonoid))
                      (@OfNat.ofNat.{0} Real (nat_lit 1) (@One.toOfNat1.{0} Real Real.instOne)) eta)) :=
⋯
'Luce.Section6.critical_main_error_sum' depends on axioms: [propext, Classical.choice.{u}, Quot.sound.{u}]
theorem Luce.Section6.critical_midpoint_contractCheck.{u} : SampledProfileContract.critical.{u}
  Luce.Section6.SamplingGrid.midpoint :=
⋯
'Luce.Section6.critical_midpoint_contractCheck' depends on axioms: [propext, Classical.choice.{u}, Quot.sound.{u}]
theorem Luce.Section6.critical_missing_expectation_upper : ∀ {n : Nat} (w : Luce.Weights n) (k : Fin n) {t : Real},
  @LE.le.{0} Real Real.instLE (@OfNat.ofNat.{0} Real (nat_lit 0) (@Zero.toOfNat0.{0} Real Real.instZero)) t →
    @LE.le.{0} Real Real.instLE
        (@HMul.hMul.{0, 0, 0} Real Real Real (@instHMul.{0} Real Real.instMul)
          (@OfNat.ofNat.{0} Real (nat_lit 2) (@instOfNatAtLeastTwo.{0} Real (nat_lit 2) Real.instNatCast ⋯))
          (@HAdd.hAdd.{0, 0, 0} Real Real Real (@instHAdd.{0} Real Real.instAdd)
            (@Nat.cast.{0} Real Real.instNatCast (@Fin.val n k))
            (@OfNat.ofNat.{0} Real (nat_lit 1) (@One.toOfNat1.{0} Real Real.instOne))))
        (@HMul.hMul.{0, 0, 0} Real Real Real (@instHMul.{0} Real Real.instMul) (@Nat.cast.{0} Real Real.instNatCast n)
          (@Luce.Section6.populationG n w t)) →
      @LE.le.{0} Real Real.instLE
        (@MeasureTheory.integral.{0, 0} (Fin n → Real) Real Real.normedAddCommGroup
          (@InnerProductSpace.toNormedSpace.{0, 0} Real Real Real.instRCLike
            (@NormedAddCommGroup.toSeminormedAddCommGroup.{0} Real Real.normedAddCommGroup)
            (@RCLike.toInnerProductSpaceReal.{0} Real Real.instRCLike))
          (@MeasurableSpace.pi.{0, 0} (Fin n) (fun a => Real) fun a => Real.measurableSpace) (@Luce.exponentialRace n w)
          fun e => @Luce.Section6.criticalMissingIndicator n k e)
        (@HAdd.hAdd.{0, 0, 0} Real Real Real (@instHAdd.{0} Real Real.instAdd)
          (@HMul.hMul.{0, 0, 0} Real Real Real (@instHMul.{0} Real Real.instMul) (@Luce.Weights.rate n w k) t)
          (Real.exp
            (@HDiv.hDiv.{0, 0, 0} Real Real Real
              (@instHDiv.{0} Real (@DivInvMonoid.toDiv.{0} Real Real.instDivInvMonoid))
              (@Neg.neg.{0} Real Real.instNeg
                (@HAdd.hAdd.{0, 0, 0} Real Real Real (@instHAdd.{0} Real Real.instAdd)
                  (@Nat.cast.{0} Real Real.instNatCast (@Fin.val n k))
                  (@OfNat.ofNat.{0} Real (nat_lit 1) (@One.toOfNat1.{0} Real Real.instOne))))
              (@OfNat.ofNat.{0} Real (nat_lit 8) (@instOfNatAtLeastTwo.{0} Real (nat_lit 8) Real.instNatCast ⋯))))) :=
⋯
'Luce.Section6.critical_missing_expectation_upper' depends on axioms: [propext, Classical.choice.{u}, Quot.sound.{u}]
theorem Luce.Section6.critical_path_variation_sum : ∀ (k : Nat) (a b : Real) (y : Fin k → Real),
  @Eq.{1} Real (Luce.Section6.pathVariation68 k a b y)
    (∑ j,
      @abs.{0} Real Real.lattice Real.instAddGroup
        (@HSub.hSub.{0, 0, 0} Real Real Real (@instHSub.{0} Real Real.instSub) (@Fin.cons.{1} k (fun a => Real) a y j)
          (@Fin.snoc.{1} k (fun a => Real) y b j))) :=
⋯
'Luce.Section6.critical_path_variation_sum' depends on axioms: [propext, Classical.choice.{u}, Quot.sound.{u}]
theorem Luce.Section6.critical_pole_arrival_integral : ∀ {c t : Real},
  @LT.lt.{0} Real Real.instLT (@OfNat.ofNat.{0} Real (nat_lit 0) (@Zero.toOfNat0.{0} Real Real.instZero)) c →
    @LT.lt.{0} Real Real.instLT (@OfNat.ofNat.{0} Real (nat_lit 0) (@Zero.toOfNat0.{0} Real Real.instZero)) t →
      @LE.le.{0} Real Real.instLE t (@OfNat.ofNat.{0} Real (nat_lit 1) (@One.toOfNat1.{0} Real Real.instOne)) →
        @LE.le.{0} Real Real.instLE
          (@abs.{0} Real Real.lattice Real.instAddGroup
            (@HSub.hSub.{0, 0, 0} Real Real Real (@instHSub.{0} Real Real.instSub)
              (@intervalIntegral.{0} Real Real.normedAddCommGroup
                (@InnerProductSpace.toNormedSpace.{0, 0} Real Real Real.instRCLike
                  (@NormedAddCommGroup.toSeminormedAddCommGroup.{0} Real Real.normedAddCommGroup)
                  (@RCLike.toInnerProductSpaceReal.{0} Real Real.instRCLike))
                (fun s =>
                  @HSub.hSub.{0, 0, 0} Real Real Real (@instHSub.{0} Real Real.instSub)
                    (@OfNat.ofNat.{0} Real (nat_lit 1) (@One.toOfNat1.{0} Real Real.instOne))
                    (Luce.survivalKernel t
                      (@HDiv.hDiv.{0, 0, 0} Real Real Real
                        (@instHDiv.{0} Real (@DivInvMonoid.toDiv.{0} Real Real.instDivInvMonoid)) c s)))
                (@OfNat.ofNat.{0} Real (nat_lit 0) (@Zero.toOfNat0.{0} Real Real.instZero))
                (@OfNat.ofNat.{0} Real (nat_lit 1) (@One.toOfNat1.{0} Real Real.instOne))
                (@MeasureTheory.MeasureSpace.volume.{0} Real Real.measureSpace))
              (@HMul.hMul.{0, 0, 0} Real Real Real (@instHMul.{0} Real Real.instMul)
                (@HMul.hMul.{0, 0, 0} Real Real Real (@instHMul.{0} Real Real.instMul) c t)
                (Real.log
                  (@HDiv.hDiv.{0, 0, 0} Real Real Real
                    (@instHDiv.{0} Real (@DivInvMonoid.toDiv.{0} Real Real.instDivInvMonoid))
                    (@OfNat.ofNat.{0} Real (nat_lit 1) (@One.toOfNat1.{0} Real Real.instOne)) t)))))
          (@HMul.hMul.{0, 0, 0} Real Real Real (@instHMul.{0} Real Real.instMul)
            (@HAdd.hAdd.{0, 0, 0} Real Real Real (@instHAdd.{0} Real Real.instAdd)
              (@OfNat.ofNat.{0} Real (nat_lit 1) (@One.toOfNat1.{0} Real Real.instOne))
              (@HPow.hPow.{0, 0, 0} Real Nat Real
                (@instHPow.{0, 0} Real Nat (@NPow.toPow.{0} Real (@Monoid.toNPow.{0} Real Real.instMonoid))) c
                (@OfNat.ofNat.{0} Nat (nat_lit 2) (instOfNatNat (nat_lit 2)))))
            t) :=
⋯
'Luce.Section6.critical_pole_arrival_integral' depends on axioms: [propext, Classical.choice.{u}, Quot.sound.{u}]
theorem Luce.Section6.critical_pole_arrival_intervalIntegrable : ∀ {c t b : Real},
  @LE.le.{0} Real Real.instLE (@OfNat.ofNat.{0} Real (nat_lit 0) (@Zero.toOfNat0.{0} Real Real.instZero)) c →
    @LE.le.{0} Real Real.instLE (@OfNat.ofNat.{0} Real (nat_lit 0) (@Zero.toOfNat0.{0} Real Real.instZero)) t →
      @LE.le.{0} Real Real.instLE (@OfNat.ofNat.{0} Real (nat_lit 0) (@Zero.toOfNat0.{0} Real Real.instZero)) b →
        @IntervalIntegrable.{0} Real
          (@UniformSpace.toTopologicalSpace.{0} Real
            (@PseudoMetricSpace.toUniformSpace.{0} Real Real.pseudoMetricSpace))
          (@NormedAddGroup.toENormedAddMonoid.{0} Real
            (@NormedAddCommGroup.toNormedAddGroup.{0} Real Real.normedAddCommGroup))
          (fun s =>
            @HSub.hSub.{0, 0, 0} Real Real Real (@instHSub.{0} Real Real.instSub)
              (@OfNat.ofNat.{0} Real (nat_lit 1) (@One.toOfNat1.{0} Real Real.instOne))
              (Luce.survivalKernel t
                (@HDiv.hDiv.{0, 0, 0} Real Real Real
                  (@instHDiv.{0} Real (@DivInvMonoid.toDiv.{0} Real Real.instDivInvMonoid)) c s)))
          (@MeasureTheory.MeasureSpace.volume.{0} Real Real.measureSpace)
          (@OfNat.ofNat.{0} Real (nat_lit 0) (@Zero.toOfNat0.{0} Real Real.instZero)) b :=
⋯
'Luce.Section6.critical_pole_arrival_intervalIntegrable' depends on axioms: [propext,
 Classical.choice.{u},
 Quot.sound.{u}]
theorem Luce.Section6.critical_pole_weight_integral : ∀ {c t : Real},
  @LT.lt.{0} Real Real.instLT (@OfNat.ofNat.{0} Real (nat_lit 0) (@Zero.toOfNat0.{0} Real Real.instZero)) c →
    @LT.lt.{0} Real Real.instLT (@OfNat.ofNat.{0} Real (nat_lit 0) (@Zero.toOfNat0.{0} Real Real.instZero)) t →
      @LE.le.{0} Real Real.instLE t (@OfNat.ofNat.{0} Real (nat_lit 1) (@One.toOfNat1.{0} Real Real.instOne)) →
        @LE.le.{0} Real Real.instLE
          (@abs.{0} Real Real.lattice Real.instAddGroup
            (@HSub.hSub.{0, 0, 0} Real Real Real (@instHSub.{0} Real Real.instSub)
              (@intervalIntegral.{0} Real Real.normedAddCommGroup
                (@InnerProductSpace.toNormedSpace.{0, 0} Real Real Real.instRCLike
                  (@NormedAddCommGroup.toSeminormedAddCommGroup.{0} Real Real.normedAddCommGroup)
                  (@RCLike.toInnerProductSpaceReal.{0} Real Real.instRCLike))
                (fun s =>
                  Luce.rateKernel t
                    (@HDiv.hDiv.{0, 0, 0} Real Real Real
                      (@instHDiv.{0} Real (@DivInvMonoid.toDiv.{0} Real Real.instDivInvMonoid)) c s))
                (@OfNat.ofNat.{0} Real (nat_lit 0) (@Zero.toOfNat0.{0} Real Real.instZero))
                (@OfNat.ofNat.{0} Real (nat_lit 1) (@One.toOfNat1.{0} Real Real.instOne))
                (@MeasureTheory.MeasureSpace.volume.{0} Real Real.measureSpace))
              (@HMul.hMul.{0, 0, 0} Real Real Real (@instHMul.{0} Real Real.instMul) c
                (Real.log
                  (@HDiv.hDiv.{0, 0, 0} Real Real Real
                    (@instHDiv.{0} Real (@DivInvMonoid.toDiv.{0} Real Real.instDivInvMonoid))
                    (@OfNat.ofNat.{0} Real (nat_lit 1) (@One.toOfNat1.{0} Real Real.instOne)) t)))))
          (@HAdd.hAdd.{0, 0, 0} Real Real Real (@instHAdd.{0} Real Real.instAdd)
            (Real.exp
              (@Neg.neg.{0} Real Real.instNeg
                (@OfNat.ofNat.{0} Real (nat_lit 1) (@One.toOfNat1.{0} Real Real.instOne))))
            (@HPow.hPow.{0, 0, 0} Real Nat Real
              (@instHPow.{0, 0} Real Nat (@NPow.toPow.{0} Real (@Monoid.toNPow.{0} Real Real.instMonoid))) c
              (@OfNat.ofNat.{0} Nat (nat_lit 2) (instOfNatNat (nat_lit 2))))) :=
⋯
'Luce.Section6.critical_pole_weight_integral' depends on axioms: [propext, Classical.choice.{u}, Quot.sound.{u}]
theorem Luce.Section6.critical_pole_weight_intervalIntegrable : ∀ {c t b : Real},
  @LE.le.{0} Real Real.instLE (@OfNat.ofNat.{0} Real (nat_lit 0) (@Zero.toOfNat0.{0} Real Real.instZero)) c →
    @LT.lt.{0} Real Real.instLT (@OfNat.ofNat.{0} Real (nat_lit 0) (@Zero.toOfNat0.{0} Real Real.instZero)) t →
      @LE.le.{0} Real Real.instLE (@OfNat.ofNat.{0} Real (nat_lit 0) (@Zero.toOfNat0.{0} Real Real.instZero)) b →
        @IntervalIntegrable.{0} Real
          (@UniformSpace.toTopologicalSpace.{0} Real
            (@PseudoMetricSpace.toUniformSpace.{0} Real Real.pseudoMetricSpace))
          (@NormedAddGroup.toENormedAddMonoid.{0} Real
            (@NormedAddCommGroup.toNormedAddGroup.{0} Real Real.normedAddCommGroup))
          (fun s =>
            Luce.rateKernel t
              (@HDiv.hDiv.{0, 0, 0} Real Real Real
                (@instHDiv.{0} Real (@DivInvMonoid.toDiv.{0} Real Real.instDivInvMonoid)) c s))
          (@MeasureTheory.MeasureSpace.volume.{0} Real Real.measureSpace)
          (@OfNat.ofNat.{0} Real (nat_lit 0) (@Zero.toOfNat0.{0} Real Real.instZero)) b :=
⋯
'Luce.Section6.critical_pole_weight_intervalIntegrable' depends on axioms: [propext,
 Classical.choice.{u},
 Quot.sound.{u}]
theorem Luce.Section6.critical_predictable_error : ∀ {n : Nat} (w : Luce.Weights n) (k : Fin n) (e : Fin n → Real)
  {L V : Real},
  @LT.lt.{0} Real Real.instLT (@OfNat.ofNat.{0} Real (nat_lit 0) (@Zero.toOfNat0.{0} Real Real.instZero)) L →
    @LE.le.{0} Real Real.instLE L V →
      @LE.le.{0} Real Real.instLE L (@Luce.Section6.criticalRemainingWeight n w k e) →
        @LE.le.{0} Real Real.instLE
          (@abs.{0} Real Real.lattice Real.instAddGroup
            (@HSub.hSub.{0, 0, 0} Real Real Real (@instHSub.{0} Real Real.instSub)
              (@Luce.predictableChance n w (@Equiv.symm.{1, 1} (Fin n) (Fin n) (@Luce.raceRankPermutation n e)) k)
              (@HDiv.hDiv.{0, 0, 0} Real Real Real
                (@instHDiv.{0} Real (@DivInvMonoid.toDiv.{0} Real Real.instDivInvMonoid)) (@Luce.Weights.rate n w k)
                V)))
          (@HAdd.hAdd.{0, 0, 0} Real Real Real (@instHAdd.{0} Real Real.instAdd)
            (@HMul.hMul.{0, 0, 0} Real Real Real (@instHMul.{0} Real Real.instMul)
              (@HDiv.hDiv.{0, 0, 0} Real Real Real
                (@instHDiv.{0} Real (@DivInvMonoid.toDiv.{0} Real Real.instDivInvMonoid)) (@Luce.Weights.rate n w k) V)
              (@Luce.Section6.criticalMissingIndicator n k e))
            (@HMul.hMul.{0, 0, 0} Real Real Real (@instHMul.{0} Real Real.instMul)
              (@HDiv.hDiv.{0, 0, 0} Real Real Real
                (@instHDiv.{0} Real (@DivInvMonoid.toDiv.{0} Real Real.instDivInvMonoid)) (@Luce.Weights.rate n w k)
                (@HMul.hMul.{0, 0, 0} Real Real Real (@instHMul.{0} Real Real.instMul) L V))
              (@HSub.hSub.{0, 0, 0} Real Real Real (@instHSub.{0} Real Real.instSub)
                (@HAdd.hAdd.{0, 0, 0} Real Real Real (@instHAdd.{0} Real Real.instAdd)
                  (@Luce.Section6.criticalRemainingWeight n w k e) V)
                (@HMul.hMul.{0, 0, 0} Real Real Real (@instHMul.{0} Real Real.instMul)
                  (@OfNat.ofNat.{0} Real (nat_lit 2) (@instOfNatAtLeastTwo.{0} Real (nat_lit 2) Real.instNatCast ⋯))
                  L)))) :=
⋯
'Luce.Section6.critical_predictable_error' depends on axioms: [propext, Classical.choice.{u}, Quot.sound.{u}]
theorem Luce.Section6.critical_predictable_integral_error : ∀ {n : Nat} (w : Luce.Weights n) (k : Fin n) {L V : Real},
  @LT.lt.{0} Real Real.instLT (@OfNat.ofNat.{0} Real (nat_lit 0) (@Zero.toOfNat0.{0} Real Real.instZero)) L →
    @LE.le.{0} Real Real.instLE L V →
      (∀ (e : Fin n → Real), @LE.le.{0} Real Real.instLE L (@Luce.Section6.criticalRemainingWeight n w k e)) →
        @LE.le.{0} Real Real.instLE
          (@MeasureTheory.integral.{0, 0} (Fin n → Real) Real Real.normedAddCommGroup
            (@InnerProductSpace.toNormedSpace.{0, 0} Real Real Real.instRCLike
              (@NormedAddCommGroup.toSeminormedAddCommGroup.{0} Real Real.normedAddCommGroup)
              (@RCLike.toInnerProductSpaceReal.{0} Real Real.instRCLike))
            (@MeasurableSpace.pi.{0, 0} (Fin n) (fun a => Real) fun a => Real.measurableSpace)
            (@Luce.exponentialRace n w) fun e =>
            @abs.{0} Real Real.lattice Real.instAddGroup
              (@HSub.hSub.{0, 0, 0} Real Real Real (@instHSub.{0} Real Real.instSub)
                (@Luce.predictableChance n w (@Equiv.symm.{1, 1} (Fin n) (Fin n) (@Luce.raceRankPermutation n e)) k)
                (@HDiv.hDiv.{0, 0, 0} Real Real Real
                  (@instHDiv.{0} Real (@DivInvMonoid.toDiv.{0} Real Real.instDivInvMonoid)) (@Luce.Weights.rate n w k)
                  V)))
          (@HAdd.hAdd.{0, 0, 0} Real Real Real (@instHAdd.{0} Real Real.instAdd)
            (@HMul.hMul.{0, 0, 0} Real Real Real (@instHMul.{0} Real Real.instMul)
              (@HDiv.hDiv.{0, 0, 0} Real Real Real
                (@instHDiv.{0} Real (@DivInvMonoid.toDiv.{0} Real Real.instDivInvMonoid)) (@Luce.Weights.rate n w k) V)
              (@MeasureTheory.integral.{0, 0} (Fin n → Real) Real Real.normedAddCommGroup
                (@InnerProductSpace.toNormedSpace.{0, 0} Real Real Real.instRCLike
                  (@NormedAddCommGroup.toSeminormedAddCommGroup.{0} Real Real.normedAddCommGroup)
                  (@RCLike.toInnerProductSpaceReal.{0} Real Real.instRCLike))
                (@MeasurableSpace.pi.{0, 0} (Fin n) (fun a => Real) fun a => Real.measurableSpace)
                (@Luce.exponentialRace n w) fun e => @Luce.Section6.criticalMissingIndicator n k e))
            (@HMul.hMul.{0, 0, 0} Real Real Real (@instHMul.{0} Real Real.instMul)
              (@HDiv.hDiv.{0, 0, 0} Real Real Real
                (@instHDiv.{0} Real (@DivInvMonoid.toDiv.{0} Real Real.instDivInvMonoid)) (@Luce.Weights.rate n w k)
                (@HMul.hMul.{0, 0, 0} Real Real Real (@instHMul.{0} Real Real.instMul) L V))
              (@HSub.hSub.{0, 0, 0} Real Real Real (@instHSub.{0} Real Real.instSub)
                (@HAdd.hAdd.{0, 0, 0} Real Real Real (@instHAdd.{0} Real Real.instAdd)
                  (@MeasureTheory.integral.{0, 0} (Fin n → Real) Real Real.normedAddCommGroup
                    (@InnerProductSpace.toNormedSpace.{0, 0} Real Real Real.instRCLike
                      (@NormedAddCommGroup.toSeminormedAddCommGroup.{0} Real Real.normedAddCommGroup)
                      (@RCLike.toInnerProductSpaceReal.{0} Real Real.instRCLike))
                    (@MeasurableSpace.pi.{0, 0} (Fin n) (fun a => Real) fun a => Real.measurableSpace)
                    (@Luce.exponentialRace n w) fun e => @Luce.Section6.criticalRemainingWeight n w k e)
                  V)
                (@HMul.hMul.{0, 0, 0} Real Real Real (@instHMul.{0} Real Real.instMul)
                  (@OfNat.ofNat.{0} Real (nat_lit 2) (@instOfNatAtLeastTwo.{0} Real (nat_lit 2) Real.instNatCast ⋯))
                  L)))) :=
⋯
'Luce.Section6.critical_predictable_integral_error' depends on axioms: [propext, Classical.choice.{u}, Quot.sound.{u}]
theorem Luce.Section6.critical_predictable_sum_expectation : ∀ {n : Nat} (w : Luce.Weights n) (S : Finset.{0} (Fin n)),
  @Eq.{1} Real
    (∑ k ∈ S,
      @MeasureTheory.integral.{0, 0} (Fin n → Real) Real Real.normedAddCommGroup
        (@InnerProductSpace.toNormedSpace.{0, 0} Real Real Real.instRCLike
          (@NormedAddCommGroup.toSeminormedAddCommGroup.{0} Real Real.normedAddCommGroup)
          (@RCLike.toInnerProductSpaceReal.{0} Real Real.instRCLike))
        (@MeasurableSpace.pi.{0, 0} (Fin n) (fun a => Real) fun a => Real.measurableSpace) (@Luce.exponentialRace n w)
        fun e => @Luce.predictableChance n w (@Equiv.symm.{1, 1} (Fin n) (Fin n) (@Luce.raceRankPermutation n e)) k)
    (@MeasureTheory.integral.{0, 0} (Fin n → Real) Real Real.normedAddCommGroup
      (@InnerProductSpace.toNormedSpace.{0, 0} Real Real Real.instRCLike
        (@NormedAddCommGroup.toSeminormedAddCommGroup.{0} Real Real.normedAddCommGroup)
        (@RCLike.toInnerProductSpaceReal.{0} Real Real.instRCLike))
      (@MeasurableSpace.pi.{0, 0} (Fin n) (fun a => Real) fun a => Real.measurableSpace) (@Luce.exponentialRace n w)
      fun e =>
      @Nat.cast.{0} Real Real.instNatCast
        (@Luce.Section6.exactCycleVertexCount n (@Luce.raceRankPermutation n e)
          (@OfNat.ofNat.{0} Nat (nat_lit 1) (instOfNatNat (nat_lit 1))) S)) :=
⋯
'Luce.Section6.critical_predictable_sum_expectation' depends on axioms: [propext, Classical.choice.{u}, Quot.sound.{u}]
theorem Luce.Section6.critical_probability_reference_error : ∀ {n A B : Nat} (w : Luce.Weights n),
  @LE.le.{0} Nat instLENat A B →
    @LE.le.{0} Real Real.instLE
      (∑ k ∈ Finset.range n,
        @MeasureTheory.integral.{0, 0} (Fin n → Real) Real Real.normedAddCommGroup
          (@InnerProductSpace.toNormedSpace.{0, 0} Real Real Real.instRCLike
            (@NormedAddCommGroup.toSeminormedAddCommGroup.{0} Real Real.normedAddCommGroup)
            (@RCLike.toInnerProductSpaceReal.{0} Real Real.instRCLike))
          (@MeasurableSpace.pi.{0, 0} (Fin n) (fun a => Real) fun a => Real.measurableSpace) (@Luce.exponentialRace n w)
          fun e =>
          @abs.{0} Real Real.lattice Real.instAddGroup
            (@HSub.hSub.{0, 0, 0} Real Real Real (@instHSub.{0} Real Real.instSub)
              (@Luce.BernoulliProcess.probability.{0} (Fin n → Real)
                (@MeasurableSpace.pi.{0, 0} (Fin n) (fun a => Real) fun a => Real.measurableSpace)
                (@Luce.exponentialRace n w)
                (@Luce.FiniteAdaptedBernoulli.toProcess.{0} (Fin n → Real)
                  (@MeasurableSpace.pi.{0, 0} (Fin n) (fun a => Real) fun a => Real.measurableSpace)
                  (@Luce.exponentialRace n w) n
                  (@Luce.raceInteriorBernoulli n w
                    (@OfNat.ofNat.{0} Real (nat_lit 1) (@One.toOfNat1.{0} Real Real.instOne)))
                  ⋯)
                k e)
              (Luce.Section6.criticalReference n A B k)))
      (@HAdd.hAdd.{0, 0, 0} Real Real Real (@instHAdd.{0} Real Real.instAdd)
        (@HAdd.hAdd.{0, 0, 0} Real Real Real (@instHAdd.{0} Real Real.instAdd)
          (∑ k ∈ Luce.Section6.criticalBlock n (@OfNat.ofNat.{0} Nat (nat_lit 1) (instOfNatNat (nat_lit 1))) A,
            @MeasureTheory.integral.{0, 0} (Fin n → Real) Real Real.normedAddCommGroup
              (@InnerProductSpace.toNormedSpace.{0, 0} Real Real Real.instRCLike
                (@NormedAddCommGroup.toSeminormedAddCommGroup.{0} Real Real.normedAddCommGroup)
                (@RCLike.toInnerProductSpaceReal.{0} Real Real.instRCLike))
              (@MeasurableSpace.pi.{0, 0} (Fin n) (fun a => Real) fun a => Real.measurableSpace)
              (@Luce.exponentialRace n w) fun e =>
              @Luce.predictableChance n w (@Equiv.symm.{1, 1} (Fin n) (Fin n) (@Luce.raceRankPermutation n e)) k)
          (∑ k ∈ Luce.Section6.criticalBlock n A B,
            @MeasureTheory.integral.{0, 0} (Fin n → Real) Real Real.normedAddCommGroup
              (@InnerProductSpace.toNormedSpace.{0, 0} Real Real Real.instRCLike
                (@NormedAddCommGroup.toSeminormedAddCommGroup.{0} Real Real.normedAddCommGroup)
                (@RCLike.toInnerProductSpaceReal.{0} Real Real.instRCLike))
              (@MeasurableSpace.pi.{0, 0} (Fin n) (fun a => Real) fun a => Real.measurableSpace)
              (@Luce.exponentialRace n w) fun e =>
              @abs.{0} Real Real.lattice Real.instAddGroup
                (@HSub.hSub.{0, 0, 0} Real Real Real (@instHSub.{0} Real Real.instSub)
                  (@Luce.predictableChance n w (@Equiv.symm.{1, 1} (Fin n) (Fin n) (@Luce.raceRankPermutation n e)) k)
                  (@HDiv.hDiv.{0, 0, 0} Real Real Real
                    (@instHDiv.{0} Real (@DivInvMonoid.toDiv.{0} Real Real.instDivInvMonoid))
                    (@OfNat.ofNat.{0} Real (nat_lit 1) (@One.toOfNat1.{0} Real Real.instOne))
                    (@HMul.hMul.{0, 0, 0} Real Real Real (@instHMul.{0} Real Real.instMul)
                      (@HAdd.hAdd.{0, 0, 0} Real Real Real (@instHAdd.{0} Real Real.instAdd)
                        (@Nat.cast.{0} Real Real.instNatCast (@Fin.val n k))
                        (@OfNat.ofNat.{0} Real (nat_lit 1) (@One.toOfNat1.{0} Real Real.instOne)))
                      (Real.log
                        (@HDiv.hDiv.{0, 0, 0} Real Real Real
                          (@instHDiv.{0} Real (@DivInvMonoid.toDiv.{0} Real Real.instDivInvMonoid))
                          (@Nat.cast.{0} Real Real.instNatCast n)
                          (@HAdd.hAdd.{0, 0, 0} Real Real Real (@instHAdd.{0} Real Real.instAdd)
                            (@Nat.cast.{0} Real Real.instNatCast (@Fin.val n k))
                            (@OfNat.ofNat.{0} Real (nat_lit 1) (@One.toOfNat1.{0} Real Real.instOne))))))))))
        (∑
          k ∈
            Luce.Section6.criticalBlock n
              (@HAdd.hAdd.{0, 0, 0} Nat Nat Nat (@instHAdd.{0} Nat instAddNat) B
                (@OfNat.ofNat.{0} Nat (nat_lit 1) (instOfNatNat (nat_lit 1))))
              n,
          @MeasureTheory.integral.{0, 0} (Fin n → Real) Real Real.normedAddCommGroup
            (@InnerProductSpace.toNormedSpace.{0, 0} Real Real Real.instRCLike
              (@NormedAddCommGroup.toSeminormedAddCommGroup.{0} Real Real.normedAddCommGroup)
              (@RCLike.toInnerProductSpaceReal.{0} Real Real.instRCLike))
            (@MeasurableSpace.pi.{0, 0} (Fin n) (fun a => Real) fun a => Real.measurableSpace)
            (@Luce.exponentialRace n w) fun e =>
            @Luce.predictableChance n w (@Equiv.symm.{1, 1} (Fin n) (Fin n) (@Luce.raceRankPermutation n e)) k)) :=
⋯
'Luce.Section6.critical_probability_reference_error' depends on axioms: [propext, Classical.choice.{u}, Quot.sound.{u}]
theorem Luce.Section6.critical_probe_arrival_lower : ∀ {G c C k m z : Real},
  @LT.lt.{0} Real Real.instLT (@OfNat.ofNat.{0} Real (nat_lit 0) (@Zero.toOfNat0.{0} Real Real.instZero)) c →
    @LT.lt.{0} Real Real.instLT (@OfNat.ofNat.{0} Real (nat_lit 0) (@Zero.toOfNat0.{0} Real Real.instZero)) k →
      @LE.le.{0} Real Real.instLE (@OfNat.ofNat.{0} Real (nat_lit 0) (@Zero.toOfNat0.{0} Real Real.instZero)) m →
        @LE.le.{0} Real Real.instLE (@OfNat.ofNat.{0} Real (nat_lit 1) (@One.toOfNat1.{0} Real Real.instOne)) z →
          @LE.le.{0} Real Real.instLE
              (@HAdd.hAdd.{0, 0, 0} Real Real Real (@instHAdd.{0} Real Real.instAdd) C
                (@HMul.hMul.{0, 0, 0} Real Real Real (@instHMul.{0} Real Real.instMul) c
                  (@abs.{0} Real Real.lattice Real.instAddGroup (Real.log k))))
              (@HDiv.hDiv.{0, 0, 0} Real Real Real
                (@instHDiv.{0} Real (@DivInvMonoid.toDiv.{0} Real Real.instDivInvMonoid))
                (@HMul.hMul.{0, 0, 0} Real Real Real (@instHMul.{0} Real Real.instMul) c z)
                (@OfNat.ofNat.{0} Real (nat_lit 2) (@instOfNatAtLeastTwo.{0} Real (nat_lit 2) Real.instNatCast ⋯))) →
            @LE.le.{0} Real Real.instLE
                (@abs.{0} Real Real.lattice Real.instAddGroup
                  (@HSub.hSub.{0, 0, 0} Real Real Real (@instHSub.{0} Real Real.instSub) G
                    (@HMul.hMul.{0, 0, 0} Real Real Real (@instHMul.{0} Real Real.instMul)
                      (@HDiv.hDiv.{0, 0, 0} Real Real Real
                        (@instHDiv.{0} Real (@DivInvMonoid.toDiv.{0} Real Real.instDivInvMonoid))
                        (@HMul.hMul.{0, 0, 0} Real Real Real (@instHMul.{0} Real Real.instMul)
                          (@HMul.hMul.{0, 0, 0} Real Real Real (@instHMul.{0} Real Real.instMul) c k) m)
                        z)
                      (@HSub.hSub.{0, 0, 0} Real Real Real (@instHSub.{0} Real Real.instSub)
                        (@HAdd.hAdd.{0, 0, 0} Real Real Real (@instHAdd.{0} Real Real.instAdd) z (Real.log z))
                        (Real.log k)))))
                (@HAdd.hAdd.{0, 0, 0} Real Real Real (@instHAdd.{0} Real Real.instAdd)
                  (@HDiv.hDiv.{0, 0, 0} Real Real Real
                    (@instHDiv.{0} Real (@DivInvMonoid.toDiv.{0} Real Real.instDivInvMonoid))
                    (@HMul.hMul.{0, 0, 0} Real Real Real (@instHMul.{0} Real Real.instMul)
                      (@HMul.hMul.{0, 0, 0} Real Real Real (@instHMul.{0} Real Real.instMul) C k) m)
                    z)
                  (@OfNat.ofNat.{0} Real (nat_lit 1) (@One.toOfNat1.{0} Real Real.instOne))) →
              @LE.le.{0} Real Real.instLE
                (@HSub.hSub.{0, 0, 0} Real Real Real (@instHSub.{0} Real Real.instSub)
                  (@HDiv.hDiv.{0, 0, 0} Real Real Real
                    (@instHDiv.{0} Real (@DivInvMonoid.toDiv.{0} Real Real.instDivInvMonoid))
                    (@HMul.hMul.{0, 0, 0} Real Real Real (@instHMul.{0} Real Real.instMul)
                      (@HMul.hMul.{0, 0, 0} Real Real Real (@instHMul.{0} Real Real.instMul) c k) m)
                    (@OfNat.ofNat.{0} Real (nat_lit 2) (@instOfNatAtLeastTwo.{0} Real (nat_lit 2) Real.instNatCast ⋯)))
                  (@OfNat.ofNat.{0} Real (nat_lit 1) (@One.toOfNat1.{0} Real Real.instOne)))
                G :=
⋯
'Luce.Section6.critical_probe_arrival_lower' depends on axioms: [propext, Classical.choice.{u}, Quot.sound.{u}]
theorem Luce.Section6.critical_probe_arrival_upper : ∀ {G c C k m z : Real},
  @LT.lt.{0} Real Real.instLT (@OfNat.ofNat.{0} Real (nat_lit 0) (@Zero.toOfNat0.{0} Real Real.instZero)) c →
    @LT.lt.{0} Real Real.instLT (@OfNat.ofNat.{0} Real (nat_lit 0) (@Zero.toOfNat0.{0} Real Real.instZero)) k →
      @LE.le.{0} Real Real.instLE (@OfNat.ofNat.{0} Real (nat_lit 0) (@Zero.toOfNat0.{0} Real Real.instZero)) m →
        @LE.le.{0} Real Real.instLE (@OfNat.ofNat.{0} Real (nat_lit 1) (@One.toOfNat1.{0} Real Real.instOne)) z →
          @LE.le.{0} Real Real.instLE
              (@HAdd.hAdd.{0, 0, 0} Real Real Real (@instHAdd.{0} Real Real.instAdd) C
                (@HMul.hMul.{0, 0, 0} Real Real Real (@instHMul.{0} Real Real.instMul) c
                  (@abs.{0} Real Real.lattice Real.instAddGroup (Real.log k))))
              (@HMul.hMul.{0, 0, 0} Real Real Real (@instHMul.{0} Real Real.instMul) c z) →
            @LE.le.{0} Real Real.instLE
                (@abs.{0} Real Real.lattice Real.instAddGroup
                  (@HSub.hSub.{0, 0, 0} Real Real Real (@instHSub.{0} Real Real.instSub) G
                    (@HMul.hMul.{0, 0, 0} Real Real Real (@instHMul.{0} Real Real.instMul)
                      (@HDiv.hDiv.{0, 0, 0} Real Real Real
                        (@instHDiv.{0} Real (@DivInvMonoid.toDiv.{0} Real Real.instDivInvMonoid))
                        (@HMul.hMul.{0, 0, 0} Real Real Real (@instHMul.{0} Real Real.instMul)
                          (@HMul.hMul.{0, 0, 0} Real Real Real (@instHMul.{0} Real Real.instMul) c k) m)
                        z)
                      (@HSub.hSub.{0, 0, 0} Real Real Real (@instHSub.{0} Real Real.instSub)
                        (@HAdd.hAdd.{0, 0, 0} Real Real Real (@instHAdd.{0} Real Real.instAdd) z (Real.log z))
                        (Real.log k)))))
                (@HAdd.hAdd.{0, 0, 0} Real Real Real (@instHAdd.{0} Real Real.instAdd)
                  (@HDiv.hDiv.{0, 0, 0} Real Real Real
                    (@instHDiv.{0} Real (@DivInvMonoid.toDiv.{0} Real Real.instDivInvMonoid))
                    (@HMul.hMul.{0, 0, 0} Real Real Real (@instHMul.{0} Real Real.instMul)
                      (@HMul.hMul.{0, 0, 0} Real Real Real (@instHMul.{0} Real Real.instMul) C k) m)
                    z)
                  (@OfNat.ofNat.{0} Real (nat_lit 1) (@One.toOfNat1.{0} Real Real.instOne))) →
              @LE.le.{0} Real Real.instLE G
                (@HAdd.hAdd.{0, 0, 0} Real Real Real (@instHAdd.{0} Real Real.instAdd)
                  (@HMul.hMul.{0, 0, 0} Real Real Real (@instHMul.{0} Real Real.instMul)
                    (@HMul.hMul.{0, 0, 0} Real Real Real (@instHMul.{0} Real Real.instMul)
                      (@HMul.hMul.{0, 0, 0} Real Real Real (@instHMul.{0} Real Real.instMul)
                        (@OfNat.ofNat.{0} Real (nat_lit 3)
                          (@instOfNatAtLeastTwo.{0} Real (nat_lit 3) Real.instNatCast ⋯))
                        c)
                      k)
                    m)
                  (@OfNat.ofNat.{0} Real (nat_lit 1) (@One.toOfNat1.{0} Real Real.instOne))) :=
⋯
'Luce.Section6.critical_probe_arrival_upper' depends on axioms: [propext, Classical.choice.{u}, Quot.sound.{u}]
theorem Luce.Section6.critical_probe_log : ∀ {k x z : Real},
  @LT.lt.{0} Real Real.instLT (@OfNat.ofNat.{0} Real (nat_lit 0) (@Zero.toOfNat0.{0} Real Real.instZero)) k →
    @LT.lt.{0} Real Real.instLT (@OfNat.ofNat.{0} Real (nat_lit 0) (@Zero.toOfNat0.{0} Real Real.instZero)) x →
      @LT.lt.{0} Real Real.instLT (@OfNat.ofNat.{0} Real (nat_lit 0) (@Zero.toOfNat0.{0} Real Real.instZero)) z →
        @Eq.{1} Real
          (Real.log
            (@HDiv.hDiv.{0, 0, 0} Real Real Real
              (@instHDiv.{0} Real (@DivInvMonoid.toDiv.{0} Real Real.instDivInvMonoid))
              (@OfNat.ofNat.{0} Real (nat_lit 1) (@One.toOfNat1.{0} Real Real.instOne))
              (@HDiv.hDiv.{0, 0, 0} Real Real Real
                (@instHDiv.{0} Real (@DivInvMonoid.toDiv.{0} Real Real.instDivInvMonoid))
                (@HMul.hMul.{0, 0, 0} Real Real Real (@instHMul.{0} Real Real.instMul) k x) z)))
          (@HSub.hSub.{0, 0, 0} Real Real Real (@instHSub.{0} Real Real.instSub)
            (@HAdd.hAdd.{0, 0, 0} Real Real Real (@instHAdd.{0} Real Real.instAdd)
              (Real.log
                (@HDiv.hDiv.{0, 0, 0} Real Real Real
                  (@instHDiv.{0} Real (@DivInvMonoid.toDiv.{0} Real Real.instDivInvMonoid))
                  (@OfNat.ofNat.{0} Real (nat_lit 1) (@One.toOfNat1.{0} Real Real.instOne)) x))
              (Real.log z))
            (Real.log k)) :=
⋯
'Luce.Section6.critical_probe_log' depends on axioms: [propext, Classical.choice.{u}, Quot.sound.{u}]
theorem Luce.Section6.critical_raceDraw_eq_rank_symm : ∀ {n : Nat} (e : Fin n → Real),
  @Eq.{1} (Equiv.Perm.{1} (Fin n)) (@Luce.raceDraw n e)
    (@Equiv.symm.{1, 1} (Fin n) (Fin n) (@Luce.raceRankPermutation n e)) :=
⋯
'Luce.Section6.critical_raceDraw_eq_rank_symm' depends on axioms: [propext, Classical.choice.{u}, Quot.sound.{u}]
theorem Luce.Section6.critical_range_decay : ∀ {c d : Real},
  @LT.lt.{0} Real Real.instLT (@OfNat.ofNat.{0} Real (nat_lit 0) (@Zero.toOfNat0.{0} Real Real.instZero)) c →
    @LT.lt.{0} Real Real.instLT (@OfNat.ofNat.{0} Real (nat_lit 0) (@Zero.toOfNat0.{0} Real Real.instZero)) d →
      ∃ C,
        And (@LT.lt.{0} Real Real.instLT (@OfNat.ofNat.{0} Real (nat_lit 0) (@Zero.toOfNat0.{0} Real Real.instZero)) C)
          (∀ (z R : Real),
            @LE.le.{0} Real Real.instLE (@OfNat.ofNat.{0} Real (nat_lit 1) (@One.toOfNat1.{0} Real Real.instOne)) z →
              @LE.le.{0} Real Real.instLE (@OfNat.ofNat.{0} Real (nat_lit 0) (@Zero.toOfNat0.{0} Real Real.instZero))
                  R →
                @LE.le.{0} Real Real.instLE
                  (Real.exp
                    (@HMul.hMul.{0, 0, 0} Real Real Real (@instHMul.{0} Real Real.instMul)
                      (@Neg.neg.{0} Real Real.instNeg c)
                      (@HDiv.hDiv.{0, 0, 0} Real Real Real
                        (@instHDiv.{0} Real (@DivInvMonoid.toDiv.{0} Real Real.instDivInvMonoid))
                        (Real.exp
                          (@HDiv.hDiv.{0, 0, 0} Real Real Real
                            (@instHDiv.{0} Real (@DivInvMonoid.toDiv.{0} Real Real.instDivInvMonoid)) R d))
                        (@HAdd.hAdd.{0, 0, 0} Real Real Real (@instHAdd.{0} Real Real.instAdd) z R))))
                  (@HMul.hMul.{0, 0, 0} Real Real Real (@instHMul.{0} Real Real.instMul)
                    (@HMul.hMul.{0, 0, 0} Real Real Real (@instHMul.{0} Real Real.instMul) C
                      (@HPow.hPow.{0, 0, 0} Real Real Real (@instHPow.{0, 0} Real Real Real.instPow) z
                        (@HDiv.hDiv.{0, 0, 0} Real Real Real
                          (@instHDiv.{0} Real (@DivInvMonoid.toDiv.{0} Real Real.instDivInvMonoid))
                          (@OfNat.ofNat.{0} Real (nat_lit 1) (@One.toOfNat1.{0} Real Real.instOne))
                          (@OfNat.ofNat.{0} Real (nat_lit 2)
                            (@instOfNatAtLeastTwo.{0} Real (nat_lit 2) Real.instNatCast ⋯)))))
                    (Real.exp
                      (@HDiv.hDiv.{0, 0, 0} Real Real Real
                        (@instHDiv.{0} Real (@DivInvMonoid.toDiv.{0} Real Real.instDivInvMonoid))
                        (@Neg.neg.{0} Real Real.instNeg R)
                        (@HMul.hMul.{0, 0, 0} Real Real Real (@instHMul.{0} Real Real.instMul)
                          (@OfNat.ofNat.{0} Real (nat_lit 4)
                            (@instOfNatAtLeastTwo.{0} Real (nat_lit 4) Real.instNatCast ⋯))
                          d))))) :=
⋯
'Luce.Section6.critical_range_decay' depends on axioms: [propext, Classical.choice.{u}, Quot.sound.{u}]
theorem Luce.Section6.critical_rank_le_arrivals : ∀ {n : Nat} (e : Fin n → Real) (i : Fin n) {t : Real},
  @LE.le.{0} Real Real.instLE (e i) t →
    @LE.le.{0} Real Real.instLE (@Nat.cast.{0} Real Real.instNatCast (@Luce.raceRank n e i))
      (@Luce.Section6.criticalArrivalCount n t e) :=
⋯
'Luce.Section6.critical_rank_le_arrivals' depends on axioms: [propext, Classical.choice.{u}, Quot.sound.{u}]
theorem Luce.Section6.critical_reciprocal_error : ∀ {theta W V L : Real},
  @LE.le.{0} Real Real.instLE (@OfNat.ofNat.{0} Real (nat_lit 0) (@Zero.toOfNat0.{0} Real Real.instZero)) theta →
    @LT.lt.{0} Real Real.instLT (@OfNat.ofNat.{0} Real (nat_lit 0) (@Zero.toOfNat0.{0} Real Real.instZero)) L →
      @LE.le.{0} Real Real.instLE L W →
        @LE.le.{0} Real Real.instLE L V →
          @LE.le.{0} Real Real.instLE
            (@abs.{0} Real Real.lattice Real.instAddGroup
              (@HSub.hSub.{0, 0, 0} Real Real Real (@instHSub.{0} Real Real.instSub)
                (@HDiv.hDiv.{0, 0, 0} Real Real Real
                  (@instHDiv.{0} Real (@DivInvMonoid.toDiv.{0} Real Real.instDivInvMonoid)) theta W)
                (@HDiv.hDiv.{0, 0, 0} Real Real Real
                  (@instHDiv.{0} Real (@DivInvMonoid.toDiv.{0} Real Real.instDivInvMonoid)) theta V)))
            (@HMul.hMul.{0, 0, 0} Real Real Real (@instHMul.{0} Real Real.instMul)
              (@HDiv.hDiv.{0, 0, 0} Real Real Real
                (@instHDiv.{0} Real (@DivInvMonoid.toDiv.{0} Real Real.instDivInvMonoid)) theta
                (@HMul.hMul.{0, 0, 0} Real Real Real (@instHMul.{0} Real Real.instMul) L V))
              (@HSub.hSub.{0, 0, 0} Real Real Real (@instHSub.{0} Real Real.instSub)
                (@HAdd.hAdd.{0, 0, 0} Real Real Real (@instHAdd.{0} Real Real.instAdd) W V)
                (@HMul.hMul.{0, 0, 0} Real Real Real (@instHMul.{0} Real Real.instMul)
                  (@OfNat.ofNat.{0} Real (nat_lit 2) (@instOfNatAtLeastTwo.{0} Real (nat_lit 2) Real.instNatCast ⋯))
                  L))) :=
⋯
'Luce.Section6.critical_reciprocal_error' depends on axioms: [propext, Classical.choice.{u}, Quot.sound.{u}]
theorem Luce.Section6.critical_reference_error_split : ∀ {n A B : Nat},
  @LE.le.{0} Nat instLENat A B →
    ∀ (p : Fin n → Real),
      (∀ (k : Fin n),
          @LE.le.{0} Real Real.instLE (@OfNat.ofNat.{0} Real (nat_lit 0) (@Zero.toOfNat0.{0} Real Real.instZero))
            (p k)) →
        @LE.le.{0} Real Real.instLE
          (∑ k,
            @abs.{0} Real Real.lattice Real.instAddGroup
              (@HSub.hSub.{0, 0, 0} Real Real Real (@instHSub.{0} Real Real.instSub) (p k)
                (Luce.Section6.criticalReference n A B (@Fin.val n k))))
          (@HAdd.hAdd.{0, 0, 0} Real Real Real (@instHAdd.{0} Real Real.instAdd)
            (@HAdd.hAdd.{0, 0, 0} Real Real Real (@instHAdd.{0} Real Real.instAdd)
              (∑ k ∈ Luce.Section6.criticalBlock n (@OfNat.ofNat.{0} Nat (nat_lit 1) (instOfNatNat (nat_lit 1))) A, p k)
              (∑ k ∈ Luce.Section6.criticalBlock n A B,
                @abs.{0} Real Real.lattice Real.instAddGroup
                  (@HSub.hSub.{0, 0, 0} Real Real Real (@instHSub.{0} Real Real.instSub) (p k)
                    (@HDiv.hDiv.{0, 0, 0} Real Real Real
                      (@instHDiv.{0} Real (@DivInvMonoid.toDiv.{0} Real Real.instDivInvMonoid))
                      (@OfNat.ofNat.{0} Real (nat_lit 1) (@One.toOfNat1.{0} Real Real.instOne))
                      (@HMul.hMul.{0, 0, 0} Real Real Real (@instHMul.{0} Real Real.instMul)
                        (@HAdd.hAdd.{0, 0, 0} Real Real Real (@instHAdd.{0} Real Real.instAdd)
                          (@Nat.cast.{0} Real Real.instNatCast (@Fin.val n k))
                          (@OfNat.ofNat.{0} Real (nat_lit 1) (@One.toOfNat1.{0} Real Real.instOne)))
                        (Real.log
                          (@HDiv.hDiv.{0, 0, 0} Real Real Real
                            (@instHDiv.{0} Real (@DivInvMonoid.toDiv.{0} Real Real.instDivInvMonoid))
                            (@Nat.cast.{0} Real Real.instNatCast n)
                            (@HAdd.hAdd.{0, 0, 0} Real Real Real (@instHAdd.{0} Real Real.instAdd)
                              (@Nat.cast.{0} Real Real.instNatCast (@Fin.val n k))
                              (@OfNat.ofNat.{0} Real (nat_lit 1) (@One.toOfNat1.{0} Real Real.instOne))))))))))
            (∑
              k ∈
                Luce.Section6.criticalBlock n
                  (@HAdd.hAdd.{0, 0, 0} Nat Nat Nat (@instHAdd.{0} Nat instAddNat) B
                    (@OfNat.ofNat.{0} Nat (nat_lit 1) (instOfNatNat (nat_lit 1))))
                  n,
              p k)) :=
⋯
'Luce.Section6.critical_reference_error_split' depends on axioms: [propext, Classical.choice.{u}, Quot.sound.{u}]
theorem Luce.Section6.critical_reference_mass_bound : ∀ {n eps : Real},
  @LT.lt.{0} Real Real.instLT (@OfNat.ofNat.{0} Real (nat_lit 0) (@Zero.toOfNat0.{0} Real Real.instZero)) n →
    @LT.lt.{0} Real Real.instLT (@OfNat.ofNat.{0} Real (nat_lit 0) (@Zero.toOfNat0.{0} Real Real.instZero)) eps →
      ∀ {A B : Nat},
        @LE.le.{0} Nat instLENat (@OfNat.ofNat.{0} Nat (nat_lit 1) (instOfNatNat (nat_lit 1))) A →
          @LE.le.{0} Nat instLENat A B →
            @LE.le.{0} Real Real.instLE (@OfNat.ofNat.{0} Real (nat_lit 1) (@One.toOfNat1.{0} Real Real.instOne))
                (Real.log n) →
              @LE.le.{0} Real Real.instLE (Real.log (@Nat.cast.{0} Real Real.instNatCast A))
                  (@HMul.hMul.{0, 0, 0} Real Real Real (@instHMul.{0} Real Real.instMul)
                    (@HDiv.hDiv.{0, 0, 0} Real Real Real
                      (@instHDiv.{0} Real (@DivInvMonoid.toDiv.{0} Real Real.instDivInvMonoid))
                      (@OfNat.ofNat.{0} Real (nat_lit 3) (@instOfNatAtLeastTwo.{0} Real (nat_lit 3) Real.instNatCast ⋯))
                      (@OfNat.ofNat.{0} Real (nat_lit 4)
                        (@instOfNatAtLeastTwo.{0} Real (nat_lit 4) Real.instNatCast ⋯)))
                    (Real.log n)) →
                @LE.le.{0} Real Real.instLE (@OfNat.ofNat.{0} Real (nat_lit 1) (@One.toOfNat1.{0} Real Real.instOne))
                    (@HSub.hSub.{0, 0, 0} Real Real Real (@instHSub.{0} Real Real.instSub) (Real.log n)
                      (Real.log (@Nat.cast.{0} Real Real.instNatCast B))) →
                  @LE.le.{0} Real Real.instLE
                      (@HDiv.hDiv.{0, 0, 0} Real Real Real
                        (@instHDiv.{0} Real (@DivInvMonoid.toDiv.{0} Real Real.instDivInvMonoid))
                        (@HMul.hMul.{0, 0, 0} Real Real Real (@instHMul.{0} Real Real.instMul) eps n)
                        (@OfNat.ofNat.{0} Real (nat_lit 2)
                          (@instOfNatAtLeastTwo.{0} Real (nat_lit 2) Real.instNatCast ⋯)))
                      (@Nat.cast.{0} Real Real.instNatCast B) →
                    @LE.le.{0} Real Real.instLE
                      (@abs.{0} Real Real.lattice Real.instAddGroup
                        (@HSub.hSub.{0, 0, 0} Real Real Real (@instHSub.{0} Real Real.instSub)
                          (∑ m ∈ @Finset.Icc.{0} Nat Nat.instPreorder Nat.instLocallyFiniteOrder A B,
                            @HDiv.hDiv.{0, 0, 0} Real Real Real
                              (@instHDiv.{0} Real (@DivInvMonoid.toDiv.{0} Real Real.instDivInvMonoid))
                              (@OfNat.ofNat.{0} Real (nat_lit 1) (@One.toOfNat1.{0} Real Real.instOne))
                              (@HMul.hMul.{0, 0, 0} Real Real Real (@instHMul.{0} Real Real.instMul)
                                (@Nat.cast.{0} Real Real.instNatCast m)
                                (@HSub.hSub.{0, 0, 0} Real Real Real (@instHSub.{0} Real Real.instSub) (Real.log n)
                                  (Real.log (@Nat.cast.{0} Real Real.instNatCast m)))))
                          (Real.log (Real.log n))))
                      (@HAdd.hAdd.{0, 0, 0} Real Real Real (@instHAdd.{0} Real Real.instAdd)
                        (@HAdd.hAdd.{0, 0, 0} Real Real Real (@instHAdd.{0} Real Real.instAdd)
                          (@OfNat.ofNat.{0} Real (nat_lit 1) (@One.toOfNat1.{0} Real Real.instOne))
                          (Real.log
                            (@OfNat.ofNat.{0} Real (nat_lit 4)
                              (@instOfNatAtLeastTwo.{0} Real (nat_lit 4) Real.instNatCast ⋯))))
                        (@HDiv.hDiv.{0, 0, 0} Real Real Real
                          (@instHDiv.{0} Real (@DivInvMonoid.toDiv.{0} Real Real.instDivInvMonoid))
                          (@OfNat.ofNat.{0} Real (nat_lit 2)
                            (@instOfNatAtLeastTwo.{0} Real (nat_lit 2) Real.instNatCast ⋯))
                          eps)) :=
⋯
'Luce.Section6.critical_reference_mass_bound' depends on axioms: [propext, Classical.choice.{u}, Quot.sound.{u}]
theorem Luce.Section6.critical_reference_row_bounds : ∀ {n A B : Nat},
  @LE.le.{0} Nat instLENat (@OfNat.ofNat.{0} Nat (nat_lit 1) (instOfNatNat (nat_lit 1))) A →
    @LE.le.{0} Nat instLENat A B →
      @LE.le.{0} Nat instLENat B n →
        @LE.le.{0} Real Real.instLE (@OfNat.ofNat.{0} Real (nat_lit 1) (@One.toOfNat1.{0} Real Real.instOne))
            (@HSub.hSub.{0, 0, 0} Real Real Real (@instHSub.{0} Real Real.instSub)
              (Real.log (@Nat.cast.{0} Real Real.instNatCast n)) (Real.log (@Nat.cast.{0} Real Real.instNatCast B))) →
          ∀ (k : Nat),
            And
              (@LE.le.{0} Real Real.instLE (@OfNat.ofNat.{0} Real (nat_lit 0) (@Zero.toOfNat0.{0} Real Real.instZero))
                (Luce.Section6.criticalReference n A B k))
              (@LE.le.{0} Real Real.instLE (Luce.Section6.criticalReference n A B k)
                (@OfNat.ofNat.{0} Real (nat_lit 1) (@One.toOfNat1.{0} Real Real.instOne))) :=
⋯
'Luce.Section6.critical_reference_row_bounds' depends on axioms: [propext, Classical.choice.{u}, Quot.sound.{u}]
theorem Luce.Section6.critical_reference_row_mass : ∀ {n A B : Nat},
  @LE.le.{0} Nat instLENat (@OfNat.ofNat.{0} Nat (nat_lit 1) (instOfNatNat (nat_lit 1))) A →
    @LE.le.{0} Nat instLENat A B →
      @LE.le.{0} Nat instLENat B n →
        @Eq.{1} Real (∑ k ∈ Finset.range n, Luce.Section6.criticalReference n A B k)
          (∑ m ∈ @Finset.Icc.{0} Nat Nat.instPreorder Nat.instLocallyFiniteOrder A B,
            @HDiv.hDiv.{0, 0, 0} Real Real Real
              (@instHDiv.{0} Real (@DivInvMonoid.toDiv.{0} Real Real.instDivInvMonoid))
              (@OfNat.ofNat.{0} Real (nat_lit 1) (@One.toOfNat1.{0} Real Real.instOne))
              (@HMul.hMul.{0, 0, 0} Real Real Real (@instHMul.{0} Real Real.instMul)
                (@Nat.cast.{0} Real Real.instNatCast m)
                (@HSub.hSub.{0, 0, 0} Real Real Real (@instHSub.{0} Real Real.instSub)
                  (Real.log (@Nat.cast.{0} Real Real.instNatCast n))
                  (Real.log (@Nat.cast.{0} Real Real.instNatCast m))))) :=
⋯
'Luce.Section6.critical_reference_row_mass' depends on axioms: [propext, Classical.choice.{u}, Quot.sound.{u}]
theorem Luce.Section6.critical_reference_row_sum : ∀ (n A B : Nat) (g : Real → Real),
  @Eq.{1} Real (g (@OfNat.ofNat.{0} Real (nat_lit 0) (@Zero.toOfNat0.{0} Real Real.instZero)))
      (@OfNat.ofNat.{0} Real (nat_lit 0) (@Zero.toOfNat0.{0} Real Real.instZero)) →
    @Eq.{1} Real (∑ k ∈ Finset.range n, g (Luce.Section6.criticalReference n A B k))
      (∑ k ∈ Luce.Section6.criticalBlock n A B,
        g
          (@HDiv.hDiv.{0, 0, 0} Real Real Real (@instHDiv.{0} Real (@DivInvMonoid.toDiv.{0} Real Real.instDivInvMonoid))
            (@OfNat.ofNat.{0} Real (nat_lit 1) (@One.toOfNat1.{0} Real Real.instOne))
            (@HMul.hMul.{0, 0, 0} Real Real Real (@instHMul.{0} Real Real.instMul)
              (@HAdd.hAdd.{0, 0, 0} Real Real Real (@instHAdd.{0} Real Real.instAdd)
                (@Nat.cast.{0} Real Real.instNatCast (@Fin.val n k))
                (@OfNat.ofNat.{0} Real (nat_lit 1) (@One.toOfNat1.{0} Real Real.instOne)))
              (Real.log
                (@HDiv.hDiv.{0, 0, 0} Real Real Real
                  (@instHDiv.{0} Real (@DivInvMonoid.toDiv.{0} Real Real.instDivInvMonoid))
                  (@Nat.cast.{0} Real Real.instNatCast n)
                  (@HAdd.hAdd.{0, 0, 0} Real Real Real (@instHAdd.{0} Real Real.instAdd)
                    (@Nat.cast.{0} Real Real.instNatCast (@Fin.val n k))
                    (@OfNat.ofNat.{0} Real (nat_lit 1) (@One.toOfNat1.{0} Real Real.instOne)))))))) :=
⋯
'Luce.Section6.critical_reference_row_sum' depends on axioms: [propext, Classical.choice.{u}, Quot.sound.{u}]
theorem Luce.Section6.critical_reference_sum_integral : ∀ {n : Real} {A B : Nat},
  @LE.le.{0} Nat instLENat (@OfNat.ofNat.{0} Nat (nat_lit 1) (instOfNatNat (nat_lit 1))) A →
    @LE.le.{0} Nat instLENat A B →
      @LE.le.{0} Real Real.instLE (@OfNat.ofNat.{0} Real (nat_lit 1) (@One.toOfNat1.{0} Real Real.instOne))
          (@HSub.hSub.{0, 0, 0} Real Real Real (@instHSub.{0} Real Real.instSub) (Real.log n)
            (Real.log (@Nat.cast.{0} Real Real.instNatCast B))) →
        @LE.le.{0} Real Real.instLE
          (@abs.{0} Real Real.lattice Real.instAddGroup
            (@HSub.hSub.{0, 0, 0} Real Real Real (@instHSub.{0} Real Real.instSub)
              (∑ m ∈ @Finset.Icc.{0} Nat Nat.instPreorder Nat.instLocallyFiniteOrder A B,
                @HDiv.hDiv.{0, 0, 0} Real Real Real
                  (@instHDiv.{0} Real (@DivInvMonoid.toDiv.{0} Real Real.instDivInvMonoid))
                  (@OfNat.ofNat.{0} Real (nat_lit 1) (@One.toOfNat1.{0} Real Real.instOne))
                  (@HMul.hMul.{0, 0, 0} Real Real Real (@instHMul.{0} Real Real.instMul)
                    (@Nat.cast.{0} Real Real.instNatCast m)
                    (@HSub.hSub.{0, 0, 0} Real Real Real (@instHSub.{0} Real Real.instSub) (Real.log n)
                      (Real.log (@Nat.cast.{0} Real Real.instNatCast m)))))
              (@HSub.hSub.{0, 0, 0} Real Real Real (@instHSub.{0} Real Real.instSub)
                (Real.log
                  (@HSub.hSub.{0, 0, 0} Real Real Real (@instHSub.{0} Real Real.instSub) (Real.log n)
                    (Real.log (@Nat.cast.{0} Real Real.instNatCast A))))
                (Real.log
                  (@HSub.hSub.{0, 0, 0} Real Real Real (@instHSub.{0} Real Real.instSub) (Real.log n)
                    (Real.log (@Nat.cast.{0} Real Real.instNatCast B)))))))
          (@OfNat.ofNat.{0} Real (nat_lit 1) (@One.toOfNat1.{0} Real Real.instOne)) :=
⋯
'Luce.Section6.critical_reference_sum_integral' depends on axioms: [propext, Classical.choice.{u}, Quot.sound.{u}]
theorem Luce.Section6.critical_remaining_expectation_upper : ∀ {n : Nat} (w : Luce.Weights n) (k : Fin n) {t : Real},
  @LE.le.{0} Real Real.instLE (@OfNat.ofNat.{0} Real (nat_lit 0) (@Zero.toOfNat0.{0} Real Real.instZero)) t →
    @LE.le.{0} Real Real.instLE
        (@HMul.hMul.{0, 0, 0} Real Real Real (@instHMul.{0} Real Real.instMul) (@Nat.cast.{0} Real Real.instNatCast n)
          (@Luce.Section6.populationG n w t))
        (@HDiv.hDiv.{0, 0, 0} Real Real Real (@instHDiv.{0} Real (@DivInvMonoid.toDiv.{0} Real Real.instDivInvMonoid))
          (@HAdd.hAdd.{0, 0, 0} Real Real Real (@instHAdd.{0} Real Real.instAdd)
            (@Nat.cast.{0} Real Real.instNatCast (@Fin.val n k))
            (@OfNat.ofNat.{0} Real (nat_lit 1) (@One.toOfNat1.{0} Real Real.instOne)))
          (@OfNat.ofNat.{0} Real (nat_lit 2) (@instOfNatAtLeastTwo.{0} Real (nat_lit 2) Real.instNatCast ⋯))) →
      @LE.le.{0} Real Real.instLE
        (@MeasureTheory.integral.{0, 0} (Fin n → Real) Real Real.normedAddCommGroup
          (@InnerProductSpace.toNormedSpace.{0, 0} Real Real Real.instRCLike
            (@NormedAddCommGroup.toSeminormedAddCommGroup.{0} Real Real.normedAddCommGroup)
            (@RCLike.toInnerProductSpaceReal.{0} Real Real.instRCLike))
          (@MeasurableSpace.pi.{0, 0} (Fin n) (fun a => Real) fun a => Real.measurableSpace) (@Luce.exponentialRace n w)
          fun e => @Luce.Section6.criticalRemainingWeight n w k e)
        (@HAdd.hAdd.{0, 0, 0} Real Real Real (@instHAdd.{0} Real Real.instAdd)
          (@HMul.hMul.{0, 0, 0} Real Real Real (@instHMul.{0} Real Real.instMul) (@Nat.cast.{0} Real Real.instNatCast n)
            (@Luce.Section6.populationD n w (@OfNat.ofNat.{0} Nat (nat_lit 1) (instOfNatNat (nat_lit 1))) t))
          (@HMul.hMul.{0, 0, 0} Real Real Real (@instHMul.{0} Real Real.instMul)
            (@Luce.Weights.total n w (@Finset.univ.{0} (Fin n) (Fin.fintype n)))
            (Real.exp
              (@Neg.neg.{0} Real Real.instNeg
                (@HMul.hMul.{0, 0, 0} Real Real Real (@instHMul.{0} Real Real.instMul)
                  (@HSub.hSub.{0, 0, 0} Real Real Real (@instHSub.{0} Real Real.instSub)
                    (Real.log
                      (@OfNat.ofNat.{0} Real (nat_lit 2)
                        (@instOfNatAtLeastTwo.{0} Real (nat_lit 2) Real.instNatCast ⋯)))
                    (@HDiv.hDiv.{0, 0, 0} Real Real Real
                      (@instHDiv.{0} Real (@DivInvMonoid.toDiv.{0} Real Real.instDivInvMonoid))
                      (@OfNat.ofNat.{0} Real (nat_lit 1) (@One.toOfNat1.{0} Real Real.instOne))
                      (@OfNat.ofNat.{0} Real (nat_lit 2)
                        (@instOfNatAtLeastTwo.{0} Real (nat_lit 2) Real.instNatCast ⋯))))
                  (@HAdd.hAdd.{0, 0, 0} Real Real Real (@instHAdd.{0} Real Real.instAdd)
                    (@Nat.cast.{0} Real Real.instNatCast (@Fin.val n k))
                    (@OfNat.ofNat.{0} Real (nat_lit 1) (@One.toOfNat1.{0} Real Real.instOne)))))))) :=
⋯
'Luce.Section6.critical_remaining_expectation_upper' depends on axioms: [propext, Classical.choice.{u}, Quot.sound.{u}]
theorem Luce.Section6.critical_remaining_harmonic_lower : ∀ {m n : Nat},
  @LE.le.{0} Nat instLENat (@OfNat.ofNat.{0} Nat (nat_lit 1) (instOfNatNat (nat_lit 1))) m →
    @LE.le.{0} Nat instLENat m n →
      ∀ (removed : Finset.{0} (Fin n)),
        @LE.le.{0} Nat instLENat (@Finset.card.{0} (Fin n) removed) m →
          @LE.le.{0} Real Real.instLE
            (@HSub.hSub.{0, 0, 0} Real Real Real (@instHSub.{0} Real Real.instSub)
              (Real.log
                (@HDiv.hDiv.{0, 0, 0} Real Real Real
                  (@instHDiv.{0} Real (@DivInvMonoid.toDiv.{0} Real Real.instDivInvMonoid))
                  (@Nat.cast.{0} Real Real.instNatCast n) (@Nat.cast.{0} Real Real.instNatCast m)))
              (@OfNat.ofNat.{0} Real (nat_lit 1) (@One.toOfNat1.{0} Real Real.instOne)))
            (∑
              i ∈
                @SDiff.sdiff.{0} (Finset.{0} (Fin n)) (@Finset.instSDiff.{0} (Fin n) (instDecidableEqFin n))
                  (@Finset.univ.{0} (Fin n) (Fin.fintype n)) removed,
              @HDiv.hDiv.{0, 0, 0} Real Real Real
                (@instHDiv.{0} Real (@DivInvMonoid.toDiv.{0} Real Real.instDivInvMonoid))
                (@OfNat.ofNat.{0} Real (nat_lit 1) (@One.toOfNat1.{0} Real Real.instOne))
                (@HAdd.hAdd.{0, 0, 0} Real Real Real (@instHAdd.{0} Real Real.instAdd)
                  (@Nat.cast.{0} Real Real.instNatCast (@Fin.val n i))
                  (@OfNat.ofNat.{0} Real (nat_lit 1) (@One.toOfNat1.{0} Real Real.instOne)))) :=
⋯
'Luce.Section6.critical_remaining_harmonic_lower' depends on axioms: [propext, Classical.choice.{u}, Quot.sound.{u}]
theorem Luce.Section6.critical_remaining_survival_bound : ∀ {n : Nat} (w : Luce.Weights n) (k : Fin n)
  (e : Fin n → Real),
  @Function.Injective.{1, 1} (Fin n) Real e →
    ∀ (t : Real),
      @LT.lt.{0} Real Real.instLT (@Luce.Section6.criticalArrivalCount n t e)
          (@HAdd.hAdd.{0, 0, 0} Real Real Real (@instHAdd.{0} Real Real.instAdd)
            (@Nat.cast.{0} Real Real.instNatCast (@Fin.val n k))
            (@OfNat.ofNat.{0} Real (nat_lit 1) (@One.toOfNat1.{0} Real Real.instOne))) →
        @LE.le.{0} Real Real.instLE (@Luce.Section6.criticalRemainingWeight n w k e)
          (∑ i,
            @HMul.hMul.{0, 0, 0} Real Real Real (@instHMul.{0} Real Real.instMul) (@Luce.Weights.rate n w i)
              (@Luce.clockSurvivalIndicator n t i e)) :=
⋯
'Luce.Section6.critical_remaining_survival_bound' depends on axioms: [propext, Classical.choice.{u}, Quot.sound.{u}]
theorem Luce.Section6.critical_retained_count_eq_subtype : ∀ {n : Nat} (R : Equiv.Perm.{1} (Fin n)) (k : Nat)
  (S : Finset.{0} (Fin n)),
  @Eq.{1} Nat (@Luce.Section5.cycleCountWithin.{0} (Fin n) (Fin.fintype n) (instDecidableEqFin n) R S k)
    (@Finset.card.{0} ↥(@Luce.Section5.cycleOrbits.{0} (Fin n) (Fin.fintype n) (instDecidableEqFin n) R k)
      {c |
        @LE.le.{0} (Finset.{0} (Fin n))
          (@Preorder.toLE.{0} (Finset.{0} (Fin n))
            (@PartialOrder.toPreorder.{0} (Finset.{0} (Fin n)) (@Finset.instPartialOrder.{0} (Fin n))))
          (@Cycle.toFinset.{0} (Fin n) (instDecidableEqFin n)
            (@Subtype.val.{1} (Cycle.{0} (Fin n))
              (fun x =>
                @Membership.mem.{0, 0} (Cycle.{0} (Fin n)) (Finset.{0} (Cycle.{0} (Fin n)))
                  (@SetLike.instMembership.{0, 0} (Finset.{0} (Cycle.{0} (Fin n))) (Cycle.{0} (Fin n))
                    (@Finset.instSetLike.{0} (Cycle.{0} (Fin n))))
                  (@Luce.Section5.cycleOrbits.{0} (Fin n) (Fin.fintype n) (instDecidableEqFin n) R k) x)
              c))
          S}) :=
⋯
'Luce.Section6.critical_retained_count_eq_subtype' depends on axioms: [propext, Classical.choice.{u}, Quot.sound.{u}]
theorem Luce.Section6.critical_retained_expectation : ∀ {n : Nat} (w : Luce.Weights n) (k : Nat)
  (S : Finset.{0} (Fin n)),
  @Eq.{1} Real
    (@MeasureTheory.integral.{0, 0} (Fin n → Real) Real Real.normedAddCommGroup
      (@InnerProductSpace.toNormedSpace.{0, 0} Real Real Real.instRCLike
        (@NormedAddCommGroup.toSeminormedAddCommGroup.{0} Real Real.normedAddCommGroup)
        (@RCLike.toInnerProductSpaceReal.{0} Real Real.instRCLike))
      (@MeasurableSpace.pi.{0, 0} (Fin n) (fun a => Real) fun a => Real.measurableSpace) (@Luce.exponentialRace n w)
      fun e =>
      @Nat.cast.{0} Real Real.instNatCast
        (@Luce.Section5.cycleCountWithin.{0} (Fin n) (Fin.fintype n) (instDecidableEqFin n)
          (@Luce.raceRankPermutation n e) S k))
    (∑ v,
      @MeasureTheory.Measure.real.{0} (Fin n → Real)
        (@MeasurableSpace.pi.{0, 0} (Fin n) (fun a => Real) fun a => Real.measurableSpace) (@Luce.exponentialRace n w)
        (@Luce.retainedMaximumCycleEvent n k S v)) :=
⋯
'Luce.Section6.critical_retained_expectation' depends on axioms: [propext, Classical.choice.{u}, Quot.sound.{u}]
theorem Luce.Section6.critical_retained_probability_le_matrix : ∀ {n : Nat} (w : Luce.Weights n) (k : Nat)
  (S : Finset.{0} (Fin n)) (v : Fin n),
  @LE.le.{0} Real Real.instLE
    (@MeasureTheory.Measure.real.{0} (Fin n → Real)
      (@MeasurableSpace.pi.{0, 0} (Fin n) (fun a => Real) fun a => Real.measurableSpace) (@Luce.exponentialRace n w)
      (@Luce.retainedMaximumCycleEvent n k S v))
    (∑ u with
      And (@Function.Injective.{1, 1} (Fin k) (Fin n) u)
        (And (∀ (a : Fin k), @LT.lt.{0} (Fin n) (@instLTFin n) (u a) v)
          (∀
            (a :
              Fin
                (@HAdd.hAdd.{0, 0, 0} Nat Nat Nat (@instHAdd.{0} Nat instAddNat) k
                  (@OfNat.ofNat.{0} Nat (nat_lit 1) (instOfNatNat (nat_lit 1))))),
            @Membership.mem.{0, 0} (Fin n) (Finset.{0} (Fin n))
              (@SetLike.instMembership.{0, 0} (Finset.{0} (Fin n)) (Fin n) (@Finset.instSetLike.{0} (Fin n))) S
              (@Fin.cons.{1} k (fun a => Fin n) v u a))),
      ∏ a,
        @Luce.Section6.insertionDominationMatrix n w
          (@HAdd.hAdd.{0, 0, 0} Nat Nat Nat (@instHAdd.{0} Nat instAddNat) k
            (@OfNat.ofNat.{0} Nat (nat_lit 1) (instOfNatNat (nat_lit 1))))
          (@HAdd.hAdd.{0, 0, 0} Nat Nat Nat (@instHAdd.{0} Nat instAddNat) k
            (@OfNat.ofNat.{0} Nat (nat_lit 1) (instOfNatNat (nat_lit 1))))
          (@Fin.cons.{1} k (fun a => Fin n) v u a) (@Fin.snoc.{1} k (fun a => Fin n) u v a)) :=
⋯
'Luce.Section6.critical_retained_probability_le_matrix' depends on axioms: [propext,
 Classical.choice.{u},
 Quot.sound.{u}]
theorem Luce.Section6.critical_retained_probability_zero : ∀ {n : Nat} (w : Luce.Weights n) (k : Nat)
  (S : Finset.{0} (Fin n)) {v : Fin n},
  v ∉ S →
    @Eq.{1} Real
      (@MeasureTheory.Measure.real.{0} (Fin n → Real)
        (@MeasurableSpace.pi.{0, 0} (Fin n) (fun a => Real) fun a => Real.measurableSpace) (@Luce.exponentialRace n w)
        (@Luce.retainedMaximumCycleEvent n k S v))
      (@OfNat.ofNat.{0} Real (nat_lit 0) (@Zero.toOfNat0.{0} Real Real.instZero)) :=
⋯
'Luce.Section6.critical_retained_probability_zero' depends on axioms: [propext, Classical.choice.{u}, Quot.sound.{u}]
theorem Luce.Section6.critical_retained_sum_bound : ∀ {n M B : Nat} (w : Luce.Weights n) (k : Nat),
  @LE.le.{0} Nat instLENat (@OfNat.ofNat.{0} Nat (nat_lit 1) (instOfNatNat (nat_lit 1))) M →
    @LE.le.{0} Nat instLENat M B →
      @LE.le.{0} Nat instLENat B n →
        @LE.le.{0} Real Real.instLE
            (@HDiv.hDiv.{0, 0, 0} Real Real Real
              (@instHDiv.{0} Real (@DivInvMonoid.toDiv.{0} Real Real.instDivInvMonoid))
              (@OfNat.ofNat.{0} Real (nat_lit 3) (@instOfNatAtLeastTwo.{0} Real (nat_lit 3) Real.instNatCast ⋯))
              (@OfNat.ofNat.{0} Real (nat_lit 2) (@instOfNatAtLeastTwo.{0} Real (nat_lit 2) Real.instNatCast ⋯)))
            (@HSub.hSub.{0, 0, 0} Real Real Real (@instHSub.{0} Real Real.instSub)
              (Real.log (@Nat.cast.{0} Real Real.instNatCast n)) (Real.log (@Nat.cast.{0} Real Real.instNatCast B))) →
          ∀ {C : Real},
            @LE.le.{0} Real Real.instLE (@OfNat.ofNat.{0} Real (nat_lit 0) (@Zero.toOfNat0.{0} Real Real.instZero)) C →
              (∀ (v : Fin n),
                  @Membership.mem.{0, 0} (Fin n) (Finset.{0} (Fin n))
                      (@SetLike.instMembership.{0, 0} (Finset.{0} (Fin n)) (Fin n) (@Finset.instSetLike.{0} (Fin n)))
                      (Luce.Section6.criticalBlock n M B) v →
                    @LE.le.{0} Real Real.instLE
                      (@MeasureTheory.Measure.real.{0} (Fin n → Real)
                        (@MeasurableSpace.pi.{0, 0} (Fin n) (fun a => Real) fun a => Real.measurableSpace)
                        (@Luce.exponentialRace n w)
                        (@Luce.retainedMaximumCycleEvent n k (Luce.Section6.criticalBlock n M B) v))
                      (@HDiv.hDiv.{0, 0, 0} Real Real Real
                        (@instHDiv.{0} Real (@DivInvMonoid.toDiv.{0} Real Real.instDivInvMonoid))
                        (@HMul.hMul.{0, 0, 0} Real Real Real (@instHMul.{0} Real Real.instMul) C
                          (@HPow.hPow.{0, 0, 0} Real Real Real (@instHPow.{0, 0} Real Real Real.instPow)
                            (Real.log
                              (@HDiv.hDiv.{0, 0, 0} Real Real Real
                                (@instHDiv.{0} Real (@DivInvMonoid.toDiv.{0} Real Real.instDivInvMonoid))
                                (@Nat.cast.{0} Real Real.instNatCast n)
                                (@HAdd.hAdd.{0, 0, 0} Real Real Real (@instHAdd.{0} Real Real.instAdd)
                                  (@Nat.cast.{0} Real Real.instNatCast (@Fin.val n v))
                                  (@OfNat.ofNat.{0} Real (nat_lit 1) (@One.toOfNat1.{0} Real Real.instOne)))))
                            (@Neg.neg.{0} Real Real.instNeg
                              (@HDiv.hDiv.{0, 0, 0} Real Real Real
                                (@instHDiv.{0} Real (@DivInvMonoid.toDiv.{0} Real Real.instDivInvMonoid))
                                (@OfNat.ofNat.{0} Real (nat_lit 3)
                                  (@instOfNatAtLeastTwo.{0} Real (nat_lit 3) Real.instNatCast ⋯))
                                (@OfNat.ofNat.{0} Real (nat_lit 2)
                                  (@instOfNatAtLeastTwo.{0} Real (nat_lit 2) Real.instNatCast ⋯))))))
                        (@HAdd.hAdd.{0, 0, 0} Real Real Real (@instHAdd.{0} Real Real.instAdd)
                          (@Nat.cast.{0} Real Real.instNatCast (@Fin.val n v))
                          (@OfNat.ofNat.{0} Real (nat_lit 1) (@One.toOfNat1.{0} Real Real.instOne))))) →
                @LE.le.{0} Real Real.instLE
                  (@MeasureTheory.integral.{0, 0} (Fin n → Real) Real Real.normedAddCommGroup
                    (@InnerProductSpace.toNormedSpace.{0, 0} Real Real Real.instRCLike
                      (@NormedAddCommGroup.toSeminormedAddCommGroup.{0} Real Real.normedAddCommGroup)
                      (@RCLike.toInnerProductSpaceReal.{0} Real Real.instRCLike))
                    (@MeasurableSpace.pi.{0, 0} (Fin n) (fun a => Real) fun a => Real.measurableSpace)
                    (@Luce.exponentialRace n w) fun e =>
                    @Nat.cast.{0} Real Real.instNatCast
                      (@Luce.Section5.cycleCountWithin.{0} (Fin n) (Fin.fintype n) (instDecidableEqFin n)
                        (@Luce.raceRankPermutation n e) (Luce.Section6.criticalBlock n M B) k))
                  (@HMul.hMul.{0, 0, 0} Real Real Real (@instHMul.{0} Real Real.instMul)
                    (@OfNat.ofNat.{0} Real (nat_lit 3) (@instOfNatAtLeastTwo.{0} Real (nat_lit 3) Real.instNatCast ⋯))
                    C) :=
⋯
'Luce.Section6.critical_retained_sum_bound' depends on axioms: [propext, Classical.choice.{u}, Quot.sound.{u}]
theorem Luce.Section6.critical_sampled_power_sum : ∀ {e : Real},
  @LT.lt.{0} Real Real.instLT (@OfNat.ofNat.{0} Real (nat_lit 0) (@Zero.toOfNat0.{0} Real Real.instZero)) e →
    @LE.le.{0} Real Real.instLE e (@OfNat.ofNat.{0} Real (nat_lit 1) (@One.toOfNat1.{0} Real Real.instOne)) →
      ∀ (grid : Luce.Section6.SamplingGrid) {n : Nat},
        @LT.lt.{0} Nat instLTNat (@OfNat.ofNat.{0} Nat (nat_lit 0) (instOfNatNat (nat_lit 0))) n →
          @LE.le.{0} Real Real.instLE
            (@HDiv.hDiv.{0, 0, 0} Real Real Real
              (@instHDiv.{0} Real (@DivInvMonoid.toDiv.{0} Real Real.instDivInvMonoid))
              (∑ i,
                @HPow.hPow.{0, 0, 0} Real Real Real (@instHPow.{0, 0} Real Real Real.instPow)
                  (Luce.Section6.samplePoint grid n i)
                  (@HSub.hSub.{0, 0, 0} Real Real Real (@instHSub.{0} Real Real.instSub) e
                    (@OfNat.ofNat.{0} Real (nat_lit 1) (@One.toOfNat1.{0} Real Real.instOne))))
              (@Nat.cast.{0} Real Real.instNatCast n))
            (@HMul.hMul.{0, 0, 0} Real Real Real (@instHMul.{0} Real Real.instMul)
              (@HPow.hPow.{0, 0, 0} Real Real Real (@instHPow.{0, 0} Real Real Real.instPow)
                (@HDiv.hDiv.{0, 0, 0} Real Real Real
                  (@instHDiv.{0} Real (@DivInvMonoid.toDiv.{0} Real Real.instDivInvMonoid))
                  (@OfNat.ofNat.{0} Real (nat_lit 1) (@One.toOfNat1.{0} Real Real.instOne))
                  (@OfNat.ofNat.{0} Real (nat_lit 2) (@instOfNatAtLeastTwo.{0} Real (nat_lit 2) Real.instNatCast ⋯)))
                (@HSub.hSub.{0, 0, 0} Real Real Real (@instHSub.{0} Real Real.instSub) e
                  (@OfNat.ofNat.{0} Real (nat_lit 1) (@One.toOfNat1.{0} Real Real.instOne))))
              (@HAdd.hAdd.{0, 0, 0} Real Real Real (@instHAdd.{0} Real Real.instAdd)
                (@OfNat.ofNat.{0} Real (nat_lit 2) (@instOfNatAtLeastTwo.{0} Real (nat_lit 2) Real.instNatCast ⋯))
                (@HDiv.hDiv.{0, 0, 0} Real Real Real
                  (@instHDiv.{0} Real (@DivInvMonoid.toDiv.{0} Real Real.instDivInvMonoid))
                  (@OfNat.ofNat.{0} Real (nat_lit 1) (@One.toOfNat1.{0} Real Real.instOne)) e))) :=
⋯
'Luce.Section6.critical_sampled_power_sum' depends on axioms: [propext, Classical.choice.{u}, Quot.sound.{u}]
theorem Luce.Section6.critical_shift_log_bounds : ∀ {n m q : Real},
  @LT.lt.{0} Real Real.instLT (@OfNat.ofNat.{0} Real (nat_lit 0) (@Zero.toOfNat0.{0} Real Real.instZero)) n →
    @LT.lt.{0} Real Real.instLT (@OfNat.ofNat.{0} Real (nat_lit 0) (@Zero.toOfNat0.{0} Real Real.instZero)) m →
      @LT.lt.{0} Real Real.instLT (@OfNat.ofNat.{0} Real (nat_lit 0) (@Zero.toOfNat0.{0} Real Real.instZero)) q →
        @LE.le.{0} Real Real.instLE m
            (@HMul.hMul.{0, 0, 0} Real Real Real (@instHMul.{0} Real Real.instMul)
              (@OfNat.ofNat.{0} Real (nat_lit 2) (@instOfNatAtLeastTwo.{0} Real (nat_lit 2) Real.instNatCast ⋯)) q) →
          @LE.le.{0} Real Real.instLE q
              (@HMul.hMul.{0, 0, 0} Real Real Real (@instHMul.{0} Real Real.instMul)
                (@OfNat.ofNat.{0} Real (nat_lit 2) (@instOfNatAtLeastTwo.{0} Real (nat_lit 2) Real.instNatCast ⋯)) m) →
            @LE.le.{0} Real Real.instLE
                (@HMul.hMul.{0, 0, 0} Real Real Real (@instHMul.{0} Real Real.instMul)
                  (@OfNat.ofNat.{0} Real (nat_lit 2) (@instOfNatAtLeastTwo.{0} Real (nat_lit 2) Real.instNatCast ⋯))
                  (Real.log
                    (@OfNat.ofNat.{0} Real (nat_lit 2) (@instOfNatAtLeastTwo.{0} Real (nat_lit 2) Real.instNatCast ⋯))))
                (Real.log
                  (@HDiv.hDiv.{0, 0, 0} Real Real Real
                    (@instHDiv.{0} Real (@DivInvMonoid.toDiv.{0} Real Real.instDivInvMonoid)) n m)) →
              And
                (@LE.le.{0} Real Real.instLE
                  (@HDiv.hDiv.{0, 0, 0} Real Real Real
                    (@instHDiv.{0} Real (@DivInvMonoid.toDiv.{0} Real Real.instDivInvMonoid))
                    (Real.log
                      (@HDiv.hDiv.{0, 0, 0} Real Real Real
                        (@instHDiv.{0} Real (@DivInvMonoid.toDiv.{0} Real Real.instDivInvMonoid)) n m))
                    (@OfNat.ofNat.{0} Real (nat_lit 2) (@instOfNatAtLeastTwo.{0} Real (nat_lit 2) Real.instNatCast ⋯)))
                  (Real.log
                    (@HDiv.hDiv.{0, 0, 0} Real Real Real
                      (@instHDiv.{0} Real (@DivInvMonoid.toDiv.{0} Real Real.instDivInvMonoid)) n q)))
                (@LE.le.{0} Real Real.instLE
                  (Real.log
                    (@HDiv.hDiv.{0, 0, 0} Real Real Real
                      (@instHDiv.{0} Real (@DivInvMonoid.toDiv.{0} Real Real.instDivInvMonoid)) n q))
                  (@HMul.hMul.{0, 0, 0} Real Real Real (@instHMul.{0} Real Real.instMul)
                    (@OfNat.ofNat.{0} Real (nat_lit 2) (@instOfNatAtLeastTwo.{0} Real (nat_lit 2) Real.instNatCast ⋯))
                    (Real.log
                      (@HDiv.hDiv.{0, 0, 0} Real Real Real
                        (@instHDiv.{0} Real (@DivInvMonoid.toDiv.{0} Real Real.instDivInvMonoid)) n m)))) :=
⋯
'Luce.Section6.critical_shift_log_bounds' depends on axioms: [propext, Classical.choice.{u}, Quot.sound.{u}]
theorem Luce.Section6.critical_tuple_weight_sum : ∀ {n k : Nat} (v : Fin n) {a : Real},
  @LT.lt.{0} Real Real.instLT (@OfNat.ofNat.{0} Real (nat_lit 0) (@Zero.toOfNat0.{0} Real Real.instZero)) a →
    ∀ (S : Finset.{0} (Fin k → Fin n)),
      (∀ (u : Fin k → Fin n),
          @Membership.mem.{0, 0} (Fin k → Fin n) (Finset.{0} (Fin k → Fin n))
              (@SetLike.instMembership.{0, 0} (Finset.{0} (Fin k → Fin n)) (Fin k → Fin n)
                (@Finset.instSetLike.{0} (Fin k → Fin n)))
              S u →
            ∀ (i : Fin k), @LE.le.{0} (Fin n) (@instLEFin n) (u i) v) →
        @LE.le.{0} Real Real.instLE
          (∑ u ∈ S,
            ∏ i,
              @HMul.hMul.{0, 0, 0} Real Real Real (@instHMul.{0} Real Real.instMul)
                (@HDiv.hDiv.{0, 0, 0} Real Real Real
                  (@instHDiv.{0} Real (@DivInvMonoid.toDiv.{0} Real Real.instDivInvMonoid))
                  (@OfNat.ofNat.{0} Real (nat_lit 1) (@One.toOfNat1.{0} Real Real.instOne))
                  (@HAdd.hAdd.{0, 0, 0} Real Real Real (@instHAdd.{0} Real Real.instAdd)
                    (@Nat.cast.{0} Real Real.instNatCast (@Fin.val n (u i)))
                    (@OfNat.ofNat.{0} Real (nat_lit 1) (@One.toOfNat1.{0} Real Real.instOne))))
                (@HPow.hPow.{0, 0, 0} Real Real Real (@instHPow.{0, 0} Real Real Real.instPow)
                  (@HDiv.hDiv.{0, 0, 0} Real Real Real
                    (@instHDiv.{0} Real (@DivInvMonoid.toDiv.{0} Real Real.instDivInvMonoid))
                    (@HAdd.hAdd.{0, 0, 0} Real Real Real (@instHAdd.{0} Real Real.instAdd)
                      (@Nat.cast.{0} Real Real.instNatCast (@Fin.val n (u i)))
                      (@OfNat.ofNat.{0} Real (nat_lit 1) (@One.toOfNat1.{0} Real Real.instOne)))
                    (@HAdd.hAdd.{0, 0, 0} Real Real Real (@instHAdd.{0} Real Real.instAdd)
                      (@Nat.cast.{0} Real Real.instNatCast (@Fin.val n v))
                      (@OfNat.ofNat.{0} Real (nat_lit 1) (@One.toOfNat1.{0} Real Real.instOne))))
                  a))
          (@HPow.hPow.{0, 0, 0} Real Nat Real
            (@instHPow.{0, 0} Real Nat (@NPow.toPow.{0} Real (@Monoid.toNPow.{0} Real Real.instMonoid)))
            (@HAdd.hAdd.{0, 0, 0} Real Real Real (@instHAdd.{0} Real Real.instAdd)
              (@OfNat.ofNat.{0} Real (nat_lit 1) (@One.toOfNat1.{0} Real Real.instOne))
              (@HDiv.hDiv.{0, 0, 0} Real Real Real
                (@instHDiv.{0} Real (@DivInvMonoid.toDiv.{0} Real Real.instDivInvMonoid))
                (@OfNat.ofNat.{0} Real (nat_lit 1) (@One.toOfNat1.{0} Real Real.instOne)) a))
            k) :=
⋯
'Luce.Section6.critical_tuple_weight_sum' depends on axioms: [propext, Classical.choice.{u}, Quot.sound.{u}]
theorem Luce.Section6.critical_vertex_expectation_of_rates : ∀ {n : Nat} (w : Luce.Weights n) (k : Nat)
  (S : Finset.{0} (Fin n)) {d M : Real},
  @LT.lt.{0} Real Real.instLT (@OfNat.ofNat.{0} Real (nat_lit 0) (@Zero.toOfNat0.{0} Real Real.instZero)) d →
    @LT.lt.{0} Real Real.instLT (@OfNat.ofNat.{0} Real (nat_lit 0) (@Zero.toOfNat0.{0} Real Real.instZero)) M →
      (∀ (i : Fin n),
          @Membership.mem.{0, 0} (Fin n) (Finset.{0} (Fin n))
              (@SetLike.instMembership.{0, 0} (Finset.{0} (Fin n)) (Fin n) (@Finset.instSetLike.{0} (Fin n))) S i →
            And (@LE.le.{0} Real Real.instLE d (@Luce.Weights.rate n w i))
              (@LE.le.{0} Real Real.instLE (@Luce.Weights.rate n w i) M)) →
        @LE.le.{0} Real Real.instLE
          (@MeasureTheory.integral.{0, 0} (Fin n → Real) Real Real.normedAddCommGroup
            (@InnerProductSpace.toNormedSpace.{0, 0} Real Real Real.instRCLike
              (@NormedAddCommGroup.toSeminormedAddCommGroup.{0} Real Real.normedAddCommGroup)
              (@RCLike.toInnerProductSpaceReal.{0} Real Real.instRCLike))
            (@MeasurableSpace.pi.{0, 0} (Fin n) (fun a => Real) fun a => Real.measurableSpace)
            (@Luce.exponentialRace n w) fun clocks =>
            @Nat.cast.{0} Real Real.instNatCast
              (@Luce.Section6.exactCycleVertexCount n (@Luce.raceRankPermutation n clocks)
                (@HAdd.hAdd.{0, 0, 0} Nat Nat Nat (@instHAdd.{0} Nat instAddNat) k
                  (@OfNat.ofNat.{0} Nat (nat_lit 1) (instOfNatNat (nat_lit 1))))
                S))
          (@HMul.hMul.{0, 0, 0} Real Real Real (@instHMul.{0} Real Real.instMul)
            (@HPow.hPow.{0, 0, 0} Real Nat Real
              (@instHPow.{0, 0} Real Nat (@NPow.toPow.{0} Real (@Monoid.toNPow.{0} Real Real.instMonoid)))
              (@OfNat.ofNat.{0} Real (nat_lit 3) (@instOfNatAtLeastTwo.{0} Real (nat_lit 3) Real.instNatCast ⋯))
              (@HAdd.hAdd.{0, 0, 0} Nat Nat Nat (@instHAdd.{0} Nat instAddNat) k
                (@OfNat.ofNat.{0} Nat (nat_lit 1) (instOfNatNat (nat_lit 1)))))
            (@HDiv.hDiv.{0, 0, 0} Real Real Real
              (@instHDiv.{0} Real (@DivInvMonoid.toDiv.{0} Real Real.instDivInvMonoid)) M d)) :=
⋯
'Luce.Section6.critical_vertex_expectation_of_rates' depends on axioms: [propext, Classical.choice.{u}, Quot.sound.{u}]
theorem Luce.Section6.critical_weighted_vertex_sum : ∀ {a : Real},
  @LT.lt.{0} Real Real.instLT (@OfNat.ofNat.{0} Real (nat_lit 0) (@Zero.toOfNat0.{0} Real Real.instZero)) a →
    ∀ {M m : Nat},
      @LE.le.{0} Nat instLENat (@OfNat.ofNat.{0} Nat (nat_lit 1) (instOfNatNat (nat_lit 1))) M →
        @LE.le.{0} Nat instLENat M m →
          @LE.le.{0} Real Real.instLE
            (∑ i ∈ @Finset.Icc.{0} Nat Nat.instPreorder Nat.instLocallyFiniteOrder M m,
              @HMul.hMul.{0, 0, 0} Real Real Real (@instHMul.{0} Real Real.instMul)
                (@HDiv.hDiv.{0, 0, 0} Real Real Real
                  (@instHDiv.{0} Real (@DivInvMonoid.toDiv.{0} Real Real.instDivInvMonoid))
                  (@OfNat.ofNat.{0} Real (nat_lit 1) (@One.toOfNat1.{0} Real Real.instOne))
                  (@Nat.cast.{0} Real Real.instNatCast i))
                (@HPow.hPow.{0, 0, 0} Real Real Real (@instHPow.{0, 0} Real Real Real.instPow)
                  (@HDiv.hDiv.{0, 0, 0} Real Real Real
                    (@instHDiv.{0} Real (@DivInvMonoid.toDiv.{0} Real Real.instDivInvMonoid))
                    (@Nat.cast.{0} Real Real.instNatCast i) (@Nat.cast.{0} Real Real.instNatCast m))
                  a))
            (@HAdd.hAdd.{0, 0, 0} Real Real Real (@instHAdd.{0} Real Real.instAdd)
              (@OfNat.ofNat.{0} Real (nat_lit 1) (@One.toOfNat1.{0} Real Real.instOne))
              (@HDiv.hDiv.{0, 0, 0} Real Real Real
                (@instHDiv.{0} Real (@DivInvMonoid.toDiv.{0} Real Real.instDivInvMonoid))
                (@OfNat.ofNat.{0} Real (nat_lit 1) (@One.toOfNat1.{0} Real Real.instOne)) a)) :=
⋯
'Luce.Section6.critical_weighted_vertex_sum' depends on axioms: [propext, Classical.choice.{u}, Quot.sound.{u}]
theorem Luce.Section6.luce_cycle_statistic_integral_eq.{u_1} : ∀ {Ω : Type u_1} [mΩ : MeasurableSpace.{u_1} Ω] {n : Nat}
  (P : @MeasureTheory.Measure.{u_1} Ω mΩ) [@MeasureTheory.IsProbabilityMeasure.{u_1} Ω mΩ P] (w : Luce.Weights n)
  (π : Ω → Equiv.Perm.{1} (Fin n)),
  @Measurable.{u_1, 0} Ω (Equiv.Perm.{1} (Fin n)) mΩ
      (@Top.top.{0} (MeasurableSpace.{0} (Equiv.Perm.{1} (Fin n)))
        (@OrderTop.toTop.{0} (MeasurableSpace.{0} (Equiv.Perm.{1} (Fin n)))
          (@Preorder.toLE.{0} (MeasurableSpace.{0} (Equiv.Perm.{1} (Fin n)))
            (@PartialOrder.toPreorder.{0} (MeasurableSpace.{0} (Equiv.Perm.{1} (Fin n)))
              (@SemilatticeSup.toPartialOrder.{0} (MeasurableSpace.{0} (Equiv.Perm.{1} (Fin n)))
                (@Lattice.toSemilatticeSup.{0} (MeasurableSpace.{0} (Equiv.Perm.{1} (Fin n)))
                  (@CompleteLattice.toLattice.{0} (MeasurableSpace.{0} (Equiv.Perm.{1} (Fin n)))
                    (@MeasurableSpace.instCompleteLattice.{0} (Equiv.Perm.{1} (Fin n))))))))
          (@BoundedOrder.toOrderTop.{0} (MeasurableSpace.{0} (Equiv.Perm.{1} (Fin n)))
            (@Preorder.toLE.{0} (MeasurableSpace.{0} (Equiv.Perm.{1} (Fin n)))
              (@PartialOrder.toPreorder.{0} (MeasurableSpace.{0} (Equiv.Perm.{1} (Fin n)))
                (@SemilatticeSup.toPartialOrder.{0} (MeasurableSpace.{0} (Equiv.Perm.{1} (Fin n)))
                  (@Lattice.toSemilatticeSup.{0} (MeasurableSpace.{0} (Equiv.Perm.{1} (Fin n)))
                    (@CompleteLattice.toLattice.{0} (MeasurableSpace.{0} (Equiv.Perm.{1} (Fin n)))
                      (@MeasurableSpace.instCompleteLattice.{0} (Equiv.Perm.{1} (Fin n))))))))
            (@CompleteLattice.toBoundedOrder.{0} (MeasurableSpace.{0} (Equiv.Perm.{1} (Fin n)))
              (@MeasurableSpace.instCompleteLattice.{0} (Equiv.Perm.{1} (Fin n)))))))
      π →
    (∀ (σ : Equiv.Perm.{1} (Fin n)),
        @Eq.{1} Real
          (@MeasureTheory.Measure.real.{u_1} Ω mΩ P
            (@Set.ofPred.{u_1} Ω fun ω => @Eq.{1} (Equiv.Perm.{1} (Fin n)) (π ω) σ))
          (@Luce.Weights.mass n w σ)) →
      ∀ (k : Nat) (H : Nat → Real),
        @Eq.{1} Real
          (@MeasureTheory.integral.{u_1, 0} Ω Real Real.normedAddCommGroup
            (@InnerProductSpace.toNormedSpace.{0, 0} Real Real Real.instRCLike
              (@NormedAddCommGroup.toSeminormedAddCommGroup.{0} Real Real.normedAddCommGroup)
              (@RCLike.toInnerProductSpaceReal.{0} Real Real.instRCLike))
            mΩ P fun ω => H (@Luce.Section5.cycleCount.{0} (Fin n) (Fin.fintype n) (instDecidableEqFin n) (π ω) k))
          (@MeasureTheory.integral.{0, 0} (Fin n → Real) Real Real.normedAddCommGroup
            (@InnerProductSpace.toNormedSpace.{0, 0} Real Real Real.instRCLike
              (@NormedAddCommGroup.toSeminormedAddCommGroup.{0} Real Real.normedAddCommGroup)
              (@RCLike.toInnerProductSpaceReal.{0} Real Real.instRCLike))
            (@MeasurableSpace.pi.{0, 0} (Fin n) (fun a => Real) fun a => Real.measurableSpace)
            (@Luce.exponentialRace n w) fun e =>
            H
              (@Luce.Section5.cycleCount.{0} (Fin n) (Fin.fintype n) (instDecidableEqFin n)
                (@Luce.raceRankPermutation n e) k)) :=
⋯
'Luce.Section6.luce_cycle_statistic_integral_eq' depends on axioms: [propext, Classical.choice.{u}, Quot.sound.{u}]
theorem Luce.integral_abs_div_tendsto_of_bounded.{u_1} : ∀ {Ω : Nat → Type u_1}
  [inst : (n : Nat) → MeasurableSpace.{u_1} (Ω n)] (μ : (n : Nat) → @MeasureTheory.Measure.{u_1} (Ω n) (inst n))
  {X : (n : Nat) → Ω n → Real} {s : Nat → Real},
  @Filter.Tendsto.{0, 0} Nat Real s (@Filter.atTop.{0} Nat Nat.instPreorder)
      (@Filter.atTop.{0} Real Real.instPreorder) →
    ∀ {C : Real},
      @Filter.Eventually.{0} Nat
          (fun n =>
            @LE.le.{0} Real Real.instLE
              (@MeasureTheory.integral.{u_1, 0} (Ω n) Real Real.normedAddCommGroup
                (@InnerProductSpace.toNormedSpace.{0, 0} Real Real Real.instRCLike
                  (@NormedAddCommGroup.toSeminormedAddCommGroup.{0} Real Real.normedAddCommGroup)
                  (@RCLike.toInnerProductSpaceReal.{0} Real Real.instRCLike))
                (inst n) (μ n) fun ω => @abs.{0} Real Real.lattice Real.instAddGroup (X n ω))
              C)
          (@Filter.atTop.{0} Nat Nat.instPreorder) →
        @Filter.Tendsto.{0, 0} Nat Real
          (fun n =>
            @MeasureTheory.integral.{u_1, 0} (Ω n) Real Real.normedAddCommGroup
              (@InnerProductSpace.toNormedSpace.{0, 0} Real Real Real.instRCLike
                (@NormedAddCommGroup.toSeminormedAddCommGroup.{0} Real Real.normedAddCommGroup)
                (@RCLike.toInnerProductSpaceReal.{0} Real Real.instRCLike))
              (inst n) (μ n) fun ω =>
              @abs.{0} Real Real.lattice Real.instAddGroup
                (@HDiv.hDiv.{0, 0, 0} Real Real Real
                  (@instHDiv.{0} Real (@DivInvMonoid.toDiv.{0} Real Real.instDivInvMonoid)) (X n ω) (s n)))
          (@Filter.atTop.{0} Nat Nat.instPreorder)
          (@nhds.{0} Real
            (@UniformSpace.toTopologicalSpace.{0} Real
              (@PseudoMetricSpace.toUniformSpace.{0} Real Real.pseudoMetricSpace))
            (@OfNat.ofNat.{0} Real (nat_lit 0) (@Zero.toOfNat0.{0} Real Real.instZero))) :=
⋯
'Luce.integral_abs_div_tendsto_of_bounded' depends on axioms: [propext, Classical.choice.{u}, Quot.sound.{u}]
theorem Luce.probability_limit_of_integral_abs_tendsto.{u_1} : ∀ {Ω : Nat → Type u_1}
  [inst : (n : Nat) → MeasurableSpace.{u_1} (Ω n)] (μ : (n : Nat) → @MeasureTheory.Measure.{u_1} (Ω n) (inst n))
  [∀ (n : Nat), @MeasureTheory.IsProbabilityMeasure.{u_1} (Ω n) (inst n) (μ n)] {X : (n : Nat) → Ω n → Real},
  (∀ (n : Nat),
      @MeasureTheory.Integrable.{0, u_1} Real
        (@UniformSpace.toTopologicalSpace.{0} Real (@PseudoMetricSpace.toUniformSpace.{0} Real Real.pseudoMetricSpace))
        (@SeminormedAddGroup.toContinuousENorm.{0} Real
          (@SeminormedAddCommGroup.toSeminormedAddGroup.{0} Real
            (@NonUnitalSeminormedRing.toSeminormedAddCommGroup.{0} Real
              (@NonUnitalSeminormedCommRing.toNonUnitalSeminormedRing.{0} Real
                (@SeminormedCommRing.toNonUnitalSeminormedCommRing.{0} Real
                  (@NormedCommRing.toSeminormedCommRing.{0} Real Real.normedCommRing))))))
        (Ω n) (inst n) (X n) (μ n)) →
    @Filter.Tendsto.{0, 0} Nat Real
        (fun n =>
          @MeasureTheory.integral.{u_1, 0} (Ω n) Real Real.normedAddCommGroup
            (@InnerProductSpace.toNormedSpace.{0, 0} Real Real Real.instRCLike
              (@NormedAddCommGroup.toSeminormedAddCommGroup.{0} Real Real.normedAddCommGroup)
              (@RCLike.toInnerProductSpaceReal.{0} Real Real.instRCLike))
            (inst n) (μ n) fun ω => @abs.{0} Real Real.lattice Real.instAddGroup (X n ω))
        (@Filter.atTop.{0} Nat Nat.instPreorder)
        (@nhds.{0} Real
          (@UniformSpace.toTopologicalSpace.{0} Real
            (@PseudoMetricSpace.toUniformSpace.{0} Real Real.pseudoMetricSpace))
          (@OfNat.ofNat.{0} Real (nat_lit 0) (@Zero.toOfNat0.{0} Real Real.instZero))) →
      @Luce.ConvergesInProbability.{u_1} Ω inst μ X
        (@OfNat.ofNat.{0} Real (nat_lit 0) (@Zero.toOfNat0.{0} Real Real.instZero)) :=
⋯
'Luce.probability_limit_of_integral_abs_tendsto' depends on axioms: [propext, Classical.choice.{u}, Quot.sound.{u}]
