def Luce.Section6.Proposition65Contract.localLaw : Prop :=
∀ (f : Real → Real) (left right : Luce.Section6.EndpointBehavior),
  Luce.Section6.PowerProfile f left right →
    ∀ (grid : Luce.Section6.SamplingGrid) (w : Luce.WeightArray),
      Luce.Section6.SampledRates grid w f →
        ∀ (r : Nat),
          ∃ h0 delta v d kappa C,
            And (@LE.le.{0} Nat instLENat (@OfNat.ofNat.{0} Nat (nat_lit 1) (instOfNatNat (nat_lit 1))) h0)
              (And
                (@LT.lt.{0} Real Real.instLT (@OfNat.ofNat.{0} Real (nat_lit 0) (@Zero.toOfNat0.{0} Real Real.instZero))
                  delta)
                (And
                  (@LT.lt.{0} Real Real.instLT delta
                    (@OfNat.ofNat.{0} Real (nat_lit 1) (@One.toOfNat1.{0} Real Real.instOne)))
                  (And
                    (@LT.lt.{0} Real Real.instLT
                      (@OfNat.ofNat.{0} Real (nat_lit 0) (@Zero.toOfNat0.{0} Real Real.instZero)) v)
                    (And
                      (@LE.le.{0} Real Real.instLE v
                        (@OfNat.ofNat.{0} Real (nat_lit 1) (@One.toOfNat1.{0} Real Real.instOne)))
                      (And
                        (@LT.lt.{0} Real Real.instLT
                          (@OfNat.ofNat.{0} Real (nat_lit 0) (@Zero.toOfNat0.{0} Real Real.instZero)) d)
                        (And
                          (@LT.lt.{0} Real Real.instLT
                            (@OfNat.ofNat.{0} Real (nat_lit 0) (@Zero.toOfNat0.{0} Real Real.instZero)) kappa)
                          (And
                            (@LT.lt.{0} Real Real.instLT
                              (@OfNat.ofNat.{0} Real (nat_lit 0) (@Zero.toOfNat0.{0} Real Real.instZero)) C)
                            (∀ (n s : Nat),
                              @LE.le.{0} Nat instLENat s r →
                                ∀ (side : Fin s → Luce.Section6.Corner) (u j : Fin s → Fin n),
                                  @Function.Injective.{1, 1} (Fin s) (Fin n) u →
                                    @Function.Injective.{1, 1} (Fin s) (Fin n) j →
                                      (∀ (e : Fin s), (Luce.Section6.cornerBehavior left right (side e)).active) →
                                        (∀ (e : Fin s),
                                            And
                                              (@LE.le.{0} Nat instLENat h0
                                                (@Luce.Section6.cornerDistance (side e) n (u e)))
                                              (@LE.le.{0} Nat instLENat h0
                                                (@Luce.Section6.cornerDistance (side e) n (j e)))) →
                                          (∀ (e : Fin s),
                                              And
                                                (@LE.le.{0} Real Real.instLE
                                                  (@Nat.cast.{0} Real Real.instNatCast
                                                    (@Luce.Section6.cornerDistance (side e) n (u e)))
                                                  (@HMul.hMul.{0, 0, 0} Real Real Real (@instHMul.{0} Real Real.instMul)
                                                    delta (@Nat.cast.{0} Real Real.instNatCast n)))
                                                (@LE.le.{0} Real Real.instLE
                                                  (@Nat.cast.{0} Real Real.instNatCast
                                                    (@Luce.Section6.cornerDistance (side e) n (j e)))
                                                  (@HMul.hMul.{0, 0, 0} Real Real Real (@instHMul.{0} Real Real.instMul)
                                                    delta (@Nat.cast.{0} Real Real.instNatCast n)))) →
                                            (∀ (e : Fin s),
                                                @LE.le.{0} Real Real.instLE
                                                  (Luce.Section6.localCornerRatio (side e)
                                                    (Luce.Section6.cornerBehavior left right (side e))
                                                    (@Luce.Section6.cornerDistance (side e) n (u e))
                                                    (@Luce.Section6.cornerDistance (side e) n (j e)))
                                                  (@HPow.hPow.{0, 0, 0} Real Real Real
                                                    (@instHPow.{0, 0} Real Real Real.instPow)
                                                    (@Min.min.{0} Real Real.instMin
                                                      (@Nat.cast.{0} Real Real.instNatCast
                                                        (@Luce.Section6.cornerDistance (side e) n (u e)))
                                                      (@Nat.cast.{0} Real Real.instNatCast
                                                        (@Luce.Section6.cornerDistance (side e) n (j e))))
                                                    v)) →
                                              (∀ (e g : Fin s),
                                                  @Ne.{1} (Fin s) e g →
                                                    @LT.lt.{0} Nat instLTNat
                                                      (@HMul.hMul.{0, 0, 0} Nat Nat Nat (@instHMul.{0} Nat instMulNat)
                                                        (@OfNat.ofNat.{0} Nat (nat_lit 2) (instOfNatNat (nat_lit 2))) r)
                                                      ((@Fin.val n (j e)).dist (@Fin.val n (j g)))) →
                                                have err :=
                                                  @abs.{0} Real Real.lattice Real.instAddGroup
                                                    (@HSub.hSub.{0, 0, 0} Real Real Real
                                                      (@instHSub.{0} Real Real.instSub)
                                                      (@MeasureTheory.Measure.real.{0} (Fin n → Real)
                                                        (@MeasurableSpace.pi.{0, 0} (Fin n) (fun a => Real) fun a =>
                                                          Real.measurableSpace)
                                                        (@Luce.exponentialRace n (w n))
                                                        (@Set.ofPred.{0} (Fin n → Real) fun clocks =>
                                                          @Luce.MarkedRankCylinder n s u j clocks))
                                                      (∏ e,
                                                        Luce.Section6.localIdealKernel (side e)
                                                          (Luce.Section6.cornerBehavior left right (side e))
                                                          (@Luce.Section6.cornerDistance (side e) n (u e))
                                                          (@Luce.Section6.cornerDistance (side e) n (j e))));
                                                have envelope :=
                                                  ∏ e,
                                                    Luce.Section6.localEnvelopeKernel (side e)
                                                      (Luce.Section6.cornerBehavior left right (side e)) d
                                                      (@Luce.Section6.cornerDistance (side e) n (u e))
                                                      (@Luce.Section6.cornerDistance (side e) n (j e));
                                                And
                                                  (@LE.le.{0} Real Real.instLE err
                                                    (@HMul.hMul.{0, 0, 0} Real Real Real
                                                      (@instHMul.{0} Real Real.instMul)
                                                      (@HMul.hMul.{0, 0, 0} Real Real Real
                                                        (@instHMul.{0} Real Real.instMul) C envelope)
                                                      (∑ e,
                                                        @HAdd.hAdd.{0, 0, 0} Real Real Real
                                                          (@instHAdd.{0} Real Real.instAdd)
                                                          (@HPow.hPow.{0, 0, 0} Real Real Real
                                                            (@instHPow.{0, 0} Real Real Real.instPow)
                                                            (@Min.min.{0} Real Real.instMin
                                                              (@Nat.cast.{0} Real Real.instNatCast
                                                                (@Luce.Section6.cornerDistance (side e) n (u e)))
                                                              (@Nat.cast.{0} Real Real.instNatCast
                                                                (@Luce.Section6.cornerDistance (side e) n (j e))))
                                                            (@Neg.neg.{0} Real Real.instNeg kappa))
                                                          (@HPow.hPow.{0, 0, 0} Real Real Real
                                                            (@instHPow.{0, 0} Real Real Real.instPow)
                                                            (@HDiv.hDiv.{0, 0, 0} Real Real Real
                                                              (@instHDiv.{0} Real
                                                                (@DivInvMonoid.toDiv.{0} Real Real.instDivInvMonoid))
                                                              (@Max.max.{0} Real Real.instMax
                                                                (@Nat.cast.{0} Real Real.instNatCast
                                                                  (@Luce.Section6.cornerDistance (side e) n (u e)))
                                                                (@Nat.cast.{0} Real Real.instNatCast
                                                                  (@Luce.Section6.cornerDistance (side e) n (j e))))
                                                              (@Nat.cast.{0} Real Real.instNatCast n))
                                                            kappa))))
                                                  (∀ (A B : Real),
                                                    @LT.lt.{0} Real Real.instLT
                                                        (@OfNat.ofNat.{0} Real (nat_lit 0)
                                                          (@Zero.toOfNat0.{0} Real Real.instZero))
                                                        A →
                                                      (∀ (e : Fin s),
                                                          And
                                                            (@LE.le.{0} Real Real.instLE A
                                                              (@Nat.cast.{0} Real Real.instNatCast
                                                                (@Luce.Section6.cornerDistance (side e) n (u e))))
                                                            (And
                                                              (@LE.le.{0} Real Real.instLE A
                                                                (@Nat.cast.{0} Real Real.instNatCast
                                                                  (@Luce.Section6.cornerDistance (side e) n (j e))))
                                                              (And
                                                                (@LE.le.{0} Real Real.instLE
                                                                  (@Nat.cast.{0} Real Real.instNatCast
                                                                    (@Luce.Section6.cornerDistance (side e) n (u e)))
                                                                  B)
                                                                (@LE.le.{0} Real Real.instLE
                                                                  (@Nat.cast.{0} Real Real.instNatCast
                                                                    (@Luce.Section6.cornerDistance (side e) n (j e)))
                                                                  B)))) →
                                                        @LE.le.{0} Real Real.instLE err
                                                          (@HMul.hMul.{0, 0, 0} Real Real Real
                                                            (@instHMul.{0} Real Real.instMul)
                                                            (@HMul.hMul.{0, 0, 0} Real Real Real
                                                              (@instHMul.{0} Real Real.instMul) C
                                                              (@HAdd.hAdd.{0, 0, 0} Real Real Real
                                                                (@instHAdd.{0} Real Real.instAdd)
                                                                (@HPow.hPow.{0, 0, 0} Real Real Real
                                                                  (@instHPow.{0, 0} Real Real Real.instPow) A
                                                                  (@Neg.neg.{0} Real Real.instNeg kappa))
                                                                (@HPow.hPow.{0, 0, 0} Real Real Real
                                                                  (@instHPow.{0, 0} Real Real Real.instPow)
                                                                  (@HDiv.hDiv.{0, 0, 0} Real Real Real
                                                                    (@instHDiv.{0} Real
                                                                      (@DivInvMonoid.toDiv.{0} Real
                                                                        Real.instDivInvMonoid))
                                                                    B (@Nat.cast.{0} Real Real.instNatCast n))
                                                                  kappa)))
                                                            envelope))))))))))
def Luce.Section6.Proposition65Contract.proposition65 : Prop :=
And Luce.Section6.Proposition65Contract.localLaw Luce.Section6.Lemma64Contract.matrix
theorem Luce.Section6.normalized_gap_taylor_with_decay : ∀ {a W t xi : Real},
  @LE.le.{0} Real Real.instLE (@OfNat.ofNat.{0} Real (nat_lit 0) (@Zero.toOfNat0.{0} Real Real.instZero)) a →
    @LT.lt.{0} Real Real.instLT (@OfNat.ofNat.{0} Real (nat_lit 0) (@Zero.toOfNat0.{0} Real Real.instZero)) W →
      @LE.le.{0} Real Real.instLE (@OfNat.ofNat.{0} Real (nat_lit 0) (@Zero.toOfNat0.{0} Real Real.instZero)) xi →
        @LE.le.{0} Real Real.instLE
          (@abs.{0} Real Real.lattice Real.instAddGroup
            (@HSub.hSub.{0, 0, 0} Real Real Real (@instHSub.{0} Real Real.instSub)
              (Luce.exponentialGapMass a t
                (@HDiv.hDiv.{0, 0, 0} Real Real Real
                  (@instHDiv.{0} Real (@DivInvMonoid.toDiv.{0} Real Real.instDivInvMonoid)) xi W))
              (@HMul.hMul.{0, 0, 0} Real Real Real (@instHMul.{0} Real Real.instMul)
                (@HMul.hMul.{0, 0, 0} Real Real Real (@instHMul.{0} Real Real.instMul)
                  (@HDiv.hDiv.{0, 0, 0} Real Real Real
                    (@instHDiv.{0} Real (@DivInvMonoid.toDiv.{0} Real Real.instDivInvMonoid)) a W)
                  (Luce.survivalKernel t a))
                xi)))
          (@HMul.hMul.{0, 0, 0} Real Real Real (@instHMul.{0} Real Real.instMul)
            (@HMul.hMul.{0, 0, 0} Real Real Real (@instHMul.{0} Real Real.instMul)
              (@HPow.hPow.{0, 0, 0} Real Nat Real
                (@instHPow.{0, 0} Real Nat (@NPow.toPow.{0} Real (@Monoid.toNPow.{0} Real Real.instMonoid)))
                (@HDiv.hDiv.{0, 0, 0} Real Real Real
                  (@instHDiv.{0} Real (@DivInvMonoid.toDiv.{0} Real Real.instDivInvMonoid)) a W)
                (@OfNat.ofNat.{0} Nat (nat_lit 2) (instOfNatNat (nat_lit 2))))
              (Luce.survivalKernel t a))
            (@HPow.hPow.{0, 0, 0} Real Nat Real
              (@instHPow.{0, 0} Real Nat (@NPow.toPow.{0} Real (@Monoid.toNPow.{0} Real Real.instMonoid))) xi
              (@OfNat.ofNat.{0} Nat (nat_lit 2) (instOfNatNat (nat_lit 2))))) :=
⋯
'Luce.Section6.normalized_gap_taylor_with_decay' depends on axioms: [propext, Classical.choice.{u}, Quot.sound.{u}]
theorem Luce.Section6.normalized_gap_comparison : ∀ {a W t xi K B E R : Real},
  @LE.le.{0} Real Real.instLE (@OfNat.ofNat.{0} Real (nat_lit 0) (@Zero.toOfNat0.{0} Real Real.instZero)) a →
    @LT.lt.{0} Real Real.instLT (@OfNat.ofNat.{0} Real (nat_lit 0) (@Zero.toOfNat0.{0} Real Real.instZero)) W →
      @LE.le.{0} Real Real.instLE (@OfNat.ofNat.{0} Real (nat_lit 0) (@Zero.toOfNat0.{0} Real Real.instZero)) xi →
        @LE.le.{0} Real Real.instLE (@OfNat.ofNat.{0} Real (nat_lit 0) (@Zero.toOfNat0.{0} Real Real.instZero)) K →
          @LE.le.{0} Real Real.instLE
              (@HMul.hMul.{0, 0, 0} Real Real Real (@instHMul.{0} Real Real.instMul)
                (@HDiv.hDiv.{0, 0, 0} Real Real Real
                  (@instHDiv.{0} Real (@DivInvMonoid.toDiv.{0} Real Real.instDivInvMonoid)) a W)
                (Luce.survivalKernel t a))
              B →
            @LE.le.{0} Real Real.instLE K B →
              @LE.le.{0} Real Real.instLE
                  (@abs.{0} Real Real.lattice Real.instAddGroup
                    (@HSub.hSub.{0, 0, 0} Real Real Real (@instHSub.{0} Real Real.instSub)
                      (@HMul.hMul.{0, 0, 0} Real Real Real (@instHMul.{0} Real Real.instMul)
                        (@HDiv.hDiv.{0, 0, 0} Real Real Real
                          (@instHDiv.{0} Real (@DivInvMonoid.toDiv.{0} Real Real.instDivInvMonoid)) a W)
                        (Luce.survivalKernel t a))
                      K))
                  E →
                @LE.le.{0} Real Real.instLE
                    (@HMul.hMul.{0, 0, 0} Real Real Real (@instHMul.{0} Real Real.instMul)
                      (@HPow.hPow.{0, 0, 0} Real Nat Real
                        (@instHPow.{0, 0} Real Nat (@NPow.toPow.{0} Real (@Monoid.toNPow.{0} Real Real.instMonoid)))
                        (@HDiv.hDiv.{0, 0, 0} Real Real Real
                          (@instHDiv.{0} Real (@DivInvMonoid.toDiv.{0} Real Real.instDivInvMonoid)) a W)
                        (@OfNat.ofNat.{0} Nat (nat_lit 2) (instOfNatNat (nat_lit 2))))
                      (Luce.survivalKernel t a))
                    R →
                  And
                    (@LE.le.{0} Real Real.instLE
                      (@OfNat.ofNat.{0} Real (nat_lit 0) (@Zero.toOfNat0.{0} Real Real.instZero))
                      (Luce.exponentialGapMass a t
                        (@HDiv.hDiv.{0, 0, 0} Real Real Real
                          (@instHDiv.{0} Real (@DivInvMonoid.toDiv.{0} Real Real.instDivInvMonoid)) xi W)))
                    (And
                      (@LE.le.{0} Real Real.instLE
                        (Luce.exponentialGapMass a t
                          (@HDiv.hDiv.{0, 0, 0} Real Real Real
                            (@instHDiv.{0} Real (@DivInvMonoid.toDiv.{0} Real Real.instDivInvMonoid)) xi W))
                        (@HMul.hMul.{0, 0, 0} Real Real Real (@instHMul.{0} Real Real.instMul) B xi))
                      (And
                        (@LE.le.{0} Real Real.instLE
                          (@OfNat.ofNat.{0} Real (nat_lit 0) (@Zero.toOfNat0.{0} Real Real.instZero))
                          (@HMul.hMul.{0, 0, 0} Real Real Real (@instHMul.{0} Real Real.instMul) K xi))
                        (And
                          (@LE.le.{0} Real Real.instLE
                            (@HMul.hMul.{0, 0, 0} Real Real Real (@instHMul.{0} Real Real.instMul) K xi)
                            (@HMul.hMul.{0, 0, 0} Real Real Real (@instHMul.{0} Real Real.instMul) B xi))
                          (@LE.le.{0} Real Real.instLE
                            (@abs.{0} Real Real.lattice Real.instAddGroup
                              (@HSub.hSub.{0, 0, 0} Real Real Real (@instHSub.{0} Real Real.instSub)
                                (Luce.exponentialGapMass a t
                                  (@HDiv.hDiv.{0, 0, 0} Real Real Real
                                    (@instHDiv.{0} Real (@DivInvMonoid.toDiv.{0} Real Real.instDivInvMonoid)) xi W))
                                (@HMul.hMul.{0, 0, 0} Real Real Real (@instHMul.{0} Real Real.instMul) K xi)))
                            (@HAdd.hAdd.{0, 0, 0} Real Real Real (@instHAdd.{0} Real Real.instAdd)
                              (@HMul.hMul.{0, 0, 0} Real Real Real (@instHMul.{0} Real Real.instMul) E xi)
                              (@HMul.hMul.{0, 0, 0} Real Real Real (@instHMul.{0} Real Real.instMul) R
                                (@HPow.hPow.{0, 0, 0} Real Nat Real
                                  (@instHPow.{0, 0} Real Nat
                                    (@NPow.toPow.{0} Real (@Monoid.toNPow.{0} Real Real.instMonoid)))
                                  xi (@OfNat.ofNat.{0} Nat (nat_lit 2) (instOfNatNat (nat_lit 2)))))))))) :=
⋯
'Luce.Section6.normalized_gap_comparison' depends on axioms: [propext, Classical.choice.{u}, Quot.sound.{u}]
theorem Luce.Section6.normalized_gap_product_comparison.{u_1} : ∀ {ι : Type u_1} [inst : Fintype.{u_1} ι]
  (X K B eps invDepth xi : ι → Real),
  (∀ (i : ι),
      @LE.le.{0} Real Real.instLE (@OfNat.ofNat.{0} Real (nat_lit 0) (@Zero.toOfNat0.{0} Real Real.instZero)) (X i)) →
    (∀ (i : ι),
        @LE.le.{0} Real Real.instLE (@OfNat.ofNat.{0} Real (nat_lit 0) (@Zero.toOfNat0.{0} Real Real.instZero)) (K i)) →
      (∀ (i : ι),
          @LE.le.{0} Real Real.instLE (@OfNat.ofNat.{0} Real (nat_lit 0) (@Zero.toOfNat0.{0} Real Real.instZero))
            (B i)) →
        (∀ (i : ι),
            @LE.le.{0} Real Real.instLE (@OfNat.ofNat.{0} Real (nat_lit 0) (@Zero.toOfNat0.{0} Real Real.instZero))
              (eps i)) →
          (∀ (i : ι),
              @LE.le.{0} Real Real.instLE (@OfNat.ofNat.{0} Real (nat_lit 0) (@Zero.toOfNat0.{0} Real Real.instZero))
                (invDepth i)) →
            (∀ (i : ι),
                @LE.le.{0} Real Real.instLE (@OfNat.ofNat.{0} Real (nat_lit 0) (@Zero.toOfNat0.{0} Real Real.instZero))
                  (xi i)) →
              (∀ (i : ι),
                  @LE.le.{0} Real Real.instLE (X i)
                    (@HMul.hMul.{0, 0, 0} Real Real Real (@instHMul.{0} Real Real.instMul) (B i) (xi i))) →
                (∀ (i : ι), @LE.le.{0} Real Real.instLE (K i) (B i)) →
                  (∀ (i : ι),
                      @LE.le.{0} Real Real.instLE
                        (@abs.{0} Real Real.lattice Real.instAddGroup
                          (@HSub.hSub.{0, 0, 0} Real Real Real (@instHSub.{0} Real Real.instSub) (X i)
                            (@HMul.hMul.{0, 0, 0} Real Real Real (@instHMul.{0} Real Real.instMul) (K i) (xi i))))
                        (@HMul.hMul.{0, 0, 0} Real Real Real (@instHMul.{0} Real Real.instMul) (B i)
                          (@HAdd.hAdd.{0, 0, 0} Real Real Real (@instHAdd.{0} Real Real.instAdd)
                            (@HMul.hMul.{0, 0, 0} Real Real Real (@instHMul.{0} Real Real.instMul) (eps i) (xi i))
                            (@HMul.hMul.{0, 0, 0} Real Real Real (@instHMul.{0} Real Real.instMul) (invDepth i)
                              (@HPow.hPow.{0, 0, 0} Real Nat Real
                                (@instHPow.{0, 0} Real Nat
                                  (@NPow.toPow.{0} Real (@Monoid.toNPow.{0} Real Real.instMonoid)))
                                (xi i) (@OfNat.ofNat.{0} Nat (nat_lit 2) (instOfNatNat (nat_lit 2)))))))) →
                    @LE.le.{0} Real Real.instLE
                      (@abs.{0} Real Real.lattice Real.instAddGroup
                        (@HSub.hSub.{0, 0, 0} Real Real Real (@instHSub.{0} Real Real.instSub) (∏ i, X i)
                          (@HMul.hMul.{0, 0, 0} Real Real Real (@instHMul.{0} Real Real.instMul) (∏ i, K i)
                            (∏ i, xi i))))
                      (@HMul.hMul.{0, 0, 0} Real Real Real (@instHMul.{0} Real Real.instMul) (∏ i, B i)
                        (@HMul.hMul.{0, 0, 0} Real Real Real (@instHMul.{0} Real Real.instMul)
                          (∑ i,
                            @HAdd.hAdd.{0, 0, 0} Real Real Real (@instHAdd.{0} Real Real.instAdd) (eps i)
                              (@HMul.hMul.{0, 0, 0} Real Real Real (@instHMul.{0} Real Real.instMul) (invDepth i)
                                (xi i)))
                          (∏ i, xi i))) :=
⋯
'Luce.Section6.normalized_gap_product_comparison' depends on axioms: [propext, Classical.choice.{u}, Quot.sound.{u}]
theorem Luce.Section6.coordinate_mul_gap_product.{u_1} : ∀ {ι : Type u_1} [inst : Fintype.{u_1} ι]
  [inst_1 : DecidableEq.{u_1 + 1} ι] (i : ι) (x : ι → Real),
  @Eq.{1} Real (@HMul.hMul.{0, 0, 0} Real Real Real (@instHMul.{0} Real Real.instMul) (x i) (∏ j, x j))
    (∏ j,
      @HPow.hPow.{0, 0, 0} Real Nat Real
        (@instHPow.{0, 0} Real Nat (@NPow.toPow.{0} Real (@Monoid.toNPow.{0} Real Real.instMonoid))) (x j)
        (@ite.{1} Nat (@Eq.{u_1 + 1} ι j i) (inst_1 j i) (@OfNat.ofNat.{0} Nat (nat_lit 2) (instOfNatNat (nat_lit 2)))
          (@OfNat.ofNat.{0} Nat (nat_lit 1) (instOfNatNat (nat_lit 1))))) :=
⋯
'Luce.Section6.coordinate_mul_gap_product' depends on axioms: [propext, Classical.choice.{u}, Quot.sound.{u}]
theorem Luce.Section6.markedNormalizedGaps_nonneg_ae : ∀ {n s : Nat} (w : Luce.Weights n) (removed : Finset.{0} (Fin n))
  (q :
    Function.Embedding.{1, 1} (Fin s)
      (Fin
        (@Finset.card.{0} (Fin n)
          (@SDiff.sdiff.{0} (Finset.{0} (Fin n)) (@Finset.instSDiff.{0} (Fin n) (instDecidableEqFin n))
            (@Finset.univ.{0} (Fin n) (Fin.fintype n)) removed)))),
  @Filter.Eventually.{0} (Fin n → Real)
    (fun old =>
      ∀ (i : Fin s),
        @LE.le.{0} Real Real.instLE (@OfNat.ofNat.{0} Real (nat_lit 0) (@Zero.toOfNat0.{0} Real Real.instZero))
          (@Luce.markedNormalizedGaps n s w removed
            (@DFunLike.coe.{1, 1, 1}
              (Function.Embedding.{1, 1} (Fin s)
                (Fin
                  (@Finset.card.{0} (Fin n)
                    (@SDiff.sdiff.{0} (Finset.{0} (Fin n)) (@Finset.instSDiff.{0} (Fin n) (instDecidableEqFin n))
                      (@Finset.univ.{0} (Fin n) (Fin.fintype n)) removed))))
              (Fin s)
              (fun x =>
                Fin
                  (@Finset.card.{0} (Fin n)
                    (@SDiff.sdiff.{0} (Finset.{0} (Fin n)) (@Finset.instSDiff.{0} (Fin n) (instDecidableEqFin n))
                      (@Finset.univ.{0} (Fin n) (Fin.fintype n)) removed)))
              (@Function.instFunLikeEmbedding.{1, 1} (Fin s)
                (Fin
                  (@Finset.card.{0} (Fin n)
                    (@SDiff.sdiff.{0} (Finset.{0} (Fin n)) (@Finset.instSDiff.{0} (Fin n) (instDecidableEqFin n))
                      (@Finset.univ.{0} (Fin n) (Fin.fintype n)) removed))))
              q)
            old i))
    (@MeasureTheory.ae.{0, 0} (Fin n → Real)
      (@MeasureTheory.Measure.{0} (Fin n → Real)
        (@MeasurableSpace.pi.{0, 0} (Fin n) (fun a => Real) fun a => Real.measurableSpace))
      (@MeasureTheory.Measure.instFunLike.{0} (Fin n → Real)
        (@MeasurableSpace.pi.{0, 0} (Fin n) (fun a => Real) fun a => Real.measurableSpace))
      ⋯ (@Luce.exponentialRace n w)) :=
⋯
'Luce.Section6.markedNormalizedGaps_nonneg_ae' depends on axioms: [propext, Classical.choice.{u}, Quot.sound.{u}]
theorem Luce.Section6.integrable_marked_gap_coordinate_product : ∀ {n s : Nat} (w : Luce.Weights n)
  (removed : Finset.{0} (Fin n))
  (q :
    Function.Embedding.{1, 1} (Fin s)
      (Fin
        (@Finset.card.{0} (Fin n)
          (@SDiff.sdiff.{0} (Finset.{0} (Fin n)) (@Finset.instSDiff.{0} (Fin n) (instDecidableEqFin n))
            (@Finset.univ.{0} (Fin n) (Fin.fintype n)) removed))))
  (i : Fin s),
  @MeasureTheory.Integrable.{0, 0} Real
    (@UniformSpace.toTopologicalSpace.{0} Real (@PseudoMetricSpace.toUniformSpace.{0} Real Real.pseudoMetricSpace))
    (@SeminormedAddGroup.toContinuousENorm.{0} Real
      (@SeminormedAddCommGroup.toSeminormedAddGroup.{0} Real
        (@NonUnitalSeminormedRing.toSeminormedAddCommGroup.{0} Real
          (@NonUnitalSeminormedCommRing.toNonUnitalSeminormedRing.{0} Real
            (@SeminormedCommRing.toNonUnitalSeminormedCommRing.{0} Real
              (@NormedCommRing.toSeminormedCommRing.{0} Real Real.normedCommRing))))))
    (Fin n → Real) (@MeasurableSpace.pi.{0, 0} (Fin n) (fun a => Real) fun a => Real.measurableSpace)
    (fun old =>
      @HMul.hMul.{0, 0, 0} Real Real Real (@instHMul.{0} Real Real.instMul)
        (@Luce.markedNormalizedGaps n s w removed
          (@DFunLike.coe.{1, 1, 1}
            (Function.Embedding.{1, 1} (Fin s)
              (Fin
                (@Finset.card.{0} (Fin n)
                  (@SDiff.sdiff.{0} (Finset.{0} (Fin n)) (@Finset.instSDiff.{0} (Fin n) (instDecidableEqFin n))
                    (@Finset.univ.{0} (Fin n) (Fin.fintype n)) removed))))
            (Fin s)
            (fun x =>
              Fin
                (@Finset.card.{0} (Fin n)
                  (@SDiff.sdiff.{0} (Finset.{0} (Fin n)) (@Finset.instSDiff.{0} (Fin n) (instDecidableEqFin n))
                    (@Finset.univ.{0} (Fin n) (Fin.fintype n)) removed)))
            (@Function.instFunLikeEmbedding.{1, 1} (Fin s)
              (Fin
                (@Finset.card.{0} (Fin n)
                  (@SDiff.sdiff.{0} (Finset.{0} (Fin n)) (@Finset.instSDiff.{0} (Fin n) (instDecidableEqFin n))
                    (@Finset.univ.{0} (Fin n) (Fin.fintype n)) removed))))
            q)
          old i)
        (∏ j,
          @Luce.markedNormalizedGaps n s w removed
            (@DFunLike.coe.{1, 1, 1}
              (Function.Embedding.{1, 1} (Fin s)
                (Fin
                  (@Finset.card.{0} (Fin n)
                    (@SDiff.sdiff.{0} (Finset.{0} (Fin n)) (@Finset.instSDiff.{0} (Fin n) (instDecidableEqFin n))
                      (@Finset.univ.{0} (Fin n) (Fin.fintype n)) removed))))
              (Fin s)
              (fun x =>
                Fin
                  (@Finset.card.{0} (Fin n)
                    (@SDiff.sdiff.{0} (Finset.{0} (Fin n)) (@Finset.instSDiff.{0} (Fin n) (instDecidableEqFin n))
                      (@Finset.univ.{0} (Fin n) (Fin.fintype n)) removed)))
              (@Function.instFunLikeEmbedding.{1, 1} (Fin s)
                (Fin
                  (@Finset.card.{0} (Fin n)
                    (@SDiff.sdiff.{0} (Finset.{0} (Fin n)) (@Finset.instSDiff.{0} (Fin n) (instDecidableEqFin n))
                      (@Finset.univ.{0} (Fin n) (Fin.fintype n)) removed))))
              q)
            old j))
    (@Luce.exponentialRace n w) :=
⋯
'Luce.Section6.integrable_marked_gap_coordinate_product' depends on axioms: [propext,
 Classical.choice.{u},
 Quot.sound.{u}]
theorem Luce.Section6.integral_marked_gap_coordinate_product : ∀ {n s : Nat} (w : Luce.Weights n)
  (removed : Finset.{0} (Fin n))
  (q :
    Function.Embedding.{1, 1} (Fin s)
      (Fin
        (@Finset.card.{0} (Fin n)
          (@SDiff.sdiff.{0} (Finset.{0} (Fin n)) (@Finset.instSDiff.{0} (Fin n) (instDecidableEqFin n))
            (@Finset.univ.{0} (Fin n) (Fin.fintype n)) removed))))
  (i : Fin s),
  @Eq.{1} Real
    (@MeasureTheory.integral.{0, 0} (Fin n → Real) Real Real.normedAddCommGroup
      (@InnerProductSpace.toNormedSpace.{0, 0} Real Real Real.instRCLike
        (@NormedAddCommGroup.toSeminormedAddCommGroup.{0} Real Real.normedAddCommGroup)
        (@RCLike.toInnerProductSpaceReal.{0} Real Real.instRCLike))
      (@MeasurableSpace.pi.{0, 0} (Fin n) (fun a => Real) fun a => Real.measurableSpace) (@Luce.exponentialRace n w)
      fun old =>
      @HMul.hMul.{0, 0, 0} Real Real Real (@instHMul.{0} Real Real.instMul)
        (@Luce.markedNormalizedGaps n s w removed
          (@DFunLike.coe.{1, 1, 1}
            (Function.Embedding.{1, 1} (Fin s)
              (Fin
                (@Finset.card.{0} (Fin n)
                  (@SDiff.sdiff.{0} (Finset.{0} (Fin n)) (@Finset.instSDiff.{0} (Fin n) (instDecidableEqFin n))
                    (@Finset.univ.{0} (Fin n) (Fin.fintype n)) removed))))
            (Fin s)
            (fun x =>
              Fin
                (@Finset.card.{0} (Fin n)
                  (@SDiff.sdiff.{0} (Finset.{0} (Fin n)) (@Finset.instSDiff.{0} (Fin n) (instDecidableEqFin n))
                    (@Finset.univ.{0} (Fin n) (Fin.fintype n)) removed)))
            (@Function.instFunLikeEmbedding.{1, 1} (Fin s)
              (Fin
                (@Finset.card.{0} (Fin n)
                  (@SDiff.sdiff.{0} (Finset.{0} (Fin n)) (@Finset.instSDiff.{0} (Fin n) (instDecidableEqFin n))
                    (@Finset.univ.{0} (Fin n) (Fin.fintype n)) removed))))
            q)
          old i)
        (∏ j,
          @Luce.markedNormalizedGaps n s w removed
            (@DFunLike.coe.{1, 1, 1}
              (Function.Embedding.{1, 1} (Fin s)
                (Fin
                  (@Finset.card.{0} (Fin n)
                    (@SDiff.sdiff.{0} (Finset.{0} (Fin n)) (@Finset.instSDiff.{0} (Fin n) (instDecidableEqFin n))
                      (@Finset.univ.{0} (Fin n) (Fin.fintype n)) removed))))
              (Fin s)
              (fun x =>
                Fin
                  (@Finset.card.{0} (Fin n)
                    (@SDiff.sdiff.{0} (Finset.{0} (Fin n)) (@Finset.instSDiff.{0} (Fin n) (instDecidableEqFin n))
                      (@Finset.univ.{0} (Fin n) (Fin.fintype n)) removed)))
              (@Function.instFunLikeEmbedding.{1, 1} (Fin s)
                (Fin
                  (@Finset.card.{0} (Fin n)
                    (@SDiff.sdiff.{0} (Finset.{0} (Fin n)) (@Finset.instSDiff.{0} (Fin n) (instDecidableEqFin n))
                      (@Finset.univ.{0} (Fin n) (Fin.fintype n)) removed))))
              q)
            old j))
    (@OfNat.ofNat.{0} Real (nat_lit 2) (@instOfNatAtLeastTwo.{0} Real (nat_lit 2) Real.instNatCast ⋯)) :=
⋯
'Luce.Section6.integral_marked_gap_coordinate_product' depends on axioms: [propext,
 Classical.choice.{u},
 Quot.sound.{u}]
theorem Luce.Section6.integrable_marked_gap_weighted_error : ∀ {n s : Nat} (w : Luce.Weights n)
  (removed : Finset.{0} (Fin n))
  (q :
    Function.Embedding.{1, 1} (Fin s)
      (Fin
        (@Finset.card.{0} (Fin n)
          (@SDiff.sdiff.{0} (Finset.{0} (Fin n)) (@Finset.instSDiff.{0} (Fin n) (instDecidableEqFin n))
            (@Finset.univ.{0} (Fin n) (Fin.fintype n)) removed))))
  (eps b : Fin s → Real),
  @MeasureTheory.Integrable.{0, 0} Real
    (@UniformSpace.toTopologicalSpace.{0} Real (@PseudoMetricSpace.toUniformSpace.{0} Real Real.pseudoMetricSpace))
    (@SeminormedAddGroup.toContinuousENorm.{0} Real
      (@SeminormedAddCommGroup.toSeminormedAddGroup.{0} Real
        (@NonUnitalSeminormedRing.toSeminormedAddCommGroup.{0} Real
          (@NonUnitalSeminormedCommRing.toNonUnitalSeminormedRing.{0} Real
            (@SeminormedCommRing.toNonUnitalSeminormedCommRing.{0} Real
              (@NormedCommRing.toSeminormedCommRing.{0} Real Real.normedCommRing))))))
    (Fin n → Real) (@MeasurableSpace.pi.{0, 0} (Fin n) (fun a => Real) fun a => Real.measurableSpace)
    (fun old =>
      @HMul.hMul.{0, 0, 0} Real Real Real (@instHMul.{0} Real Real.instMul)
        (∑ i,
          @HAdd.hAdd.{0, 0, 0} Real Real Real (@instHAdd.{0} Real Real.instAdd) (eps i)
            (@HMul.hMul.{0, 0, 0} Real Real Real (@instHMul.{0} Real Real.instMul) (b i)
              (@Luce.markedNormalizedGaps n s w removed
                (@DFunLike.coe.{1, 1, 1}
                  (Function.Embedding.{1, 1} (Fin s)
                    (Fin
                      (@Finset.card.{0} (Fin n)
                        (@SDiff.sdiff.{0} (Finset.{0} (Fin n)) (@Finset.instSDiff.{0} (Fin n) (instDecidableEqFin n))
                          (@Finset.univ.{0} (Fin n) (Fin.fintype n)) removed))))
                  (Fin s)
                  (fun x =>
                    Fin
                      (@Finset.card.{0} (Fin n)
                        (@SDiff.sdiff.{0} (Finset.{0} (Fin n)) (@Finset.instSDiff.{0} (Fin n) (instDecidableEqFin n))
                          (@Finset.univ.{0} (Fin n) (Fin.fintype n)) removed)))
                  (@Function.instFunLikeEmbedding.{1, 1} (Fin s)
                    (Fin
                      (@Finset.card.{0} (Fin n)
                        (@SDiff.sdiff.{0} (Finset.{0} (Fin n)) (@Finset.instSDiff.{0} (Fin n) (instDecidableEqFin n))
                          (@Finset.univ.{0} (Fin n) (Fin.fintype n)) removed))))
                  q)
                old i)))
        (∏ i,
          @Luce.markedNormalizedGaps n s w removed
            (@DFunLike.coe.{1, 1, 1}
              (Function.Embedding.{1, 1} (Fin s)
                (Fin
                  (@Finset.card.{0} (Fin n)
                    (@SDiff.sdiff.{0} (Finset.{0} (Fin n)) (@Finset.instSDiff.{0} (Fin n) (instDecidableEqFin n))
                      (@Finset.univ.{0} (Fin n) (Fin.fintype n)) removed))))
              (Fin s)
              (fun x =>
                Fin
                  (@Finset.card.{0} (Fin n)
                    (@SDiff.sdiff.{0} (Finset.{0} (Fin n)) (@Finset.instSDiff.{0} (Fin n) (instDecidableEqFin n))
                      (@Finset.univ.{0} (Fin n) (Fin.fintype n)) removed)))
              (@Function.instFunLikeEmbedding.{1, 1} (Fin s)
                (Fin
                  (@Finset.card.{0} (Fin n)
                    (@SDiff.sdiff.{0} (Finset.{0} (Fin n)) (@Finset.instSDiff.{0} (Fin n) (instDecidableEqFin n))
                      (@Finset.univ.{0} (Fin n) (Fin.fintype n)) removed))))
              q)
            old i))
    (@Luce.exponentialRace n w) :=
⋯
'Luce.Section6.integrable_marked_gap_weighted_error' depends on axioms: [propext, Classical.choice.{u}, Quot.sound.{u}]
theorem Luce.Section6.integral_marked_gap_weighted_error : ∀ {n s : Nat} (w : Luce.Weights n)
  (removed : Finset.{0} (Fin n))
  (q :
    Function.Embedding.{1, 1} (Fin s)
      (Fin
        (@Finset.card.{0} (Fin n)
          (@SDiff.sdiff.{0} (Finset.{0} (Fin n)) (@Finset.instSDiff.{0} (Fin n) (instDecidableEqFin n))
            (@Finset.univ.{0} (Fin n) (Fin.fintype n)) removed))))
  (eps b : Fin s → Real),
  @Eq.{1} Real
    (@MeasureTheory.integral.{0, 0} (Fin n → Real) Real Real.normedAddCommGroup
      (@InnerProductSpace.toNormedSpace.{0, 0} Real Real Real.instRCLike
        (@NormedAddCommGroup.toSeminormedAddCommGroup.{0} Real Real.normedAddCommGroup)
        (@RCLike.toInnerProductSpaceReal.{0} Real Real.instRCLike))
      (@MeasurableSpace.pi.{0, 0} (Fin n) (fun a => Real) fun a => Real.measurableSpace) (@Luce.exponentialRace n w)
      fun old =>
      @HMul.hMul.{0, 0, 0} Real Real Real (@instHMul.{0} Real Real.instMul)
        (∑ i,
          @HAdd.hAdd.{0, 0, 0} Real Real Real (@instHAdd.{0} Real Real.instAdd) (eps i)
            (@HMul.hMul.{0, 0, 0} Real Real Real (@instHMul.{0} Real Real.instMul) (b i)
              (@Luce.markedNormalizedGaps n s w removed
                (@DFunLike.coe.{1, 1, 1}
                  (Function.Embedding.{1, 1} (Fin s)
                    (Fin
                      (@Finset.card.{0} (Fin n)
                        (@SDiff.sdiff.{0} (Finset.{0} (Fin n)) (@Finset.instSDiff.{0} (Fin n) (instDecidableEqFin n))
                          (@Finset.univ.{0} (Fin n) (Fin.fintype n)) removed))))
                  (Fin s)
                  (fun x =>
                    Fin
                      (@Finset.card.{0} (Fin n)
                        (@SDiff.sdiff.{0} (Finset.{0} (Fin n)) (@Finset.instSDiff.{0} (Fin n) (instDecidableEqFin n))
                          (@Finset.univ.{0} (Fin n) (Fin.fintype n)) removed)))
                  (@Function.instFunLikeEmbedding.{1, 1} (Fin s)
                    (Fin
                      (@Finset.card.{0} (Fin n)
                        (@SDiff.sdiff.{0} (Finset.{0} (Fin n)) (@Finset.instSDiff.{0} (Fin n) (instDecidableEqFin n))
                          (@Finset.univ.{0} (Fin n) (Fin.fintype n)) removed))))
                  q)
                old i)))
        (∏ i,
          @Luce.markedNormalizedGaps n s w removed
            (@DFunLike.coe.{1, 1, 1}
              (Function.Embedding.{1, 1} (Fin s)
                (Fin
                  (@Finset.card.{0} (Fin n)
                    (@SDiff.sdiff.{0} (Finset.{0} (Fin n)) (@Finset.instSDiff.{0} (Fin n) (instDecidableEqFin n))
                      (@Finset.univ.{0} (Fin n) (Fin.fintype n)) removed))))
              (Fin s)
              (fun x =>
                Fin
                  (@Finset.card.{0} (Fin n)
                    (@SDiff.sdiff.{0} (Finset.{0} (Fin n)) (@Finset.instSDiff.{0} (Fin n) (instDecidableEqFin n))
                      (@Finset.univ.{0} (Fin n) (Fin.fintype n)) removed)))
              (@Function.instFunLikeEmbedding.{1, 1} (Fin s)
                (Fin
                  (@Finset.card.{0} (Fin n)
                    (@SDiff.sdiff.{0} (Finset.{0} (Fin n)) (@Finset.instSDiff.{0} (Fin n) (instDecidableEqFin n))
                      (@Finset.univ.{0} (Fin n) (Fin.fintype n)) removed))))
              q)
            old i))
    (∑ i,
      @HAdd.hAdd.{0, 0, 0} Real Real Real (@instHAdd.{0} Real Real.instAdd) (eps i)
        (@HMul.hMul.{0, 0, 0} Real Real Real (@instHMul.{0} Real Real.instMul)
          (@OfNat.ofNat.{0} Real (nat_lit 2) (@instOfNatAtLeastTwo.{0} Real (nat_lit 2) Real.instNatCast ⋯)) (b i))) :=
⋯
'Luce.Section6.integral_marked_gap_weighted_error' depends on axioms: [propext, Classical.choice.{u}, Quot.sound.{u}]
theorem Luce.Section6.linear_exponential_bound : ∀ {c x : Real},
  @LT.lt.{0} Real Real.instLT (@OfNat.ofNat.{0} Real (nat_lit 0) (@Zero.toOfNat0.{0} Real Real.instZero)) c →
    @LE.le.{0} Real Real.instLE (@OfNat.ofNat.{0} Real (nat_lit 0) (@Zero.toOfNat0.{0} Real Real.instZero)) x →
      @LE.le.{0} Real Real.instLE
        (@HMul.hMul.{0, 0, 0} Real Real Real (@instHMul.{0} Real Real.instMul) x
          (Real.exp
            (@Neg.neg.{0} Real Real.instNeg
              (@HMul.hMul.{0, 0, 0} Real Real Real (@instHMul.{0} Real Real.instMul) c x))))
        (@HDiv.hDiv.{0, 0, 0} Real Real Real (@instHDiv.{0} Real (@DivInvMonoid.toDiv.{0} Real Real.instDivInvMonoid))
          (@OfNat.ofNat.{0} Real (nat_lit 1) (@One.toOfNat1.{0} Real Real.instOne)) c) :=
⋯
'Luce.Section6.linear_exponential_bound' depends on axioms: [propext, Classical.choice.{u}, Quot.sound.{u}]
theorem Luce.Section6.local_coefficient_slack : ∀ {q x : Real},
  @LT.lt.{0} Real Real.instLT (@OfNat.ofNat.{0} Real (nat_lit 0) (@Zero.toOfNat0.{0} Real Real.instZero)) q →
    @LE.le.{0} Real Real.instLE (@OfNat.ofNat.{0} Real (nat_lit 0) (@Zero.toOfNat0.{0} Real Real.instZero)) x →
      And
        (@LE.le.{0} Real Real.instLE
          (@HMul.hMul.{0, 0, 0} Real Real Real (@instHMul.{0} Real Real.instMul)
            (@HAdd.hAdd.{0, 0, 0} Real Real Real (@instHAdd.{0} Real Real.instAdd)
              (@OfNat.ofNat.{0} Real (nat_lit 1) (@One.toOfNat1.{0} Real Real.instOne))
              (@HMul.hMul.{0, 0, 0} Real Real Real (@instHMul.{0} Real Real.instMul) q x))
            (Real.exp
              (@Neg.neg.{0} Real Real.instNeg
                (@HDiv.hDiv.{0, 0, 0} Real Real Real
                  (@instHDiv.{0} Real (@DivInvMonoid.toDiv.{0} Real Real.instDivInvMonoid))
                  (@HMul.hMul.{0, 0, 0} Real Real Real (@instHMul.{0} Real Real.instMul) q x)
                  (@OfNat.ofNat.{0} Real (nat_lit 2) (@instOfNatAtLeastTwo.{0} Real (nat_lit 2) Real.instNatCast ⋯))))))
          (@HMul.hMul.{0, 0, 0} Real Real Real (@instHMul.{0} Real Real.instMul)
            (@OfNat.ofNat.{0} Real (nat_lit 5) (@instOfNatAtLeastTwo.{0} Real (nat_lit 5) Real.instNatCast ⋯))
            (Real.exp
              (@Neg.neg.{0} Real Real.instNeg
                (@HDiv.hDiv.{0, 0, 0} Real Real Real
                  (@instHDiv.{0} Real (@DivInvMonoid.toDiv.{0} Real Real.instDivInvMonoid))
                  (@HMul.hMul.{0, 0, 0} Real Real Real (@instHMul.{0} Real Real.instMul) q x)
                  (@OfNat.ofNat.{0} Real (nat_lit 4)
                    (@instOfNatAtLeastTwo.{0} Real (nat_lit 4) Real.instNatCast ⋯)))))))
        (@LE.le.{0} Real Real.instLE
          (@HMul.hMul.{0, 0, 0} Real Real Real (@instHMul.{0} Real Real.instMul) x
            (Real.exp
              (@Neg.neg.{0} Real Real.instNeg
                (@HDiv.hDiv.{0, 0, 0} Real Real Real
                  (@instHDiv.{0} Real (@DivInvMonoid.toDiv.{0} Real Real.instDivInvMonoid))
                  (@HMul.hMul.{0, 0, 0} Real Real Real (@instHMul.{0} Real Real.instMul) q x)
                  (@OfNat.ofNat.{0} Real (nat_lit 2) (@instOfNatAtLeastTwo.{0} Real (nat_lit 2) Real.instNatCast ⋯))))))
          (@HMul.hMul.{0, 0, 0} Real Real Real (@instHMul.{0} Real Real.instMul)
            (@HDiv.hDiv.{0, 0, 0} Real Real Real
              (@instHDiv.{0} Real (@DivInvMonoid.toDiv.{0} Real Real.instDivInvMonoid))
              (@OfNat.ofNat.{0} Real (nat_lit 4) (@instOfNatAtLeastTwo.{0} Real (nat_lit 4) Real.instNatCast ⋯)) q)
            (Real.exp
              (@Neg.neg.{0} Real Real.instNeg
                (@HDiv.hDiv.{0, 0, 0} Real Real Real
                  (@instHDiv.{0} Real (@DivInvMonoid.toDiv.{0} Real Real.instDivInvMonoid))
                  (@HMul.hMul.{0, 0, 0} Real Real Real (@instHMul.{0} Real Real.instMul) q x)
                  (@OfNat.ofNat.{0} Real (nat_lit 4)
                    (@instOfNatAtLeastTwo.{0} Real (nat_lit 4) Real.instNatCast ⋯))))))) :=
⋯
'Luce.Section6.local_coefficient_slack' depends on axioms: [propext, Classical.choice.{u}, Quot.sound.{u}]
theorem Luce.Section6.local_gap_coefficient_bounds : ∀ {q gamma h x y b eps : Real},
  @LT.lt.{0} Real Real.instLT (@OfNat.ofNat.{0} Real (nat_lit 0) (@Zero.toOfNat0.{0} Real Real.instZero)) q →
    @LT.lt.{0} Real Real.instLT (@OfNat.ofNat.{0} Real (nat_lit 0) (@Zero.toOfNat0.{0} Real Real.instZero)) gamma →
      @LT.lt.{0} Real Real.instLT (@OfNat.ofNat.{0} Real (nat_lit 0) (@Zero.toOfNat0.{0} Real Real.instZero)) h →
        @LT.lt.{0} Real Real.instLT (@OfNat.ofNat.{0} Real (nat_lit 0) (@Zero.toOfNat0.{0} Real Real.instZero)) x →
          @LE.le.{0} Real Real.instLE (@OfNat.ofNat.{0} Real (nat_lit 0) (@Zero.toOfNat0.{0} Real Real.instZero)) b →
            @LE.le.{0} Real Real.instLE (@OfNat.ofNat.{0} Real (nat_lit 0) (@Zero.toOfNat0.{0} Real Real.instZero))
                eps →
              @LE.le.{0} Real Real.instLE eps
                  (@OfNat.ofNat.{0} Real (nat_lit 1) (@One.toOfNat1.{0} Real Real.instOne)) →
                @LE.le.{0} Real Real.instLE
                    (@HDiv.hDiv.{0, 0, 0} Real Real Real
                      (@instHDiv.{0} Real (@DivInvMonoid.toDiv.{0} Real Real.instDivInvMonoid))
                      (@HMul.hMul.{0, 0, 0} Real Real Real (@instHMul.{0} Real Real.instMul) q x)
                      (@OfNat.ofNat.{0} Real (nat_lit 2)
                        (@instOfNatAtLeastTwo.{0} Real (nat_lit 2) Real.instNatCast ⋯)))
                    y →
                  @LE.le.{0} Real Real.instLE
                      (@abs.{0} Real Real.lattice Real.instAddGroup
                        (@HSub.hSub.{0, 0, 0} Real Real Real (@instHSub.{0} Real Real.instSub) b
                          (@HDiv.hDiv.{0, 0, 0} Real Real Real
                            (@instHDiv.{0} Real (@DivInvMonoid.toDiv.{0} Real Real.instDivInvMonoid))
                            (@HMul.hMul.{0, 0, 0} Real Real Real (@instHMul.{0} Real Real.instMul)
                              (@HMul.hMul.{0, 0, 0} Real Real Real (@instHMul.{0} Real Real.instMul) gamma q) x)
                            h)))
                      (@HMul.hMul.{0, 0, 0} Real Real Real (@instHMul.{0} Real Real.instMul)
                        (@HDiv.hDiv.{0, 0, 0} Real Real Real
                          (@instHDiv.{0} Real (@DivInvMonoid.toDiv.{0} Real Real.instDivInvMonoid))
                          (@HMul.hMul.{0, 0, 0} Real Real Real (@instHMul.{0} Real Real.instMul)
                            (@HMul.hMul.{0, 0, 0} Real Real Real (@instHMul.{0} Real Real.instMul) gamma q) x)
                          h)
                        eps) →
                    @LE.le.{0} Real Real.instLE
                        (@abs.{0} Real Real.lattice Real.instAddGroup
                          (@HSub.hSub.{0, 0, 0} Real Real Real (@instHSub.{0} Real Real.instSub) y
                            (@HMul.hMul.{0, 0, 0} Real Real Real (@instHMul.{0} Real Real.instMul) q x)))
                        (@HMul.hMul.{0, 0, 0} Real Real Real (@instHMul.{0} Real Real.instMul)
                          (@HMul.hMul.{0, 0, 0} Real Real Real (@instHMul.{0} Real Real.instMul) q x) eps) →
                      And
                        (@LE.le.{0} Real Real.instLE
                          (@HMul.hMul.{0, 0, 0} Real Real Real (@instHMul.{0} Real Real.instMul) b
                            (Real.exp (@Neg.neg.{0} Real Real.instNeg y)))
                          (@HMul.hMul.{0, 0, 0} Real Real Real (@instHMul.{0} Real Real.instMul)
                            (@HMul.hMul.{0, 0, 0} Real Real Real (@instHMul.{0} Real Real.instMul)
                              (@HMul.hMul.{0, 0, 0} Real Real Real (@instHMul.{0} Real Real.instMul)
                                (@OfNat.ofNat.{0} Real (nat_lit 2)
                                  (@instOfNatAtLeastTwo.{0} Real (nat_lit 2) Real.instNatCast ⋯))
                                gamma)
                              q)
                            (@HMul.hMul.{0, 0, 0} Real Real Real (@instHMul.{0} Real Real.instMul)
                              (@HDiv.hDiv.{0, 0, 0} Real Real Real
                                (@instHDiv.{0} Real (@DivInvMonoid.toDiv.{0} Real Real.instDivInvMonoid)) x h)
                              (Real.exp
                                (@Neg.neg.{0} Real Real.instNeg
                                  (@HDiv.hDiv.{0, 0, 0} Real Real Real
                                    (@instHDiv.{0} Real (@DivInvMonoid.toDiv.{0} Real Real.instDivInvMonoid))
                                    (@HMul.hMul.{0, 0, 0} Real Real Real (@instHMul.{0} Real Real.instMul) q x)
                                    (@OfNat.ofNat.{0} Real (nat_lit 4)
                                      (@instOfNatAtLeastTwo.{0} Real (nat_lit 4) Real.instNatCast ⋯))))))))
                        (And
                          (@LE.le.{0} Real Real.instLE
                            (@abs.{0} Real Real.lattice Real.instAddGroup
                              (@HSub.hSub.{0, 0, 0} Real Real Real (@instHSub.{0} Real Real.instSub)
                                (@HMul.hMul.{0, 0, 0} Real Real Real (@instHMul.{0} Real Real.instMul) b
                                  (Real.exp (@Neg.neg.{0} Real Real.instNeg y)))
                                (@HMul.hMul.{0, 0, 0} Real Real Real (@instHMul.{0} Real Real.instMul)
                                  (@HDiv.hDiv.{0, 0, 0} Real Real Real
                                    (@instHDiv.{0} Real (@DivInvMonoid.toDiv.{0} Real Real.instDivInvMonoid))
                                    (@HMul.hMul.{0, 0, 0} Real Real Real (@instHMul.{0} Real Real.instMul)
                                      (@HMul.hMul.{0, 0, 0} Real Real Real (@instHMul.{0} Real Real.instMul) gamma q) x)
                                    h)
                                  (Real.exp
                                    (@Neg.neg.{0} Real Real.instNeg
                                      (@HMul.hMul.{0, 0, 0} Real Real Real (@instHMul.{0} Real Real.instMul) q x))))))
                            (@HMul.hMul.{0, 0, 0} Real Real Real (@instHMul.{0} Real Real.instMul)
                              (@HMul.hMul.{0, 0, 0} Real Real Real (@instHMul.{0} Real Real.instMul)
                                (@HMul.hMul.{0, 0, 0} Real Real Real (@instHMul.{0} Real Real.instMul)
                                  (@HMul.hMul.{0, 0, 0} Real Real Real (@instHMul.{0} Real Real.instMul)
                                    (@OfNat.ofNat.{0} Real (nat_lit 5)
                                      (@instOfNatAtLeastTwo.{0} Real (nat_lit 5) Real.instNatCast ⋯))
                                    gamma)
                                  q)
                                (@HMul.hMul.{0, 0, 0} Real Real Real (@instHMul.{0} Real Real.instMul)
                                  (@HDiv.hDiv.{0, 0, 0} Real Real Real
                                    (@instHDiv.{0} Real (@DivInvMonoid.toDiv.{0} Real Real.instDivInvMonoid)) x h)
                                  (Real.exp
                                    (@Neg.neg.{0} Real Real.instNeg
                                      (@HDiv.hDiv.{0, 0, 0} Real Real Real
                                        (@instHDiv.{0} Real (@DivInvMonoid.toDiv.{0} Real Real.instDivInvMonoid))
                                        (@HMul.hMul.{0, 0, 0} Real Real Real (@instHMul.{0} Real Real.instMul) q x)
                                        (@OfNat.ofNat.{0} Real (nat_lit 4)
                                          (@instOfNatAtLeastTwo.{0} Real (nat_lit 4) Real.instNatCast ⋯)))))))
                              eps))
                          (@LE.le.{0} Real Real.instLE
                            (@HMul.hMul.{0, 0, 0} Real Real Real (@instHMul.{0} Real Real.instMul)
                              (@HPow.hPow.{0, 0, 0} Real Nat Real
                                (@instHPow.{0, 0} Real Nat
                                  (@NPow.toPow.{0} Real (@Monoid.toNPow.{0} Real Real.instMonoid)))
                                b (@OfNat.ofNat.{0} Nat (nat_lit 2) (instOfNatNat (nat_lit 2))))
                              (Real.exp (@Neg.neg.{0} Real Real.instNeg y)))
                            (@HDiv.hDiv.{0, 0, 0} Real Real Real
                              (@instHDiv.{0} Real (@DivInvMonoid.toDiv.{0} Real Real.instDivInvMonoid))
                              (@HMul.hMul.{0, 0, 0} Real Real Real (@instHMul.{0} Real Real.instMul)
                                (@HMul.hMul.{0, 0, 0} Real Real Real (@instHMul.{0} Real Real.instMul)
                                  (@HMul.hMul.{0, 0, 0} Real Real Real (@instHMul.{0} Real Real.instMul)
                                    (@OfNat.ofNat.{0} Real (nat_lit 16)
                                      (@instOfNatAtLeastTwo.{0} Real (nat_lit 16) Real.instNatCast ⋯))
                                    (@HPow.hPow.{0, 0, 0} Real Nat Real
                                      (@instHPow.{0, 0} Real Nat
                                        (@NPow.toPow.{0} Real (@Monoid.toNPow.{0} Real Real.instMonoid)))
                                      gamma (@OfNat.ofNat.{0} Nat (nat_lit 2) (instOfNatNat (nat_lit 2)))))
                                  q)
                                (@HMul.hMul.{0, 0, 0} Real Real Real (@instHMul.{0} Real Real.instMul)
                                  (@HDiv.hDiv.{0, 0, 0} Real Real Real
                                    (@instHDiv.{0} Real (@DivInvMonoid.toDiv.{0} Real Real.instDivInvMonoid)) x h)
                                  (Real.exp
                                    (@Neg.neg.{0} Real Real.instNeg
                                      (@HDiv.hDiv.{0, 0, 0} Real Real Real
                                        (@instHDiv.{0} Real (@DivInvMonoid.toDiv.{0} Real Real.instDivInvMonoid))
                                        (@HMul.hMul.{0, 0, 0} Real Real Real (@instHMul.{0} Real Real.instMul) q x)
                                        (@OfNat.ofNat.{0} Real (nat_lit 4)
                                          (@instOfNatAtLeastTwo.{0} Real (nat_lit 4) Real.instNatCast ⋯)))))))
                              h))) :=
⋯
'Luce.Section6.local_gap_coefficient_bounds' depends on axioms: [propext, Classical.choice.{u}, Quot.sound.{u}]
theorem Luce.Section6.setIntegral_le_second_moment.{u_1} : ∀ {Ω : Type u_1} [inst : MeasurableSpace.{u_1} Ω]
  {μ : @MeasureTheory.Measure.{u_1} Ω inst} [@MeasureTheory.IsFiniteMeasure.{u_1} Ω inst μ] {F : Ω → Real}
  {A : Set.{u_1} Ω},
  @MeasureTheory.Integrable.{0, u_1} Real
      (@UniformSpace.toTopologicalSpace.{0} Real (@PseudoMetricSpace.toUniformSpace.{0} Real Real.pseudoMetricSpace))
      (@SeminormedAddGroup.toContinuousENorm.{0} Real
        (@SeminormedAddCommGroup.toSeminormedAddGroup.{0} Real
          (@NonUnitalSeminormedRing.toSeminormedAddCommGroup.{0} Real
            (@NonUnitalSeminormedCommRing.toNonUnitalSeminormedRing.{0} Real
              (@SeminormedCommRing.toNonUnitalSeminormedCommRing.{0} Real
                (@NormedCommRing.toSeminormedCommRing.{0} Real Real.normedCommRing))))))
      Ω inst F μ →
    @MeasureTheory.Integrable.{0, u_1} Real
        (@UniformSpace.toTopologicalSpace.{0} Real (@PseudoMetricSpace.toUniformSpace.{0} Real Real.pseudoMetricSpace))
        (@SeminormedAddGroup.toContinuousENorm.{0} Real
          (@SeminormedAddCommGroup.toSeminormedAddGroup.{0} Real
            (@NonUnitalSeminormedRing.toSeminormedAddCommGroup.{0} Real
              (@NonUnitalSeminormedCommRing.toNonUnitalSeminormedRing.{0} Real
                (@SeminormedCommRing.toNonUnitalSeminormedCommRing.{0} Real
                  (@NormedCommRing.toSeminormedCommRing.{0} Real Real.normedCommRing))))))
        Ω inst
        (fun z =>
          @HPow.hPow.{0, 0, 0} Real Nat Real
            (@instHPow.{0, 0} Real Nat (@NPow.toPow.{0} Real (@Monoid.toNPow.{0} Real Real.instMonoid))) (F z)
            (@OfNat.ofNat.{0} Nat (nat_lit 2) (instOfNatNat (nat_lit 2))))
        μ →
      @Filter.Eventually.{u_1} Ω
          (fun z =>
            @LE.le.{0} Real Real.instLE (@OfNat.ofNat.{0} Real (nat_lit 0) (@Zero.toOfNat0.{0} Real Real.instZero))
              (F z))
          (@MeasureTheory.ae.{u_1, u_1} Ω (@MeasureTheory.Measure.{u_1} Ω inst)
            (@MeasureTheory.Measure.instFunLike.{u_1} Ω inst) ⋯ μ) →
        @LE.le.{0} Real Real.instLE
          (@MeasureTheory.integral.{u_1, 0} Ω Real Real.normedAddCommGroup
            (@InnerProductSpace.toNormedSpace.{0, 0} Real Real Real.instRCLike
              (@NormedAddCommGroup.toSeminormedAddCommGroup.{0} Real Real.normedAddCommGroup)
              (@RCLike.toInnerProductSpaceReal.{0} Real Real.instRCLike))
            inst (@MeasureTheory.Measure.restrict.{u_1} Ω inst μ A) fun z => F z)
          (@HMul.hMul.{0, 0, 0} Real Real Real (@instHMul.{0} Real Real.instMul)
            (@MeasureTheory.integral.{u_1, 0} Ω Real Real.normedAddCommGroup
                (@InnerProductSpace.toNormedSpace.{0, 0} Real Real Real.instRCLike
                  (@NormedAddCommGroup.toSeminormedAddCommGroup.{0} Real Real.normedAddCommGroup)
                  (@RCLike.toInnerProductSpaceReal.{0} Real Real.instRCLike))
                inst μ fun z =>
                @HPow.hPow.{0, 0, 0} Real Nat Real
                  (@instHPow.{0, 0} Real Nat (@NPow.toPow.{0} Real (@Monoid.toNPow.{0} Real Real.instMonoid))) (F z)
                  (@OfNat.ofNat.{0} Nat (nat_lit 2) (instOfNatNat (nat_lit 2)))).sqrt
            (@MeasureTheory.Measure.real.{u_1} Ω inst μ A).sqrt) :=
⋯
'Luce.Section6.setIntegral_le_second_moment' depends on axioms: [propext, Classical.choice.{u}, Quot.sound.{u}]
theorem Luce.Section6.integral_comparison_good_bad.{u_1} : ∀ {Ω : Type u_1} [inst : MeasurableSpace.{u_1} Ω]
  {μ : @MeasureTheory.Measure.{u_1} Ω inst} {F Y E : Ω → Real} {G : Set.{u_1} Ω},
  @MeasurableSet.{u_1} Ω inst G →
    @MeasureTheory.Integrable.{0, u_1} Real
        (@UniformSpace.toTopologicalSpace.{0} Real (@PseudoMetricSpace.toUniformSpace.{0} Real Real.pseudoMetricSpace))
        (@SeminormedAddGroup.toContinuousENorm.{0} Real
          (@SeminormedAddCommGroup.toSeminormedAddGroup.{0} Real
            (@NonUnitalSeminormedRing.toSeminormedAddCommGroup.{0} Real
              (@NonUnitalSeminormedCommRing.toNonUnitalSeminormedRing.{0} Real
                (@SeminormedCommRing.toNonUnitalSeminormedCommRing.{0} Real
                  (@NormedCommRing.toSeminormedCommRing.{0} Real Real.normedCommRing))))))
        Ω inst F μ →
      @MeasureTheory.Integrable.{0, u_1} Real
          (@UniformSpace.toTopologicalSpace.{0} Real
            (@PseudoMetricSpace.toUniformSpace.{0} Real Real.pseudoMetricSpace))
          (@SeminormedAddGroup.toContinuousENorm.{0} Real
            (@SeminormedAddCommGroup.toSeminormedAddGroup.{0} Real
              (@NonUnitalSeminormedRing.toSeminormedAddCommGroup.{0} Real
                (@NonUnitalSeminormedCommRing.toNonUnitalSeminormedRing.{0} Real
                  (@SeminormedCommRing.toNonUnitalSeminormedCommRing.{0} Real
                    (@NormedCommRing.toSeminormedCommRing.{0} Real Real.normedCommRing))))))
          Ω inst Y μ →
        @MeasureTheory.Integrable.{0, u_1} Real
            (@UniformSpace.toTopologicalSpace.{0} Real
              (@PseudoMetricSpace.toUniformSpace.{0} Real Real.pseudoMetricSpace))
            (@SeminormedAddGroup.toContinuousENorm.{0} Real
              (@SeminormedAddCommGroup.toSeminormedAddGroup.{0} Real
                (@NonUnitalSeminormedRing.toSeminormedAddCommGroup.{0} Real
                  (@NonUnitalSeminormedCommRing.toNonUnitalSeminormedRing.{0} Real
                    (@SeminormedCommRing.toNonUnitalSeminormedCommRing.{0} Real
                      (@NormedCommRing.toSeminormedCommRing.{0} Real Real.normedCommRing))))))
            Ω inst E μ →
          @Filter.Eventually.{u_1} Ω
              (fun z =>
                @LE.le.{0} Real Real.instLE (@OfNat.ofNat.{0} Real (nat_lit 0) (@Zero.toOfNat0.{0} Real Real.instZero))
                  (F z))
              (@MeasureTheory.ae.{u_1, u_1} Ω (@MeasureTheory.Measure.{u_1} Ω inst)
                (@MeasureTheory.Measure.instFunLike.{u_1} Ω inst) ⋯ μ) →
            @Filter.Eventually.{u_1} Ω
                (fun z =>
                  @LE.le.{0} Real Real.instLE
                    (@OfNat.ofNat.{0} Real (nat_lit 0) (@Zero.toOfNat0.{0} Real Real.instZero)) (Y z))
                (@MeasureTheory.ae.{u_1, u_1} Ω (@MeasureTheory.Measure.{u_1} Ω inst)
                  (@MeasureTheory.Measure.instFunLike.{u_1} Ω inst) ⋯ μ) →
              @Filter.Eventually.{u_1} Ω
                  (fun z =>
                    @LE.le.{0} Real Real.instLE
                      (@OfNat.ofNat.{0} Real (nat_lit 0) (@Zero.toOfNat0.{0} Real Real.instZero)) (E z))
                  (@MeasureTheory.ae.{u_1, u_1} Ω (@MeasureTheory.Measure.{u_1} Ω inst)
                    (@MeasureTheory.Measure.instFunLike.{u_1} Ω inst) ⋯ μ) →
                @Filter.Eventually.{u_1} Ω
                    (fun z =>
                      @Membership.mem.{u_1, u_1} Ω (Set.{u_1} Ω) (@Set.instMembership.{u_1} Ω) G z →
                        @LE.le.{0} Real Real.instLE
                          (@abs.{0} Real Real.lattice Real.instAddGroup
                            (@HSub.hSub.{0, 0, 0} Real Real Real (@instHSub.{0} Real Real.instSub) (F z) (Y z)))
                          (E z))
                    (@MeasureTheory.ae.{u_1, u_1} Ω (@MeasureTheory.Measure.{u_1} Ω inst)
                      (@MeasureTheory.Measure.instFunLike.{u_1} Ω inst) ⋯ μ) →
                  @LE.le.{0} Real Real.instLE
                    (@abs.{0} Real Real.lattice Real.instAddGroup
                      (@HSub.hSub.{0, 0, 0} Real Real Real (@instHSub.{0} Real Real.instSub)
                        (@MeasureTheory.integral.{u_1, 0} Ω Real Real.normedAddCommGroup
                          (@InnerProductSpace.toNormedSpace.{0, 0} Real Real Real.instRCLike
                            (@NormedAddCommGroup.toSeminormedAddCommGroup.{0} Real Real.normedAddCommGroup)
                            (@RCLike.toInnerProductSpaceReal.{0} Real Real.instRCLike))
                          inst μ fun z => F z)
                        (@MeasureTheory.integral.{u_1, 0} Ω Real Real.normedAddCommGroup
                          (@InnerProductSpace.toNormedSpace.{0, 0} Real Real Real.instRCLike
                            (@NormedAddCommGroup.toSeminormedAddCommGroup.{0} Real Real.normedAddCommGroup)
                            (@RCLike.toInnerProductSpaceReal.{0} Real Real.instRCLike))
                          inst μ fun z => Y z)))
                    (@HAdd.hAdd.{0, 0, 0} Real Real Real (@instHAdd.{0} Real Real.instAdd)
                      (@HAdd.hAdd.{0, 0, 0} Real Real Real (@instHAdd.{0} Real Real.instAdd)
                        (@MeasureTheory.integral.{u_1, 0} Ω Real Real.normedAddCommGroup
                          (@InnerProductSpace.toNormedSpace.{0, 0} Real Real Real.instRCLike
                            (@NormedAddCommGroup.toSeminormedAddCommGroup.{0} Real Real.normedAddCommGroup)
                            (@RCLike.toInnerProductSpaceReal.{0} Real Real.instRCLike))
                          inst μ fun z => E z)
                        (@MeasureTheory.integral.{u_1, 0} Ω Real Real.normedAddCommGroup
                          (@InnerProductSpace.toNormedSpace.{0, 0} Real Real Real.instRCLike
                            (@NormedAddCommGroup.toSeminormedAddCommGroup.{0} Real Real.normedAddCommGroup)
                            (@RCLike.toInnerProductSpaceReal.{0} Real Real.instRCLike))
                          inst
                          (@MeasureTheory.Measure.restrict.{u_1} Ω inst μ
                            (@Compl.compl.{u_1} (Set.{u_1} Ω) (@Set.instCompl.{u_1} Ω) G))
                          fun z => F z))
                      (@MeasureTheory.integral.{u_1, 0} Ω Real Real.normedAddCommGroup
                        (@InnerProductSpace.toNormedSpace.{0, 0} Real Real Real.instRCLike
                          (@NormedAddCommGroup.toSeminormedAddCommGroup.{0} Real Real.normedAddCommGroup)
                          (@RCLike.toInnerProductSpaceReal.{0} Real Real.instRCLike))
                        inst
                        (@MeasureTheory.Measure.restrict.{u_1} Ω inst μ
                          (@Compl.compl.{u_1} (Set.{u_1} Ω) (@Set.instCompl.{u_1} Ω) G))
                        fun z => Y z)) :=
⋯
'Luce.Section6.integral_comparison_good_bad' depends on axioms: [propext, Classical.choice.{u}, Quot.sound.{u}]
theorem Luce.Section6.deleted_kernel_product_square_integrable : ∀ {n s : Nat} (w : Luce.Weights n)
  (removed : Finset.{0} (Fin n)) (u : Fin s → Fin n) (q : Fin s → Nat),
  @MeasureTheory.Integrable.{0, 0} Real
    (@UniformSpace.toTopologicalSpace.{0} Real (@PseudoMetricSpace.toUniformSpace.{0} Real Real.pseudoMetricSpace))
    (@SeminormedAddGroup.toContinuousENorm.{0} Real
      (@SeminormedAddCommGroup.toSeminormedAddGroup.{0} Real
        (@NonUnitalSeminormedRing.toSeminormedAddCommGroup.{0} Real
          (@NonUnitalSeminormedCommRing.toNonUnitalSeminormedRing.{0} Real
            (@SeminormedCommRing.toNonUnitalSeminormedCommRing.{0} Real
              (@NormedCommRing.toSeminormedCommRing.{0} Real Real.normedCommRing))))))
    (Fin n → Real) (@MeasurableSpace.pi.{0, 0} (Fin n) (fun a => Real) fun a => Real.measurableSpace)
    (fun old =>
      @HPow.hPow.{0, 0, 0} Real Nat Real
        (@instHPow.{0, 0} Real Nat (@NPow.toPow.{0} Real (@Monoid.toNPow.{0} Real Real.instMonoid)))
        (∏ i, (@Luce.deletedGapKernel n w removed old (u i) (q i)).toReal)
        (@OfNat.ofNat.{0} Nat (nat_lit 2) (instOfNatNat (nat_lit 2))))
    (@Luce.exponentialRace n w) :=
⋯
'Luce.Section6.deleted_kernel_product_square_integrable' depends on axioms: [propext,
 Classical.choice.{u},
 Quot.sound.{u}]
theorem Luce.Section6.actual_normalized_product_error : ∀ {n s : Nat} (w : Luce.Weights n)
  (removed : Finset.{0} (Fin n)) (u : Fin s → Fin n)
  (q :
    Function.Embedding.{1, 1} (Fin s)
      (Fin
        (@Finset.card.{0} (Fin n)
          (@SDiff.sdiff.{0} (Finset.{0} (Fin n)) (@Finset.instSDiff.{0} (Fin n) (instDecidableEqFin n))
            (@Finset.univ.{0} (Fin n) (Fin.fintype n)) removed))))
  (K B eps b : Fin s → Real),
  (∀ (i : Fin s),
      @LE.le.{0} Real Real.instLE (@OfNat.ofNat.{0} Real (nat_lit 0) (@Zero.toOfNat0.{0} Real Real.instZero)) (K i)) →
    (∀ (i : Fin s),
        @LE.le.{0} Real Real.instLE (@OfNat.ofNat.{0} Real (nat_lit 0) (@Zero.toOfNat0.{0} Real Real.instZero)) (B i)) →
      (∀ (i : Fin s),
          @LE.le.{0} Real Real.instLE (@OfNat.ofNat.{0} Real (nat_lit 0) (@Zero.toOfNat0.{0} Real Real.instZero))
            (eps i)) →
        (∀ (i : Fin s),
            @LE.le.{0} Real Real.instLE (@OfNat.ofNat.{0} Real (nat_lit 0) (@Zero.toOfNat0.{0} Real Real.instZero))
              (b i)) →
          (∀ (i : Fin s), @LE.le.{0} Real Real.instLE (K i) (B i)) →
            ∀ {G : Set.{0} (Fin n → Real)},
              @MeasurableSet.{0} (Fin n → Real)
                  (@MeasurableSpace.pi.{0, 0} (Fin n) (fun a => Real) fun a => Real.measurableSpace) G →
                @Filter.Eventually.{0} (Fin n → Real)
                    (fun old =>
                      @Membership.mem.{0, 0} (Fin n → Real) (Set.{0} (Fin n → Real))
                          (@Set.instMembership.{0} (Fin n → Real)) G old →
                        ∀ (i : Fin s),
                          And
                            (@LE.le.{0} Real Real.instLE
                              (@Luce.deletedGapKernel n w removed old (u i)
                                  (@Fin.val
                                    (@Finset.card.{0} (Fin n)
                                      (@SDiff.sdiff.{0} (Finset.{0} (Fin n))
                                        (@Finset.instSDiff.{0} (Fin n) (instDecidableEqFin n))
                                        (@Finset.univ.{0} (Fin n) (Fin.fintype n)) removed))
                                    (@DFunLike.coe.{1, 1, 1}
                                      (Function.Embedding.{1, 1} (Fin s)
                                        (Fin
                                          (@Finset.card.{0} (Fin n)
                                            (@SDiff.sdiff.{0} (Finset.{0} (Fin n))
                                              (@Finset.instSDiff.{0} (Fin n) (instDecidableEqFin n))
                                              (@Finset.univ.{0} (Fin n) (Fin.fintype n)) removed))))
                                      (Fin s)
                                      (fun x =>
                                        Fin
                                          (@Finset.card.{0} (Fin n)
                                            (@SDiff.sdiff.{0} (Finset.{0} (Fin n))
                                              (@Finset.instSDiff.{0} (Fin n) (instDecidableEqFin n))
                                              (@Finset.univ.{0} (Fin n) (Fin.fintype n)) removed)))
                                      (@Function.instFunLikeEmbedding.{1, 1} (Fin s)
                                        (Fin
                                          (@Finset.card.{0} (Fin n)
                                            (@SDiff.sdiff.{0} (Finset.{0} (Fin n))
                                              (@Finset.instSDiff.{0} (Fin n) (instDecidableEqFin n))
                                              (@Finset.univ.{0} (Fin n) (Fin.fintype n)) removed))))
                                      q i))).toReal
                              (@HMul.hMul.{0, 0, 0} Real Real Real (@instHMul.{0} Real Real.instMul) (B i)
                                (@Luce.markedNormalizedGaps n s w removed
                                  (@DFunLike.coe.{1, 1, 1}
                                    (Function.Embedding.{1, 1} (Fin s)
                                      (Fin
                                        (@Finset.card.{0} (Fin n)
                                          (@SDiff.sdiff.{0} (Finset.{0} (Fin n))
                                            (@Finset.instSDiff.{0} (Fin n) (instDecidableEqFin n))
                                            (@Finset.univ.{0} (Fin n) (Fin.fintype n)) removed))))
                                    (Fin s)
                                    (fun x =>
                                      Fin
                                        (@Finset.card.{0} (Fin n)
                                          (@SDiff.sdiff.{0} (Finset.{0} (Fin n))
                                            (@Finset.instSDiff.{0} (Fin n) (instDecidableEqFin n))
                                            (@Finset.univ.{0} (Fin n) (Fin.fintype n)) removed)))
                                    (@Function.instFunLikeEmbedding.{1, 1} (Fin s)
                                      (Fin
                                        (@Finset.card.{0} (Fin n)
                                          (@SDiff.sdiff.{0} (Finset.{0} (Fin n))
                                            (@Finset.instSDiff.{0} (Fin n) (instDecidableEqFin n))
                                            (@Finset.univ.{0} (Fin n) (Fin.fintype n)) removed))))
                                    q)
                                  old i)))
                            (@LE.le.{0} Real Real.instLE
                              (@abs.{0} Real Real.lattice Real.instAddGroup
                                (@HSub.hSub.{0, 0, 0} Real Real Real (@instHSub.{0} Real Real.instSub)
                                  (@Luce.deletedGapKernel n w removed old (u i)
                                      (@Fin.val
                                        (@Finset.card.{0} (Fin n)
                                          (@SDiff.sdiff.{0} (Finset.{0} (Fin n))
                                            (@Finset.instSDiff.{0} (Fin n) (instDecidableEqFin n))
                                            (@Finset.univ.{0} (Fin n) (Fin.fintype n)) removed))
                                        (@DFunLike.coe.{1, 1, 1}
                                          (Function.Embedding.{1, 1} (Fin s)
                                            (Fin
                                              (@Finset.card.{0} (Fin n)
                                                (@SDiff.sdiff.{0} (Finset.{0} (Fin n))
                                                  (@Finset.instSDiff.{0} (Fin n) (instDecidableEqFin n))
                                                  (@Finset.univ.{0} (Fin n) (Fin.fintype n)) removed))))
                                          (Fin s)
                                          (fun x =>
                                            Fin
                                              (@Finset.card.{0} (Fin n)
                                                (@SDiff.sdiff.{0} (Finset.{0} (Fin n))
                                                  (@Finset.instSDiff.{0} (Fin n) (instDecidableEqFin n))
                                                  (@Finset.univ.{0} (Fin n) (Fin.fintype n)) removed)))
                                          (@Function.instFunLikeEmbedding.{1, 1} (Fin s)
                                            (Fin
                                              (@Finset.card.{0} (Fin n)
                                                (@SDiff.sdiff.{0} (Finset.{0} (Fin n))
                                                  (@Finset.instSDiff.{0} (Fin n) (instDecidableEqFin n))
                                                  (@Finset.univ.{0} (Fin n) (Fin.fintype n)) removed))))
                                          q i))).toReal
                                  (@HMul.hMul.{0, 0, 0} Real Real Real (@instHMul.{0} Real Real.instMul) (K i)
                                    (@Luce.markedNormalizedGaps n s w removed
                                      (@DFunLike.coe.{1, 1, 1}
                                        (Function.Embedding.{1, 1} (Fin s)
                                          (Fin
                                            (@Finset.card.{0} (Fin n)
                                              (@SDiff.sdiff.{0} (Finset.{0} (Fin n))
                                                (@Finset.instSDiff.{0} (Fin n) (instDecidableEqFin n))
                                                (@Finset.univ.{0} (Fin n) (Fin.fintype n)) removed))))
                                        (Fin s)
                                        (fun x =>
                                          Fin
                                            (@Finset.card.{0} (Fin n)
                                              (@SDiff.sdiff.{0} (Finset.{0} (Fin n))
                                                (@Finset.instSDiff.{0} (Fin n) (instDecidableEqFin n))
                                                (@Finset.univ.{0} (Fin n) (Fin.fintype n)) removed)))
                                        (@Function.instFunLikeEmbedding.{1, 1} (Fin s)
                                          (Fin
                                            (@Finset.card.{0} (Fin n)
                                              (@SDiff.sdiff.{0} (Finset.{0} (Fin n))
                                                (@Finset.instSDiff.{0} (Fin n) (instDecidableEqFin n))
                                                (@Finset.univ.{0} (Fin n) (Fin.fintype n)) removed))))
                                        q)
                                      old i))))
                              (@HMul.hMul.{0, 0, 0} Real Real Real (@instHMul.{0} Real Real.instMul) (B i)
                                (@HAdd.hAdd.{0, 0, 0} Real Real Real (@instHAdd.{0} Real Real.instAdd)
                                  (@HMul.hMul.{0, 0, 0} Real Real Real (@instHMul.{0} Real Real.instMul) (eps i)
                                    (@Luce.markedNormalizedGaps n s w removed
                                      (@DFunLike.coe.{1, 1, 1}
                                        (Function.Embedding.{1, 1} (Fin s)
                                          (Fin
                                            (@Finset.card.{0} (Fin n)
                                              (@SDiff.sdiff.{0} (Finset.{0} (Fin n))
                                                (@Finset.instSDiff.{0} (Fin n) (instDecidableEqFin n))
                                                (@Finset.univ.{0} (Fin n) (Fin.fintype n)) removed))))
                                        (Fin s)
                                        (fun x =>
                                          Fin
                                            (@Finset.card.{0} (Fin n)
                                              (@SDiff.sdiff.{0} (Finset.{0} (Fin n))
                                                (@Finset.instSDiff.{0} (Fin n) (instDecidableEqFin n))
                                                (@Finset.univ.{0} (Fin n) (Fin.fintype n)) removed)))
                                        (@Function.instFunLikeEmbedding.{1, 1} (Fin s)
                                          (Fin
                                            (@Finset.card.{0} (Fin n)
                                              (@SDiff.sdiff.{0} (Finset.{0} (Fin n))
                                                (@Finset.instSDiff.{0} (Fin n) (instDecidableEqFin n))
                                                (@Finset.univ.{0} (Fin n) (Fin.fintype n)) removed))))
                                        q)
                                      old i))
                                  (@HMul.hMul.{0, 0, 0} Real Real Real (@instHMul.{0} Real Real.instMul) (b i)
                                    (@HPow.hPow.{0, 0, 0} Real Nat Real
                                      (@instHPow.{0, 0} Real Nat
                                        (@NPow.toPow.{0} Real (@Monoid.toNPow.{0} Real Real.instMonoid)))
                                      (@Luce.markedNormalizedGaps n s w removed
                                        (@DFunLike.coe.{1, 1, 1}
                                          (Function.Embedding.{1, 1} (Fin s)
                                            (Fin
                                              (@Finset.card.{0} (Fin n)
                                                (@SDiff.sdiff.{0} (Finset.{0} (Fin n))
                                                  (@Finset.instSDiff.{0} (Fin n) (instDecidableEqFin n))
                                                  (@Finset.univ.{0} (Fin n) (Fin.fintype n)) removed))))
                                          (Fin s)
                                          (fun x =>
                                            Fin
                                              (@Finset.card.{0} (Fin n)
                                                (@SDiff.sdiff.{0} (Finset.{0} (Fin n))
                                                  (@Finset.instSDiff.{0} (Fin n) (instDecidableEqFin n))
                                                  (@Finset.univ.{0} (Fin n) (Fin.fintype n)) removed)))
                                          (@Function.instFunLikeEmbedding.{1, 1} (Fin s)
                                            (Fin
                                              (@Finset.card.{0} (Fin n)
                                                (@SDiff.sdiff.{0} (Finset.{0} (Fin n))
                                                  (@Finset.instSDiff.{0} (Fin n) (instDecidableEqFin n))
                                                  (@Finset.univ.{0} (Fin n) (Fin.fintype n)) removed))))
                                          q)
                                        old i)
                                      (@OfNat.ofNat.{0} Nat (nat_lit 2) (instOfNatNat (nat_lit 2)))))))))
                    (@MeasureTheory.ae.{0, 0} (Fin n → Real)
                      (@MeasureTheory.Measure.{0} (Fin n → Real)
                        (@MeasurableSpace.pi.{0, 0} (Fin n) (fun a => Real) fun a => Real.measurableSpace))
                      (@MeasureTheory.Measure.instFunLike.{0} (Fin n → Real)
                        (@MeasurableSpace.pi.{0, 0} (Fin n) (fun a => Real) fun a => Real.measurableSpace))
                      ⋯ (@Luce.exponentialRace n w)) →
                  ∀ {L : Real},
                    @LE.le.{0} Real Real.instLE
                        (@OfNat.ofNat.{0} Real (nat_lit 0) (@Zero.toOfNat0.{0} Real Real.instZero)) L →
                      @LE.le.{0} Real Real.instLE
                          (@MeasureTheory.integral.{0, 0} (Fin n → Real) Real Real.normedAddCommGroup
                            (@InnerProductSpace.toNormedSpace.{0, 0} Real Real Real.instRCLike
                              (@NormedAddCommGroup.toSeminormedAddCommGroup.{0} Real Real.normedAddCommGroup)
                              (@RCLike.toInnerProductSpaceReal.{0} Real Real.instRCLike))
                            (@MeasurableSpace.pi.{0, 0} (Fin n) (fun a => Real) fun a => Real.measurableSpace)
                            (@Luce.exponentialRace n w) fun old =>
                            @HPow.hPow.{0, 0, 0} Real Nat Real
                              (@instHPow.{0, 0} Real Nat
                                (@NPow.toPow.{0} Real (@Monoid.toNPow.{0} Real Real.instMonoid)))
                              (∏ i,
                                (@Luce.deletedGapKernel n w removed old (u i)
                                    (@Fin.val
                                      (@Finset.card.{0} (Fin n)
                                        (@SDiff.sdiff.{0} (Finset.{0} (Fin n))
                                          (@Finset.instSDiff.{0} (Fin n) (instDecidableEqFin n))
                                          (@Finset.univ.{0} (Fin n) (Fin.fintype n)) removed))
                                      (@DFunLike.coe.{1, 1, 1}
                                        (Function.Embedding.{1, 1} (Fin s)
                                          (Fin
                                            (@Finset.card.{0} (Fin n)
                                              (@SDiff.sdiff.{0} (Finset.{0} (Fin n))
                                                (@Finset.instSDiff.{0} (Fin n) (instDecidableEqFin n))
                                                (@Finset.univ.{0} (Fin n) (Fin.fintype n)) removed))))
                                        (Fin s)
                                        (fun x =>
                                          Fin
                                            (@Finset.card.{0} (Fin n)
                                              (@SDiff.sdiff.{0} (Finset.{0} (Fin n))
                                                (@Finset.instSDiff.{0} (Fin n) (instDecidableEqFin n))
                                                (@Finset.univ.{0} (Fin n) (Fin.fintype n)) removed)))
                                        (@Function.instFunLikeEmbedding.{1, 1} (Fin s)
                                          (Fin
                                            (@Finset.card.{0} (Fin n)
                                              (@SDiff.sdiff.{0} (Finset.{0} (Fin n))
                                                (@Finset.instSDiff.{0} (Fin n) (instDecidableEqFin n))
                                                (@Finset.univ.{0} (Fin n) (Fin.fintype n)) removed))))
                                        q i))).toReal)
                              (@OfNat.ofNat.{0} Nat (nat_lit 2) (instOfNatNat (nat_lit 2))))
                          (@HPow.hPow.{0, 0, 0} Real Nat Real
                            (@instHPow.{0, 0} Real Nat (@NPow.toPow.{0} Real (@Monoid.toNPow.{0} Real Real.instMonoid)))
                            L (@OfNat.ofNat.{0} Nat (nat_lit 2) (instOfNatNat (nat_lit 2)))) →
                        @LE.le.{0} Real Real.instLE
                          (@abs.{0} Real Real.lattice Real.instAddGroup
                            (@HSub.hSub.{0, 0, 0} Real Real Real (@instHSub.{0} Real Real.instSub)
                              (@MeasureTheory.integral.{0, 0} (Fin n → Real) Real Real.normedAddCommGroup
                                (@InnerProductSpace.toNormedSpace.{0, 0} Real Real Real.instRCLike
                                  (@NormedAddCommGroup.toSeminormedAddCommGroup.{0} Real Real.normedAddCommGroup)
                                  (@RCLike.toInnerProductSpaceReal.{0} Real Real.instRCLike))
                                (@MeasurableSpace.pi.{0, 0} (Fin n) (fun a => Real) fun a => Real.measurableSpace)
                                (@Luce.exponentialRace n w) fun old =>
                                ∏ i,
                                  (@Luce.deletedGapKernel n w removed old (u i)
                                      (@Fin.val
                                        (@Finset.card.{0} (Fin n)
                                          (@SDiff.sdiff.{0} (Finset.{0} (Fin n))
                                            (@Finset.instSDiff.{0} (Fin n) (instDecidableEqFin n))
                                            (@Finset.univ.{0} (Fin n) (Fin.fintype n)) removed))
                                        (@DFunLike.coe.{1, 1, 1}
                                          (Function.Embedding.{1, 1} (Fin s)
                                            (Fin
                                              (@Finset.card.{0} (Fin n)
                                                (@SDiff.sdiff.{0} (Finset.{0} (Fin n))
                                                  (@Finset.instSDiff.{0} (Fin n) (instDecidableEqFin n))
                                                  (@Finset.univ.{0} (Fin n) (Fin.fintype n)) removed))))
                                          (Fin s)
                                          (fun x =>
                                            Fin
                                              (@Finset.card.{0} (Fin n)
                                                (@SDiff.sdiff.{0} (Finset.{0} (Fin n))
                                                  (@Finset.instSDiff.{0} (Fin n) (instDecidableEqFin n))
                                                  (@Finset.univ.{0} (Fin n) (Fin.fintype n)) removed)))
                                          (@Function.instFunLikeEmbedding.{1, 1} (Fin s)
                                            (Fin
                                              (@Finset.card.{0} (Fin n)
                                                (@SDiff.sdiff.{0} (Finset.{0} (Fin n))
                                                  (@Finset.instSDiff.{0} (Fin n) (instDecidableEqFin n))
                                                  (@Finset.univ.{0} (Fin n) (Fin.fintype n)) removed))))
                                          q i))).toReal)
                              (∏ i, K i)))
                          (@HAdd.hAdd.{0, 0, 0} Real Real Real (@instHAdd.{0} Real Real.instAdd)
                            (@HMul.hMul.{0, 0, 0} Real Real Real (@instHMul.{0} Real Real.instMul) (∏ i, B i)
                              (∑ i,
                                @HAdd.hAdd.{0, 0, 0} Real Real Real (@instHAdd.{0} Real Real.instAdd) (eps i)
                                  (@HMul.hMul.{0, 0, 0} Real Real Real (@instHMul.{0} Real Real.instMul)
                                    (@OfNat.ofNat.{0} Real (nat_lit 2)
                                      (@instOfNatAtLeastTwo.{0} Real (nat_lit 2) Real.instNatCast ⋯))
                                    (b i))))
                            (@HMul.hMul.{0, 0, 0} Real Real Real (@instHMul.{0} Real Real.instMul)
                              (@HAdd.hAdd.{0, 0, 0} Real Real Real (@instHAdd.{0} Real Real.instAdd) L
                                (@HMul.hMul.{0, 0, 0} Real Real Real (@instHMul.{0} Real Real.instMul) (∏ i, K i)
                                  (@HPow.hPow.{0, 0, 0} Real Nat Real
                                      (@instHPow.{0, 0} Real Nat
                                        (@NPow.toPow.{0} Real (@Monoid.toNPow.{0} Real Real.instMonoid)))
                                      (@OfNat.ofNat.{0} Real (nat_lit 2)
                                        (@instOfNatAtLeastTwo.{0} Real (nat_lit 2) Real.instNatCast ⋯))
                                      s).sqrt))
                              (@MeasureTheory.Measure.real.{0} (Fin n → Real)
                                  (@MeasurableSpace.pi.{0, 0} (Fin n) (fun a => Real) fun a => Real.measurableSpace)
                                  (@Luce.exponentialRace n w)
                                  (@Compl.compl.{0} (Set.{0} (Fin n → Real)) (@Set.instCompl.{0} (Fin n → Real))
                                    G)).sqrt)) :=
⋯
'Luce.Section6.actual_normalized_product_error' depends on axioms: [propext, Classical.choice.{u}, Quot.sound.{u}]
theorem Luce.Section6.deleted_kernel_product_square_le_Lp : ∀ {n s : Nat} (w : Luce.Weights n),
  @LT.lt.{0} Nat instLTNat (@OfNat.ofNat.{0} Nat (nat_lit 0) (instOfNatNat (nat_lit 0))) s →
    ∀ (removed : Finset.{0} (Fin n)) (u : Fin s → Fin n) (q : Fin s → Nat),
      @LE.le.{0} ENNReal ENNReal.instLE
        (@MeasureTheory.lintegral.{0} (Fin n → Real)
          (@MeasurableSpace.pi.{0, 0} (Fin n) (fun a => Real) fun a => Real.measurableSpace) (@Luce.exponentialRace n w)
          fun old =>
          @HPow.hPow.{0, 0, 0} ENNReal Nat ENNReal
            (@instHPow.{0, 0} ENNReal Nat
              (@NPow.toPow.{0} ENNReal
                (@Monoid.toNPow.{0} ENNReal
                  (@Semiring.toMonoid.{0} ENNReal (@CommSemiring.toSemiring.{0} ENNReal ENNReal.instCommSemiring)))))
            (∏ i, @Luce.deletedGapKernel n w removed old (u i) (q i))
            (@OfNat.ofNat.{0} Nat (nat_lit 2) (instOfNatNat (nat_lit 2))))
        (@HPow.hPow.{0, 0, 0} ENNReal Nat ENNReal
          (@instHPow.{0, 0} ENNReal Nat
            (@NPow.toPow.{0} ENNReal
              (@Monoid.toNPow.{0} ENNReal
                (@Semiring.toMonoid.{0} ENNReal (@CommSemiring.toSemiring.{0} ENNReal ENNReal.instCommSemiring)))))
          (∏ i,
            @MeasureTheory.eLpNorm.{0, 0} (Fin n → Real) Real
              (@ContinuousENorm.toENorm.{0} Real
                (@UniformSpace.toTopologicalSpace.{0} Real
                  (@PseudoMetricSpace.toUniformSpace.{0} Real
                    (@SeminormedAddGroup.toPseudoMetricSpace.{0} Real
                      (@SeminormedAddCommGroup.toSeminormedAddGroup.{0} Real
                        (@NonUnitalSeminormedRing.toSeminormedAddCommGroup.{0} Real
                          (@NonUnitalSeminormedCommRing.toNonUnitalSeminormedRing.{0} Real
                            (@SeminormedCommRing.toNonUnitalSeminormedCommRing.{0} Real
                              (@NormedCommRing.toSeminormedCommRing.{0} Real Real.normedCommRing))))))))
                (@SeminormedAddGroup.toContinuousENorm.{0} Real
                  (@SeminormedAddCommGroup.toSeminormedAddGroup.{0} Real
                    (@NonUnitalSeminormedRing.toSeminormedAddCommGroup.{0} Real
                      (@NonUnitalSeminormedCommRing.toNonUnitalSeminormedRing.{0} Real
                        (@SeminormedCommRing.toNonUnitalSeminormedCommRing.{0} Real
                          (@NormedCommRing.toSeminormedCommRing.{0} Real Real.normedCommRing)))))))
              (@MeasurableSpace.pi.{0, 0} (Fin n) (fun a => Real) fun a => Real.measurableSpace)
              (fun old => (@Luce.deletedGapKernel n w removed old (u i) (q i)).toReal)
              (@Nat.cast.{0} ENNReal
                (@AddMonoidWithOne.toNatCast.{0} ENNReal
                  (@AddCommMonoidWithOne.toAddMonoidWithOne.{0} ENNReal ENNReal.instAddCommMonoidWithOne))
                (@HMul.hMul.{0, 0, 0} Nat Nat Nat (@instHMul.{0} Nat instMulNat)
                  (@OfNat.ofNat.{0} Nat (nat_lit 2) (instOfNatNat (nat_lit 2))) s))
              (@Luce.exponentialRace n w))
          (@OfNat.ofNat.{0} Nat (nat_lit 2) (instOfNatNat (nat_lit 2)))) :=
⋯
'Luce.Section6.deleted_kernel_product_square_le_Lp' depends on axioms: [propext, Classical.choice.{u}, Quot.sound.{u}]
theorem Luce.Section6.deleted_kernel_product_second_moment_bound : ∀ {n s : Nat} (w : Luce.Weights n),
  @LT.lt.{0} Nat instLTNat (@OfNat.ofNat.{0} Nat (nat_lit 0) (instOfNatNat (nat_lit 0))) s →
    ∀ (removed : Finset.{0} (Fin n)) (u : Fin s → Fin n) (q : Fin s → Nat) (B : Fin s → Real),
      (∀ (i : Fin s),
          @LE.le.{0} Real Real.instLE (@OfNat.ofNat.{0} Real (nat_lit 0) (@Zero.toOfNat0.{0} Real Real.instZero))
            (B i)) →
        (∀ (i : Fin s),
            @LE.le.{0} ENNReal ENNReal.instLE
              (@MeasureTheory.eLpNorm.{0, 0} (Fin n → Real) Real
                (@ContinuousENorm.toENorm.{0} Real
                  (@UniformSpace.toTopologicalSpace.{0} Real
                    (@PseudoMetricSpace.toUniformSpace.{0} Real
                      (@SeminormedAddGroup.toPseudoMetricSpace.{0} Real
                        (@SeminormedAddCommGroup.toSeminormedAddGroup.{0} Real
                          (@NonUnitalSeminormedRing.toSeminormedAddCommGroup.{0} Real
                            (@NonUnitalSeminormedCommRing.toNonUnitalSeminormedRing.{0} Real
                              (@SeminormedCommRing.toNonUnitalSeminormedCommRing.{0} Real
                                (@NormedCommRing.toSeminormedCommRing.{0} Real Real.normedCommRing))))))))
                  (@SeminormedAddGroup.toContinuousENorm.{0} Real
                    (@SeminormedAddCommGroup.toSeminormedAddGroup.{0} Real
                      (@NonUnitalSeminormedRing.toSeminormedAddCommGroup.{0} Real
                        (@NonUnitalSeminormedCommRing.toNonUnitalSeminormedRing.{0} Real
                          (@SeminormedCommRing.toNonUnitalSeminormedCommRing.{0} Real
                            (@NormedCommRing.toSeminormedCommRing.{0} Real Real.normedCommRing)))))))
                (@MeasurableSpace.pi.{0, 0} (Fin n) (fun a => Real) fun a => Real.measurableSpace)
                (fun old => (@Luce.deletedGapKernel n w removed old (u i) (q i)).toReal)
                (@Nat.cast.{0} ENNReal
                  (@AddMonoidWithOne.toNatCast.{0} ENNReal
                    (@AddCommMonoidWithOne.toAddMonoidWithOne.{0} ENNReal ENNReal.instAddCommMonoidWithOne))
                  (@HMul.hMul.{0, 0, 0} Nat Nat Nat (@instHMul.{0} Nat instMulNat)
                    (@OfNat.ofNat.{0} Nat (nat_lit 2) (instOfNatNat (nat_lit 2))) s))
                (@Luce.exponentialRace n w))
              (ENNReal.ofReal (B i))) →
          @LE.le.{0} Real Real.instLE
            (@MeasureTheory.integral.{0, 0} (Fin n → Real) Real Real.normedAddCommGroup
              (@InnerProductSpace.toNormedSpace.{0, 0} Real Real Real.instRCLike
                (@NormedAddCommGroup.toSeminormedAddCommGroup.{0} Real Real.normedAddCommGroup)
                (@RCLike.toInnerProductSpaceReal.{0} Real Real.instRCLike))
              (@MeasurableSpace.pi.{0, 0} (Fin n) (fun a => Real) fun a => Real.measurableSpace)
              (@Luce.exponentialRace n w) fun old =>
              @HPow.hPow.{0, 0, 0} Real Nat Real
                (@instHPow.{0, 0} Real Nat (@NPow.toPow.{0} Real (@Monoid.toNPow.{0} Real Real.instMonoid)))
                (∏ i, (@Luce.deletedGapKernel n w removed old (u i) (q i)).toReal)
                (@OfNat.ofNat.{0} Nat (nat_lit 2) (instOfNatNat (nat_lit 2))))
            (@HPow.hPow.{0, 0, 0} Real Nat Real
              (@instHPow.{0, 0} Real Nat (@NPow.toPow.{0} Real (@Monoid.toNPow.{0} Real Real.instMonoid))) (∏ i, B i)
              (@OfNat.ofNat.{0} Nat (nat_lit 2) (instOfNatNat (nat_lit 2)))) :=
⋯
'Luce.Section6.deleted_kernel_product_second_moment_bound' depends on axioms: [propext,
 Classical.choice.{u},
 Quot.sound.{u}]
theorem Luce.Section6.crossDepthError_nonneg : ∀ {rho n a h : Real},
  @LT.lt.{0} Real Real.instLT (@OfNat.ofNat.{0} Real (nat_lit 0) (@Zero.toOfNat0.{0} Real Real.instZero)) n →
    @LT.lt.{0} Real Real.instLT (@OfNat.ofNat.{0} Real (nat_lit 0) (@Zero.toOfNat0.{0} Real Real.instZero)) a →
      @LT.lt.{0} Real Real.instLT (@OfNat.ofNat.{0} Real (nat_lit 0) (@Zero.toOfNat0.{0} Real Real.instZero)) h →
        @LE.le.{0} Real Real.instLE (@OfNat.ofNat.{0} Real (nat_lit 0) (@Zero.toOfNat0.{0} Real Real.instZero))
          (Luce.Section6.crossDepthError rho n a h) :=
⋯
'Luce.Section6.crossDepthError_nonneg' depends on axioms: [propext, Classical.choice.{u}, Quot.sound.{u}]
theorem Luce.Section6.one_depth_error_le_cross : ∀ {rho eta n a h : Real},
  @LT.lt.{0} Real Real.instLT (@OfNat.ofNat.{0} Real (nat_lit 0) (@Zero.toOfNat0.{0} Real Real.instZero)) n →
    @LT.lt.{0} Real Real.instLT (@OfNat.ofNat.{0} Real (nat_lit 0) (@Zero.toOfNat0.{0} Real Real.instZero)) a →
      @LT.lt.{0} Real Real.instLT (@OfNat.ofNat.{0} Real (nat_lit 0) (@Zero.toOfNat0.{0} Real Real.instZero)) h →
        @LE.le.{0} Real Real.instLE (@OfNat.ofNat.{0} Real (nat_lit 0) (@Zero.toOfNat0.{0} Real Real.instZero)) rho →
          @LE.le.{0} Real Real.instLE rho eta →
            @LE.le.{0} Real Real.instLE
                (@HDiv.hDiv.{0, 0, 0} Real Real Real
                  (@instHDiv.{0} Real (@DivInvMonoid.toDiv.{0} Real Real.instDivInvMonoid))
                  (@Max.max.{0} Real Real.instMax a h) n)
                (@OfNat.ofNat.{0} Real (nat_lit 1) (@One.toOfNat1.{0} Real Real.instOne)) →
              @LE.le.{0} Real Real.instLE
                (@HAdd.hAdd.{0, 0, 0} Real Real Real (@instHAdd.{0} Real Real.instAdd)
                  (@HPow.hPow.{0, 0, 0} Real Real Real (@instHPow.{0, 0} Real Real Real.instPow)
                    (@HDiv.hDiv.{0, 0, 0} Real Real Real
                      (@instHDiv.{0} Real (@DivInvMonoid.toDiv.{0} Real Real.instDivInvMonoid)) a n)
                    eta)
                  (@HDiv.hDiv.{0, 0, 0} Real Real Real
                    (@instHDiv.{0} Real (@DivInvMonoid.toDiv.{0} Real Real.instDivInvMonoid))
                    (@OfNat.ofNat.{0} Real (nat_lit 1) (@One.toOfNat1.{0} Real Real.instOne)) a))
                (Luce.Section6.crossDepthError rho n a h) :=
⋯
'Luce.Section6.one_depth_error_le_cross' depends on axioms: [propext, Classical.choice.{u}, Quot.sound.{u}]
theorem Luce.Section6.crossDepthError_le_two : ∀ {rho n a h : Real},
  @LT.lt.{0} Real Real.instLT (@OfNat.ofNat.{0} Real (nat_lit 0) (@Zero.toOfNat0.{0} Real Real.instZero)) n →
    @LE.le.{0} Real Real.instLE (@OfNat.ofNat.{0} Real (nat_lit 1) (@One.toOfNat1.{0} Real Real.instOne)) a →
      @LE.le.{0} Real Real.instLE (@OfNat.ofNat.{0} Real (nat_lit 1) (@One.toOfNat1.{0} Real Real.instOne)) h →
        @LE.le.{0} Real Real.instLE (@OfNat.ofNat.{0} Real (nat_lit 0) (@Zero.toOfNat0.{0} Real Real.instZero)) rho →
          @LE.le.{0} Real Real.instLE
              (@HDiv.hDiv.{0, 0, 0} Real Real Real
                (@instHDiv.{0} Real (@DivInvMonoid.toDiv.{0} Real Real.instDivInvMonoid))
                (@Max.max.{0} Real Real.instMax a h) n)
              (@OfNat.ofNat.{0} Real (nat_lit 1) (@One.toOfNat1.{0} Real Real.instOne)) →
            @LE.le.{0} Real Real.instLE (Luce.Section6.crossDepthError rho n a h)
              (@OfNat.ofNat.{0} Real (nat_lit 2) (@instOfNatAtLeastTwo.{0} Real (nat_lit 2) Real.instNatCast ⋯)) :=
⋯
'Luce.Section6.crossDepthError_le_two' depends on axioms: [propext, Classical.choice.{u}, Quot.sound.{u}]
theorem Luce.Section6.cross_depth_relative_transport : ∀ {a b A B v D eps R T : Real},
  @LT.lt.{0} Real Real.instLT (@OfNat.ofNat.{0} Real (nat_lit 0) (@Zero.toOfNat0.{0} Real Real.instZero)) b →
    @LT.lt.{0} Real Real.instLT (@OfNat.ofNat.{0} Real (nat_lit 0) (@Zero.toOfNat0.{0} Real Real.instZero)) A →
      @LT.lt.{0} Real Real.instLT (@OfNat.ofNat.{0} Real (nat_lit 0) (@Zero.toOfNat0.{0} Real Real.instZero)) B →
        @LT.lt.{0} Real Real.instLT (@OfNat.ofNat.{0} Real (nat_lit 0) (@Zero.toOfNat0.{0} Real Real.instZero)) D →
          @LE.le.{0} Real Real.instLE (@OfNat.ofNat.{0} Real (nat_lit 0) (@Zero.toOfNat0.{0} Real Real.instZero)) R →
            @LE.le.{0} Real Real.instLE (@OfNat.ofNat.{0} Real (nat_lit 0) (@Zero.toOfNat0.{0} Real Real.instZero)) T →
              @LE.le.{0} Real Real.instLE (@OfNat.ofNat.{0} Real (nat_lit 0) (@Zero.toOfNat0.{0} Real Real.instZero))
                  eps →
                @LE.le.{0} Real Real.instLE eps
                    (@OfNat.ofNat.{0} Real (nat_lit 2) (@instOfNatAtLeastTwo.{0} Real (nat_lit 2) Real.instNatCast ⋯)) →
                  @LE.le.{0} Real Real.instLE
                      (@abs.{0} Real Real.lattice Real.instAddGroup
                        (@HSub.hSub.{0, 0, 0} Real Real Real (@instHSub.{0} Real Real.instSub)
                          (@HDiv.hDiv.{0, 0, 0} Real Real Real
                            (@instHDiv.{0} Real (@DivInvMonoid.toDiv.{0} Real Real.instDivInvMonoid)) a A)
                          (@OfNat.ofNat.{0} Real (nat_lit 1) (@One.toOfNat1.{0} Real Real.instOne))))
                      (@HMul.hMul.{0, 0, 0} Real Real Real (@instHMul.{0} Real Real.instMul) R eps) →
                    @LE.le.{0} Real Real.instLE
                        (@abs.{0} Real Real.lattice Real.instAddGroup
                          (@HSub.hSub.{0, 0, 0} Real Real Real (@instHSub.{0} Real Real.instSub)
                            (@HDiv.hDiv.{0, 0, 0} Real Real Real
                              (@instHDiv.{0} Real (@DivInvMonoid.toDiv.{0} Real Real.instDivInvMonoid)) b B)
                            (@OfNat.ofNat.{0} Real (nat_lit 1) (@One.toOfNat1.{0} Real Real.instOne))))
                        (@HMul.hMul.{0, 0, 0} Real Real Real (@instHMul.{0} Real Real.instMul) R eps) →
                      @LE.le.{0} Real Real.instLE
                          (@HMul.hMul.{0, 0, 0} Real Real Real (@instHMul.{0} Real Real.instMul) R eps)
                          (@HDiv.hDiv.{0, 0, 0} Real Real Real
                            (@instHDiv.{0} Real (@DivInvMonoid.toDiv.{0} Real Real.instDivInvMonoid))
                            (@OfNat.ofNat.{0} Real (nat_lit 1) (@One.toOfNat1.{0} Real Real.instOne))
                            (@OfNat.ofNat.{0} Real (nat_lit 2)
                              (@instOfNatAtLeastTwo.{0} Real (nat_lit 2) Real.instNatCast ⋯))) →
                        @LE.le.{0} Real Real.instLE
                            (@abs.{0} Real Real.lattice Real.instAddGroup
                              (@HSub.hSub.{0, 0, 0} Real Real Real (@instHSub.{0} Real Real.instSub)
                                (@HDiv.hDiv.{0, 0, 0} Real Real Real
                                  (@instHDiv.{0} Real (@DivInvMonoid.toDiv.{0} Real Real.instDivInvMonoid))
                                  (@HMul.hMul.{0, 0, 0} Real Real Real (@instHMul.{0} Real Real.instMul) b v) D)
                                (@OfNat.ofNat.{0} Real (nat_lit 1) (@One.toOfNat1.{0} Real Real.instOne))))
                            (@HMul.hMul.{0, 0, 0} Real Real Real (@instHMul.{0} Real Real.instMul) T eps) →
                          @LE.le.{0} Real Real.instLE
                            (@abs.{0} Real Real.lattice Real.instAddGroup
                              (@HSub.hSub.{0, 0, 0} Real Real Real (@instHSub.{0} Real Real.instSub)
                                (@HDiv.hDiv.{0, 0, 0} Real Real Real
                                  (@instHDiv.{0} Real (@DivInvMonoid.toDiv.{0} Real Real.instDivInvMonoid))
                                  (@HMul.hMul.{0, 0, 0} Real Real Real (@instHMul.{0} Real Real.instMul) a v)
                                  (@HMul.hMul.{0, 0, 0} Real Real Real (@instHMul.{0} Real Real.instMul)
                                    (@HDiv.hDiv.{0, 0, 0} Real Real Real
                                      (@instHDiv.{0} Real (@DivInvMonoid.toDiv.{0} Real Real.instDivInvMonoid)) A B)
                                    D))
                                (@OfNat.ofNat.{0} Real (nat_lit 1) (@One.toOfNat1.{0} Real Real.instOne))))
                            (@HMul.hMul.{0, 0, 0} Real Real Real (@instHMul.{0} Real Real.instMul)
                              (@HAdd.hAdd.{0, 0, 0} Real Real Real (@instHAdd.{0} Real Real.instAdd)
                                (@HAdd.hAdd.{0, 0, 0} Real Real Real (@instHAdd.{0} Real Real.instAdd)
                                  (@HMul.hMul.{0, 0, 0} Real Real Real (@instHMul.{0} Real Real.instMul)
                                    (@HMul.hMul.{0, 0, 0} Real Real Real (@instHMul.{0} Real Real.instMul)
                                      (@OfNat.ofNat.{0} Real (nat_lit 8)
                                        (@instOfNatAtLeastTwo.{0} Real (nat_lit 8) Real.instNatCast ⋯))
                                      R)
                                    T)
                                  (@HMul.hMul.{0, 0, 0} Real Real Real (@instHMul.{0} Real Real.instMul)
                                    (@OfNat.ofNat.{0} Real (nat_lit 4)
                                      (@instOfNatAtLeastTwo.{0} Real (nat_lit 4) Real.instNatCast ⋯))
                                    R))
                                T)
                              eps) :=
⋯
'Luce.Section6.cross_depth_relative_transport' depends on axioms: [propext, Classical.choice.{u}, Quot.sound.{u}]
theorem Luce.Section6.sampled_power_ratio : ∀ {c n a h p : Real},
  @LT.lt.{0} Real Real.instLT (@OfNat.ofNat.{0} Real (nat_lit 0) (@Zero.toOfNat0.{0} Real Real.instZero)) c →
    @LT.lt.{0} Real Real.instLT (@OfNat.ofNat.{0} Real (nat_lit 0) (@Zero.toOfNat0.{0} Real Real.instZero)) n →
      @LT.lt.{0} Real Real.instLT (@OfNat.ofNat.{0} Real (nat_lit 0) (@Zero.toOfNat0.{0} Real Real.instZero)) a →
        @LT.lt.{0} Real Real.instLT (@OfNat.ofNat.{0} Real (nat_lit 0) (@Zero.toOfNat0.{0} Real Real.instZero)) h →
          @Eq.{1} Real
            (@HDiv.hDiv.{0, 0, 0} Real Real Real
              (@instHDiv.{0} Real (@DivInvMonoid.toDiv.{0} Real Real.instDivInvMonoid))
              (@HMul.hMul.{0, 0, 0} Real Real Real (@instHMul.{0} Real Real.instMul) c
                (@HPow.hPow.{0, 0, 0} Real Real Real (@instHPow.{0, 0} Real Real Real.instPow)
                  (@HDiv.hDiv.{0, 0, 0} Real Real Real
                    (@instHDiv.{0} Real (@DivInvMonoid.toDiv.{0} Real Real.instDivInvMonoid)) a n)
                  p))
              (@HMul.hMul.{0, 0, 0} Real Real Real (@instHMul.{0} Real Real.instMul) c
                (@HPow.hPow.{0, 0, 0} Real Real Real (@instHPow.{0, 0} Real Real Real.instPow)
                  (@HDiv.hDiv.{0, 0, 0} Real Real Real
                    (@instHDiv.{0} Real (@DivInvMonoid.toDiv.{0} Real Real.instDivInvMonoid)) h n)
                  p)))
            (@HPow.hPow.{0, 0, 0} Real Real Real (@instHPow.{0, 0} Real Real Real.instPow)
              (@HDiv.hDiv.{0, 0, 0} Real Real Real
                (@instHDiv.{0} Real (@DivInvMonoid.toDiv.{0} Real Real.instDivInvMonoid)) a h)
              p) :=
⋯
'Luce.Section6.sampled_power_ratio' depends on axioms: [propext, Classical.choice.{u}, Quot.sound.{u}]
theorem Luce.Section6.left_power_ratio : ∀ {a h alpha : Real},
  @LT.lt.{0} Real Real.instLT (@OfNat.ofNat.{0} Real (nat_lit 0) (@Zero.toOfNat0.{0} Real Real.instZero)) a →
    @LT.lt.{0} Real Real.instLT (@OfNat.ofNat.{0} Real (nat_lit 0) (@Zero.toOfNat0.{0} Real Real.instZero)) h →
      @Eq.{1} Real
        (@HPow.hPow.{0, 0, 0} Real Real Real (@instHPow.{0, 0} Real Real Real.instPow)
          (@HDiv.hDiv.{0, 0, 0} Real Real Real (@instHDiv.{0} Real (@DivInvMonoid.toDiv.{0} Real Real.instDivInvMonoid))
            a h)
          (@Neg.neg.{0} Real Real.instNeg alpha))
        (@HPow.hPow.{0, 0, 0} Real Real Real (@instHPow.{0, 0} Real Real Real.instPow)
          (@HDiv.hDiv.{0, 0, 0} Real Real Real (@instHDiv.{0} Real (@DivInvMonoid.toDiv.{0} Real Real.instDivInvMonoid))
            h a)
          alpha) :=
⋯
'Luce.Section6.left_power_ratio' depends on axioms: [propext, Classical.choice.{u}, Quot.sound.{u}]
theorem Luce.Section6.cross_depth_uniform_transport : ∀ (depth : (n : Nat) → Fin n → Nat)
  (rate time weight : (n : Nat) → Fin n → Real),
  (∀ (n : Nat) (i : Fin n),
      @LT.lt.{0} Nat instLTNat (@OfNat.ofNat.{0} Nat (nat_lit 0) (instOfNatNat (nat_lit 0))) (depth n i)) →
    (∀ (n : Nat) (i : Fin n),
        @LT.lt.{0} Real Real.instLT (@OfNat.ofNat.{0} Real (nat_lit 0) (@Zero.toOfNat0.{0} Real Real.instZero))
          (rate n i)) →
      ∀ {c p gamma q eta xr xh R T H dr dt dh Mt Mh : Real},
        @LT.lt.{0} Real Real.instLT (@OfNat.ofNat.{0} Real (nat_lit 0) (@Zero.toOfNat0.{0} Real Real.instZero)) c →
          @LT.lt.{0} Real Real.instLT (@OfNat.ofNat.{0} Real (nat_lit 0) (@Zero.toOfNat0.{0} Real Real.instZero))
              gamma →
            @LT.lt.{0} Real Real.instLT (@OfNat.ofNat.{0} Real (nat_lit 0) (@Zero.toOfNat0.{0} Real Real.instZero)) q →
              @LT.lt.{0} Real Real.instLT (@OfNat.ofNat.{0} Real (nat_lit 0) (@Zero.toOfNat0.{0} Real Real.instZero))
                  eta →
                @LT.lt.{0} Real Real.instLT (@OfNat.ofNat.{0} Real (nat_lit 0) (@Zero.toOfNat0.{0} Real Real.instZero))
                    xr →
                  @LT.lt.{0} Real Real.instLT
                      (@OfNat.ofNat.{0} Real (nat_lit 0) (@Zero.toOfNat0.{0} Real Real.instZero)) xh →
                    @LT.lt.{0} Real Real.instLT
                        (@OfNat.ofNat.{0} Real (nat_lit 0) (@Zero.toOfNat0.{0} Real Real.instZero)) R →
                      @LT.lt.{0} Real Real.instLT
                          (@OfNat.ofNat.{0} Real (nat_lit 0) (@Zero.toOfNat0.{0} Real Real.instZero)) T →
                        @LT.lt.{0} Real Real.instLT
                            (@OfNat.ofNat.{0} Real (nat_lit 0) (@Zero.toOfNat0.{0} Real Real.instZero)) H →
                          @LT.lt.{0} Real Real.instLT
                              (@OfNat.ofNat.{0} Real (nat_lit 0) (@Zero.toOfNat0.{0} Real Real.instZero)) dr →
                            @LT.lt.{0} Real Real.instLT
                                (@OfNat.ofNat.{0} Real (nat_lit 0) (@Zero.toOfNat0.{0} Real Real.instZero)) dt →
                              @LT.lt.{0} Real Real.instLT
                                  (@OfNat.ofNat.{0} Real (nat_lit 0) (@Zero.toOfNat0.{0} Real Real.instZero)) dh →
                                (∀ (n : Nat) (i : Fin n),
                                    @LT.lt.{0} Real Real.instLT
                                        (@HDiv.hDiv.{0, 0, 0} Real Real Real
                                          (@instHDiv.{0} Real (@DivInvMonoid.toDiv.{0} Real Real.instDivInvMonoid))
                                          (@Nat.cast.{0} Real Real.instNatCast (depth n i))
                                          (@Nat.cast.{0} Real Real.instNatCast n))
                                        dr →
                                      @LE.le.{0} Real Real.instLE
                                        (@abs.{0} Real Real.lattice Real.instAddGroup
                                          (@HSub.hSub.{0, 0, 0} Real Real Real (@instHSub.{0} Real Real.instSub)
                                            (@HDiv.hDiv.{0, 0, 0} Real Real Real
                                              (@instHDiv.{0} Real (@DivInvMonoid.toDiv.{0} Real Real.instDivInvMonoid))
                                              (rate n i)
                                              (@HMul.hMul.{0, 0, 0} Real Real Real (@instHMul.{0} Real Real.instMul) c
                                                (@HPow.hPow.{0, 0, 0} Real Real Real
                                                  (@instHPow.{0, 0} Real Real Real.instPow)
                                                  (@HDiv.hDiv.{0, 0, 0} Real Real Real
                                                    (@instHDiv.{0} Real
                                                      (@DivInvMonoid.toDiv.{0} Real Real.instDivInvMonoid))
                                                    (@Nat.cast.{0} Real Real.instNatCast (depth n i))
                                                    (@Nat.cast.{0} Real Real.instNatCast n))
                                                  p)))
                                            (@OfNat.ofNat.{0} Real (nat_lit 1) (@One.toOfNat1.{0} Real Real.instOne))))
                                        (@HMul.hMul.{0, 0, 0} Real Real Real (@instHMul.{0} Real Real.instMul) R
                                          (@HAdd.hAdd.{0, 0, 0} Real Real Real (@instHAdd.{0} Real Real.instAdd)
                                            (@HPow.hPow.{0, 0, 0} Real Real Real
                                              (@instHPow.{0, 0} Real Real Real.instPow)
                                              (@HDiv.hDiv.{0, 0, 0} Real Real Real
                                                (@instHDiv.{0} Real
                                                  (@DivInvMonoid.toDiv.{0} Real Real.instDivInvMonoid))
                                                (@Nat.cast.{0} Real Real.instNatCast (depth n i))
                                                (@Nat.cast.{0} Real Real.instNatCast n))
                                              eta)
                                            (@HDiv.hDiv.{0, 0, 0} Real Real Real
                                              (@instHDiv.{0} Real (@DivInvMonoid.toDiv.{0} Real Real.instDivInvMonoid))
                                              (@OfNat.ofNat.{0} Real (nat_lit 1) (@One.toOfNat1.{0} Real Real.instOne))
                                              (@Nat.cast.{0} Real Real.instNatCast (depth n i)))))) →
                                  (∀ (n : Nat) (i : Fin n),
                                      @LE.le.{0} Real Real.instLE Mt (@Nat.cast.{0} Real Real.instNatCast (depth n i)) →
                                        @LT.lt.{0} Real Real.instLT
                                            (@HDiv.hDiv.{0, 0, 0} Real Real Real
                                              (@instHDiv.{0} Real (@DivInvMonoid.toDiv.{0} Real Real.instDivInvMonoid))
                                              (@Nat.cast.{0} Real Real.instNatCast (depth n i))
                                              (@Nat.cast.{0} Real Real.instNatCast n))
                                            dt →
                                          @LE.le.{0} Real Real.instLE
                                            (@abs.{0} Real Real.lattice Real.instAddGroup
                                              (@HSub.hSub.{0, 0, 0} Real Real Real (@instHSub.{0} Real Real.instSub)
                                                (@HDiv.hDiv.{0, 0, 0} Real Real Real
                                                  (@instHDiv.{0} Real
                                                    (@DivInvMonoid.toDiv.{0} Real Real.instDivInvMonoid))
                                                  (@HMul.hMul.{0, 0, 0} Real Real Real (@instHMul.{0} Real Real.instMul)
                                                    (rate n i) (time n i))
                                                  q)
                                                (@OfNat.ofNat.{0} Real (nat_lit 1)
                                                  (@One.toOfNat1.{0} Real Real.instOne))))
                                            (@HMul.hMul.{0, 0, 0} Real Real Real (@instHMul.{0} Real Real.instMul) T
                                              (@HAdd.hAdd.{0, 0, 0} Real Real Real (@instHAdd.{0} Real Real.instAdd)
                                                (@HPow.hPow.{0, 0, 0} Real Real Real
                                                  (@instHPow.{0, 0} Real Real Real.instPow)
                                                  (@HDiv.hDiv.{0, 0, 0} Real Real Real
                                                    (@instHDiv.{0} Real
                                                      (@DivInvMonoid.toDiv.{0} Real Real.instDivInvMonoid))
                                                    (@Nat.cast.{0} Real Real.instNatCast (depth n i))
                                                    (@Nat.cast.{0} Real Real.instNatCast n))
                                                  xr)
                                                (@HDiv.hDiv.{0, 0, 0} Real Real Real
                                                  (@instHDiv.{0} Real
                                                    (@DivInvMonoid.toDiv.{0} Real Real.instDivInvMonoid))
                                                  (@OfNat.ofNat.{0} Real (nat_lit 1)
                                                    (@One.toOfNat1.{0} Real Real.instOne))
                                                  (@Nat.cast.{0} Real Real.instNatCast (depth n i)))))) →
                                    (∀ (n : Nat) (i : Fin n),
                                        @LE.le.{0} Real Real.instLE Mh
                                            (@Nat.cast.{0} Real Real.instNatCast (depth n i)) →
                                          @LT.lt.{0} Real Real.instLT
                                              (@HDiv.hDiv.{0, 0, 0} Real Real Real
                                                (@instHDiv.{0} Real
                                                  (@DivInvMonoid.toDiv.{0} Real Real.instDivInvMonoid))
                                                (@Nat.cast.{0} Real Real.instNatCast (depth n i))
                                                (@Nat.cast.{0} Real Real.instNatCast n))
                                              dh →
                                            @LE.le.{0} Real Real.instLE
                                              (@abs.{0} Real Real.lattice Real.instAddGroup
                                                (@HSub.hSub.{0, 0, 0} Real Real Real (@instHSub.{0} Real Real.instSub)
                                                  (@HDiv.hDiv.{0, 0, 0} Real Real Real
                                                    (@instHDiv.{0} Real
                                                      (@DivInvMonoid.toDiv.{0} Real Real.instDivInvMonoid))
                                                    (@HDiv.hDiv.{0, 0, 0} Real Real Real
                                                      (@instHDiv.{0} Real
                                                        (@DivInvMonoid.toDiv.{0} Real Real.instDivInvMonoid))
                                                      (rate n i) (weight n i))
                                                    (@HDiv.hDiv.{0, 0, 0} Real Real Real
                                                      (@instHDiv.{0} Real
                                                        (@DivInvMonoid.toDiv.{0} Real Real.instDivInvMonoid))
                                                      (@HMul.hMul.{0, 0, 0} Real Real Real
                                                        (@instHMul.{0} Real Real.instMul) gamma q)
                                                      (@Nat.cast.{0} Real Real.instNatCast (depth n i))))
                                                  (@OfNat.ofNat.{0} Real (nat_lit 1)
                                                    (@One.toOfNat1.{0} Real Real.instOne))))
                                              (@HMul.hMul.{0, 0, 0} Real Real Real (@instHMul.{0} Real Real.instMul) H
                                                (@HAdd.hAdd.{0, 0, 0} Real Real Real (@instHAdd.{0} Real Real.instAdd)
                                                  (@HPow.hPow.{0, 0, 0} Real Real Real
                                                    (@instHPow.{0, 0} Real Real Real.instPow)
                                                    (@HDiv.hDiv.{0, 0, 0} Real Real Real
                                                      (@instHDiv.{0} Real
                                                        (@DivInvMonoid.toDiv.{0} Real Real.instDivInvMonoid))
                                                      (@Nat.cast.{0} Real Real.instNatCast (depth n i))
                                                      (@Nat.cast.{0} Real Real.instNatCast n))
                                                    xh)
                                                  (@HDiv.hDiv.{0, 0, 0} Real Real Real
                                                    (@instHDiv.{0} Real
                                                      (@DivInvMonoid.toDiv.{0} Real Real.instDivInvMonoid))
                                                    (@OfNat.ofNat.{0} Real (nat_lit 1)
                                                      (@One.toOfNat1.{0} Real Real.instOne))
                                                    (@Nat.cast.{0} Real Real.instNatCast (depth n i)))))) →
                                      ∃ rho C delta M,
                                        And
                                          (@LT.lt.{0} Real Real.instLT
                                            (@OfNat.ofNat.{0} Real (nat_lit 0) (@Zero.toOfNat0.{0} Real Real.instZero))
                                            rho)
                                          (And
                                            (@LT.lt.{0} Real Real.instLT
                                              (@OfNat.ofNat.{0} Real (nat_lit 0)
                                                (@Zero.toOfNat0.{0} Real Real.instZero))
                                              C)
                                            (And
                                              (@LT.lt.{0} Real Real.instLT
                                                (@OfNat.ofNat.{0} Real (nat_lit 0)
                                                  (@Zero.toOfNat0.{0} Real Real.instZero))
                                                delta)
                                              (And
                                                (@LE.le.{0} Real Real.instLE delta
                                                  (@OfNat.ofNat.{0} Real (nat_lit 1)
                                                    (@One.toOfNat1.{0} Real Real.instOne)))
                                                (And
                                                  (@LE.le.{0} Real Real.instLE
                                                    (@OfNat.ofNat.{0} Real (nat_lit 1)
                                                      (@One.toOfNat1.{0} Real Real.instOne))
                                                    M)
                                                  (∀ (n : Nat) (i j : Fin n),
                                                    @LE.le.{0} Real Real.instLE M
                                                        (@Nat.cast.{0} Real Real.instNatCast (depth n i)) →
                                                      @LE.le.{0} Real Real.instLE M
                                                          (@Nat.cast.{0} Real Real.instNatCast (depth n j)) →
                                                        @LT.lt.{0} Real Real.instLT
                                                            (@HDiv.hDiv.{0, 0, 0} Real Real Real
                                                              (@instHDiv.{0} Real
                                                                (@DivInvMonoid.toDiv.{0} Real Real.instDivInvMonoid))
                                                              (@Nat.cast.{0} Real Real.instNatCast (depth n i))
                                                              (@Nat.cast.{0} Real Real.instNatCast n))
                                                            delta →
                                                          @LT.lt.{0} Real Real.instLT
                                                              (@HDiv.hDiv.{0, 0, 0} Real Real Real
                                                                (@instHDiv.{0} Real
                                                                  (@DivInvMonoid.toDiv.{0} Real Real.instDivInvMonoid))
                                                                (@Nat.cast.{0} Real Real.instNatCast (depth n j))
                                                                (@Nat.cast.{0} Real Real.instNatCast n))
                                                              delta →
                                                            have x :=
                                                              @HPow.hPow.{0, 0, 0} Real Real Real
                                                                (@instHPow.{0, 0} Real Real Real.instPow)
                                                                (@HDiv.hDiv.{0, 0, 0} Real Real Real
                                                                  (@instHDiv.{0} Real
                                                                    (@DivInvMonoid.toDiv.{0} Real
                                                                      Real.instDivInvMonoid))
                                                                  (@Nat.cast.{0} Real Real.instNatCast (depth n i))
                                                                  (@Nat.cast.{0} Real Real.instNatCast (depth n j)))
                                                                p;
                                                            have e :=
                                                              Luce.Section6.crossDepthError rho
                                                                (@Nat.cast.{0} Real Real.instNatCast n)
                                                                (@Nat.cast.{0} Real Real.instNatCast (depth n i))
                                                                (@Nat.cast.{0} Real Real.instNatCast (depth n j));
                                                            And
                                                              (@LE.le.{0} Real Real.instLE
                                                                (@abs.{0} Real Real.lattice Real.instAddGroup
                                                                  (@HSub.hSub.{0, 0, 0} Real Real Real
                                                                    (@instHSub.{0} Real Real.instSub)
                                                                    (@HDiv.hDiv.{0, 0, 0} Real Real Real
                                                                      (@instHDiv.{0} Real
                                                                        (@DivInvMonoid.toDiv.{0} Real
                                                                          Real.instDivInvMonoid))
                                                                      (@HMul.hMul.{0, 0, 0} Real Real Real
                                                                        (@instHMul.{0} Real Real.instMul) (rate n i)
                                                                        (time n j))
                                                                      (@HMul.hMul.{0, 0, 0} Real Real Real
                                                                        (@instHMul.{0} Real Real.instMul) q x))
                                                                    (@OfNat.ofNat.{0} Real (nat_lit 1)
                                                                      (@One.toOfNat1.{0} Real Real.instOne))))
                                                                (@HMul.hMul.{0, 0, 0} Real Real Real
                                                                  (@instHMul.{0} Real Real.instMul) C e))
                                                              (@LE.le.{0} Real Real.instLE
                                                                (@abs.{0} Real Real.lattice Real.instAddGroup
                                                                  (@HSub.hSub.{0, 0, 0} Real Real Real
                                                                    (@instHSub.{0} Real Real.instSub)
                                                                    (@HDiv.hDiv.{0, 0, 0} Real Real Real
                                                                      (@instHDiv.{0} Real
                                                                        (@DivInvMonoid.toDiv.{0} Real
                                                                          Real.instDivInvMonoid))
                                                                      (@HDiv.hDiv.{0, 0, 0} Real Real Real
                                                                        (@instHDiv.{0} Real
                                                                          (@DivInvMonoid.toDiv.{0} Real
                                                                            Real.instDivInvMonoid))
                                                                        (rate n i) (weight n j))
                                                                      (@HDiv.hDiv.{0, 0, 0} Real Real Real
                                                                        (@instHDiv.{0} Real
                                                                          (@DivInvMonoid.toDiv.{0} Real
                                                                            Real.instDivInvMonoid))
                                                                        (@HMul.hMul.{0, 0, 0} Real Real Real
                                                                          (@instHMul.{0} Real Real.instMul)
                                                                          (@HMul.hMul.{0, 0, 0} Real Real Real
                                                                            (@instHMul.{0} Real Real.instMul) gamma q)
                                                                          x)
                                                                        (@Nat.cast.{0} Real Real.instNatCast
                                                                          (depth n j))))
                                                                    (@OfNat.ofNat.{0} Real (nat_lit 1)
                                                                      (@One.toOfNat1.{0} Real Real.instOne))))
                                                                (@HMul.hMul.{0, 0, 0} Real Real Real
                                                                  (@instHMul.{0} Real Real.instMul) C e))))))) :=
⋯
'Luce.Section6.cross_depth_uniform_transport' depends on axioms: [propext, Classical.choice.{u}, Quot.sound.{u}]
theorem Luce.Section6.PowerProfile.right_cross_depth_relative_error : ∀ {f : Real → Real}
  {left : Luce.Section6.EndpointBehavior} {c beta eta : Real},
  Luce.Section6.PowerProfile f left (Luce.Section6.EndpointBehavior.power c beta eta) →
    ∀ (grid : Luce.Section6.SamplingGrid) (w : Luce.WeightArray),
      Luce.Section6.SampledRates grid w f →
        ∃ rho C delta M,
          And
            (@LT.lt.{0} Real Real.instLT (@OfNat.ofNat.{0} Real (nat_lit 0) (@Zero.toOfNat0.{0} Real Real.instZero))
              rho)
            (And
              (@LT.lt.{0} Real Real.instLT (@OfNat.ofNat.{0} Real (nat_lit 0) (@Zero.toOfNat0.{0} Real Real.instZero))
                C)
              (And
                (@LT.lt.{0} Real Real.instLT (@OfNat.ofNat.{0} Real (nat_lit 0) (@Zero.toOfNat0.{0} Real Real.instZero))
                  delta)
                (And
                  (@LE.le.{0} Real Real.instLE delta
                    (@OfNat.ofNat.{0} Real (nat_lit 1) (@One.toOfNat1.{0} Real Real.instOne)))
                  (And
                    (@LE.le.{0} Real Real.instLE
                      (@OfNat.ofNat.{0} Real (nat_lit 1) (@One.toOfNat1.{0} Real Real.instOne)) M)
                    (∀ (n : Nat) (i j : Fin n),
                      @LE.le.{0} Real Real.instLE M (@Nat.cast.{0} Real Real.instNatCast (@Luce.terminalDepth n i)) →
                        @LE.le.{0} Real Real.instLE M (@Nat.cast.{0} Real Real.instNatCast (@Luce.terminalDepth n j)) →
                          @LT.lt.{0} Real Real.instLT
                              (@HDiv.hDiv.{0, 0, 0} Real Real Real
                                (@instHDiv.{0} Real (@DivInvMonoid.toDiv.{0} Real Real.instDivInvMonoid))
                                (@Nat.cast.{0} Real Real.instNatCast (@Luce.terminalDepth n i))
                                (@Nat.cast.{0} Real Real.instNatCast n))
                              delta →
                            @LT.lt.{0} Real Real.instLT
                                (@HDiv.hDiv.{0, 0, 0} Real Real Real
                                  (@instHDiv.{0} Real (@DivInvMonoid.toDiv.{0} Real Real.instDivInvMonoid))
                                  (@Nat.cast.{0} Real Real.instNatCast (@Luce.terminalDepth n j))
                                  (@Nat.cast.{0} Real Real.instNatCast n))
                                delta →
                              have x :=
                                @HPow.hPow.{0, 0, 0} Real Real Real (@instHPow.{0, 0} Real Real Real.instPow)
                                  (@HDiv.hDiv.{0, 0, 0} Real Real Real
                                    (@instHDiv.{0} Real (@DivInvMonoid.toDiv.{0} Real Real.instDivInvMonoid))
                                    (@Nat.cast.{0} Real Real.instNatCast (@Luce.terminalDepth n i))
                                    (@Nat.cast.{0} Real Real.instNatCast (@Luce.terminalDepth n j)))
                                  beta;
                              have q :=
                                @HPow.hPow.{0, 0, 0} Real Real Real (@instHPow.{0, 0} Real Real Real.instPow)
                                  (Real.Gamma
                                    (@HAdd.hAdd.{0, 0, 0} Real Real Real (@instHAdd.{0} Real Real.instAdd)
                                      (@OfNat.ofNat.{0} Real (nat_lit 1) (@One.toOfNat1.{0} Real Real.instOne))
                                      (@HDiv.hDiv.{0, 0, 0} Real Real Real
                                        (@instHDiv.{0} Real (@DivInvMonoid.toDiv.{0} Real Real.instDivInvMonoid))
                                        (@OfNat.ofNat.{0} Real (nat_lit 1) (@One.toOfNat1.{0} Real Real.instOne))
                                        beta)))
                                  beta;
                              have t := @Luce.Section6.rightQuantileTime n (w n) (@Luce.terminalDepth n j);
                              have e :=
                                Luce.Section6.crossDepthError rho (@Nat.cast.{0} Real Real.instNatCast n)
                                  (@Nat.cast.{0} Real Real.instNatCast (@Luce.terminalDepth n i))
                                  (@Nat.cast.{0} Real Real.instNatCast (@Luce.terminalDepth n j));
                              And
                                (@LE.le.{0} Real Real.instLE
                                  (@abs.{0} Real Real.lattice Real.instAddGroup
                                    (@HSub.hSub.{0, 0, 0} Real Real Real (@instHSub.{0} Real Real.instSub)
                                      (@HDiv.hDiv.{0, 0, 0} Real Real Real
                                        (@instHDiv.{0} Real (@DivInvMonoid.toDiv.{0} Real Real.instDivInvMonoid))
                                        (@HMul.hMul.{0, 0, 0} Real Real Real (@instHMul.{0} Real Real.instMul)
                                          (@Luce.Weights.rate n (w n) i) t)
                                        (@HMul.hMul.{0, 0, 0} Real Real Real (@instHMul.{0} Real Real.instMul) q x))
                                      (@OfNat.ofNat.{0} Real (nat_lit 1) (@One.toOfNat1.{0} Real Real.instOne))))
                                  (@HMul.hMul.{0, 0, 0} Real Real Real (@instHMul.{0} Real Real.instMul) C e))
                                (@LE.le.{0} Real Real.instLE
                                  (@abs.{0} Real Real.lattice Real.instAddGroup
                                    (@HSub.hSub.{0, 0, 0} Real Real Real (@instHSub.{0} Real Real.instSub)
                                      (@HDiv.hDiv.{0, 0, 0} Real Real Real
                                        (@instHDiv.{0} Real (@DivInvMonoid.toDiv.{0} Real Real.instDivInvMonoid))
                                        (@HDiv.hDiv.{0, 0, 0} Real Real Real
                                          (@instHDiv.{0} Real (@DivInvMonoid.toDiv.{0} Real Real.instDivInvMonoid))
                                          (@Luce.Weights.rate n (w n) i)
                                          (@HMul.hMul.{0, 0, 0} Real Real Real (@instHMul.{0} Real Real.instMul)
                                            (@Nat.cast.{0} Real Real.instNatCast n)
                                            (@Luce.Section6.populationD n (w n)
                                              (@OfNat.ofNat.{0} Nat (nat_lit 1) (instOfNatNat (nat_lit 1))) t)))
                                        (@HDiv.hDiv.{0, 0, 0} Real Real Real
                                          (@instHDiv.{0} Real (@DivInvMonoid.toDiv.{0} Real Real.instDivInvMonoid))
                                          (@HMul.hMul.{0, 0, 0} Real Real Real (@instHMul.{0} Real Real.instMul)
                                            (@HMul.hMul.{0, 0, 0} Real Real Real (@instHMul.{0} Real Real.instMul) beta
                                              q)
                                            x)
                                          (@Nat.cast.{0} Real Real.instNatCast (@Luce.terminalDepth n j))))
                                      (@OfNat.ofNat.{0} Real (nat_lit 1) (@One.toOfNat1.{0} Real Real.instOne))))
                                  (@HMul.hMul.{0, 0, 0} Real Real Real (@instHMul.{0} Real Real.instMul) C e))))))) :=
⋯
'Luce.Section6.PowerProfile.right_cross_depth_relative_error' depends on axioms: [propext,
 Classical.choice.{u},
 Quot.sound.{u}]
theorem Luce.Section6.PowerProfile.left_cross_depth_relative_error : ∀ {f : Real → Real}
  {right : Luce.Section6.EndpointBehavior} {c alpha eta : Real},
  Luce.Section6.PowerProfile f (Luce.Section6.EndpointBehavior.power c alpha eta) right →
    ∀ (grid : Luce.Section6.SamplingGrid) (w : Luce.WeightArray),
      Luce.Section6.SampledRates grid w f →
        ∃ rho C delta M,
          And
            (@LT.lt.{0} Real Real.instLT (@OfNat.ofNat.{0} Real (nat_lit 0) (@Zero.toOfNat0.{0} Real Real.instZero))
              rho)
            (And
              (@LT.lt.{0} Real Real.instLT (@OfNat.ofNat.{0} Real (nat_lit 0) (@Zero.toOfNat0.{0} Real Real.instZero))
                C)
              (And
                (@LT.lt.{0} Real Real.instLT (@OfNat.ofNat.{0} Real (nat_lit 0) (@Zero.toOfNat0.{0} Real Real.instZero))
                  delta)
                (And
                  (@LE.le.{0} Real Real.instLE delta
                    (@OfNat.ofNat.{0} Real (nat_lit 1) (@One.toOfNat1.{0} Real Real.instOne)))
                  (And
                    (@LE.le.{0} Real Real.instLE
                      (@OfNat.ofNat.{0} Real (nat_lit 1) (@One.toOfNat1.{0} Real Real.instOne)) M)
                    (∀ (n : Nat) (i j : Fin n),
                      @LE.le.{0} Real Real.instLE M
                          (@HAdd.hAdd.{0, 0, 0} Real Real Real (@instHAdd.{0} Real Real.instAdd)
                            (@Nat.cast.{0} Real Real.instNatCast (@Fin.val n i))
                            (@OfNat.ofNat.{0} Real (nat_lit 1) (@One.toOfNat1.{0} Real Real.instOne))) →
                        @LE.le.{0} Real Real.instLE M
                            (@HAdd.hAdd.{0, 0, 0} Real Real Real (@instHAdd.{0} Real Real.instAdd)
                              (@Nat.cast.{0} Real Real.instNatCast (@Fin.val n j))
                              (@OfNat.ofNat.{0} Real (nat_lit 1) (@One.toOfNat1.{0} Real Real.instOne))) →
                          @LT.lt.{0} Real Real.instLT
                              (@HDiv.hDiv.{0, 0, 0} Real Real Real
                                (@instHDiv.{0} Real (@DivInvMonoid.toDiv.{0} Real Real.instDivInvMonoid))
                                (@HAdd.hAdd.{0, 0, 0} Real Real Real (@instHAdd.{0} Real Real.instAdd)
                                  (@Nat.cast.{0} Real Real.instNatCast (@Fin.val n i))
                                  (@OfNat.ofNat.{0} Real (nat_lit 1) (@One.toOfNat1.{0} Real Real.instOne)))
                                (@Nat.cast.{0} Real Real.instNatCast n))
                              delta →
                            @LT.lt.{0} Real Real.instLT
                                (@HDiv.hDiv.{0, 0, 0} Real Real Real
                                  (@instHDiv.{0} Real (@DivInvMonoid.toDiv.{0} Real Real.instDivInvMonoid))
                                  (@HAdd.hAdd.{0, 0, 0} Real Real Real (@instHAdd.{0} Real Real.instAdd)
                                    (@Nat.cast.{0} Real Real.instNatCast (@Fin.val n j))
                                    (@OfNat.ofNat.{0} Real (nat_lit 1) (@One.toOfNat1.{0} Real Real.instOne)))
                                  (@Nat.cast.{0} Real Real.instNatCast n))
                                delta →
                              have x :=
                                @HPow.hPow.{0, 0, 0} Real Real Real (@instHPow.{0, 0} Real Real Real.instPow)
                                  (@HDiv.hDiv.{0, 0, 0} Real Real Real
                                    (@instHDiv.{0} Real (@DivInvMonoid.toDiv.{0} Real Real.instDivInvMonoid))
                                    (@HAdd.hAdd.{0, 0, 0} Real Real Real (@instHAdd.{0} Real Real.instAdd)
                                      (@Nat.cast.{0} Real Real.instNatCast (@Fin.val n j))
                                      (@OfNat.ofNat.{0} Real (nat_lit 1) (@One.toOfNat1.{0} Real Real.instOne)))
                                    (@HAdd.hAdd.{0, 0, 0} Real Real Real (@instHAdd.{0} Real Real.instAdd)
                                      (@Nat.cast.{0} Real Real.instNatCast (@Fin.val n i))
                                      (@OfNat.ofNat.{0} Real (nat_lit 1) (@One.toOfNat1.{0} Real Real.instOne))))
                                  alpha;
                              have q :=
                                @HPow.hPow.{0, 0, 0} Real Real Real (@instHPow.{0, 0} Real Real Real.instPow)
                                  (Real.Gamma
                                    (@HSub.hSub.{0, 0, 0} Real Real Real (@instHSub.{0} Real Real.instSub)
                                      (@OfNat.ofNat.{0} Real (nat_lit 1) (@One.toOfNat1.{0} Real Real.instOne))
                                      (@HDiv.hDiv.{0, 0, 0} Real Real Real
                                        (@instHDiv.{0} Real (@DivInvMonoid.toDiv.{0} Real Real.instDivInvMonoid))
                                        (@OfNat.ofNat.{0} Real (nat_lit 1) (@One.toOfNat1.{0} Real Real.instOne))
                                        alpha)))
                                  (@Neg.neg.{0} Real Real.instNeg alpha);
                              have t :=
                                @Luce.Section6.leftQuantileTime n (w n)
                                  (@HAdd.hAdd.{0, 0, 0} Nat Nat Nat (@instHAdd.{0} Nat instAddNat) (@Fin.val n j)
                                    (@OfNat.ofNat.{0} Nat (nat_lit 1) (instOfNatNat (nat_lit 1))));
                              have e :=
                                Luce.Section6.crossDepthError rho (@Nat.cast.{0} Real Real.instNatCast n)
                                  (@HAdd.hAdd.{0, 0, 0} Real Real Real (@instHAdd.{0} Real Real.instAdd)
                                    (@Nat.cast.{0} Real Real.instNatCast (@Fin.val n i))
                                    (@OfNat.ofNat.{0} Real (nat_lit 1) (@One.toOfNat1.{0} Real Real.instOne)))
                                  (@HAdd.hAdd.{0, 0, 0} Real Real Real (@instHAdd.{0} Real Real.instAdd)
                                    (@Nat.cast.{0} Real Real.instNatCast (@Fin.val n j))
                                    (@OfNat.ofNat.{0} Real (nat_lit 1) (@One.toOfNat1.{0} Real Real.instOne)));
                              And
                                (@LE.le.{0} Real Real.instLE
                                  (@abs.{0} Real Real.lattice Real.instAddGroup
                                    (@HSub.hSub.{0, 0, 0} Real Real Real (@instHSub.{0} Real Real.instSub)
                                      (@HDiv.hDiv.{0, 0, 0} Real Real Real
                                        (@instHDiv.{0} Real (@DivInvMonoid.toDiv.{0} Real Real.instDivInvMonoid))
                                        (@HMul.hMul.{0, 0, 0} Real Real Real (@instHMul.{0} Real Real.instMul)
                                          (@Luce.Weights.rate n (w n) i) t)
                                        (@HMul.hMul.{0, 0, 0} Real Real Real (@instHMul.{0} Real Real.instMul) q x))
                                      (@OfNat.ofNat.{0} Real (nat_lit 1) (@One.toOfNat1.{0} Real Real.instOne))))
                                  (@HMul.hMul.{0, 0, 0} Real Real Real (@instHMul.{0} Real Real.instMul) C e))
                                (@LE.le.{0} Real Real.instLE
                                  (@abs.{0} Real Real.lattice Real.instAddGroup
                                    (@HSub.hSub.{0, 0, 0} Real Real Real (@instHSub.{0} Real Real.instSub)
                                      (@HDiv.hDiv.{0, 0, 0} Real Real Real
                                        (@instHDiv.{0} Real (@DivInvMonoid.toDiv.{0} Real Real.instDivInvMonoid))
                                        (@HDiv.hDiv.{0, 0, 0} Real Real Real
                                          (@instHDiv.{0} Real (@DivInvMonoid.toDiv.{0} Real Real.instDivInvMonoid))
                                          (@Luce.Weights.rate n (w n) i)
                                          (@HMul.hMul.{0, 0, 0} Real Real Real (@instHMul.{0} Real Real.instMul)
                                            (@Nat.cast.{0} Real Real.instNatCast n)
                                            (@Luce.Section6.populationD n (w n)
                                              (@OfNat.ofNat.{0} Nat (nat_lit 1) (instOfNatNat (nat_lit 1))) t)))
                                        (@HDiv.hDiv.{0, 0, 0} Real Real Real
                                          (@instHDiv.{0} Real (@DivInvMonoid.toDiv.{0} Real Real.instDivInvMonoid))
                                          (@HMul.hMul.{0, 0, 0} Real Real Real (@instHMul.{0} Real Real.instMul)
                                            (@HMul.hMul.{0, 0, 0} Real Real Real (@instHMul.{0} Real Real.instMul) alpha
                                              q)
                                            x)
                                          (@HAdd.hAdd.{0, 0, 0} Real Real Real (@instHAdd.{0} Real Real.instAdd)
                                            (@Nat.cast.{0} Real Real.instNatCast (@Fin.val n j))
                                            (@OfNat.ofNat.{0} Real (nat_lit 1) (@One.toOfNat1.{0} Real Real.instOne)))))
                                      (@OfNat.ofNat.{0} Real (nat_lit 1) (@One.toOfNat1.{0} Real Real.instOne))))
                                  (@HMul.hMul.{0, 0, 0} Real Real Real (@instHMul.{0} Real Real.instMul) C e))))))) :=
⋯
'Luce.Section6.PowerProfile.left_cross_depth_relative_error' depends on axioms: [propext,
 Classical.choice.{u},
 Quot.sound.{u}]
theorem Luce.Section6.deleted_arrival_window_mean_lower : ∀ {n r : Nat} (w : Luce.Weights n),
  @LT.lt.{0} Nat instLTNat (@OfNat.ofNat.{0} Nat (nat_lit 0) (instOfNatNat (nat_lit 0))) n →
    ∀ (removed : Finset.{0} (Fin n)),
      @LE.le.{0} Nat instLENat (@Finset.card.{0} (Fin n) removed) r →
        ∀ {m t u C : Real},
          @LT.lt.{0} Real Real.instLT (@OfNat.ofNat.{0} Real (nat_lit 0) (@Zero.toOfNat0.{0} Real Real.instZero)) m →
            @LT.lt.{0} Real Real.instLT (@OfNat.ofNat.{0} Real (nat_lit 0) (@Zero.toOfNat0.{0} Real Real.instZero)) t →
              @LT.lt.{0} Real Real.instLT (@OfNat.ofNat.{0} Real (nat_lit 0) (@Zero.toOfNat0.{0} Real Real.instZero))
                  u →
                @LE.le.{0} Real Real.instLE u
                    (@HDiv.hDiv.{0, 0, 0} Real Real Real
                      (@instHDiv.{0} Real (@DivInvMonoid.toDiv.{0} Real Real.instDivInvMonoid))
                      (@OfNat.ofNat.{0} Real (nat_lit 1) (@One.toOfNat1.{0} Real Real.instOne))
                      (@OfNat.ofNat.{0} Real (nat_lit 2)
                        (@instOfNatAtLeastTwo.{0} Real (nat_lit 2) Real.instNatCast ⋯))) →
                  @LE.le.{0} Real Real.instLE
                      (@HMul.hMul.{0, 0, 0} Real Real Real (@instHMul.{0} Real Real.instMul) C u)
                      (@HDiv.hDiv.{0, 0, 0} Real Real Real
                        (@instHDiv.{0} Real (@DivInvMonoid.toDiv.{0} Real Real.instDivInvMonoid))
                        (@OfNat.ofNat.{0} Real (nat_lit 1) (@One.toOfNat1.{0} Real Real.instOne))
                        (@OfNat.ofNat.{0} Real (nat_lit 4)
                          (@instOfNatAtLeastTwo.{0} Real (nat_lit 4) Real.instNatCast ⋯))) →
                    @LE.le.{0} Real Real.instLE (@Nat.cast.{0} Real Real.instNatCast r)
                        (@HDiv.hDiv.{0, 0, 0} Real Real Real
                          (@instHDiv.{0} Real (@DivInvMonoid.toDiv.{0} Real Real.instDivInvMonoid)) m
                          (@OfNat.ofNat.{0} Real (nat_lit 4)
                            (@instOfNatAtLeastTwo.{0} Real (nat_lit 4) Real.instNatCast ⋯))) →
                      @Eq.{1} Real
                          (@HMul.hMul.{0, 0, 0} Real Real Real (@instHMul.{0} Real Real.instMul)
                            (@Nat.cast.{0} Real Real.instNatCast n) (@Luce.Section6.populationG n w t))
                          m →
                        @LE.le.{0} Real Real.instLE
                            (@HMul.hMul.{0, 0, 0} Real Real Real (@instHMul.{0} Real Real.instMul)
                              (@Nat.cast.{0} Real Real.instNatCast n)
                              (@Luce.Section6.populationD n w
                                (@OfNat.ofNat.{0} Nat (nat_lit 1) (instOfNatNat (nat_lit 1)))
                                (@HMul.hMul.{0, 0, 0} Real Real Real (@instHMul.{0} Real Real.instMul)
                                  (@HSub.hSub.{0, 0, 0} Real Real Real (@instHSub.{0} Real Real.instSub)
                                    (@OfNat.ofNat.{0} Real (nat_lit 1) (@One.toOfNat1.{0} Real Real.instOne)) u)
                                  t)))
                            (@HDiv.hDiv.{0, 0, 0} Real Real Real
                              (@instHDiv.{0} Real (@DivInvMonoid.toDiv.{0} Real Real.instDivInvMonoid))
                              (@HMul.hMul.{0, 0, 0} Real Real Real (@instHMul.{0} Real Real.instMul) C m) t) →
                          And
                            (@LE.le.{0} Real Real.instLE
                              (@HDiv.hDiv.{0, 0, 0} Real Real Real
                                (@instHDiv.{0} Real (@DivInvMonoid.toDiv.{0} Real Real.instDivInvMonoid)) m
                                (@OfNat.ofNat.{0} Real (nat_lit 2)
                                  (@instOfNatAtLeastTwo.{0} Real (nat_lit 2) Real.instNatCast ⋯)))
                              (@HMul.hMul.{0, 0, 0} Real Real Real (@instHMul.{0} Real Real.instMul)
                                (@Nat.cast.{0} Real Real.instNatCast n)
                                (@Luce.Section6.deletedG n w removed
                                  (@HMul.hMul.{0, 0, 0} Real Real Real (@instHMul.{0} Real Real.instMul)
                                    (@HSub.hSub.{0, 0, 0} Real Real Real (@instHSub.{0} Real Real.instSub)
                                      (@OfNat.ofNat.{0} Real (nat_lit 1) (@One.toOfNat1.{0} Real Real.instOne)) u)
                                    t))))
                            (@LE.le.{0} Real Real.instLE
                              (@HDiv.hDiv.{0, 0, 0} Real Real Real
                                (@instHDiv.{0} Real (@DivInvMonoid.toDiv.{0} Real Real.instDivInvMonoid)) m
                                (@OfNat.ofNat.{0} Real (nat_lit 2)
                                  (@instOfNatAtLeastTwo.{0} Real (nat_lit 2) Real.instNatCast ⋯)))
                              (@HMul.hMul.{0, 0, 0} Real Real Real (@instHMul.{0} Real Real.instMul)
                                (@Nat.cast.{0} Real Real.instNatCast n)
                                (@Luce.Section6.deletedG n w removed
                                  (@HMul.hMul.{0, 0, 0} Real Real Real (@instHMul.{0} Real Real.instMul)
                                    (@HAdd.hAdd.{0, 0, 0} Real Real Real (@instHAdd.{0} Real Real.instAdd)
                                      (@OfNat.ofNat.{0} Real (nat_lit 1) (@One.toOfNat1.{0} Real Real.instOne)) u)
                                    t)))) :=
⋯
'Luce.Section6.deleted_arrival_window_mean_lower' depends on axioms: [propext, Classical.choice.{u}, Quot.sound.{u}]
theorem Luce.Section6.deleted_survivor_window_mean_lower : ∀ {n r : Nat} (w : Luce.Weights n),
  @LT.lt.{0} Nat instLTNat (@OfNat.ofNat.{0} Nat (nat_lit 0) (instOfNatNat (nat_lit 0))) n →
    ∀ (removed : Finset.{0} (Fin n)),
      @LE.le.{0} Nat instLENat (@Finset.card.{0} (Fin n) removed) r →
        ∀ {m t u C : Real},
          @LT.lt.{0} Real Real.instLT (@OfNat.ofNat.{0} Real (nat_lit 0) (@Zero.toOfNat0.{0} Real Real.instZero)) m →
            @LT.lt.{0} Real Real.instLT (@OfNat.ofNat.{0} Real (nat_lit 0) (@Zero.toOfNat0.{0} Real Real.instZero)) t →
              @LT.lt.{0} Real Real.instLT (@OfNat.ofNat.{0} Real (nat_lit 0) (@Zero.toOfNat0.{0} Real Real.instZero))
                  u →
                @LE.le.{0} Real Real.instLE u
                    (@HDiv.hDiv.{0, 0, 0} Real Real Real
                      (@instHDiv.{0} Real (@DivInvMonoid.toDiv.{0} Real Real.instDivInvMonoid))
                      (@OfNat.ofNat.{0} Real (nat_lit 1) (@One.toOfNat1.{0} Real Real.instOne))
                      (@OfNat.ofNat.{0} Real (nat_lit 2)
                        (@instOfNatAtLeastTwo.{0} Real (nat_lit 2) Real.instNatCast ⋯))) →
                  @LE.le.{0} Real Real.instLE
                      (@HMul.hMul.{0, 0, 0} Real Real Real (@instHMul.{0} Real Real.instMul) C u)
                      (@HDiv.hDiv.{0, 0, 0} Real Real Real
                        (@instHDiv.{0} Real (@DivInvMonoid.toDiv.{0} Real Real.instDivInvMonoid))
                        (@OfNat.ofNat.{0} Real (nat_lit 1) (@One.toOfNat1.{0} Real Real.instOne))
                        (@OfNat.ofNat.{0} Real (nat_lit 4)
                          (@instOfNatAtLeastTwo.{0} Real (nat_lit 4) Real.instNatCast ⋯))) →
                    @LE.le.{0} Real Real.instLE (@Nat.cast.{0} Real Real.instNatCast r)
                        (@HDiv.hDiv.{0, 0, 0} Real Real Real
                          (@instHDiv.{0} Real (@DivInvMonoid.toDiv.{0} Real Real.instDivInvMonoid)) m
                          (@OfNat.ofNat.{0} Real (nat_lit 4)
                            (@instOfNatAtLeastTwo.{0} Real (nat_lit 4) Real.instNatCast ⋯))) →
                      @Eq.{1} Real
                          (@HMul.hMul.{0, 0, 0} Real Real Real (@instHMul.{0} Real Real.instMul)
                            (@Nat.cast.{0} Real Real.instNatCast n) (@Luce.Section6.populationH n w t))
                          m →
                        @LE.le.{0} Real Real.instLE
                            (@HMul.hMul.{0, 0, 0} Real Real Real (@instHMul.{0} Real Real.instMul)
                              (@Nat.cast.{0} Real Real.instNatCast n)
                              (@Luce.Section6.populationD n w
                                (@OfNat.ofNat.{0} Nat (nat_lit 1) (instOfNatNat (nat_lit 1))) t))
                            (@HDiv.hDiv.{0, 0, 0} Real Real Real
                              (@instHDiv.{0} Real (@DivInvMonoid.toDiv.{0} Real Real.instDivInvMonoid))
                              (@HMul.hMul.{0, 0, 0} Real Real Real (@instHMul.{0} Real Real.instMul) C m) t) →
                          And
                            (@LE.le.{0} Real Real.instLE
                              (@HDiv.hDiv.{0, 0, 0} Real Real Real
                                (@instHDiv.{0} Real (@DivInvMonoid.toDiv.{0} Real Real.instDivInvMonoid)) m
                                (@OfNat.ofNat.{0} Real (nat_lit 2)
                                  (@instOfNatAtLeastTwo.{0} Real (nat_lit 2) Real.instNatCast ⋯)))
                              (@HMul.hMul.{0, 0, 0} Real Real Real (@instHMul.{0} Real Real.instMul)
                                (@Nat.cast.{0} Real Real.instNatCast n)
                                (@Luce.Section6.deletedH n w removed
                                  (@HMul.hMul.{0, 0, 0} Real Real Real (@instHMul.{0} Real Real.instMul)
                                    (@HSub.hSub.{0, 0, 0} Real Real Real (@instHSub.{0} Real Real.instSub)
                                      (@OfNat.ofNat.{0} Real (nat_lit 1) (@One.toOfNat1.{0} Real Real.instOne)) u)
                                    t))))
                            (@LE.le.{0} Real Real.instLE
                              (@HDiv.hDiv.{0, 0, 0} Real Real Real
                                (@instHDiv.{0} Real (@DivInvMonoid.toDiv.{0} Real Real.instDivInvMonoid)) m
                                (@OfNat.ofNat.{0} Real (nat_lit 2)
                                  (@instOfNatAtLeastTwo.{0} Real (nat_lit 2) Real.instNatCast ⋯)))
                              (@HMul.hMul.{0, 0, 0} Real Real Real (@instHMul.{0} Real Real.instMul)
                                (@Nat.cast.{0} Real Real.instNatCast n)
                                (@Luce.Section6.deletedH n w removed
                                  (@HMul.hMul.{0, 0, 0} Real Real Real (@instHMul.{0} Real Real.instMul)
                                    (@HAdd.hAdd.{0, 0, 0} Real Real Real (@instHAdd.{0} Real Real.instAdd)
                                      (@OfNat.ofNat.{0} Real (nat_lit 1) (@One.toOfNat1.{0} Real Real.instOne)) u)
                                    t)))) :=
⋯
'Luce.Section6.deleted_survivor_window_mean_lower' depends on axioms: [propext, Classical.choice.{u}, Quot.sound.{u}]
theorem Luce.Section6.quantile_exponential_tail_le_polynomial : ∀ {a u m mean : Real},
  @LT.lt.{0} Real Real.instLT (@OfNat.ofNat.{0} Real (nat_lit 0) (@Zero.toOfNat0.{0} Real Real.instZero)) a →
    @LT.lt.{0} Real Real.instLT (@OfNat.ofNat.{0} Real (nat_lit 0) (@Zero.toOfNat0.{0} Real Real.instZero)) u →
      @LT.lt.{0} Real Real.instLT (@OfNat.ofNat.{0} Real (nat_lit 0) (@Zero.toOfNat0.{0} Real Real.instZero)) m →
        @LE.le.{0} Real Real.instLE
            (@HDiv.hDiv.{0, 0, 0} Real Real Real
              (@instHDiv.{0} Real (@DivInvMonoid.toDiv.{0} Real Real.instDivInvMonoid)) m
              (@OfNat.ofNat.{0} Real (nat_lit 2) (@instOfNatAtLeastTwo.{0} Real (nat_lit 2) Real.instNatCast ⋯)))
            mean →
          @LE.le.{0} Real Real.instLE
            (Real.exp
              (@HDiv.hDiv.{0, 0, 0} Real Real Real
                (@instHDiv.{0} Real (@DivInvMonoid.toDiv.{0} Real Real.instDivInvMonoid))
                (@HMul.hMul.{0, 0, 0} Real Real Real (@instHMul.{0} Real Real.instMul)
                  (@Neg.neg.{0} Real Real.instNeg
                    (@HPow.hPow.{0, 0, 0} Real Nat Real
                      (@instHPow.{0, 0} Real Nat (@NPow.toPow.{0} Real (@Monoid.toNPow.{0} Real Real.instMonoid)))
                      (@HDiv.hDiv.{0, 0, 0} Real Real Real
                        (@instHDiv.{0} Real (@DivInvMonoid.toDiv.{0} Real Real.instDivInvMonoid))
                        (@HMul.hMul.{0, 0, 0} Real Real Real (@instHMul.{0} Real Real.instMul) a u)
                        (@OfNat.ofNat.{0} Real (nat_lit 8)
                          (@instOfNatAtLeastTwo.{0} Real (nat_lit 8) Real.instNatCast ⋯)))
                      (@OfNat.ofNat.{0} Nat (nat_lit 2) (instOfNatNat (nat_lit 2)))))
                  mean)
                (@OfNat.ofNat.{0} Real (nat_lit 4) (@instOfNatAtLeastTwo.{0} Real (nat_lit 4) Real.instNatCast ⋯))))
            (@HDiv.hDiv.{0, 0, 0} Real Real Real
              (@instHDiv.{0} Real (@DivInvMonoid.toDiv.{0} Real Real.instDivInvMonoid))
              (@HDiv.hDiv.{0, 0, 0} Real Real Real
                (@instHDiv.{0} Real (@DivInvMonoid.toDiv.{0} Real Real.instDivInvMonoid))
                (@OfNat.ofNat.{0} Real (nat_lit 512) (@instOfNatAtLeastTwo.{0} Real (nat_lit 512) Real.instNatCast ⋯))
                (@HPow.hPow.{0, 0, 0} Real Nat Real
                  (@instHPow.{0, 0} Real Nat (@NPow.toPow.{0} Real (@Monoid.toNPow.{0} Real Real.instMonoid))) a
                  (@OfNat.ofNat.{0} Nat (nat_lit 2) (instOfNatNat (nat_lit 2)))))
              (@HMul.hMul.{0, 0, 0} Real Real Real (@instHMul.{0} Real Real.instMul)
                (@HPow.hPow.{0, 0, 0} Real Nat Real
                  (@instHPow.{0, 0} Real Nat (@NPow.toPow.{0} Real (@Monoid.toNPow.{0} Real Real.instMonoid))) u
                  (@OfNat.ofNat.{0} Nat (nat_lit 2) (instOfNatNat (nat_lit 2))))
                m)) :=
⋯
'Luce.Section6.quantile_exponential_tail_le_polynomial' depends on axioms: [propext,
 Classical.choice.{u},
 Quot.sound.{u}]
theorem Luce.Section6.deleted_joint_window_probability : ∀ {n r : Nat} (w : Luce.Weights n),
  @LT.lt.{0} Nat instLTNat (@OfNat.ofNat.{0} Nat (nat_lit 0) (instOfNatNat (nat_lit 0))) n →
    ∀ (removed : Finset.{0} (Fin n)),
      @LE.le.{0} Nat instLENat (@Finset.card.{0} (Fin n) removed) r →
        ∀
          (q :
            Fin
              (@Finset.card.{0} (Fin n)
                (@SDiff.sdiff.{0} (Finset.{0} (Fin n)) (@Finset.instSDiff.{0} (Fin n) (instDecidableEqFin n))
                  (@Finset.univ.{0} (Fin n) (Fin.fintype n)) removed)))
          {a C J m t u : Real},
          @LT.lt.{0} Real Real.instLT (@OfNat.ofNat.{0} Real (nat_lit 0) (@Zero.toOfNat0.{0} Real Real.instZero)) a →
            @LE.le.{0} Real Real.instLE (@OfNat.ofNat.{0} Real (nat_lit 0) (@Zero.toOfNat0.{0} Real Real.instZero)) C →
              @LT.lt.{0} Real Real.instLT (@OfNat.ofNat.{0} Real (nat_lit 0) (@Zero.toOfNat0.{0} Real Real.instZero))
                  m →
                @LT.lt.{0} Real Real.instLT (@OfNat.ofNat.{0} Real (nat_lit 0) (@Zero.toOfNat0.{0} Real Real.instZero))
                    t →
                  @LT.lt.{0} Real Real.instLT
                      (@OfNat.ofNat.{0} Real (nat_lit 0) (@Zero.toOfNat0.{0} Real Real.instZero)) u →
                    @LE.le.{0} Real Real.instLE u
                        (@HDiv.hDiv.{0, 0, 0} Real Real Real
                          (@instHDiv.{0} Real (@DivInvMonoid.toDiv.{0} Real Real.instDivInvMonoid))
                          (@OfNat.ofNat.{0} Real (nat_lit 1) (@One.toOfNat1.{0} Real Real.instOne))
                          (@OfNat.ofNat.{0} Real (nat_lit 2)
                            (@instOfNatAtLeastTwo.{0} Real (nat_lit 2) Real.instNatCast ⋯))) →
                      @LE.le.{0} Real Real.instLE (@Nat.cast.{0} Real Real.instNatCast r)
                          (@HMul.hMul.{0, 0, 0} Real Real Real (@instHMul.{0} Real Real.instMul) u m) →
                        @LE.le.{0} Real Real.instLE
                            (@HDiv.hDiv.{0, 0, 0} Real Real Real
                              (@instHDiv.{0} Real (@DivInvMonoid.toDiv.{0} Real Real.instDivInvMonoid))
                              (@HMul.hMul.{0, 0, 0} Real Real Real (@instHMul.{0} Real Real.instMul) a m) t)
                            (@HMul.hMul.{0, 0, 0} Real Real Real (@instHMul.{0} Real Real.instMul)
                              (@Nat.cast.{0} Real Real.instNatCast n)
                              (@Luce.Section6.populationD n w
                                (@OfNat.ofNat.{0} Nat (nat_lit 1) (instOfNatNat (nat_lit 1))) t)) →
                          (∀ (x : Real),
                              @Membership.mem.{0, 0} Real (Set.{0} Real) (@Set.instMembership.{0} Real)
                                  (@Set.Icc.{0} Real Real.instPreorder
                                    (@HDiv.hDiv.{0, 0, 0} Real Real Real
                                      (@instHDiv.{0} Real (@DivInvMonoid.toDiv.{0} Real Real.instDivInvMonoid)) t
                                      (@OfNat.ofNat.{0} Real (nat_lit 4)
                                        (@instOfNatAtLeastTwo.{0} Real (nat_lit 4) Real.instNatCast ⋯)))
                                    (@HMul.hMul.{0, 0, 0} Real Real Real (@instHMul.{0} Real Real.instMul)
                                      (@OfNat.ofNat.{0} Real (nat_lit 4)
                                        (@instOfNatAtLeastTwo.{0} Real (nat_lit 4) Real.instNatCast ⋯))
                                      t))
                                  x →
                                @LE.le.{0} Real Real.instLE
                                  (@HMul.hMul.{0, 0, 0} Real Real Real (@instHMul.{0} Real Real.instMul)
                                    (@Nat.cast.{0} Real Real.instNatCast n)
                                    (@Luce.Section6.populationD n w
                                      (@OfNat.ofNat.{0} Nat (nat_lit 2) (instOfNatNat (nat_lit 2))) x))
                                  (@HDiv.hDiv.{0, 0, 0} Real Real Real
                                    (@instHDiv.{0} Real (@DivInvMonoid.toDiv.{0} Real Real.instDivInvMonoid))
                                    (@HMul.hMul.{0, 0, 0} Real Real Real (@instHMul.{0} Real Real.instMul) C m)
                                    (@HPow.hPow.{0, 0, 0} Real Nat Real
                                      (@instHPow.{0, 0} Real Nat
                                        (@NPow.toPow.{0} Real (@Monoid.toNPow.{0} Real Real.instMonoid)))
                                      t (@OfNat.ofNat.{0} Nat (nat_lit 2) (instOfNatNat (nat_lit 2)))))) →
                            @LE.le.{0} Real Real.instLE
                                (@MeasureTheory.Measure.real.{0} (Fin n → Real)
                                  (@MeasurableSpace.pi.{0, 0} (Fin n) (fun a => Real) fun a => Real.measurableSpace)
                                  (@Luce.exponentialRace n w)
                                  (@Set.ofPred.{0} (Fin n → Real) fun old =>
                                    @LT.lt.{0} Real Real.instLT
                                      (@Luce.raceGapStart
                                        (@Finset.card.{0} (Fin n)
                                          (@SDiff.sdiff.{0} (Finset.{0} (Fin n))
                                            (@Finset.instSDiff.{0} (Fin n) (instDecidableEqFin n))
                                            (@Finset.univ.{0} (Fin n) (Fin.fintype n)) removed))
                                        (@Luce.compactDeletedClocks n removed old) q)
                                      (@HMul.hMul.{0, 0, 0} Real Real Real (@instHMul.{0} Real Real.instMul)
                                        (@HSub.hSub.{0, 0, 0} Real Real Real (@instHSub.{0} Real Real.instSub)
                                          (@OfNat.ofNat.{0} Real (nat_lit 1) (@One.toOfNat1.{0} Real Real.instOne)) u)
                                        t)))
                                (@HDiv.hDiv.{0, 0, 0} Real Real Real
                                  (@instHDiv.{0} Real (@DivInvMonoid.toDiv.{0} Real Real.instDivInvMonoid)) J
                                  (@HMul.hMul.{0, 0, 0} Real Real Real (@instHMul.{0} Real Real.instMul)
                                    (@HPow.hPow.{0, 0, 0} Real Nat Real
                                      (@instHPow.{0, 0} Real Nat
                                        (@NPow.toPow.{0} Real (@Monoid.toNPow.{0} Real Real.instMonoid)))
                                      u (@OfNat.ofNat.{0} Nat (nat_lit 2) (instOfNatNat (nat_lit 2))))
                                    m)) →
                              @LE.le.{0} Real Real.instLE
                                  (@MeasureTheory.Measure.real.{0} (Fin n → Real)
                                    (@MeasurableSpace.pi.{0, 0} (Fin n) (fun a => Real) fun a => Real.measurableSpace)
                                    (@Luce.exponentialRace n w)
                                    (@Set.ofPred.{0} (Fin n → Real) fun old =>
                                      @LT.lt.{0} Real Real.instLT
                                        (@HMul.hMul.{0, 0, 0} Real Real Real (@instHMul.{0} Real Real.instMul)
                                          (@HAdd.hAdd.{0, 0, 0} Real Real Real (@instHAdd.{0} Real Real.instAdd)
                                            (@OfNat.ofNat.{0} Real (nat_lit 1) (@One.toOfNat1.{0} Real Real.instOne)) u)
                                          t)
                                        (@Luce.raceGapStart
                                          (@Finset.card.{0} (Fin n)
                                            (@SDiff.sdiff.{0} (Finset.{0} (Fin n))
                                              (@Finset.instSDiff.{0} (Fin n) (instDecidableEqFin n))
                                              (@Finset.univ.{0} (Fin n) (Fin.fintype n)) removed))
                                          (@Luce.compactDeletedClocks n removed old) q)))
                                  (@HDiv.hDiv.{0, 0, 0} Real Real Real
                                    (@instHDiv.{0} Real (@DivInvMonoid.toDiv.{0} Real Real.instDivInvMonoid)) J
                                    (@HMul.hMul.{0, 0, 0} Real Real Real (@instHMul.{0} Real Real.instMul)
                                      (@HPow.hPow.{0, 0, 0} Real Nat Real
                                        (@instHPow.{0, 0} Real Nat
                                          (@NPow.toPow.{0} Real (@Monoid.toNPow.{0} Real Real.instMonoid)))
                                        u (@OfNat.ofNat.{0} Nat (nat_lit 2) (instOfNatNat (nat_lit 2))))
                                      m)) →
                                @LE.le.{0} Real Real.instLE
                                  (@MeasureTheory.Measure.real.{0} (Fin n → Real)
                                    (@MeasurableSpace.pi.{0, 0} (Fin n) (fun a => Real) fun a => Real.measurableSpace)
                                    (@Luce.exponentialRace n w)
                                    (@Set.ofPred.{0} (Fin n → Real) fun old =>
                                      Or
                                        (@LT.lt.{0} Real Real.instLT u
                                          (@abs.{0} Real Real.lattice Real.instAddGroup
                                            (@HSub.hSub.{0, 0, 0} Real Real Real (@instHSub.{0} Real Real.instSub)
                                              (@HDiv.hDiv.{0, 0, 0} Real Real Real
                                                (@instHDiv.{0} Real
                                                  (@DivInvMonoid.toDiv.{0} Real Real.instDivInvMonoid))
                                                (@Luce.raceGapStart
                                                  (@Finset.card.{0} (Fin n)
                                                    (@SDiff.sdiff.{0} (Finset.{0} (Fin n))
                                                      (@Finset.instSDiff.{0} (Fin n) (instDecidableEqFin n))
                                                      (@Finset.univ.{0} (Fin n) (Fin.fintype n)) removed))
                                                  (@Luce.compactDeletedClocks n removed old) q)
                                                t)
                                              (@OfNat.ofNat.{0} Real (nat_lit 1)
                                                (@One.toOfNat1.{0} Real Real.instOne)))))
                                        (@LT.lt.{0} Real Real.instLT
                                          (@HMul.hMul.{0, 0, 0} Real Real Real (@instHMul.{0} Real Real.instMul)
                                            (@HDiv.hDiv.{0, 0, 0} Real Real Real
                                              (@instHDiv.{0} Real (@DivInvMonoid.toDiv.{0} Real Real.instDivInvMonoid))
                                              (@HAdd.hAdd.{0, 0, 0} Real Real Real (@instHAdd.{0} Real Real.instAdd) C
                                                (@OfNat.ofNat.{0} Real (nat_lit 3)
                                                  (@instOfNatAtLeastTwo.{0} Real (nat_lit 3) Real.instNatCast ⋯)))
                                              a)
                                            u)
                                          (@abs.{0} Real Real.lattice Real.instAddGroup
                                            (@HSub.hSub.{0, 0, 0} Real Real Real (@instHSub.{0} Real Real.instSub)
                                              (@HDiv.hDiv.{0, 0, 0} Real Real Real
                                                (@instHDiv.{0} Real
                                                  (@DivInvMonoid.toDiv.{0} Real Real.instDivInvMonoid))
                                                (@Luce.raceGapRate
                                                  (@Finset.card.{0} (Fin n)
                                                    (@SDiff.sdiff.{0} (Finset.{0} (Fin n))
                                                      (@Finset.instSDiff.{0} (Fin n) (instDecidableEqFin n))
                                                      (@Finset.univ.{0} (Fin n) (Fin.fintype n)) removed))
                                                  (@Luce.compactDeletedWeights n w removed)
                                                  (@Luce.compactDeletedClocks n removed old) q)
                                                (@HMul.hMul.{0, 0, 0} Real Real Real (@instHMul.{0} Real Real.instMul)
                                                  (@Nat.cast.{0} Real Real.instNatCast n)
                                                  (@Luce.Section6.populationD n w
                                                    (@OfNat.ofNat.{0} Nat (nat_lit 1) (instOfNatNat (nat_lit 1))) t)))
                                              (@OfNat.ofNat.{0} Real (nat_lit 1)
                                                (@One.toOfNat1.{0} Real Real.instOne)))))))
                                  (@HDiv.hDiv.{0, 0, 0} Real Real Real
                                    (@instHDiv.{0} Real (@DivInvMonoid.toDiv.{0} Real Real.instDivInvMonoid))
                                    (@HAdd.hAdd.{0, 0, 0} Real Real Real (@instHAdd.{0} Real Real.instAdd)
                                      (@HMul.hMul.{0, 0, 0} Real Real Real (@instHMul.{0} Real Real.instMul)
                                        (@OfNat.ofNat.{0} Real (nat_lit 4)
                                          (@instOfNatAtLeastTwo.{0} Real (nat_lit 4) Real.instNatCast ⋯))
                                        J)
                                      (@HMul.hMul.{0, 0, 0} Real Real Real (@instHMul.{0} Real Real.instMul)
                                        (@OfNat.ofNat.{0} Real (nat_lit 2)
                                          (@instOfNatAtLeastTwo.{0} Real (nat_lit 2) Real.instNatCast ⋯))
                                        C))
                                    (@HMul.hMul.{0, 0, 0} Real Real Real (@instHMul.{0} Real Real.instMul)
                                      (@HPow.hPow.{0, 0, 0} Real Nat Real
                                        (@instHPow.{0, 0} Real Nat
                                          (@NPow.toPow.{0} Real (@Monoid.toNPow.{0} Real Real.instMonoid)))
                                        u (@OfNat.ofNat.{0} Nat (nat_lit 2) (instOfNatNat (nat_lit 2))))
                                      m)) :=
⋯
'Luce.Section6.deleted_joint_window_probability' depends on axioms: [propext, Classical.choice.{u}, Quot.sound.{u}]
theorem Luce.Section6.relative_window_budget : ∀ {a C u m R : Real},
  @LE.le.{0} Real Real.instLE a (@OfNat.ofNat.{0} Real (nat_lit 1) (@One.toOfNat1.{0} Real Real.instOne)) →
    @LT.lt.{0} Real Real.instLT (@OfNat.ofNat.{0} Real (nat_lit 0) (@Zero.toOfNat0.{0} Real Real.instZero)) C →
      @LT.lt.{0} Real Real.instLT (@OfNat.ofNat.{0} Real (nat_lit 0) (@Zero.toOfNat0.{0} Real Real.instZero)) u →
        @LT.lt.{0} Real Real.instLT (@OfNat.ofNat.{0} Real (nat_lit 0) (@Zero.toOfNat0.{0} Real Real.instZero)) m →
          @LE.le.{0} Real Real.instLE u
              (@Min.min.{0} Real Real.instMin
                (@HDiv.hDiv.{0, 0, 0} Real Real Real
                  (@instHDiv.{0} Real (@DivInvMonoid.toDiv.{0} Real Real.instDivInvMonoid))
                  (@OfNat.ofNat.{0} Real (nat_lit 1) (@One.toOfNat1.{0} Real Real.instOne))
                  (@OfNat.ofNat.{0} Real (nat_lit 2) (@instOfNatAtLeastTwo.{0} Real (nat_lit 2) Real.instNatCast ⋯)))
                (@HDiv.hDiv.{0, 0, 0} Real Real Real
                  (@instHDiv.{0} Real (@DivInvMonoid.toDiv.{0} Real Real.instDivInvMonoid))
                  (@OfNat.ofNat.{0} Real (nat_lit 1) (@One.toOfNat1.{0} Real Real.instOne))
                  (@HMul.hMul.{0, 0, 0} Real Real Real (@instHMul.{0} Real Real.instMul)
                    (@OfNat.ofNat.{0} Real (nat_lit 4) (@instOfNatAtLeastTwo.{0} Real (nat_lit 4) Real.instNatCast ⋯))
                    C))) →
            @LE.le.{0} Real Real.instLE
                (@HMul.hMul.{0, 0, 0} Real Real Real (@instHMul.{0} Real Real.instMul)
                  (@OfNat.ofNat.{0} Real (nat_lit 8) (@instOfNatAtLeastTwo.{0} Real (nat_lit 8) Real.instNatCast ⋯)) R)
                (@HMul.hMul.{0, 0, 0} Real Real Real (@instHMul.{0} Real Real.instMul)
                  (@HMul.hMul.{0, 0, 0} Real Real Real (@instHMul.{0} Real Real.instMul) a u) m) →
              And
                (@LE.le.{0} Real Real.instLE u
                  (@HDiv.hDiv.{0, 0, 0} Real Real Real
                    (@instHDiv.{0} Real (@DivInvMonoid.toDiv.{0} Real Real.instDivInvMonoid))
                    (@OfNat.ofNat.{0} Real (nat_lit 1) (@One.toOfNat1.{0} Real Real.instOne))
                    (@OfNat.ofNat.{0} Real (nat_lit 2) (@instOfNatAtLeastTwo.{0} Real (nat_lit 2) Real.instNatCast ⋯))))
                (And
                  (@LE.le.{0} Real Real.instLE
                    (@HMul.hMul.{0, 0, 0} Real Real Real (@instHMul.{0} Real Real.instMul) C u)
                    (@HDiv.hDiv.{0, 0, 0} Real Real Real
                      (@instHDiv.{0} Real (@DivInvMonoid.toDiv.{0} Real Real.instDivInvMonoid))
                      (@OfNat.ofNat.{0} Real (nat_lit 1) (@One.toOfNat1.{0} Real Real.instOne))
                      (@OfNat.ofNat.{0} Real (nat_lit 4)
                        (@instOfNatAtLeastTwo.{0} Real (nat_lit 4) Real.instNatCast ⋯))))
                  (And
                    (@LE.le.{0} Real Real.instLE R
                      (@HDiv.hDiv.{0, 0, 0} Real Real Real
                        (@instHDiv.{0} Real (@DivInvMonoid.toDiv.{0} Real Real.instDivInvMonoid)) m
                        (@OfNat.ofNat.{0} Real (nat_lit 4)
                          (@instOfNatAtLeastTwo.{0} Real (nat_lit 4) Real.instNatCast ⋯))))
                    (@LE.le.{0} Real Real.instLE R
                      (@HMul.hMul.{0, 0, 0} Real Real Real (@instHMul.{0} Real Real.instMul) u m)))) :=
⋯
'Luce.Section6.relative_window_budget' depends on axioms: [propext, Classical.choice.{u}, Quot.sound.{u}]
theorem Luce.Section6.PowerProfile.left_joint_quantile_window : ∀ {f : Real → Real}
  {right : Luce.Section6.EndpointBehavior} {c alpha eta : Real},
  Luce.Section6.PowerProfile f (Luce.Section6.EndpointBehavior.power c alpha eta) right →
    ∃ a V K u0 delta M,
      And (@LT.lt.{0} Real Real.instLT (@OfNat.ofNat.{0} Real (nat_lit 0) (@Zero.toOfNat0.{0} Real Real.instZero)) a)
        (And (@LE.le.{0} Real Real.instLE a (@OfNat.ofNat.{0} Real (nat_lit 1) (@One.toOfNat1.{0} Real Real.instOne)))
          (And
            (@LT.lt.{0} Real Real.instLT (@OfNat.ofNat.{0} Real (nat_lit 0) (@Zero.toOfNat0.{0} Real Real.instZero)) V)
            (And
              (@LT.lt.{0} Real Real.instLT (@OfNat.ofNat.{0} Real (nat_lit 0) (@Zero.toOfNat0.{0} Real Real.instZero))
                K)
              (And
                (@LT.lt.{0} Real Real.instLT (@OfNat.ofNat.{0} Real (nat_lit 0) (@Zero.toOfNat0.{0} Real Real.instZero))
                  u0)
                (And
                  (@LE.le.{0} Real Real.instLE u0
                    (@HDiv.hDiv.{0, 0, 0} Real Real Real
                      (@instHDiv.{0} Real (@DivInvMonoid.toDiv.{0} Real Real.instDivInvMonoid))
                      (@OfNat.ofNat.{0} Real (nat_lit 1) (@One.toOfNat1.{0} Real Real.instOne))
                      (@OfNat.ofNat.{0} Real (nat_lit 2)
                        (@instOfNatAtLeastTwo.{0} Real (nat_lit 2) Real.instNatCast ⋯))))
                  (And
                    (@LT.lt.{0} Real Real.instLT
                      (@OfNat.ofNat.{0} Real (nat_lit 0) (@Zero.toOfNat0.{0} Real Real.instZero)) delta)
                    (And
                      (@LT.lt.{0} Real Real.instLT
                        (@OfNat.ofNat.{0} Real (nat_lit 0) (@Zero.toOfNat0.{0} Real Real.instZero)) M)
                      (∀ (grid : Luce.Section6.SamplingGrid) (w : Luce.WeightArray),
                        Luce.Section6.SampledRates grid w f →
                          ∀ (n m r : Nat),
                            @LT.lt.{0} Nat instLTNat (@OfNat.ofNat.{0} Nat (nat_lit 0) (instOfNatNat (nat_lit 0))) m →
                              @LT.lt.{0} Nat instLTNat m n →
                                @LE.le.{0} Real Real.instLE M (@Nat.cast.{0} Real Real.instNatCast m) →
                                  @LT.lt.{0} Real Real.instLT
                                      (@HDiv.hDiv.{0, 0, 0} Real Real Real
                                        (@instHDiv.{0} Real (@DivInvMonoid.toDiv.{0} Real Real.instDivInvMonoid))
                                        (@Nat.cast.{0} Real Real.instNatCast m) (@Nat.cast.{0} Real Real.instNatCast n))
                                      delta →
                                    ∀ (removed : Finset.{0} (Fin n)),
                                      @LE.le.{0} Nat instLENat (@Finset.card.{0} (Fin n) removed) r →
                                        ∀
                                          (q :
                                            Fin
                                              (@Finset.card.{0} (Fin n)
                                                (@SDiff.sdiff.{0} (Finset.{0} (Fin n))
                                                  (@Finset.instSDiff.{0} (Fin n) (instDecidableEqFin n))
                                                  (@Finset.univ.{0} (Fin n) (Fin.fintype n)) removed))),
                                          @LE.le.{0} Real Real.instLE
                                              (@abs.{0} Real Real.lattice Real.instAddGroup
                                                (@HSub.hSub.{0, 0, 0} Real Real Real (@instHSub.{0} Real Real.instSub)
                                                  (@Nat.cast.{0} Real Real.instNatCast
                                                    (@Fin.val
                                                      (@Finset.card.{0} (Fin n)
                                                        (@SDiff.sdiff.{0} (Finset.{0} (Fin n))
                                                          (@Finset.instSDiff.{0} (Fin n) (instDecidableEqFin n))
                                                          (@Finset.univ.{0} (Fin n) (Fin.fintype n)) removed))
                                                      q))
                                                  (@Nat.cast.{0} Real Real.instNatCast m)))
                                              (@Nat.cast.{0} Real Real.instNatCast r) →
                                            ∀ (u : Real),
                                              @LT.lt.{0} Real Real.instLT
                                                  (@OfNat.ofNat.{0} Real (nat_lit 0)
                                                    (@Zero.toOfNat0.{0} Real Real.instZero))
                                                  u →
                                                @LE.le.{0} Real Real.instLE u u0 →
                                                  @LE.le.{0} Real Real.instLE
                                                      (@HMul.hMul.{0, 0, 0} Real Real Real
                                                        (@instHMul.{0} Real Real.instMul)
                                                        (@OfNat.ofNat.{0} Real (nat_lit 8)
                                                          (@instOfNatAtLeastTwo.{0} Real (nat_lit 8) Real.instNatCast
                                                            ⋯))
                                                        (@Nat.cast.{0} Real Real.instNatCast r))
                                                      (@HMul.hMul.{0, 0, 0} Real Real Real
                                                        (@instHMul.{0} Real Real.instMul)
                                                        (@HMul.hMul.{0, 0, 0} Real Real Real
                                                          (@instHMul.{0} Real Real.instMul) a u)
                                                        (@Nat.cast.{0} Real Real.instNatCast m)) →
                                                    have t := @Luce.Section6.leftQuantileTime n (w n) m;
                                                    @LE.le.{0} Real Real.instLE
                                                      (@MeasureTheory.Measure.real.{0} (Fin n → Real)
                                                        (@MeasurableSpace.pi.{0, 0} (Fin n) (fun a => Real) fun a =>
                                                          Real.measurableSpace)
                                                        (@Luce.exponentialRace n (w n))
                                                        (@Set.ofPred.{0} (Fin n → Real) fun old =>
                                                          Or
                                                            (@LT.lt.{0} Real Real.instLT u
                                                              (@abs.{0} Real Real.lattice Real.instAddGroup
                                                                (@HSub.hSub.{0, 0, 0} Real Real Real
                                                                  (@instHSub.{0} Real Real.instSub)
                                                                  (@HDiv.hDiv.{0, 0, 0} Real Real Real
                                                                    (@instHDiv.{0} Real
                                                                      (@DivInvMonoid.toDiv.{0} Real
                                                                        Real.instDivInvMonoid))
                                                                    (@Luce.raceGapStart
                                                                      (@Finset.card.{0} (Fin n)
                                                                        (@SDiff.sdiff.{0} (Finset.{0} (Fin n))
                                                                          (@Finset.instSDiff.{0} (Fin n)
                                                                            (instDecidableEqFin n))
                                                                          (@Finset.univ.{0} (Fin n) (Fin.fintype n))
                                                                          removed))
                                                                      (@Luce.compactDeletedClocks n removed old) q)
                                                                    t)
                                                                  (@OfNat.ofNat.{0} Real (nat_lit 1)
                                                                    (@One.toOfNat1.{0} Real Real.instOne)))))
                                                            (@LT.lt.{0} Real Real.instLT
                                                              (@HMul.hMul.{0, 0, 0} Real Real Real
                                                                (@instHMul.{0} Real Real.instMul) V u)
                                                              (@abs.{0} Real Real.lattice Real.instAddGroup
                                                                (@HSub.hSub.{0, 0, 0} Real Real Real
                                                                  (@instHSub.{0} Real Real.instSub)
                                                                  (@HDiv.hDiv.{0, 0, 0} Real Real Real
                                                                    (@instHDiv.{0} Real
                                                                      (@DivInvMonoid.toDiv.{0} Real
                                                                        Real.instDivInvMonoid))
                                                                    (@Luce.raceGapRate
                                                                      (@Finset.card.{0} (Fin n)
                                                                        (@SDiff.sdiff.{0} (Finset.{0} (Fin n))
                                                                          (@Finset.instSDiff.{0} (Fin n)
                                                                            (instDecidableEqFin n))
                                                                          (@Finset.univ.{0} (Fin n) (Fin.fintype n))
                                                                          removed))
                                                                      (@Luce.compactDeletedWeights n (w n) removed)
                                                                      (@Luce.compactDeletedClocks n removed old) q)
                                                                    (@HMul.hMul.{0, 0, 0} Real Real Real
                                                                      (@instHMul.{0} Real Real.instMul)
                                                                      (@Nat.cast.{0} Real Real.instNatCast n)
                                                                      (@Luce.Section6.populationD n (w n)
                                                                        (@OfNat.ofNat.{0} Nat (nat_lit 1)
                                                                          (instOfNatNat (nat_lit 1)))
                                                                        t)))
                                                                  (@OfNat.ofNat.{0} Real (nat_lit 1)
                                                                    (@One.toOfNat1.{0} Real Real.instOne)))))))
                                                      (@HDiv.hDiv.{0, 0, 0} Real Real Real
                                                        (@instHDiv.{0} Real
                                                          (@DivInvMonoid.toDiv.{0} Real Real.instDivInvMonoid))
                                                        K
                                                        (@HMul.hMul.{0, 0, 0} Real Real Real
                                                          (@instHMul.{0} Real Real.instMul)
                                                          (@HPow.hPow.{0, 0, 0} Real Nat Real
                                                            (@instHPow.{0, 0} Real Nat
                                                              (@NPow.toPow.{0} Real
                                                                (@Monoid.toNPow.{0} Real Real.instMonoid)))
                                                            u
                                                            (@OfNat.ofNat.{0} Nat (nat_lit 2)
                                                              (instOfNatNat (nat_lit 2))))
                                                          (@Nat.cast.{0} Real Real.instNatCast m))))))))))) :=
⋯
'Luce.Section6.PowerProfile.left_joint_quantile_window' depends on axioms: [propext,
 Classical.choice.{u},
 Quot.sound.{u}]
theorem Luce.Section6.PowerProfile.right_joint_quantile_window : ∀ {f : Real → Real}
  {left : Luce.Section6.EndpointBehavior} {c beta eta : Real},
  Luce.Section6.PowerProfile f left (Luce.Section6.EndpointBehavior.power c beta eta) →
    ∃ a V K u0 delta M,
      And (@LT.lt.{0} Real Real.instLT (@OfNat.ofNat.{0} Real (nat_lit 0) (@Zero.toOfNat0.{0} Real Real.instZero)) a)
        (And (@LE.le.{0} Real Real.instLE a (@OfNat.ofNat.{0} Real (nat_lit 1) (@One.toOfNat1.{0} Real Real.instOne)))
          (And
            (@LT.lt.{0} Real Real.instLT (@OfNat.ofNat.{0} Real (nat_lit 0) (@Zero.toOfNat0.{0} Real Real.instZero)) V)
            (And
              (@LT.lt.{0} Real Real.instLT (@OfNat.ofNat.{0} Real (nat_lit 0) (@Zero.toOfNat0.{0} Real Real.instZero))
                K)
              (And
                (@LT.lt.{0} Real Real.instLT (@OfNat.ofNat.{0} Real (nat_lit 0) (@Zero.toOfNat0.{0} Real Real.instZero))
                  u0)
                (And
                  (@LE.le.{0} Real Real.instLE u0
                    (@HDiv.hDiv.{0, 0, 0} Real Real Real
                      (@instHDiv.{0} Real (@DivInvMonoid.toDiv.{0} Real Real.instDivInvMonoid))
                      (@OfNat.ofNat.{0} Real (nat_lit 1) (@One.toOfNat1.{0} Real Real.instOne))
                      (@OfNat.ofNat.{0} Real (nat_lit 2)
                        (@instOfNatAtLeastTwo.{0} Real (nat_lit 2) Real.instNatCast ⋯))))
                  (And
                    (@LT.lt.{0} Real Real.instLT
                      (@OfNat.ofNat.{0} Real (nat_lit 0) (@Zero.toOfNat0.{0} Real Real.instZero)) delta)
                    (And
                      (@LT.lt.{0} Real Real.instLT
                        (@OfNat.ofNat.{0} Real (nat_lit 0) (@Zero.toOfNat0.{0} Real Real.instZero)) M)
                      (∀ (grid : Luce.Section6.SamplingGrid) (w : Luce.WeightArray),
                        Luce.Section6.SampledRates grid w f →
                          ∀ (n m r : Nat),
                            @LT.lt.{0} Nat instLTNat (@OfNat.ofNat.{0} Nat (nat_lit 0) (instOfNatNat (nat_lit 0))) m →
                              @LT.lt.{0} Nat instLTNat m n →
                                @LE.le.{0} Real Real.instLE M (@Nat.cast.{0} Real Real.instNatCast m) →
                                  @LT.lt.{0} Real Real.instLT
                                      (@HDiv.hDiv.{0, 0, 0} Real Real Real
                                        (@instHDiv.{0} Real (@DivInvMonoid.toDiv.{0} Real Real.instDivInvMonoid))
                                        (@Nat.cast.{0} Real Real.instNatCast m) (@Nat.cast.{0} Real Real.instNatCast n))
                                      delta →
                                    ∀ (removed : Finset.{0} (Fin n)),
                                      @LE.le.{0} Nat instLENat (@Finset.card.{0} (Fin n) removed) r →
                                        ∀
                                          (q :
                                            Fin
                                              (@Finset.card.{0} (Fin n)
                                                (@SDiff.sdiff.{0} (Finset.{0} (Fin n))
                                                  (@Finset.instSDiff.{0} (Fin n) (instDecidableEqFin n))
                                                  (@Finset.univ.{0} (Fin n) (Fin.fintype n)) removed))),
                                          @LE.le.{0} Real Real.instLE
                                              (@abs.{0} Real Real.lattice Real.instAddGroup
                                                (@HSub.hSub.{0, 0, 0} Real Real Real (@instHSub.{0} Real Real.instSub)
                                                  (@HSub.hSub.{0, 0, 0} Real Real Real (@instHSub.{0} Real Real.instSub)
                                                    (@Nat.cast.{0} Real Real.instNatCast
                                                      (@Finset.card.{0} (Fin n)
                                                        (@SDiff.sdiff.{0} (Finset.{0} (Fin n))
                                                          (@Finset.instSDiff.{0} (Fin n) (instDecidableEqFin n))
                                                          (@Finset.univ.{0} (Fin n) (Fin.fintype n)) removed)))
                                                    (@Nat.cast.{0} Real Real.instNatCast
                                                      (@Fin.val
                                                        (@Finset.card.{0} (Fin n)
                                                          (@SDiff.sdiff.{0} (Finset.{0} (Fin n))
                                                            (@Finset.instSDiff.{0} (Fin n) (instDecidableEqFin n))
                                                            (@Finset.univ.{0} (Fin n) (Fin.fintype n)) removed))
                                                        q)))
                                                  (@Nat.cast.{0} Real Real.instNatCast m)))
                                              (@Nat.cast.{0} Real Real.instNatCast r) →
                                            ∀ (u : Real),
                                              @LT.lt.{0} Real Real.instLT
                                                  (@OfNat.ofNat.{0} Real (nat_lit 0)
                                                    (@Zero.toOfNat0.{0} Real Real.instZero))
                                                  u →
                                                @LE.le.{0} Real Real.instLE u u0 →
                                                  @LE.le.{0} Real Real.instLE
                                                      (@HMul.hMul.{0, 0, 0} Real Real Real
                                                        (@instHMul.{0} Real Real.instMul)
                                                        (@OfNat.ofNat.{0} Real (nat_lit 8)
                                                          (@instOfNatAtLeastTwo.{0} Real (nat_lit 8) Real.instNatCast
                                                            ⋯))
                                                        (@Nat.cast.{0} Real Real.instNatCast r))
                                                      (@HMul.hMul.{0, 0, 0} Real Real Real
                                                        (@instHMul.{0} Real Real.instMul)
                                                        (@HMul.hMul.{0, 0, 0} Real Real Real
                                                          (@instHMul.{0} Real Real.instMul) a u)
                                                        (@Nat.cast.{0} Real Real.instNatCast m)) →
                                                    have t := @Luce.Section6.rightQuantileTime n (w n) m;
                                                    @LE.le.{0} Real Real.instLE
                                                      (@MeasureTheory.Measure.real.{0} (Fin n → Real)
                                                        (@MeasurableSpace.pi.{0, 0} (Fin n) (fun a => Real) fun a =>
                                                          Real.measurableSpace)
                                                        (@Luce.exponentialRace n (w n))
                                                        (@Set.ofPred.{0} (Fin n → Real) fun old =>
                                                          Or
                                                            (@LT.lt.{0} Real Real.instLT u
                                                              (@abs.{0} Real Real.lattice Real.instAddGroup
                                                                (@HSub.hSub.{0, 0, 0} Real Real Real
                                                                  (@instHSub.{0} Real Real.instSub)
                                                                  (@HDiv.hDiv.{0, 0, 0} Real Real Real
                                                                    (@instHDiv.{0} Real
                                                                      (@DivInvMonoid.toDiv.{0} Real
                                                                        Real.instDivInvMonoid))
                                                                    (@Luce.raceGapStart
                                                                      (@Finset.card.{0} (Fin n)
                                                                        (@SDiff.sdiff.{0} (Finset.{0} (Fin n))
                                                                          (@Finset.instSDiff.{0} (Fin n)
                                                                            (instDecidableEqFin n))
                                                                          (@Finset.univ.{0} (Fin n) (Fin.fintype n))
                                                                          removed))
                                                                      (@Luce.compactDeletedClocks n removed old) q)
                                                                    t)
                                                                  (@OfNat.ofNat.{0} Real (nat_lit 1)
                                                                    (@One.toOfNat1.{0} Real Real.instOne)))))
                                                            (@LT.lt.{0} Real Real.instLT
                                                              (@HMul.hMul.{0, 0, 0} Real Real Real
                                                                (@instHMul.{0} Real Real.instMul) V u)
                                                              (@abs.{0} Real Real.lattice Real.instAddGroup
                                                                (@HSub.hSub.{0, 0, 0} Real Real Real
                                                                  (@instHSub.{0} Real Real.instSub)
                                                                  (@HDiv.hDiv.{0, 0, 0} Real Real Real
                                                                    (@instHDiv.{0} Real
                                                                      (@DivInvMonoid.toDiv.{0} Real
                                                                        Real.instDivInvMonoid))
                                                                    (@Luce.raceGapRate
                                                                      (@Finset.card.{0} (Fin n)
                                                                        (@SDiff.sdiff.{0} (Finset.{0} (Fin n))
                                                                          (@Finset.instSDiff.{0} (Fin n)
                                                                            (instDecidableEqFin n))
                                                                          (@Finset.univ.{0} (Fin n) (Fin.fintype n))
                                                                          removed))
                                                                      (@Luce.compactDeletedWeights n (w n) removed)
                                                                      (@Luce.compactDeletedClocks n removed old) q)
                                                                    (@HMul.hMul.{0, 0, 0} Real Real Real
                                                                      (@instHMul.{0} Real Real.instMul)
                                                                      (@Nat.cast.{0} Real Real.instNatCast n)
                                                                      (@Luce.Section6.populationD n (w n)
                                                                        (@OfNat.ofNat.{0} Nat (nat_lit 1)
                                                                          (instOfNatNat (nat_lit 1)))
                                                                        t)))
                                                                  (@OfNat.ofNat.{0} Real (nat_lit 1)
                                                                    (@One.toOfNat1.{0} Real Real.instOne)))))))
                                                      (@HDiv.hDiv.{0, 0, 0} Real Real Real
                                                        (@instHDiv.{0} Real
                                                          (@DivInvMonoid.toDiv.{0} Real Real.instDivInvMonoid))
                                                        K
                                                        (@HMul.hMul.{0, 0, 0} Real Real Real
                                                          (@instHMul.{0} Real Real.instMul)
                                                          (@HPow.hPow.{0, 0, 0} Real Nat Real
                                                            (@instHPow.{0, 0} Real Nat
                                                              (@NPow.toPow.{0} Real
                                                                (@Monoid.toNPow.{0} Real Real.instMonoid)))
                                                            u
                                                            (@OfNat.ofNat.{0} Nat (nat_lit 2)
                                                              (instOfNatNat (nat_lit 2))))
                                                          (@Nat.cast.{0} Real Real.instNatCast m))))))))))) :=
⋯
'Luce.Section6.PowerProfile.right_joint_quantile_window' depends on axioms: [propext,
 Classical.choice.{u},
 Quot.sound.{u}]
theorem Luce.Section6.absolute_error_of_relative : ∀ {z D eps : Real},
  @LT.lt.{0} Real Real.instLT (@OfNat.ofNat.{0} Real (nat_lit 0) (@Zero.toOfNat0.{0} Real Real.instZero)) D →
    @LE.le.{0} Real Real.instLE
        (@abs.{0} Real Real.lattice Real.instAddGroup
          (@HSub.hSub.{0, 0, 0} Real Real Real (@instHSub.{0} Real Real.instSub)
            (@HDiv.hDiv.{0, 0, 0} Real Real Real
              (@instHDiv.{0} Real (@DivInvMonoid.toDiv.{0} Real Real.instDivInvMonoid)) z D)
            (@OfNat.ofNat.{0} Real (nat_lit 1) (@One.toOfNat1.{0} Real Real.instOne))))
        eps →
      @LE.le.{0} Real Real.instLE
        (@abs.{0} Real Real.lattice Real.instAddGroup
          (@HSub.hSub.{0, 0, 0} Real Real Real (@instHSub.{0} Real Real.instSub) z D))
        (@HMul.hMul.{0, 0, 0} Real Real Real (@instHMul.{0} Real Real.instMul) D eps) :=
⋯
'Luce.Section6.absolute_error_of_relative' depends on axioms: [propext, Classical.choice.{u}, Quot.sound.{u}]
theorem Luce.Section6.normalized_local_pointwise : ∀ {theta t mu T W q gamma h x eps xi : Real},
  @LT.lt.{0} Real Real.instLT (@OfNat.ofNat.{0} Real (nat_lit 0) (@Zero.toOfNat0.{0} Real Real.instZero)) theta →
    @LT.lt.{0} Real Real.instLT (@OfNat.ofNat.{0} Real (nat_lit 0) (@Zero.toOfNat0.{0} Real Real.instZero)) t →
      @LT.lt.{0} Real Real.instLT (@OfNat.ofNat.{0} Real (nat_lit 0) (@Zero.toOfNat0.{0} Real Real.instZero)) mu →
        @LT.lt.{0} Real Real.instLT (@OfNat.ofNat.{0} Real (nat_lit 0) (@Zero.toOfNat0.{0} Real Real.instZero)) W →
          @LT.lt.{0} Real Real.instLT (@OfNat.ofNat.{0} Real (nat_lit 0) (@Zero.toOfNat0.{0} Real Real.instZero)) q →
            @LT.lt.{0} Real Real.instLT (@OfNat.ofNat.{0} Real (nat_lit 0) (@Zero.toOfNat0.{0} Real Real.instZero))
                gamma →
              @LT.lt.{0} Real Real.instLT (@OfNat.ofNat.{0} Real (nat_lit 0) (@Zero.toOfNat0.{0} Real Real.instZero))
                  h →
                @LT.lt.{0} Real Real.instLT (@OfNat.ofNat.{0} Real (nat_lit 0) (@Zero.toOfNat0.{0} Real Real.instZero))
                    x →
                  @LE.le.{0} Real Real.instLE
                      (@OfNat.ofNat.{0} Real (nat_lit 0) (@Zero.toOfNat0.{0} Real Real.instZero)) eps →
                    @LE.le.{0} Real Real.instLE eps
                        (@HDiv.hDiv.{0, 0, 0} Real Real Real
                          (@instHDiv.{0} Real (@DivInvMonoid.toDiv.{0} Real Real.instDivInvMonoid))
                          (@OfNat.ofNat.{0} Real (nat_lit 1) (@One.toOfNat1.{0} Real Real.instOne))
                          (@OfNat.ofNat.{0} Real (nat_lit 16)
                            (@instOfNatAtLeastTwo.{0} Real (nat_lit 16) Real.instNatCast ⋯))) →
                      @LE.le.{0} Real Real.instLE
                          (@OfNat.ofNat.{0} Real (nat_lit 0) (@Zero.toOfNat0.{0} Real Real.instZero)) xi →
                        @LE.le.{0} Real Real.instLE
                            (@abs.{0} Real Real.lattice Real.instAddGroup
                              (@HSub.hSub.{0, 0, 0} Real Real Real (@instHSub.{0} Real Real.instSub)
                                (@HDiv.hDiv.{0, 0, 0} Real Real Real
                                  (@instHDiv.{0} Real (@DivInvMonoid.toDiv.{0} Real Real.instDivInvMonoid))
                                  (@HMul.hMul.{0, 0, 0} Real Real Real (@instHMul.{0} Real Real.instMul) theta t)
                                  (@HMul.hMul.{0, 0, 0} Real Real Real (@instHMul.{0} Real Real.instMul) q x))
                                (@OfNat.ofNat.{0} Real (nat_lit 1) (@One.toOfNat1.{0} Real Real.instOne))))
                            eps →
                          @LE.le.{0} Real Real.instLE
                              (@abs.{0} Real Real.lattice Real.instAddGroup
                                (@HSub.hSub.{0, 0, 0} Real Real Real (@instHSub.{0} Real Real.instSub)
                                  (@HDiv.hDiv.{0, 0, 0} Real Real Real
                                    (@instHDiv.{0} Real (@DivInvMonoid.toDiv.{0} Real Real.instDivInvMonoid))
                                    (@HDiv.hDiv.{0, 0, 0} Real Real Real
                                      (@instHDiv.{0} Real (@DivInvMonoid.toDiv.{0} Real Real.instDivInvMonoid)) theta
                                      mu)
                                    (@HDiv.hDiv.{0, 0, 0} Real Real Real
                                      (@instHDiv.{0} Real (@DivInvMonoid.toDiv.{0} Real Real.instDivInvMonoid))
                                      (@HMul.hMul.{0, 0, 0} Real Real Real (@instHMul.{0} Real Real.instMul)
                                        (@HMul.hMul.{0, 0, 0} Real Real Real (@instHMul.{0} Real Real.instMul) gamma q)
                                        x)
                                      h))
                                  (@OfNat.ofNat.{0} Real (nat_lit 1) (@One.toOfNat1.{0} Real Real.instOne))))
                              eps →
                            @LE.le.{0} Real Real.instLE
                                (@abs.{0} Real Real.lattice Real.instAddGroup
                                  (@HSub.hSub.{0, 0, 0} Real Real Real (@instHSub.{0} Real Real.instSub)
                                    (@HDiv.hDiv.{0, 0, 0} Real Real Real
                                      (@instHDiv.{0} Real (@DivInvMonoid.toDiv.{0} Real Real.instDivInvMonoid)) T t)
                                    (@OfNat.ofNat.{0} Real (nat_lit 1) (@One.toOfNat1.{0} Real Real.instOne))))
                                eps →
                              @LE.le.{0} Real Real.instLE
                                  (@abs.{0} Real Real.lattice Real.instAddGroup
                                    (@HSub.hSub.{0, 0, 0} Real Real Real (@instHSub.{0} Real Real.instSub)
                                      (@HDiv.hDiv.{0, 0, 0} Real Real Real
                                        (@instHDiv.{0} Real (@DivInvMonoid.toDiv.{0} Real Real.instDivInvMonoid)) W mu)
                                      (@OfNat.ofNat.{0} Real (nat_lit 1) (@One.toOfNat1.{0} Real Real.instOne))))
                                  eps →
                                have C :=
                                  @HAdd.hAdd.{0, 0, 0} Real Real Real (@instHAdd.{0} Real Real.instAdd)
                                    (@HAdd.hAdd.{0, 0, 0} Real Real Real (@instHAdd.{0} Real Real.instAdd)
                                      (@OfNat.ofNat.{0} Real (nat_lit 1) (@One.toOfNat1.{0} Real Real.instOne))
                                      (@HMul.hMul.{0, 0, 0} Real Real Real (@instHMul.{0} Real Real.instMul)
                                        (@HMul.hMul.{0, 0, 0} Real Real Real (@instHMul.{0} Real Real.instMul)
                                          (@OfNat.ofNat.{0} Real (nat_lit 22)
                                            (@instOfNatAtLeastTwo.{0} Real (nat_lit 22) Real.instNatCast ⋯))
                                          gamma)
                                        q))
                                    (@HMul.hMul.{0, 0, 0} Real Real Real (@instHMul.{0} Real Real.instMul)
                                      (@HMul.hMul.{0, 0, 0} Real Real Real (@instHMul.{0} Real Real.instMul)
                                        (@OfNat.ofNat.{0} Real (nat_lit 16)
                                          (@instOfNatAtLeastTwo.{0} Real (nat_lit 16) Real.instNatCast ⋯))
                                        (@HPow.hPow.{0, 0, 0} Real Nat Real
                                          (@instHPow.{0, 0} Real Nat
                                            (@NPow.toPow.{0} Real (@Monoid.toNPow.{0} Real Real.instMonoid)))
                                          gamma (@OfNat.ofNat.{0} Nat (nat_lit 2) (instOfNatNat (nat_lit 2)))))
                                      q);
                                have H :=
                                  @HMul.hMul.{0, 0, 0} Real Real Real (@instHMul.{0} Real Real.instMul)
                                    (@HDiv.hDiv.{0, 0, 0} Real Real Real
                                      (@instHDiv.{0} Real (@DivInvMonoid.toDiv.{0} Real Real.instDivInvMonoid)) x h)
                                    (Real.exp
                                      (@Neg.neg.{0} Real Real.instNeg
                                        (@HDiv.hDiv.{0, 0, 0} Real Real Real
                                          (@instHDiv.{0} Real (@DivInvMonoid.toDiv.{0} Real Real.instDivInvMonoid))
                                          (@HMul.hMul.{0, 0, 0} Real Real Real (@instHMul.{0} Real Real.instMul) q x)
                                          (@OfNat.ofNat.{0} Real (nat_lit 4)
                                            (@instOfNatAtLeastTwo.{0} Real (nat_lit 4) Real.instNatCast ⋯)))));
                                have K :=
                                  @HMul.hMul.{0, 0, 0} Real Real Real (@instHMul.{0} Real Real.instMul)
                                    (@HDiv.hDiv.{0, 0, 0} Real Real Real
                                      (@instHDiv.{0} Real (@DivInvMonoid.toDiv.{0} Real Real.instDivInvMonoid))
                                      (@HMul.hMul.{0, 0, 0} Real Real Real (@instHMul.{0} Real Real.instMul)
                                        (@HMul.hMul.{0, 0, 0} Real Real Real (@instHMul.{0} Real Real.instMul) gamma q)
                                        x)
                                      h)
                                    (Real.exp
                                      (@Neg.neg.{0} Real Real.instNeg
                                        (@HMul.hMul.{0, 0, 0} Real Real Real (@instHMul.{0} Real Real.instMul) q x)));
                                And
                                  (@LE.le.{0} Real Real.instLE
                                    (@OfNat.ofNat.{0} Real (nat_lit 0) (@Zero.toOfNat0.{0} Real Real.instZero)) K)
                                  (And
                                    (@LE.le.{0} Real Real.instLE K
                                      (@HMul.hMul.{0, 0, 0} Real Real Real (@instHMul.{0} Real Real.instMul) C H))
                                    (And
                                      (@LE.le.{0} Real Real.instLE
                                        (Luce.exponentialGapMass theta T
                                          (@HDiv.hDiv.{0, 0, 0} Real Real Real
                                            (@instHDiv.{0} Real (@DivInvMonoid.toDiv.{0} Real Real.instDivInvMonoid)) xi
                                            W))
                                        (@HMul.hMul.{0, 0, 0} Real Real Real (@instHMul.{0} Real Real.instMul)
                                          (@HMul.hMul.{0, 0, 0} Real Real Real (@instHMul.{0} Real Real.instMul) C H)
                                          xi))
                                      (@LE.le.{0} Real Real.instLE
                                        (@abs.{0} Real Real.lattice Real.instAddGroup
                                          (@HSub.hSub.{0, 0, 0} Real Real Real (@instHSub.{0} Real Real.instSub)
                                            (Luce.exponentialGapMass theta T
                                              (@HDiv.hDiv.{0, 0, 0} Real Real Real
                                                (@instHDiv.{0} Real
                                                  (@DivInvMonoid.toDiv.{0} Real Real.instDivInvMonoid))
                                                xi W))
                                            (@HMul.hMul.{0, 0, 0} Real Real Real (@instHMul.{0} Real Real.instMul) K
                                              xi)))
                                        (@HMul.hMul.{0, 0, 0} Real Real Real (@instHMul.{0} Real Real.instMul)
                                          (@HMul.hMul.{0, 0, 0} Real Real Real (@instHMul.{0} Real Real.instMul) C H)
                                          (@HAdd.hAdd.{0, 0, 0} Real Real Real (@instHAdd.{0} Real Real.instAdd)
                                            (@HMul.hMul.{0, 0, 0} Real Real Real (@instHMul.{0} Real Real.instMul) eps
                                              xi)
                                            (@HDiv.hDiv.{0, 0, 0} Real Real Real
                                              (@instHDiv.{0} Real (@DivInvMonoid.toDiv.{0} Real Real.instDivInvMonoid))
                                              (@HPow.hPow.{0, 0, 0} Real Nat Real
                                                (@instHPow.{0, 0} Real Nat
                                                  (@NPow.toPow.{0} Real (@Monoid.toNPow.{0} Real Real.instMonoid)))
                                                xi (@OfNat.ofNat.{0} Nat (nat_lit 2) (instOfNatNat (nat_lit 2))))
                                              h)))))) :=
⋯
'Luce.Section6.normalized_local_pointwise' depends on axioms: [propext, Classical.choice.{u}, Quot.sound.{u}]
theorem Luce.Section6.quarter_window_cutoff : ∀ {a u0 D eps : Real},
  @LT.lt.{0} Real Real.instLT (@OfNat.ofNat.{0} Real (nat_lit 0) (@Zero.toOfNat0.{0} Real Real.instZero)) a →
    @LT.lt.{0} Real Real.instLT (@OfNat.ofNat.{0} Real (nat_lit 0) (@Zero.toOfNat0.{0} Real Real.instZero)) u0 →
      @LT.lt.{0} Real Real.instLT (@OfNat.ofNat.{0} Real (nat_lit 0) (@Zero.toOfNat0.{0} Real Real.instZero)) D →
        @LT.lt.{0} Real Real.instLT (@OfNat.ofNat.{0} Real (nat_lit 0) (@Zero.toOfNat0.{0} Real Real.instZero)) eps →
          ∀ (r : Nat),
            ∃ M,
              And
                (@LE.le.{0} Real Real.instLE (@OfNat.ofNat.{0} Real (nat_lit 1) (@One.toOfNat1.{0} Real Real.instOne))
                  M)
                (∀ (h : Real),
                  @LE.le.{0} Real Real.instLE M h →
                    And
                      (@LE.le.{0} Real Real.instLE
                        (@HPow.hPow.{0, 0, 0} Real Real Real (@instHPow.{0, 0} Real Real Real.instPow) h
                          (@Neg.neg.{0} Real Real.instNeg
                            (@HDiv.hDiv.{0, 0, 0} Real Real Real
                              (@instHDiv.{0} Real (@DivInvMonoid.toDiv.{0} Real Real.instDivInvMonoid))
                              (@OfNat.ofNat.{0} Real (nat_lit 1) (@One.toOfNat1.{0} Real Real.instOne))
                              (@OfNat.ofNat.{0} Real (nat_lit 4)
                                (@instOfNatAtLeastTwo.{0} Real (nat_lit 4) Real.instNatCast ⋯)))))
                        u0)
                      (And
                        (@LE.le.{0} Real Real.instLE
                          (@HMul.hMul.{0, 0, 0} Real Real Real (@instHMul.{0} Real Real.instMul) D
                            (@HPow.hPow.{0, 0, 0} Real Real Real (@instHPow.{0, 0} Real Real Real.instPow) h
                              (@Neg.neg.{0} Real Real.instNeg
                                (@HDiv.hDiv.{0, 0, 0} Real Real Real
                                  (@instHDiv.{0} Real (@DivInvMonoid.toDiv.{0} Real Real.instDivInvMonoid))
                                  (@OfNat.ofNat.{0} Real (nat_lit 1) (@One.toOfNat1.{0} Real Real.instOne))
                                  (@OfNat.ofNat.{0} Real (nat_lit 4)
                                    (@instOfNatAtLeastTwo.{0} Real (nat_lit 4) Real.instNatCast ⋯))))))
                          eps)
                        (@LE.le.{0} Real Real.instLE
                          (@HMul.hMul.{0, 0, 0} Real Real Real (@instHMul.{0} Real Real.instMul)
                            (@OfNat.ofNat.{0} Real (nat_lit 8)
                              (@instOfNatAtLeastTwo.{0} Real (nat_lit 8) Real.instNatCast ⋯))
                            (@Nat.cast.{0} Real Real.instNatCast r))
                          (@HMul.hMul.{0, 0, 0} Real Real Real (@instHMul.{0} Real Real.instMul)
                            (@HMul.hMul.{0, 0, 0} Real Real Real (@instHMul.{0} Real Real.instMul) a
                              (@HPow.hPow.{0, 0, 0} Real Real Real (@instHPow.{0, 0} Real Real Real.instPow) h
                                (@Neg.neg.{0} Real Real.instNeg
                                  (@HDiv.hDiv.{0, 0, 0} Real Real Real
                                    (@instHDiv.{0} Real (@DivInvMonoid.toDiv.{0} Real Real.instDivInvMonoid))
                                    (@OfNat.ofNat.{0} Real (nat_lit 1) (@One.toOfNat1.{0} Real Real.instOne))
                                    (@OfNat.ofNat.{0} Real (nat_lit 4)
                                      (@instOfNatAtLeastTwo.{0} Real (nat_lit 4) Real.instNatCast ⋯))))))
                            h)))) :=
⋯
'Luce.Section6.quarter_window_cutoff' depends on axioms: [propext, Classical.choice.{u}, Quot.sound.{u}]
theorem Luce.Section6.quarter_window_probability_scale : ∀ {h C : Real},
  @LT.lt.{0} Real Real.instLT (@OfNat.ofNat.{0} Real (nat_lit 0) (@Zero.toOfNat0.{0} Real Real.instZero)) h →
    @Eq.{1} Real
      (@HDiv.hDiv.{0, 0, 0} Real Real Real (@instHDiv.{0} Real (@DivInvMonoid.toDiv.{0} Real Real.instDivInvMonoid)) C
        (@HMul.hMul.{0, 0, 0} Real Real Real (@instHMul.{0} Real Real.instMul)
          (@HPow.hPow.{0, 0, 0} Real Nat Real
            (@instHPow.{0, 0} Real Nat (@NPow.toPow.{0} Real (@Monoid.toNPow.{0} Real Real.instMonoid)))
            (@HPow.hPow.{0, 0, 0} Real Real Real (@instHPow.{0, 0} Real Real Real.instPow) h
              (@Neg.neg.{0} Real Real.instNeg
                (@HDiv.hDiv.{0, 0, 0} Real Real Real
                  (@instHDiv.{0} Real (@DivInvMonoid.toDiv.{0} Real Real.instDivInvMonoid))
                  (@OfNat.ofNat.{0} Real (nat_lit 1) (@One.toOfNat1.{0} Real Real.instOne))
                  (@OfNat.ofNat.{0} Real (nat_lit 4) (@instOfNatAtLeastTwo.{0} Real (nat_lit 4) Real.instNatCast ⋯)))))
            (@OfNat.ofNat.{0} Nat (nat_lit 2) (instOfNatNat (nat_lit 2))))
          h))
      (@HMul.hMul.{0, 0, 0} Real Real Real (@instHMul.{0} Real Real.instMul) C
        (@HPow.hPow.{0, 0, 0} Real Real Real (@instHPow.{0, 0} Real Real Real.instPow) h
          (@Neg.neg.{0} Real Real.instNeg
            (@HDiv.hDiv.{0, 0, 0} Real Real Real
              (@instHDiv.{0} Real (@DivInvMonoid.toDiv.{0} Real Real.instDivInvMonoid))
              (@OfNat.ofNat.{0} Real (nat_lit 1) (@One.toOfNat1.{0} Real Real.instOne))
              (@OfNat.ofNat.{0} Real (nat_lit 2) (@instOfNatAtLeastTwo.{0} Real (nat_lit 2) Real.instNatCast ⋯)))))) :=
⋯
'Luce.Section6.quarter_window_probability_scale' depends on axioms: [propext, Classical.choice.{u}, Quot.sound.{u}]
theorem Luce.Section6.quarter_window_square_root : ∀ {h : Real},
  @LT.lt.{0} Real Real.instLT (@OfNat.ofNat.{0} Real (nat_lit 0) (@Zero.toOfNat0.{0} Real Real.instZero)) h →
    @Eq.{1} Real
      (@HPow.hPow.{0, 0, 0} Real Real Real (@instHPow.{0, 0} Real Real Real.instPow) h
          (@Neg.neg.{0} Real Real.instNeg
            (@HDiv.hDiv.{0, 0, 0} Real Real Real
              (@instHDiv.{0} Real (@DivInvMonoid.toDiv.{0} Real Real.instDivInvMonoid))
              (@OfNat.ofNat.{0} Real (nat_lit 1) (@One.toOfNat1.{0} Real Real.instOne))
              (@OfNat.ofNat.{0} Real (nat_lit 2) (@instOfNatAtLeastTwo.{0} Real (nat_lit 2) Real.instNatCast ⋯))))).sqrt
      (@HPow.hPow.{0, 0, 0} Real Real Real (@instHPow.{0, 0} Real Real Real.instPow) h
        (@Neg.neg.{0} Real Real.instNeg
          (@HDiv.hDiv.{0, 0, 0} Real Real Real (@instHDiv.{0} Real (@DivInvMonoid.toDiv.{0} Real Real.instDivInvMonoid))
            (@OfNat.ofNat.{0} Real (nat_lit 1) (@One.toOfNat1.{0} Real Real.instOne))
            (@OfNat.ofNat.{0} Real (nat_lit 4) (@instOfNatAtLeastTwo.{0} Real (nat_lit 4) Real.instNatCast ⋯))))) :=
⋯
'Luce.Section6.quarter_window_square_root' depends on axioms: [propext, Classical.choice.{u}, Quot.sound.{u}]
theorem Luce.Section6.cornerDistance_positive : ∀ (side : Luce.Section6.Corner) {n : Nat} (i : Fin n),
  @LT.lt.{0} Nat instLTNat (@OfNat.ofNat.{0} Nat (nat_lit 0) (instOfNatNat (nat_lit 0)))
    (@Luce.Section6.cornerDistance side n i) :=
⋯
'Luce.Section6.cornerDistance_positive' depends on axioms: [propext, Quot.sound.{u}]
theorem Luce.Section6.cornerQuantileTime_positive : ∀ (side : Luce.Section6.Corner) {n h : Nat} (w : Luce.Weights n),
  @LT.lt.{0} Nat instLTNat (@OfNat.ofNat.{0} Nat (nat_lit 0) (instOfNatNat (nat_lit 0))) h →
    @LT.lt.{0} Nat instLTNat h n →
      @LT.lt.{0} Real Real.instLT (@OfNat.ofNat.{0} Real (nat_lit 0) (@Zero.toOfNat0.{0} Real Real.instZero))
        (@Luce.Section6.cornerQuantileTime side n w h) :=
⋯
'Luce.Section6.cornerQuantileTime_positive' depends on axioms: [propext, Classical.choice.{u}, Quot.sound.{u}]
theorem Luce.Section6.PowerProfile.local_corner_parameters_pos : ∀ {f : Real → Real}
  {left right : Luce.Section6.EndpointBehavior},
  Luce.Section6.PowerProfile f left right →
    ∀ (side : Luce.Section6.Corner),
      (Luce.Section6.cornerBehavior left right side).active →
        And
          (@LT.lt.{0} Real Real.instLT (@OfNat.ofNat.{0} Real (nat_lit 0) (@Zero.toOfNat0.{0} Real Real.instZero))
            (Luce.Section6.localCornerExponent (Luce.Section6.cornerBehavior left right side)))
          (@LT.lt.{0} Real Real.instLT (@OfNat.ofNat.{0} Real (nat_lit 0) (@Zero.toOfNat0.{0} Real Real.instZero))
            (Luce.Section6.localCornerQ side (Luce.Section6.cornerBehavior left right side))) :=
⋯
'Luce.Section6.PowerProfile.local_corner_parameters_pos' depends on axioms: [propext,
 Classical.choice.{u},
 Quot.sound.{u}]
theorem Luce.Section6.localCornerRatio_positive : ∀ (side : Luce.Section6.Corner)
  (behavior : Luce.Section6.EndpointBehavior) {a h : Nat},
  @LT.lt.{0} Nat instLTNat (@OfNat.ofNat.{0} Nat (nat_lit 0) (instOfNatNat (nat_lit 0))) a →
    @LT.lt.{0} Nat instLTNat (@OfNat.ofNat.{0} Nat (nat_lit 0) (instOfNatNat (nat_lit 0))) h →
      @LT.lt.{0} Real Real.instLT (@OfNat.ofNat.{0} Real (nat_lit 0) (@Zero.toOfNat0.{0} Real Real.instZero))
        (Luce.Section6.localCornerRatio side behavior a h) :=
⋯
'Luce.Section6.localCornerRatio_positive' depends on axioms: [propext, Classical.choice.{u}, Quot.sound.{u}]
theorem Luce.Section6.localEnvelopeKernel_positive : ∀ (side : Luce.Section6.Corner)
  (behavior : Luce.Section6.EndpointBehavior) (d : Real) {a h : Nat},
  @LT.lt.{0} Nat instLTNat (@OfNat.ofNat.{0} Nat (nat_lit 0) (instOfNatNat (nat_lit 0))) a →
    @LT.lt.{0} Nat instLTNat (@OfNat.ofNat.{0} Nat (nat_lit 0) (instOfNatNat (nat_lit 0))) h →
      @LT.lt.{0} Real Real.instLT (@OfNat.ofNat.{0} Real (nat_lit 0) (@Zero.toOfNat0.{0} Real Real.instZero))
        (Luce.Section6.localEnvelopeKernel side behavior d a h) :=
⋯
'Luce.Section6.localEnvelopeKernel_positive' depends on axioms: [propext, Classical.choice.{u}, Quot.sound.{u}]
theorem Luce.Section6.localEnvelopeKernel_antitone : ∀ (side : Luce.Section6.Corner)
  (behavior : Luce.Section6.EndpointBehavior) {a h : Nat},
  @LT.lt.{0} Nat instLTNat (@OfNat.ofNat.{0} Nat (nat_lit 0) (instOfNatNat (nat_lit 0))) a →
    @LT.lt.{0} Nat instLTNat (@OfNat.ofNat.{0} Nat (nat_lit 0) (instOfNatNat (nat_lit 0))) h →
      ∀ {d D : Real},
        @LE.le.{0} Real Real.instLE d D →
          @LE.le.{0} Real Real.instLE (Luce.Section6.localEnvelopeKernel side behavior D a h)
            (Luce.Section6.localEnvelopeKernel side behavior d a h) :=
⋯
'Luce.Section6.localEnvelopeKernel_antitone' depends on axioms: [propext, Classical.choice.{u}, Quot.sound.{u}]
theorem Luce.Section6.localIdealKernel_nonneg : ∀ (side : Luce.Section6.Corner)
  (behavior : Luce.Section6.EndpointBehavior),
  @LE.le.{0} Real Real.instLE (@OfNat.ofNat.{0} Real (nat_lit 0) (@Zero.toOfNat0.{0} Real Real.instZero))
      (Luce.Section6.localCornerExponent behavior) →
    @LE.le.{0} Real Real.instLE (@OfNat.ofNat.{0} Real (nat_lit 0) (@Zero.toOfNat0.{0} Real Real.instZero))
        (Luce.Section6.localCornerQ side behavior) →
      ∀ {a h : Nat},
        @LT.lt.{0} Nat instLTNat (@OfNat.ofNat.{0} Nat (nat_lit 0) (instOfNatNat (nat_lit 0))) a →
          @LT.lt.{0} Nat instLTNat (@OfNat.ofNat.{0} Nat (nat_lit 0) (instOfNatNat (nat_lit 0))) h →
            @LE.le.{0} Real Real.instLE (@OfNat.ofNat.{0} Real (nat_lit 0) (@Zero.toOfNat0.{0} Real Real.instZero))
              (Luce.Section6.localIdealKernel side behavior a h) :=
⋯
'Luce.Section6.localIdealKernel_nonneg' depends on axioms: [propext, Classical.choice.{u}, Quot.sound.{u}]
theorem Luce.Section6.localIdealKernel_le_envelope : ∀ (side : Luce.Section6.Corner)
  (behavior : Luce.Section6.EndpointBehavior),
  @LE.le.{0} Real Real.instLE (@OfNat.ofNat.{0} Real (nat_lit 0) (@Zero.toOfNat0.{0} Real Real.instZero))
      (Luce.Section6.localCornerExponent behavior) →
    @LE.le.{0} Real Real.instLE (@OfNat.ofNat.{0} Real (nat_lit 0) (@Zero.toOfNat0.{0} Real Real.instZero))
        (Luce.Section6.localCornerQ side behavior) →
      ∀ {a h : Nat},
        @LT.lt.{0} Nat instLTNat (@OfNat.ofNat.{0} Nat (nat_lit 0) (instOfNatNat (nat_lit 0))) a →
          @LT.lt.{0} Nat instLTNat (@OfNat.ofNat.{0} Nat (nat_lit 0) (instOfNatNat (nat_lit 0))) h →
            ∀ {d : Real},
              @LE.le.{0} Real Real.instLE d (Luce.Section6.localCornerQ side behavior) →
                @LE.le.{0} Real Real.instLE (Luce.Section6.localIdealKernel side behavior a h)
                  (@HMul.hMul.{0, 0, 0} Real Real Real (@instHMul.{0} Real Real.instMul)
                    (@HMul.hMul.{0, 0, 0} Real Real Real (@instHMul.{0} Real Real.instMul)
                      (Luce.Section6.localCornerExponent behavior) (Luce.Section6.localCornerQ side behavior))
                    (Luce.Section6.localEnvelopeKernel side behavior d a h)) :=
⋯
'Luce.Section6.localIdealKernel_le_envelope' depends on axioms: [propext, Classical.choice.{u}, Quot.sound.{u}]
theorem Luce.Section6.PowerProfile.corner_cross_depth_relative_error : ∀ {f : Real → Real}
  {left right : Luce.Section6.EndpointBehavior},
  Luce.Section6.PowerProfile f left right →
    ∀ (grid : Luce.Section6.SamplingGrid) (w : Luce.WeightArray),
      Luce.Section6.SampledRates grid w f →
        ∀ (side : Luce.Section6.Corner),
          (Luce.Section6.cornerBehavior left right side).active →
            ∃ rho C delta M,
              And
                (@LT.lt.{0} Real Real.instLT (@OfNat.ofNat.{0} Real (nat_lit 0) (@Zero.toOfNat0.{0} Real Real.instZero))
                  rho)
                (And
                  (@LT.lt.{0} Real Real.instLT
                    (@OfNat.ofNat.{0} Real (nat_lit 0) (@Zero.toOfNat0.{0} Real Real.instZero)) C)
                  (And
                    (@LT.lt.{0} Real Real.instLT
                      (@OfNat.ofNat.{0} Real (nat_lit 0) (@Zero.toOfNat0.{0} Real Real.instZero)) delta)
                    (And
                      (@LE.le.{0} Real Real.instLE delta
                        (@OfNat.ofNat.{0} Real (nat_lit 1) (@One.toOfNat1.{0} Real Real.instOne)))
                      (And
                        (@LE.le.{0} Real Real.instLE
                          (@OfNat.ofNat.{0} Real (nat_lit 1) (@One.toOfNat1.{0} Real Real.instOne)) M)
                        (∀ (n : Nat) (i j : Fin n),
                          @LE.le.{0} Real Real.instLE M
                              (@Nat.cast.{0} Real Real.instNatCast (@Luce.Section6.cornerDistance side n i)) →
                            @LE.le.{0} Real Real.instLE M
                                (@Nat.cast.{0} Real Real.instNatCast (@Luce.Section6.cornerDistance side n j)) →
                              @LT.lt.{0} Real Real.instLT
                                  (@HDiv.hDiv.{0, 0, 0} Real Real Real
                                    (@instHDiv.{0} Real (@DivInvMonoid.toDiv.{0} Real Real.instDivInvMonoid))
                                    (@Nat.cast.{0} Real Real.instNatCast (@Luce.Section6.cornerDistance side n i))
                                    (@Nat.cast.{0} Real Real.instNatCast n))
                                  delta →
                                @LT.lt.{0} Real Real.instLT
                                    (@HDiv.hDiv.{0, 0, 0} Real Real Real
                                      (@instHDiv.{0} Real (@DivInvMonoid.toDiv.{0} Real Real.instDivInvMonoid))
                                      (@Nat.cast.{0} Real Real.instNatCast (@Luce.Section6.cornerDistance side n j))
                                      (@Nat.cast.{0} Real Real.instNatCast n))
                                    delta →
                                  have behavior := Luce.Section6.cornerBehavior left right side;
                                  have x :=
                                    Luce.Section6.localCornerRatio side behavior
                                      (@Luce.Section6.cornerDistance side n i) (@Luce.Section6.cornerDistance side n j);
                                  have q := Luce.Section6.localCornerQ side behavior;
                                  have t :=
                                    @Luce.Section6.cornerQuantileTime side n (w n)
                                      (@Luce.Section6.cornerDistance side n j);
                                  have e :=
                                    Luce.Section6.crossDepthError rho (@Nat.cast.{0} Real Real.instNatCast n)
                                      (@Nat.cast.{0} Real Real.instNatCast (@Luce.Section6.cornerDistance side n i))
                                      (@Nat.cast.{0} Real Real.instNatCast (@Luce.Section6.cornerDistance side n j));
                                  And
                                    (@LE.le.{0} Real Real.instLE
                                      (@abs.{0} Real Real.lattice Real.instAddGroup
                                        (@HSub.hSub.{0, 0, 0} Real Real Real (@instHSub.{0} Real Real.instSub)
                                          (@HDiv.hDiv.{0, 0, 0} Real Real Real
                                            (@instHDiv.{0} Real (@DivInvMonoid.toDiv.{0} Real Real.instDivInvMonoid))
                                            (@HMul.hMul.{0, 0, 0} Real Real Real (@instHMul.{0} Real Real.instMul)
                                              (@Luce.Weights.rate n (w n) i) t)
                                            (@HMul.hMul.{0, 0, 0} Real Real Real (@instHMul.{0} Real Real.instMul) q x))
                                          (@OfNat.ofNat.{0} Real (nat_lit 1) (@One.toOfNat1.{0} Real Real.instOne))))
                                      (@HMul.hMul.{0, 0, 0} Real Real Real (@instHMul.{0} Real Real.instMul) C e))
                                    (@LE.le.{0} Real Real.instLE
                                      (@abs.{0} Real Real.lattice Real.instAddGroup
                                        (@HSub.hSub.{0, 0, 0} Real Real Real (@instHSub.{0} Real Real.instSub)
                                          (@HDiv.hDiv.{0, 0, 0} Real Real Real
                                            (@instHDiv.{0} Real (@DivInvMonoid.toDiv.{0} Real Real.instDivInvMonoid))
                                            (@HDiv.hDiv.{0, 0, 0} Real Real Real
                                              (@instHDiv.{0} Real (@DivInvMonoid.toDiv.{0} Real Real.instDivInvMonoid))
                                              (@Luce.Weights.rate n (w n) i)
                                              (@HMul.hMul.{0, 0, 0} Real Real Real (@instHMul.{0} Real Real.instMul)
                                                (@Nat.cast.{0} Real Real.instNatCast n)
                                                (@Luce.Section6.populationD n (w n)
                                                  (@OfNat.ofNat.{0} Nat (nat_lit 1) (instOfNatNat (nat_lit 1))) t)))
                                            (@HDiv.hDiv.{0, 0, 0} Real Real Real
                                              (@instHDiv.{0} Real (@DivInvMonoid.toDiv.{0} Real Real.instDivInvMonoid))
                                              (@HMul.hMul.{0, 0, 0} Real Real Real (@instHMul.{0} Real Real.instMul)
                                                (@HMul.hMul.{0, 0, 0} Real Real Real (@instHMul.{0} Real Real.instMul)
                                                  (Luce.Section6.localCornerExponent behavior) q)
                                                x)
                                              (@Nat.cast.{0} Real Real.instNatCast
                                                (@Luce.Section6.cornerDistance side n j))))
                                          (@OfNat.ofNat.{0} Real (nat_lit 1) (@One.toOfNat1.{0} Real Real.instOne))))
                                      (@HMul.hMul.{0, 0, 0} Real Real Real (@instHMul.{0} Real Real.instMul) C
                                        e))))))) :=
⋯
'Luce.Section6.PowerProfile.corner_cross_depth_relative_error' depends on axioms: [propext,
 Classical.choice.{u},
 Quot.sound.{u}]
theorem Luce.Section6.PowerProfile.corner_joint_quantile_window : ∀ {f : Real → Real}
  {left right : Luce.Section6.EndpointBehavior},
  Luce.Section6.PowerProfile f left right →
    ∀ (side : Luce.Section6.Corner),
      (Luce.Section6.cornerBehavior left right side).active →
        ∃ a V K u0 delta M,
          And
            (@LT.lt.{0} Real Real.instLT (@OfNat.ofNat.{0} Real (nat_lit 0) (@Zero.toOfNat0.{0} Real Real.instZero)) a)
            (And
              (@LE.le.{0} Real Real.instLE a (@OfNat.ofNat.{0} Real (nat_lit 1) (@One.toOfNat1.{0} Real Real.instOne)))
              (And
                (@LT.lt.{0} Real Real.instLT (@OfNat.ofNat.{0} Real (nat_lit 0) (@Zero.toOfNat0.{0} Real Real.instZero))
                  V)
                (And
                  (@LT.lt.{0} Real Real.instLT
                    (@OfNat.ofNat.{0} Real (nat_lit 0) (@Zero.toOfNat0.{0} Real Real.instZero)) K)
                  (And
                    (@LT.lt.{0} Real Real.instLT
                      (@OfNat.ofNat.{0} Real (nat_lit 0) (@Zero.toOfNat0.{0} Real Real.instZero)) u0)
                    (And
                      (@LE.le.{0} Real Real.instLE u0
                        (@HDiv.hDiv.{0, 0, 0} Real Real Real
                          (@instHDiv.{0} Real (@DivInvMonoid.toDiv.{0} Real Real.instDivInvMonoid))
                          (@OfNat.ofNat.{0} Real (nat_lit 1) (@One.toOfNat1.{0} Real Real.instOne))
                          (@OfNat.ofNat.{0} Real (nat_lit 2)
                            (@instOfNatAtLeastTwo.{0} Real (nat_lit 2) Real.instNatCast ⋯))))
                      (And
                        (@LT.lt.{0} Real Real.instLT
                          (@OfNat.ofNat.{0} Real (nat_lit 0) (@Zero.toOfNat0.{0} Real Real.instZero)) delta)
                        (And
                          (@LT.lt.{0} Real Real.instLT
                            (@OfNat.ofNat.{0} Real (nat_lit 0) (@Zero.toOfNat0.{0} Real Real.instZero)) M)
                          (∀ (grid : Luce.Section6.SamplingGrid) (w : Luce.WeightArray),
                            Luce.Section6.SampledRates grid w f →
                              ∀ (n m r : Nat),
                                @LT.lt.{0} Nat instLTNat (@OfNat.ofNat.{0} Nat (nat_lit 0) (instOfNatNat (nat_lit 0)))
                                    m →
                                  @LT.lt.{0} Nat instLTNat m n →
                                    @LE.le.{0} Real Real.instLE M (@Nat.cast.{0} Real Real.instNatCast m) →
                                      @LT.lt.{0} Real Real.instLT
                                          (@HDiv.hDiv.{0, 0, 0} Real Real Real
                                            (@instHDiv.{0} Real (@DivInvMonoid.toDiv.{0} Real Real.instDivInvMonoid))
                                            (@Nat.cast.{0} Real Real.instNatCast m)
                                            (@Nat.cast.{0} Real Real.instNatCast n))
                                          delta →
                                        ∀ (removed : Finset.{0} (Fin n)),
                                          @LE.le.{0} Nat instLENat (@Finset.card.{0} (Fin n) removed) r →
                                            ∀
                                              (q :
                                                Fin
                                                  (@Finset.card.{0} (Fin n)
                                                    (@SDiff.sdiff.{0} (Finset.{0} (Fin n))
                                                      (@Finset.instSDiff.{0} (Fin n) (instDecidableEqFin n))
                                                      (@Finset.univ.{0} (Fin n) (Fin.fintype n)) removed))),
                                              @LE.le.{0} Real Real.instLE
                                                  (@abs.{0} Real Real.lattice Real.instAddGroup
                                                    (@HSub.hSub.{0, 0, 0} Real Real Real
                                                      (@instHSub.{0} Real Real.instSub)
                                                      (Luce.Section6.localGapDepth side
                                                        (@Finset.card.{0} (Fin n)
                                                          (@SDiff.sdiff.{0} (Finset.{0} (Fin n))
                                                            (@Finset.instSDiff.{0} (Fin n) (instDecidableEqFin n))
                                                            (@Finset.univ.{0} (Fin n) (Fin.fintype n)) removed))
                                                        (@Fin.val
                                                          (@Finset.card.{0} (Fin n)
                                                            (@SDiff.sdiff.{0} (Finset.{0} (Fin n))
                                                              (@Finset.instSDiff.{0} (Fin n) (instDecidableEqFin n))
                                                              (@Finset.univ.{0} (Fin n) (Fin.fintype n)) removed))
                                                          q))
                                                      (@Nat.cast.{0} Real Real.instNatCast m)))
                                                  (@Nat.cast.{0} Real Real.instNatCast r) →
                                                ∀ (u : Real),
                                                  @LT.lt.{0} Real Real.instLT
                                                      (@OfNat.ofNat.{0} Real (nat_lit 0)
                                                        (@Zero.toOfNat0.{0} Real Real.instZero))
                                                      u →
                                                    @LE.le.{0} Real Real.instLE u u0 →
                                                      @LE.le.{0} Real Real.instLE
                                                          (@HMul.hMul.{0, 0, 0} Real Real Real
                                                            (@instHMul.{0} Real Real.instMul)
                                                            (@OfNat.ofNat.{0} Real (nat_lit 8)
                                                              (@instOfNatAtLeastTwo.{0} Real (nat_lit 8)
                                                                Real.instNatCast ⋯))
                                                            (@Nat.cast.{0} Real Real.instNatCast r))
                                                          (@HMul.hMul.{0, 0, 0} Real Real Real
                                                            (@instHMul.{0} Real Real.instMul)
                                                            (@HMul.hMul.{0, 0, 0} Real Real Real
                                                              (@instHMul.{0} Real Real.instMul) a u)
                                                            (@Nat.cast.{0} Real Real.instNatCast m)) →
                                                        have t := @Luce.Section6.cornerQuantileTime side n (w n) m;
                                                        @LE.le.{0} Real Real.instLE
                                                          (@MeasureTheory.Measure.real.{0} (Fin n → Real)
                                                            (@MeasurableSpace.pi.{0, 0} (Fin n) (fun a => Real) fun a =>
                                                              Real.measurableSpace)
                                                            (@Luce.exponentialRace n (w n))
                                                            (@Set.ofPred.{0} (Fin n → Real) fun old =>
                                                              Or
                                                                (@LT.lt.{0} Real Real.instLT u
                                                                  (@abs.{0} Real Real.lattice Real.instAddGroup
                                                                    (@HSub.hSub.{0, 0, 0} Real Real Real
                                                                      (@instHSub.{0} Real Real.instSub)
                                                                      (@HDiv.hDiv.{0, 0, 0} Real Real Real
                                                                        (@instHDiv.{0} Real
                                                                          (@DivInvMonoid.toDiv.{0} Real
                                                                            Real.instDivInvMonoid))
                                                                        (@Luce.raceGapStart
                                                                          (@Finset.card.{0} (Fin n)
                                                                            (@SDiff.sdiff.{0} (Finset.{0} (Fin n))
                                                                              (@Finset.instSDiff.{0} (Fin n)
                                                                                (instDecidableEqFin n))
                                                                              (@Finset.univ.{0} (Fin n) (Fin.fintype n))
                                                                              removed))
                                                                          (@Luce.compactDeletedClocks n removed old) q)
                                                                        t)
                                                                      (@OfNat.ofNat.{0} Real (nat_lit 1)
                                                                        (@One.toOfNat1.{0} Real Real.instOne)))))
                                                                (@LT.lt.{0} Real Real.instLT
                                                                  (@HMul.hMul.{0, 0, 0} Real Real Real
                                                                    (@instHMul.{0} Real Real.instMul) V u)
                                                                  (@abs.{0} Real Real.lattice Real.instAddGroup
                                                                    (@HSub.hSub.{0, 0, 0} Real Real Real
                                                                      (@instHSub.{0} Real Real.instSub)
                                                                      (@HDiv.hDiv.{0, 0, 0} Real Real Real
                                                                        (@instHDiv.{0} Real
                                                                          (@DivInvMonoid.toDiv.{0} Real
                                                                            Real.instDivInvMonoid))
                                                                        (@Luce.raceGapRate
                                                                          (@Finset.card.{0} (Fin n)
                                                                            (@SDiff.sdiff.{0} (Finset.{0} (Fin n))
                                                                              (@Finset.instSDiff.{0} (Fin n)
                                                                                (instDecidableEqFin n))
                                                                              (@Finset.univ.{0} (Fin n) (Fin.fintype n))
                                                                              removed))
                                                                          (@Luce.compactDeletedWeights n (w n) removed)
                                                                          (@Luce.compactDeletedClocks n removed old) q)
                                                                        (@HMul.hMul.{0, 0, 0} Real Real Real
                                                                          (@instHMul.{0} Real Real.instMul)
                                                                          (@Nat.cast.{0} Real Real.instNatCast n)
                                                                          (@Luce.Section6.populationD n (w n)
                                                                            (@OfNat.ofNat.{0} Nat (nat_lit 1)
                                                                              (instOfNatNat (nat_lit 1)))
                                                                            t)))
                                                                      (@OfNat.ofNat.{0} Real (nat_lit 1)
                                                                        (@One.toOfNat1.{0} Real Real.instOne)))))))
                                                          (@HDiv.hDiv.{0, 0, 0} Real Real Real
                                                            (@instHDiv.{0} Real
                                                              (@DivInvMonoid.toDiv.{0} Real Real.instDivInvMonoid))
                                                            K
                                                            (@HMul.hMul.{0, 0, 0} Real Real Real
                                                              (@instHMul.{0} Real Real.instMul)
                                                              (@HPow.hPow.{0, 0, 0} Real Nat Real
                                                                (@instHPow.{0, 0} Real Nat
                                                                  (@NPow.toPow.{0} Real
                                                                    (@Monoid.toNPow.{0} Real Real.instMonoid)))
                                                                u
                                                                (@OfNat.ofNat.{0} Nat (nat_lit 2)
                                                                  (instOfNatNat (nat_lit 2))))
                                                              (@Nat.cast.{0} Real Real.instNatCast m))))))))))) :=
⋯
'Luce.Section6.PowerProfile.corner_joint_quantile_window' depends on axioms: [propext,
 Classical.choice.{u},
 Quot.sound.{u}]
theorem Luce.Section6.PowerProfile.corner_pointwise_window : ∀ {f : Real → Real}
  {left right : Luce.Section6.EndpointBehavior},
  Luce.Section6.PowerProfile f left right →
    ∀ (grid : Luce.Section6.SamplingGrid) (w : Luce.WeightArray),
      Luce.Section6.SampledRates grid w f →
        ∀ (r : Nat) (side : Luce.Section6.Corner),
          (Luce.Section6.cornerBehavior left right side).active →
            ∃ rho C J d delta M,
              And
                (@LT.lt.{0} Real Real.instLT (@OfNat.ofNat.{0} Real (nat_lit 0) (@Zero.toOfNat0.{0} Real Real.instZero))
                  rho)
                (And
                  (@LT.lt.{0} Real Real.instLT
                    (@OfNat.ofNat.{0} Real (nat_lit 0) (@Zero.toOfNat0.{0} Real Real.instZero)) C)
                  (And
                    (@LT.lt.{0} Real Real.instLT
                      (@OfNat.ofNat.{0} Real (nat_lit 0) (@Zero.toOfNat0.{0} Real Real.instZero)) J)
                    (And
                      (@LT.lt.{0} Real Real.instLT
                        (@OfNat.ofNat.{0} Real (nat_lit 0) (@Zero.toOfNat0.{0} Real Real.instZero)) d)
                      (And
                        (@LT.lt.{0} Real Real.instLT
                          (@OfNat.ofNat.{0} Real (nat_lit 0) (@Zero.toOfNat0.{0} Real Real.instZero)) delta)
                        (And
                          (@LE.le.{0} Real Real.instLE delta
                            (@OfNat.ofNat.{0} Real (nat_lit 1) (@One.toOfNat1.{0} Real Real.instOne)))
                          (And
                            (@LE.le.{0} Real Real.instLE
                              (@OfNat.ofNat.{0} Real (nat_lit 1) (@One.toOfNat1.{0} Real Real.instOne)) M)
                            (∀ (n : Nat) (i j : Fin n),
                              @LE.le.{0} Real Real.instLE M
                                  (@Nat.cast.{0} Real Real.instNatCast (@Luce.Section6.cornerDistance side n i)) →
                                @LE.le.{0} Real Real.instLE M
                                    (@Nat.cast.{0} Real Real.instNatCast (@Luce.Section6.cornerDistance side n j)) →
                                  @LT.lt.{0} Real Real.instLT
                                      (@HDiv.hDiv.{0, 0, 0} Real Real Real
                                        (@instHDiv.{0} Real (@DivInvMonoid.toDiv.{0} Real Real.instDivInvMonoid))
                                        (@Nat.cast.{0} Real Real.instNatCast (@Luce.Section6.cornerDistance side n i))
                                        (@Nat.cast.{0} Real Real.instNatCast n))
                                      delta →
                                    @LT.lt.{0} Real Real.instLT
                                        (@HDiv.hDiv.{0, 0, 0} Real Real Real
                                          (@instHDiv.{0} Real (@DivInvMonoid.toDiv.{0} Real Real.instDivInvMonoid))
                                          (@Nat.cast.{0} Real Real.instNatCast (@Luce.Section6.cornerDistance side n j))
                                          (@Nat.cast.{0} Real Real.instNatCast n))
                                        delta →
                                      ∀ (removed : Finset.{0} (Fin n)),
                                        @LE.le.{0} Nat instLENat (@Finset.card.{0} (Fin n) removed) r →
                                          ∀
                                            (k :
                                              Fin
                                                (@Finset.card.{0} (Fin n)
                                                  (@SDiff.sdiff.{0} (Finset.{0} (Fin n))
                                                    (@Finset.instSDiff.{0} (Fin n) (instDecidableEqFin n))
                                                    (@Finset.univ.{0} (Fin n) (Fin.fintype n)) removed))),
                                            @LE.le.{0} Real Real.instLE
                                                (@abs.{0} Real Real.lattice Real.instAddGroup
                                                  (@HSub.hSub.{0, 0, 0} Real Real Real (@instHSub.{0} Real Real.instSub)
                                                    (Luce.Section6.localGapDepth side
                                                      (@Finset.card.{0} (Fin n)
                                                        (@SDiff.sdiff.{0} (Finset.{0} (Fin n))
                                                          (@Finset.instSDiff.{0} (Fin n) (instDecidableEqFin n))
                                                          (@Finset.univ.{0} (Fin n) (Fin.fintype n)) removed))
                                                      (@Fin.val
                                                        (@Finset.card.{0} (Fin n)
                                                          (@SDiff.sdiff.{0} (Finset.{0} (Fin n))
                                                            (@Finset.instSDiff.{0} (Fin n) (instDecidableEqFin n))
                                                            (@Finset.univ.{0} (Fin n) (Fin.fintype n)) removed))
                                                        k))
                                                    (@Nat.cast.{0} Real Real.instNatCast
                                                      (@Luce.Section6.cornerDistance side n j))))
                                                (@Nat.cast.{0} Real Real.instNatCast r) →
                                              have behavior := Luce.Section6.cornerBehavior left right side;
                                              have H :=
                                                Luce.Section6.localEnvelopeKernel side behavior d
                                                  (@Luce.Section6.cornerDistance side n i)
                                                  (@Luce.Section6.cornerDistance side n j);
                                              have K :=
                                                Luce.Section6.localIdealKernel side behavior
                                                  (@Luce.Section6.cornerDistance side n i)
                                                  (@Luce.Section6.cornerDistance side n j);
                                              have err :=
                                                @HAdd.hAdd.{0, 0, 0} Real Real Real (@instHAdd.{0} Real Real.instAdd)
                                                  (@HPow.hPow.{0, 0, 0} Real Real Real
                                                    (@instHPow.{0, 0} Real Real Real.instPow)
                                                    (@Nat.cast.{0} Real Real.instNatCast
                                                      (@Luce.Section6.cornerDistance side n j))
                                                    (@Neg.neg.{0} Real Real.instNeg
                                                      (@HDiv.hDiv.{0, 0, 0} Real Real Real
                                                        (@instHDiv.{0} Real
                                                          (@DivInvMonoid.toDiv.{0} Real Real.instDivInvMonoid))
                                                        (@OfNat.ofNat.{0} Real (nat_lit 1)
                                                          (@One.toOfNat1.{0} Real Real.instOne))
                                                        (@OfNat.ofNat.{0} Real (nat_lit 4)
                                                          (@instOfNatAtLeastTwo.{0} Real (nat_lit 4) Real.instNatCast
                                                            ⋯)))))
                                                  (Luce.Section6.crossDepthError rho
                                                    (@Nat.cast.{0} Real Real.instNatCast n)
                                                    (@Nat.cast.{0} Real Real.instNatCast
                                                      (@Luce.Section6.cornerDistance side n i))
                                                    (@Nat.cast.{0} Real Real.instNatCast
                                                      (@Luce.Section6.cornerDistance side n j)));
                                              And
                                                (@LE.le.{0} Real Real.instLE K
                                                  (@HMul.hMul.{0, 0, 0} Real Real Real (@instHMul.{0} Real Real.instMul)
                                                    C H))
                                                (∃ G,
                                                  And
                                                    (@MeasurableSet.{0} (Fin n → Real)
                                                      (@MeasurableSpace.pi.{0, 0} (Fin n) (fun a => Real) fun a =>
                                                        Real.measurableSpace)
                                                      G)
                                                    (And
                                                      (@LE.le.{0} Real Real.instLE
                                                        (@MeasureTheory.Measure.real.{0} (Fin n → Real)
                                                          (@MeasurableSpace.pi.{0, 0} (Fin n) (fun a => Real) fun a =>
                                                            Real.measurableSpace)
                                                          (@Luce.exponentialRace n (w n))
                                                          (@Compl.compl.{0} (Set.{0} (Fin n → Real))
                                                            (@Set.instCompl.{0} (Fin n → Real)) G))
                                                        (@HMul.hMul.{0, 0, 0} Real Real Real
                                                          (@instHMul.{0} Real Real.instMul) J
                                                          (@HPow.hPow.{0, 0, 0} Real Real Real
                                                            (@instHPow.{0, 0} Real Real Real.instPow)
                                                            (@Nat.cast.{0} Real Real.instNatCast
                                                              (@Luce.Section6.cornerDistance side n j))
                                                            (@Neg.neg.{0} Real Real.instNeg
                                                              (@HDiv.hDiv.{0, 0, 0} Real Real Real
                                                                (@instHDiv.{0} Real
                                                                  (@DivInvMonoid.toDiv.{0} Real Real.instDivInvMonoid))
                                                                (@OfNat.ofNat.{0} Real (nat_lit 1)
                                                                  (@One.toOfNat1.{0} Real Real.instOne))
                                                                (@OfNat.ofNat.{0} Real (nat_lit 2)
                                                                  (@instOfNatAtLeastTwo.{0} Real (nat_lit 2)
                                                                    Real.instNatCast ⋯)))))))
                                                      (@Filter.Eventually.{0} (Fin n → Real)
                                                        (fun old =>
                                                          @Membership.mem.{0, 0} (Fin n → Real) (Set.{0} (Fin n → Real))
                                                              (@Set.instMembership.{0} (Fin n → Real)) G old →
                                                            have xi :=
                                                              @Luce.raceNormalizedGaps
                                                                (@Finset.card.{0} (Fin n)
                                                                  (@SDiff.sdiff.{0} (Finset.{0} (Fin n))
                                                                    (@Finset.instSDiff.{0} (Fin n)
                                                                      (instDecidableEqFin n))
                                                                    (@Finset.univ.{0} (Fin n) (Fin.fintype n)) removed))
                                                                (@Luce.compactDeletedWeights n (w n) removed)
                                                                (@Luce.compactDeletedClocks n removed old) k;
                                                            And
                                                              (@LE.le.{0} Real Real.instLE
                                                                (@Luce.deletedGapKernel n (w n) removed old i
                                                                    (@Fin.val
                                                                      (@Finset.card.{0} (Fin n)
                                                                        (@SDiff.sdiff.{0} (Finset.{0} (Fin n))
                                                                          (@Finset.instSDiff.{0} (Fin n)
                                                                            (instDecidableEqFin n))
                                                                          (@Finset.univ.{0} (Fin n) (Fin.fintype n))
                                                                          removed))
                                                                      k)).toReal
                                                                (@HMul.hMul.{0, 0, 0} Real Real Real
                                                                  (@instHMul.{0} Real Real.instMul)
                                                                  (@HMul.hMul.{0, 0, 0} Real Real Real
                                                                    (@instHMul.{0} Real Real.instMul) C H)
                                                                  xi))
                                                              (@LE.le.{0} Real Real.instLE
                                                                (@abs.{0} Real Real.lattice Real.instAddGroup
                                                                  (@HSub.hSub.{0, 0, 0} Real Real Real
                                                                    (@instHSub.{0} Real Real.instSub)
                                                                    (@Luce.deletedGapKernel n (w n) removed old i
                                                                        (@Fin.val
                                                                          (@Finset.card.{0} (Fin n)
                                                                            (@SDiff.sdiff.{0} (Finset.{0} (Fin n))
                                                                              (@Finset.instSDiff.{0} (Fin n)
                                                                                (instDecidableEqFin n))
                                                                              (@Finset.univ.{0} (Fin n) (Fin.fintype n))
                                                                              removed))
                                                                          k)).toReal
                                                                    (@HMul.hMul.{0, 0, 0} Real Real Real
                                                                      (@instHMul.{0} Real Real.instMul) K xi)))
                                                                (@HMul.hMul.{0, 0, 0} Real Real Real
                                                                  (@instHMul.{0} Real Real.instMul)
                                                                  (@HMul.hMul.{0, 0, 0} Real Real Real
                                                                    (@instHMul.{0} Real Real.instMul) C H)
                                                                  (@HAdd.hAdd.{0, 0, 0} Real Real Real
                                                                    (@instHAdd.{0} Real Real.instAdd)
                                                                    (@HMul.hMul.{0, 0, 0} Real Real Real
                                                                      (@instHMul.{0} Real Real.instMul) err xi)
                                                                    (@HDiv.hDiv.{0, 0, 0} Real Real Real
                                                                      (@instHDiv.{0} Real
                                                                        (@DivInvMonoid.toDiv.{0} Real
                                                                          Real.instDivInvMonoid))
                                                                      (@HPow.hPow.{0, 0, 0} Real Nat Real
                                                                        (@instHPow.{0, 0} Real Nat
                                                                          (@NPow.toPow.{0} Real
                                                                            (@Monoid.toNPow.{0} Real Real.instMonoid)))
                                                                        xi
                                                                        (@OfNat.ofNat.{0} Nat (nat_lit 2)
                                                                          (instOfNatNat (nat_lit 2))))
                                                                      (@Nat.cast.{0} Real Real.instNatCast
                                                                        (@Luce.Section6.cornerDistance side n j)))))))
                                                        (@MeasureTheory.ae.{0, 0} (Fin n → Real)
                                                          (@MeasureTheory.Measure.{0} (Fin n → Real)
                                                            (@MeasurableSpace.pi.{0, 0} (Fin n) (fun a => Real) fun a =>
                                                              Real.measurableSpace))
                                                          (@MeasureTheory.Measure.instFunLike.{0} (Fin n → Real)
                                                            (@MeasurableSpace.pi.{0, 0} (Fin n) (fun a => Real) fun a =>
                                                              Real.measurableSpace))
                                                          ⋯ (@Luce.exponentialRace n (w n))))))))))))) :=
⋯
'Luce.Section6.PowerProfile.corner_pointwise_window' depends on axioms: [propext, Classical.choice.{u}, Quot.sound.{u}]
theorem Luce.Section6.PowerProfile.corner_moderate_insertion_moment : ∀ {f : Real → Real}
  {left right : Luce.Section6.EndpointBehavior},
  Luce.Section6.PowerProfile f left right →
    ∀ (r p0 : Nat),
      @LT.lt.{0} Nat instLTNat (@OfNat.ofNat.{0} Nat (nat_lit 0) (instOfNatNat (nat_lit 0))) p0 →
        ∀ (v : Real),
          @LT.lt.{0} Real Real.instLT (@OfNat.ofNat.{0} Real (nat_lit 0) (@Zero.toOfNat0.{0} Real Real.instZero)) v →
            @LE.le.{0} Real Real.instLE v (@OfNat.ofNat.{0} Real (nat_lit 1) (@One.toOfNat1.{0} Real Real.instOne)) →
              ∀ (side : Luce.Section6.Corner),
                (Luce.Section6.cornerBehavior left right side).active →
                  ∃ C d M delta,
                    And
                      (@LT.lt.{0} Real Real.instLT
                        (@OfNat.ofNat.{0} Real (nat_lit 0) (@Zero.toOfNat0.{0} Real Real.instZero)) C)
                      (And
                        (@LT.lt.{0} Real Real.instLT
                          (@OfNat.ofNat.{0} Real (nat_lit 0) (@Zero.toOfNat0.{0} Real Real.instZero)) d)
                        (And
                          (@LT.lt.{0} Real Real.instLT
                            (@OfNat.ofNat.{0} Real (nat_lit 0) (@Zero.toOfNat0.{0} Real Real.instZero)) M)
                          (And
                            (@LT.lt.{0} Real Real.instLT
                              (@OfNat.ofNat.{0} Real (nat_lit 0) (@Zero.toOfNat0.{0} Real Real.instZero)) delta)
                            (And
                              (@LT.lt.{0} Real Real.instLT delta
                                (@OfNat.ofNat.{0} Real (nat_lit 1) (@One.toOfNat1.{0} Real Real.instOne)))
                              (∀ (grid : Luce.Section6.SamplingGrid) (w : Luce.WeightArray),
                                Luce.Section6.SampledRates grid w f →
                                  ∀ (n : Nat) (i j : Fin n),
                                    @LE.le.{0} Real Real.instLE M
                                        (@Nat.cast.{0} Real Real.instNatCast (@Luce.Section6.cornerDistance side n i)) →
                                      @LE.le.{0} Real Real.instLE M
                                          (@Nat.cast.{0} Real Real.instNatCast
                                            (@Luce.Section6.cornerDistance side n j)) →
                                        @LE.le.{0} Real Real.instLE
                                            (@HDiv.hDiv.{0, 0, 0} Real Real Real
                                              (@instHDiv.{0} Real (@DivInvMonoid.toDiv.{0} Real Real.instDivInvMonoid))
                                              (@Nat.cast.{0} Real Real.instNatCast
                                                (@Luce.Section6.cornerDistance side n i))
                                              (@Nat.cast.{0} Real Real.instNatCast n))
                                            delta →
                                          @LE.le.{0} Real Real.instLE
                                              (@HDiv.hDiv.{0, 0, 0} Real Real Real
                                                (@instHDiv.{0} Real
                                                  (@DivInvMonoid.toDiv.{0} Real Real.instDivInvMonoid))
                                                (@Nat.cast.{0} Real Real.instNatCast
                                                  (@Luce.Section6.cornerDistance side n j))
                                                (@Nat.cast.{0} Real Real.instNatCast n))
                                              delta →
                                            ∀ (removed : Finset.{0} (Fin n)),
                                              @LE.le.{0} Nat instLENat (@Finset.card.{0} (Fin n) removed) r →
                                                ∀
                                                  (k :
                                                    Fin
                                                      (@Finset.card.{0} (Fin n)
                                                        (@SDiff.sdiff.{0} (Finset.{0} (Fin n))
                                                          (@Finset.instSDiff.{0} (Fin n) (instDecidableEqFin n))
                                                          (@Finset.univ.{0} (Fin n) (Fin.fintype n)) removed)))
                                                  (p : Nat),
                                                  @LE.le.{0} Nat instLENat
                                                      (@OfNat.ofNat.{0} Nat (nat_lit 1) (instOfNatNat (nat_lit 1))) p →
                                                    @LE.le.{0} Nat instLENat p p0 →
                                                      @LE.le.{0} Nat instLENat
                                                          ((@Fin.val
                                                                (@Finset.card.{0} (Fin n)
                                                                  (@SDiff.sdiff.{0} (Finset.{0} (Fin n))
                                                                    (@Finset.instSDiff.{0} (Fin n)
                                                                      (instDecidableEqFin n))
                                                                    (@Finset.univ.{0} (Fin n) (Fin.fintype n)) removed))
                                                                k).dist
                                                            (@Fin.val n j))
                                                          (@HAdd.hAdd.{0, 0, 0} Nat Nat Nat
                                                            (@instHAdd.{0} Nat instAddNat) r
                                                            (@OfNat.ofNat.{0} Nat (nat_lit 1)
                                                              (instOfNatNat (nat_lit 1)))) →
                                                        @LE.le.{0} Real Real.instLE
                                                            (Luce.Section6.localCornerRatio side
                                                              (Luce.Section6.cornerBehavior left right side)
                                                              (@Luce.Section6.cornerDistance side n i)
                                                              (@Luce.Section6.cornerDistance side n j))
                                                            (@HPow.hPow.{0, 0, 0} Real Real Real
                                                              (@instHPow.{0, 0} Real Real Real.instPow)
                                                              (@Min.min.{0} Real Real.instMin
                                                                (@Nat.cast.{0} Real Real.instNatCast
                                                                  (@Luce.Section6.cornerDistance side n i))
                                                                (@Nat.cast.{0} Real Real.instNatCast
                                                                  (@Luce.Section6.cornerDistance side n j)))
                                                              v) →
                                                          @LE.le.{0} ENNReal ENNReal.instLE
                                                            (@MeasureTheory.eLpNorm.{0, 0} (Fin n → Real) Real
                                                              (@ContinuousENorm.toENorm.{0} Real
                                                                (@UniformSpace.toTopologicalSpace.{0} Real
                                                                  (@PseudoMetricSpace.toUniformSpace.{0} Real
                                                                    (@SeminormedAddGroup.toPseudoMetricSpace.{0} Real
                                                                      (@SeminormedAddCommGroup.toSeminormedAddGroup.{0}
                                                                        Real
                                                                        (@NonUnitalSeminormedRing.toSeminormedAddCommGroup.{0}
                                                                          Real
                                                                          (@NonUnitalSeminormedCommRing.toNonUnitalSeminormedRing.{0}
                                                                            Real
                                                                            (@SeminormedCommRing.toNonUnitalSeminormedCommRing.{0}
                                                                              Real
                                                                              (@NormedCommRing.toSeminormedCommRing.{0}
                                                                                Real Real.normedCommRing))))))))
                                                                (@SeminormedAddGroup.toContinuousENorm.{0} Real
                                                                  (@SeminormedAddCommGroup.toSeminormedAddGroup.{0} Real
                                                                    (@NonUnitalSeminormedRing.toSeminormedAddCommGroup.{0}
                                                                      Real
                                                                      (@NonUnitalSeminormedCommRing.toNonUnitalSeminormedRing.{0}
                                                                        Real
                                                                        (@SeminormedCommRing.toNonUnitalSeminormedCommRing.{0}
                                                                          Real
                                                                          (@NormedCommRing.toSeminormedCommRing.{0} Real
                                                                            Real.normedCommRing)))))))
                                                              (@MeasurableSpace.pi.{0, 0} (Fin n) (fun a => Real)
                                                                fun a => Real.measurableSpace)
                                                              (fun old =>
                                                                (@Luce.deletedGapKernel n (w n) removed old i
                                                                    (@Fin.val
                                                                      (@Finset.card.{0} (Fin n)
                                                                        (@SDiff.sdiff.{0} (Finset.{0} (Fin n))
                                                                          (@Finset.instSDiff.{0} (Fin n)
                                                                            (instDecidableEqFin n))
                                                                          (@Finset.univ.{0} (Fin n) (Fin.fintype n))
                                                                          removed))
                                                                      k)).toReal)
                                                              (@Nat.cast.{0} ENNReal
                                                                (@AddMonoidWithOne.toNatCast.{0} ENNReal
                                                                  (@AddCommMonoidWithOne.toAddMonoidWithOne.{0} ENNReal
                                                                    ENNReal.instAddCommMonoidWithOne))
                                                                p)
                                                              (@Luce.exponentialRace n (w n)))
                                                            (ENNReal.ofReal
                                                              (@HMul.hMul.{0, 0, 0} Real Real Real
                                                                (@instHMul.{0} Real Real.instMul) C
                                                                (Luce.Section6.localEnvelopeKernel side
                                                                  (Luce.Section6.cornerBehavior left right side) d
                                                                  (@Luce.Section6.cornerDistance side n i)
                                                                  (@Luce.Section6.cornerDistance side n j))))))))) :=
⋯
'Luce.Section6.PowerProfile.corner_moderate_insertion_moment' depends on axioms: [propext,
 Classical.choice.{u},
 Quot.sound.{u}]
theorem Luce.Section6.localPowerError_nonneg : ∀ {kappa n a h : Real},
  @LT.lt.{0} Real Real.instLT (@OfNat.ofNat.{0} Real (nat_lit 0) (@Zero.toOfNat0.{0} Real Real.instZero)) n →
    @LT.lt.{0} Real Real.instLT (@OfNat.ofNat.{0} Real (nat_lit 0) (@Zero.toOfNat0.{0} Real Real.instZero)) a →
      @LT.lt.{0} Real Real.instLT (@OfNat.ofNat.{0} Real (nat_lit 0) (@Zero.toOfNat0.{0} Real Real.instZero)) h →
        @LE.le.{0} Real Real.instLE (@OfNat.ofNat.{0} Real (nat_lit 0) (@Zero.toOfNat0.{0} Real Real.instZero))
          (Luce.Section6.localPowerError kappa n a h) :=
⋯
'Luce.Section6.localPowerError_nonneg' depends on axioms: [propext, Classical.choice.{u}, Quot.sound.{u}]
theorem Luce.Section6.local_error_powers : ∀ {rho kappa n a h : Real},
  @LT.lt.{0} Real Real.instLT (@OfNat.ofNat.{0} Real (nat_lit 0) (@Zero.toOfNat0.{0} Real Real.instZero)) n →
    @LE.le.{0} Real Real.instLE (@OfNat.ofNat.{0} Real (nat_lit 1) (@One.toOfNat1.{0} Real Real.instOne)) a →
      @LE.le.{0} Real Real.instLE (@OfNat.ofNat.{0} Real (nat_lit 1) (@One.toOfNat1.{0} Real Real.instOne)) h →
        @LT.lt.{0} Real Real.instLT (@OfNat.ofNat.{0} Real (nat_lit 0) (@Zero.toOfNat0.{0} Real Real.instZero)) kappa →
          @LE.le.{0} Real Real.instLE kappa
              (@HDiv.hDiv.{0, 0, 0} Real Real Real
                (@instHDiv.{0} Real (@DivInvMonoid.toDiv.{0} Real Real.instDivInvMonoid))
                (@OfNat.ofNat.{0} Real (nat_lit 1) (@One.toOfNat1.{0} Real Real.instOne))
                (@OfNat.ofNat.{0} Real (nat_lit 4) (@instOfNatAtLeastTwo.{0} Real (nat_lit 4) Real.instNatCast ⋯))) →
            @LE.le.{0} Real Real.instLE kappa rho →
              @LE.le.{0} Real Real.instLE
                  (@HDiv.hDiv.{0, 0, 0} Real Real Real
                    (@instHDiv.{0} Real (@DivInvMonoid.toDiv.{0} Real Real.instDivInvMonoid))
                    (@Max.max.{0} Real Real.instMax a h) n)
                  (@OfNat.ofNat.{0} Real (nat_lit 1) (@One.toOfNat1.{0} Real Real.instOne)) →
                And
                  (@LE.le.{0} Real Real.instLE
                    (@HPow.hPow.{0, 0, 0} Real Real Real (@instHPow.{0, 0} Real Real Real.instPow) h
                      (@Neg.neg.{0} Real Real.instNeg
                        (@HDiv.hDiv.{0, 0, 0} Real Real Real
                          (@instHDiv.{0} Real (@DivInvMonoid.toDiv.{0} Real Real.instDivInvMonoid))
                          (@OfNat.ofNat.{0} Real (nat_lit 1) (@One.toOfNat1.{0} Real Real.instOne))
                          (@OfNat.ofNat.{0} Real (nat_lit 4)
                            (@instOfNatAtLeastTwo.{0} Real (nat_lit 4) Real.instNatCast ⋯)))))
                    (Luce.Section6.localPowerError kappa n a h))
                  (And
                    (@LE.le.{0} Real Real.instLE
                      (@HDiv.hDiv.{0, 0, 0} Real Real Real
                        (@instHDiv.{0} Real (@DivInvMonoid.toDiv.{0} Real Real.instDivInvMonoid))
                        (@OfNat.ofNat.{0} Real (nat_lit 1) (@One.toOfNat1.{0} Real Real.instOne)) h)
                      (Luce.Section6.localPowerError kappa n a h))
                    (@LE.le.{0} Real Real.instLE
                      (@HAdd.hAdd.{0, 0, 0} Real Real Real (@instHAdd.{0} Real Real.instAdd)
                        (@HPow.hPow.{0, 0, 0} Real Real Real (@instHPow.{0, 0} Real Real Real.instPow) h
                          (@Neg.neg.{0} Real Real.instNeg
                            (@HDiv.hDiv.{0, 0, 0} Real Real Real
                              (@instHDiv.{0} Real (@DivInvMonoid.toDiv.{0} Real Real.instDivInvMonoid))
                              (@OfNat.ofNat.{0} Real (nat_lit 1) (@One.toOfNat1.{0} Real Real.instOne))
                              (@OfNat.ofNat.{0} Real (nat_lit 4)
                                (@instOfNatAtLeastTwo.{0} Real (nat_lit 4) Real.instNatCast ⋯)))))
                        (Luce.Section6.crossDepthError rho n a h))
                      (@HMul.hMul.{0, 0, 0} Real Real Real (@instHMul.{0} Real Real.instMul)
                        (@OfNat.ofNat.{0} Real (nat_lit 2)
                          (@instOfNatAtLeastTwo.{0} Real (nat_lit 2) Real.instNatCast ⋯))
                        (Luce.Section6.localPowerError kappa n a h)))) :=
⋯
'Luce.Section6.local_error_powers' depends on axioms: [propext, Classical.choice.{u}, Quot.sound.{u}]
theorem Luce.Section6.sqrt_sum_le_sum_sqrt.{u_1} : ∀ {ι : Type u_1} [inst : Fintype.{u_1} ι] (f : ι → Real),
  (∀ (i : ι),
      @LE.le.{0} Real Real.instLE (@OfNat.ofNat.{0} Real (nat_lit 0) (@Zero.toOfNat0.{0} Real Real.instZero)) (f i)) →
    @LE.le.{0} Real Real.instLE (∑ i, f i).sqrt (∑ i, (f i).sqrt) :=
⋯
'Luce.Section6.sqrt_sum_le_sum_sqrt' depends on axioms: [propext, Classical.choice.{u}, Quot.sound.{u}]
theorem Luce.Section6.localPowerError_interval : ∀ {kappa n a h A B : Real},
  @LT.lt.{0} Real Real.instLT (@OfNat.ofNat.{0} Real (nat_lit 0) (@Zero.toOfNat0.{0} Real Real.instZero)) kappa →
    @LT.lt.{0} Real Real.instLT (@OfNat.ofNat.{0} Real (nat_lit 0) (@Zero.toOfNat0.{0} Real Real.instZero)) n →
      @LT.lt.{0} Real Real.instLT (@OfNat.ofNat.{0} Real (nat_lit 0) (@Zero.toOfNat0.{0} Real Real.instZero)) A →
        @LE.le.{0} Real Real.instLE A a →
          @LE.le.{0} Real Real.instLE A h →
            @LE.le.{0} Real Real.instLE a B →
              @LE.le.{0} Real Real.instLE h B →
                @LE.le.{0} Real Real.instLE (Luce.Section6.localPowerError kappa n a h)
                  (@HAdd.hAdd.{0, 0, 0} Real Real Real (@instHAdd.{0} Real Real.instAdd)
                    (@HPow.hPow.{0, 0, 0} Real Real Real (@instHPow.{0, 0} Real Real Real.instPow) A
                      (@Neg.neg.{0} Real Real.instNeg kappa))
                    (@HPow.hPow.{0, 0, 0} Real Real Real (@instHPow.{0, 0} Real Real Real.instPow)
                      (@HDiv.hDiv.{0, 0, 0} Real Real Real
                        (@instHDiv.{0} Real (@DivInvMonoid.toDiv.{0} Real Real.instDivInvMonoid)) B n)
                      kappa)) :=
⋯
'Luce.Section6.localPowerError_interval' depends on axioms: [propext, Classical.choice.{u}, Quot.sound.{u}]
theorem Luce.Section6.small_rpow_nonneg : ∀ {kappa : Real},
  @LE.le.{0} Real Real.instLE (@OfNat.ofNat.{0} Real (nat_lit 0) (@Zero.toOfNat0.{0} Real Real.instZero)) kappa →
    @LE.le.{0} Real Real.instLE kappa
        (@HDiv.hDiv.{0, 0, 0} Real Real Real (@instHDiv.{0} Real (@DivInvMonoid.toDiv.{0} Real Real.instDivInvMonoid))
          (@OfNat.ofNat.{0} Real (nat_lit 1) (@One.toOfNat1.{0} Real Real.instOne))
          (@OfNat.ofNat.{0} Real (nat_lit 2) (@instOfNatAtLeastTwo.{0} Real (nat_lit 2) Real.instNatCast ⋯))) →
      ∀ (x : Real),
        @LE.le.{0} Real Real.instLE (@OfNat.ofNat.{0} Real (nat_lit 0) (@Zero.toOfNat0.{0} Real Real.instZero))
          (@HPow.hPow.{0, 0, 0} Real Real Real (@instHPow.{0, 0} Real Real Real.instPow) x kappa) :=
⋯
'Luce.Section6.small_rpow_nonneg' depends on axioms: [propext, Classical.choice.{u}, Quot.sound.{u}]
theorem Luce.Section6.joint_normalized_estimate : ∀ {n s r : Nat} (w : Luce.Weights n),
  @LT.lt.{0} Nat instLTNat (@OfNat.ofNat.{0} Nat (nat_lit 0) (instOfNatNat (nat_lit 0))) s →
    @LE.le.{0} Nat instLENat s r →
      ∀ (removed : Finset.{0} (Fin n)) (u : Fin s → Fin n)
        (q :
          Function.Embedding.{1, 1} (Fin s)
            (Fin
              (@Finset.card.{0} (Fin n)
                (@SDiff.sdiff.{0} (Finset.{0} (Fin n)) (@Finset.instSDiff.{0} (Fin n) (instDecidableEqFin n))
                  (@Finset.univ.{0} (Fin n) (Fin.fintype n)) removed))))
        (K H E m : Fin s → Real),
        (∀ (i : Fin s),
            @LE.le.{0} Real Real.instLE (@OfNat.ofNat.{0} Real (nat_lit 0) (@Zero.toOfNat0.{0} Real Real.instZero))
              (K i)) →
          (∀ (i : Fin s),
              @LE.le.{0} Real Real.instLE (@OfNat.ofNat.{0} Real (nat_lit 0) (@Zero.toOfNat0.{0} Real Real.instZero))
                (H i)) →
            (∀ (i : Fin s),
                @LE.le.{0} Real Real.instLE (@OfNat.ofNat.{0} Real (nat_lit 0) (@Zero.toOfNat0.{0} Real Real.instZero))
                  (E i)) →
              (∀ (i : Fin s),
                  @LT.lt.{0} Real Real.instLT
                    (@OfNat.ofNat.{0} Real (nat_lit 0) (@Zero.toOfNat0.{0} Real Real.instZero)) (m i)) →
                ∀ {C J : Real},
                  @LE.le.{0} Real Real.instLE (@OfNat.ofNat.{0} Real (nat_lit 1) (@One.toOfNat1.{0} Real Real.instOne))
                      C →
                    @LE.le.{0} Real Real.instLE
                        (@OfNat.ofNat.{0} Real (nat_lit 0) (@Zero.toOfNat0.{0} Real Real.instZero)) J →
                      (∀ (i : Fin s),
                          @LE.le.{0} Real Real.instLE (K i)
                            (@HMul.hMul.{0, 0, 0} Real Real Real (@instHMul.{0} Real Real.instMul) C (H i))) →
                        (∀ (i : Fin s),
                            @LE.le.{0} Real Real.instLE
                              (@HPow.hPow.{0, 0, 0} Real Real Real (@instHPow.{0, 0} Real Real Real.instPow) (m i)
                                (@Neg.neg.{0} Real Real.instNeg
                                  (@HDiv.hDiv.{0, 0, 0} Real Real Real
                                    (@instHDiv.{0} Real (@DivInvMonoid.toDiv.{0} Real Real.instDivInvMonoid))
                                    (@OfNat.ofNat.{0} Real (nat_lit 1) (@One.toOfNat1.{0} Real Real.instOne))
                                    (@OfNat.ofNat.{0} Real (nat_lit 4)
                                      (@instOfNatAtLeastTwo.{0} Real (nat_lit 4) Real.instNatCast ⋯)))))
                              (E i)) →
                          (∀ (i : Fin s),
                              @LE.le.{0} Real Real.instLE
                                (@HDiv.hDiv.{0, 0, 0} Real Real Real
                                  (@instHDiv.{0} Real (@DivInvMonoid.toDiv.{0} Real Real.instDivInvMonoid))
                                  (@OfNat.ofNat.{0} Real (nat_lit 1) (@One.toOfNat1.{0} Real Real.instOne)) (m i))
                                (E i)) →
                            (∀ (i : Fin s),
                                @LE.le.{0} ENNReal ENNReal.instLE
                                  (@MeasureTheory.eLpNorm.{0, 0} (Fin n → Real) Real
                                    (@ContinuousENorm.toENorm.{0} Real
                                      (@UniformSpace.toTopologicalSpace.{0} Real
                                        (@PseudoMetricSpace.toUniformSpace.{0} Real
                                          (@SeminormedAddGroup.toPseudoMetricSpace.{0} Real
                                            (@SeminormedAddCommGroup.toSeminormedAddGroup.{0} Real
                                              (@NonUnitalSeminormedRing.toSeminormedAddCommGroup.{0} Real
                                                (@NonUnitalSeminormedCommRing.toNonUnitalSeminormedRing.{0} Real
                                                  (@SeminormedCommRing.toNonUnitalSeminormedCommRing.{0} Real
                                                    (@NormedCommRing.toSeminormedCommRing.{0} Real
                                                      Real.normedCommRing))))))))
                                      (@SeminormedAddGroup.toContinuousENorm.{0} Real
                                        (@SeminormedAddCommGroup.toSeminormedAddGroup.{0} Real
                                          (@NonUnitalSeminormedRing.toSeminormedAddCommGroup.{0} Real
                                            (@NonUnitalSeminormedCommRing.toNonUnitalSeminormedRing.{0} Real
                                              (@SeminormedCommRing.toNonUnitalSeminormedCommRing.{0} Real
                                                (@NormedCommRing.toSeminormedCommRing.{0} Real
                                                  Real.normedCommRing)))))))
                                    (@MeasurableSpace.pi.{0, 0} (Fin n) (fun a => Real) fun a => Real.measurableSpace)
                                    (fun old =>
                                      (@Luce.deletedGapKernel n w removed old (u i)
                                          (@Fin.val
                                            (@Finset.card.{0} (Fin n)
                                              (@SDiff.sdiff.{0} (Finset.{0} (Fin n))
                                                (@Finset.instSDiff.{0} (Fin n) (instDecidableEqFin n))
                                                (@Finset.univ.{0} (Fin n) (Fin.fintype n)) removed))
                                            (@DFunLike.coe.{1, 1, 1}
                                              (Function.Embedding.{1, 1} (Fin s)
                                                (Fin
                                                  (@Finset.card.{0} (Fin n)
                                                    (@SDiff.sdiff.{0} (Finset.{0} (Fin n))
                                                      (@Finset.instSDiff.{0} (Fin n) (instDecidableEqFin n))
                                                      (@Finset.univ.{0} (Fin n) (Fin.fintype n)) removed))))
                                              (Fin s)
                                              (fun x =>
                                                Fin
                                                  (@Finset.card.{0} (Fin n)
                                                    (@SDiff.sdiff.{0} (Finset.{0} (Fin n))
                                                      (@Finset.instSDiff.{0} (Fin n) (instDecidableEqFin n))
                                                      (@Finset.univ.{0} (Fin n) (Fin.fintype n)) removed)))
                                              (@Function.instFunLikeEmbedding.{1, 1} (Fin s)
                                                (Fin
                                                  (@Finset.card.{0} (Fin n)
                                                    (@SDiff.sdiff.{0} (Finset.{0} (Fin n))
                                                      (@Finset.instSDiff.{0} (Fin n) (instDecidableEqFin n))
                                                      (@Finset.univ.{0} (Fin n) (Fin.fintype n)) removed))))
                                              q i))).toReal)
                                    (@Nat.cast.{0} ENNReal
                                      (@AddMonoidWithOne.toNatCast.{0} ENNReal
                                        (@AddCommMonoidWithOne.toAddMonoidWithOne.{0} ENNReal
                                          ENNReal.instAddCommMonoidWithOne))
                                      (@HMul.hMul.{0, 0, 0} Nat Nat Nat (@instHMul.{0} Nat instMulNat)
                                        (@OfNat.ofNat.{0} Nat (nat_lit 2) (instOfNatNat (nat_lit 2))) s))
                                    (@Luce.exponentialRace n w))
                                  (ENNReal.ofReal
                                    (@HMul.hMul.{0, 0, 0} Real Real Real (@instHMul.{0} Real Real.instMul) C (H i)))) →
                              (∀ (i : Fin s),
                                  ∃ G,
                                    And
                                      (@MeasurableSet.{0} (Fin n → Real)
                                        (@MeasurableSpace.pi.{0, 0} (Fin n) (fun a => Real) fun a =>
                                          Real.measurableSpace)
                                        G)
                                      (And
                                        (@LE.le.{0} Real Real.instLE
                                          (@MeasureTheory.Measure.real.{0} (Fin n → Real)
                                            (@MeasurableSpace.pi.{0, 0} (Fin n) (fun a => Real) fun a =>
                                              Real.measurableSpace)
                                            (@Luce.exponentialRace n w)
                                            (@Compl.compl.{0} (Set.{0} (Fin n → Real))
                                              (@Set.instCompl.{0} (Fin n → Real)) G))
                                          (@HMul.hMul.{0, 0, 0} Real Real Real (@instHMul.{0} Real Real.instMul) J
                                            (@HPow.hPow.{0, 0, 0} Real Real Real
                                              (@instHPow.{0, 0} Real Real Real.instPow) (m i)
                                              (@Neg.neg.{0} Real Real.instNeg
                                                (@HDiv.hDiv.{0, 0, 0} Real Real Real
                                                  (@instHDiv.{0} Real
                                                    (@DivInvMonoid.toDiv.{0} Real Real.instDivInvMonoid))
                                                  (@OfNat.ofNat.{0} Real (nat_lit 1)
                                                    (@One.toOfNat1.{0} Real Real.instOne))
                                                  (@OfNat.ofNat.{0} Real (nat_lit 2)
                                                    (@instOfNatAtLeastTwo.{0} Real (nat_lit 2) Real.instNatCast ⋯)))))))
                                        (@Filter.Eventually.{0} (Fin n → Real)
                                          (fun old =>
                                            @Membership.mem.{0, 0} (Fin n → Real) (Set.{0} (Fin n → Real))
                                                (@Set.instMembership.{0} (Fin n → Real)) G old →
                                              And
                                                (@LE.le.{0} Real Real.instLE
                                                  (@Luce.deletedGapKernel n w removed old (u i)
                                                      (@Fin.val
                                                        (@Finset.card.{0} (Fin n)
                                                          (@SDiff.sdiff.{0} (Finset.{0} (Fin n))
                                                            (@Finset.instSDiff.{0} (Fin n) (instDecidableEqFin n))
                                                            (@Finset.univ.{0} (Fin n) (Fin.fintype n)) removed))
                                                        (@DFunLike.coe.{1, 1, 1}
                                                          (Function.Embedding.{1, 1} (Fin s)
                                                            (Fin
                                                              (@Finset.card.{0} (Fin n)
                                                                (@SDiff.sdiff.{0} (Finset.{0} (Fin n))
                                                                  (@Finset.instSDiff.{0} (Fin n) (instDecidableEqFin n))
                                                                  (@Finset.univ.{0} (Fin n) (Fin.fintype n)) removed))))
                                                          (Fin s)
                                                          (fun x =>
                                                            Fin
                                                              (@Finset.card.{0} (Fin n)
                                                                (@SDiff.sdiff.{0} (Finset.{0} (Fin n))
                                                                  (@Finset.instSDiff.{0} (Fin n) (instDecidableEqFin n))
                                                                  (@Finset.univ.{0} (Fin n) (Fin.fintype n)) removed)))
                                                          (@Function.instFunLikeEmbedding.{1, 1} (Fin s)
                                                            (Fin
                                                              (@Finset.card.{0} (Fin n)
                                                                (@SDiff.sdiff.{0} (Finset.{0} (Fin n))
                                                                  (@Finset.instSDiff.{0} (Fin n) (instDecidableEqFin n))
                                                                  (@Finset.univ.{0} (Fin n) (Fin.fintype n)) removed))))
                                                          q i))).toReal
                                                  (@HMul.hMul.{0, 0, 0} Real Real Real (@instHMul.{0} Real Real.instMul)
                                                    (@HMul.hMul.{0, 0, 0} Real Real Real
                                                      (@instHMul.{0} Real Real.instMul) C (H i))
                                                    (@Luce.markedNormalizedGaps n s w removed
                                                      (@DFunLike.coe.{1, 1, 1}
                                                        (Function.Embedding.{1, 1} (Fin s)
                                                          (Fin
                                                            (@Finset.card.{0} (Fin n)
                                                              (@SDiff.sdiff.{0} (Finset.{0} (Fin n))
                                                                (@Finset.instSDiff.{0} (Fin n) (instDecidableEqFin n))
                                                                (@Finset.univ.{0} (Fin n) (Fin.fintype n)) removed))))
                                                        (Fin s)
                                                        (fun x =>
                                                          Fin
                                                            (@Finset.card.{0} (Fin n)
                                                              (@SDiff.sdiff.{0} (Finset.{0} (Fin n))
                                                                (@Finset.instSDiff.{0} (Fin n) (instDecidableEqFin n))
                                                                (@Finset.univ.{0} (Fin n) (Fin.fintype n)) removed)))
                                                        (@Function.instFunLikeEmbedding.{1, 1} (Fin s)
                                                          (Fin
                                                            (@Finset.card.{0} (Fin n)
                                                              (@SDiff.sdiff.{0} (Finset.{0} (Fin n))
                                                                (@Finset.instSDiff.{0} (Fin n) (instDecidableEqFin n))
                                                                (@Finset.univ.{0} (Fin n) (Fin.fintype n)) removed))))
                                                        q)
                                                      old i)))
                                                (@LE.le.{0} Real Real.instLE
                                                  (@abs.{0} Real Real.lattice Real.instAddGroup
                                                    (@HSub.hSub.{0, 0, 0} Real Real Real
                                                      (@instHSub.{0} Real Real.instSub)
                                                      (@Luce.deletedGapKernel n w removed old (u i)
                                                          (@Fin.val
                                                            (@Finset.card.{0} (Fin n)
                                                              (@SDiff.sdiff.{0} (Finset.{0} (Fin n))
                                                                (@Finset.instSDiff.{0} (Fin n) (instDecidableEqFin n))
                                                                (@Finset.univ.{0} (Fin n) (Fin.fintype n)) removed))
                                                            (@DFunLike.coe.{1, 1, 1}
                                                              (Function.Embedding.{1, 1} (Fin s)
                                                                (Fin
                                                                  (@Finset.card.{0} (Fin n)
                                                                    (@SDiff.sdiff.{0} (Finset.{0} (Fin n))
                                                                      (@Finset.instSDiff.{0} (Fin n)
                                                                        (instDecidableEqFin n))
                                                                      (@Finset.univ.{0} (Fin n) (Fin.fintype n))
                                                                      removed))))
                                                              (Fin s)
                                                              (fun x =>
                                                                Fin
                                                                  (@Finset.card.{0} (Fin n)
                                                                    (@SDiff.sdiff.{0} (Finset.{0} (Fin n))
                                                                      (@Finset.instSDiff.{0} (Fin n)
                                                                        (instDecidableEqFin n))
                                                                      (@Finset.univ.{0} (Fin n) (Fin.fintype n))
                                                                      removed)))
                                                              (@Function.instFunLikeEmbedding.{1, 1} (Fin s)
                                                                (Fin
                                                                  (@Finset.card.{0} (Fin n)
                                                                    (@SDiff.sdiff.{0} (Finset.{0} (Fin n))
                                                                      (@Finset.instSDiff.{0} (Fin n)
                                                                        (instDecidableEqFin n))
                                                                      (@Finset.univ.{0} (Fin n) (Fin.fintype n))
                                                                      removed))))
                                                              q i))).toReal
                                                      (@HMul.hMul.{0, 0, 0} Real Real Real
                                                        (@instHMul.{0} Real Real.instMul) (K i)
                                                        (@Luce.markedNormalizedGaps n s w removed
                                                          (@DFunLike.coe.{1, 1, 1}
                                                            (Function.Embedding.{1, 1} (Fin s)
                                                              (Fin
                                                                (@Finset.card.{0} (Fin n)
                                                                  (@SDiff.sdiff.{0} (Finset.{0} (Fin n))
                                                                    (@Finset.instSDiff.{0} (Fin n)
                                                                      (instDecidableEqFin n))
                                                                    (@Finset.univ.{0} (Fin n) (Fin.fintype n))
                                                                    removed))))
                                                            (Fin s)
                                                            (fun x =>
                                                              Fin
                                                                (@Finset.card.{0} (Fin n)
                                                                  (@SDiff.sdiff.{0} (Finset.{0} (Fin n))
                                                                    (@Finset.instSDiff.{0} (Fin n)
                                                                      (instDecidableEqFin n))
                                                                    (@Finset.univ.{0} (Fin n) (Fin.fintype n))
                                                                    removed)))
                                                            (@Function.instFunLikeEmbedding.{1, 1} (Fin s)
                                                              (Fin
                                                                (@Finset.card.{0} (Fin n)
                                                                  (@SDiff.sdiff.{0} (Finset.{0} (Fin n))
                                                                    (@Finset.instSDiff.{0} (Fin n)
                                                                      (instDecidableEqFin n))
                                                                    (@Finset.univ.{0} (Fin n) (Fin.fintype n))
                                                                    removed))))
                                                            q)
                                                          old i))))
                                                  (@HMul.hMul.{0, 0, 0} Real Real Real (@instHMul.{0} Real Real.instMul)
                                                    (@HMul.hMul.{0, 0, 0} Real Real Real
                                                      (@instHMul.{0} Real Real.instMul) C (H i))
                                                    (@HAdd.hAdd.{0, 0, 0} Real Real Real
                                                      (@instHAdd.{0} Real Real.instAdd)
                                                      (@HMul.hMul.{0, 0, 0} Real Real Real
                                                        (@instHMul.{0} Real Real.instMul)
                                                        (@HMul.hMul.{0, 0, 0} Real Real Real
                                                          (@instHMul.{0} Real Real.instMul)
                                                          (@OfNat.ofNat.{0} Real (nat_lit 2)
                                                            (@instOfNatAtLeastTwo.{0} Real (nat_lit 2) Real.instNatCast
                                                              ⋯))
                                                          (E i))
                                                        (@Luce.markedNormalizedGaps n s w removed
                                                          (@DFunLike.coe.{1, 1, 1}
                                                            (Function.Embedding.{1, 1} (Fin s)
                                                              (Fin
                                                                (@Finset.card.{0} (Fin n)
                                                                  (@SDiff.sdiff.{0} (Finset.{0} (Fin n))
                                                                    (@Finset.instSDiff.{0} (Fin n)
                                                                      (instDecidableEqFin n))
                                                                    (@Finset.univ.{0} (Fin n) (Fin.fintype n))
                                                                    removed))))
                                                            (Fin s)
                                                            (fun x =>
                                                              Fin
                                                                (@Finset.card.{0} (Fin n)
                                                                  (@SDiff.sdiff.{0} (Finset.{0} (Fin n))
                                                                    (@Finset.instSDiff.{0} (Fin n)
                                                                      (instDecidableEqFin n))
                                                                    (@Finset.univ.{0} (Fin n) (Fin.fintype n))
                                                                    removed)))
                                                            (@Function.instFunLikeEmbedding.{1, 1} (Fin s)
                                                              (Fin
                                                                (@Finset.card.{0} (Fin n)
                                                                  (@SDiff.sdiff.{0} (Finset.{0} (Fin n))
                                                                    (@Finset.instSDiff.{0} (Fin n)
                                                                      (instDecidableEqFin n))
                                                                    (@Finset.univ.{0} (Fin n) (Fin.fintype n))
                                                                    removed))))
                                                            q)
                                                          old i))
                                                      (@HDiv.hDiv.{0, 0, 0} Real Real Real
                                                        (@instHDiv.{0} Real
                                                          (@DivInvMonoid.toDiv.{0} Real Real.instDivInvMonoid))
                                                        (@HPow.hPow.{0, 0, 0} Real Nat Real
                                                          (@instHPow.{0, 0} Real Nat
                                                            (@NPow.toPow.{0} Real
                                                              (@Monoid.toNPow.{0} Real Real.instMonoid)))
                                                          (@Luce.markedNormalizedGaps n s w removed
                                                            (@DFunLike.coe.{1, 1, 1}
                                                              (Function.Embedding.{1, 1} (Fin s)
                                                                (Fin
                                                                  (@Finset.card.{0} (Fin n)
                                                                    (@SDiff.sdiff.{0} (Finset.{0} (Fin n))
                                                                      (@Finset.instSDiff.{0} (Fin n)
                                                                        (instDecidableEqFin n))
                                                                      (@Finset.univ.{0} (Fin n) (Fin.fintype n))
                                                                      removed))))
                                                              (Fin s)
                                                              (fun x =>
                                                                Fin
                                                                  (@Finset.card.{0} (Fin n)
                                                                    (@SDiff.sdiff.{0} (Finset.{0} (Fin n))
                                                                      (@Finset.instSDiff.{0} (Fin n)
                                                                        (instDecidableEqFin n))
                                                                      (@Finset.univ.{0} (Fin n) (Fin.fintype n))
                                                                      removed)))
                                                              (@Function.instFunLikeEmbedding.{1, 1} (Fin s)
                                                                (Fin
                                                                  (@Finset.card.{0} (Fin n)
                                                                    (@SDiff.sdiff.{0} (Finset.{0} (Fin n))
                                                                      (@Finset.instSDiff.{0} (Fin n)
                                                                        (instDecidableEqFin n))
                                                                      (@Finset.univ.{0} (Fin n) (Fin.fintype n))
                                                                      removed))))
                                                              q)
                                                            old i)
                                                          (@OfNat.ofNat.{0} Nat (nat_lit 2) (instOfNatNat (nat_lit 2))))
                                                        (m i))))))
                                          (@MeasureTheory.ae.{0, 0} (Fin n → Real)
                                            (@MeasureTheory.Measure.{0} (Fin n → Real)
                                              (@MeasurableSpace.pi.{0, 0} (Fin n) (fun a => Real) fun a =>
                                                Real.measurableSpace))
                                            (@MeasureTheory.Measure.instFunLike.{0} (Fin n → Real)
                                              (@MeasurableSpace.pi.{0, 0} (Fin n) (fun a => Real) fun a =>
                                                Real.measurableSpace))
                                            ⋯ (@Luce.exponentialRace n w))))) →
                                @LE.le.{0} Real Real.instLE
                                  (@abs.{0} Real Real.lattice Real.instAddGroup
                                    (@HSub.hSub.{0, 0, 0} Real Real Real (@instHSub.{0} Real Real.instSub)
                                      (@MeasureTheory.integral.{0, 0} (Fin n → Real) Real Real.normedAddCommGroup
                                        (@InnerProductSpace.toNormedSpace.{0, 0} Real Real Real.instRCLike
                                          (@NormedAddCommGroup.toSeminormedAddCommGroup.{0} Real
                                            Real.normedAddCommGroup)
                                          (@RCLike.toInnerProductSpaceReal.{0} Real Real.instRCLike))
                                        (@MeasurableSpace.pi.{0, 0} (Fin n) (fun a => Real) fun a =>
                                          Real.measurableSpace)
                                        (@Luce.exponentialRace n w) fun old =>
                                        ∏ i,
                                          (@Luce.deletedGapKernel n w removed old (u i)
                                              (@Fin.val
                                                (@Finset.card.{0} (Fin n)
                                                  (@SDiff.sdiff.{0} (Finset.{0} (Fin n))
                                                    (@Finset.instSDiff.{0} (Fin n) (instDecidableEqFin n))
                                                    (@Finset.univ.{0} (Fin n) (Fin.fintype n)) removed))
                                                (@DFunLike.coe.{1, 1, 1}
                                                  (Function.Embedding.{1, 1} (Fin s)
                                                    (Fin
                                                      (@Finset.card.{0} (Fin n)
                                                        (@SDiff.sdiff.{0} (Finset.{0} (Fin n))
                                                          (@Finset.instSDiff.{0} (Fin n) (instDecidableEqFin n))
                                                          (@Finset.univ.{0} (Fin n) (Fin.fintype n)) removed))))
                                                  (Fin s)
                                                  (fun x =>
                                                    Fin
                                                      (@Finset.card.{0} (Fin n)
                                                        (@SDiff.sdiff.{0} (Finset.{0} (Fin n))
                                                          (@Finset.instSDiff.{0} (Fin n) (instDecidableEqFin n))
                                                          (@Finset.univ.{0} (Fin n) (Fin.fintype n)) removed)))
                                                  (@Function.instFunLikeEmbedding.{1, 1} (Fin s)
                                                    (Fin
                                                      (@Finset.card.{0} (Fin n)
                                                        (@SDiff.sdiff.{0} (Finset.{0} (Fin n))
                                                          (@Finset.instSDiff.{0} (Fin n) (instDecidableEqFin n))
                                                          (@Finset.univ.{0} (Fin n) (Fin.fintype n)) removed))))
                                                  q i))).toReal)
                                      (∏ i, K i)))
                                  (@HMul.hMul.{0, 0, 0} Real Real Real (@instHMul.{0} Real Real.instMul)
                                    (@HMul.hMul.{0, 0, 0} Real Real Real (@instHMul.{0} Real Real.instMul)
                                      (@HMul.hMul.{0, 0, 0} Real Real Real (@instHMul.{0} Real Real.instMul)
                                        (@HPow.hPow.{0, 0, 0} Real Nat Real
                                          (@instHPow.{0, 0} Real Nat
                                            (@NPow.toPow.{0} Real (@Monoid.toNPow.{0} Real Real.instMonoid)))
                                          C r)
                                        (@HAdd.hAdd.{0, 0, 0} Real Real Real (@instHAdd.{0} Real Real.instAdd)
                                          (@OfNat.ofNat.{0} Real (nat_lit 4)
                                            (@instOfNatAtLeastTwo.{0} Real (nat_lit 4) Real.instNatCast ⋯))
                                          (@HMul.hMul.{0, 0, 0} Real Real Real (@instHMul.{0} Real Real.instMul)
                                            (@HAdd.hAdd.{0, 0, 0} Real Real Real (@instHAdd.{0} Real Real.instAdd)
                                              (@OfNat.ofNat.{0} Real (nat_lit 1) (@One.toOfNat1.{0} Real Real.instOne))
                                              (@HPow.hPow.{0, 0, 0} Real Nat Real
                                                  (@instHPow.{0, 0} Real Nat
                                                    (@NPow.toPow.{0} Real (@Monoid.toNPow.{0} Real Real.instMonoid)))
                                                  (@OfNat.ofNat.{0} Real (nat_lit 2)
                                                    (@instOfNatAtLeastTwo.{0} Real (nat_lit 2) Real.instNatCast ⋯))
                                                  r).sqrt)
                                            J.sqrt)))
                                      (∏ i, H i))
                                    (∑ i, E i)) :=
⋯
'Luce.Section6.joint_normalized_estimate' depends on axioms: [propext, Classical.choice.{u}, Quot.sound.{u}]
theorem Luce.Section6.finite_positive_lower_bound.{u_1} : ∀ {ι : Type u_1} [Fintype.{u_1} ι] [Nonempty.{u_1 + 1} ι]
  (f : ι → Real),
  (∀ (i : ι),
      @LT.lt.{0} Real Real.instLT (@OfNat.ofNat.{0} Real (nat_lit 0) (@Zero.toOfNat0.{0} Real Real.instZero)) (f i)) →
    ∃ c,
      And (@LT.lt.{0} Real Real.instLT (@OfNat.ofNat.{0} Real (nat_lit 0) (@Zero.toOfNat0.{0} Real Real.instZero)) c)
        (∀ (i : ι), @LE.le.{0} Real Real.instLE c (f i)) :=
⋯
'Luce.Section6.finite_positive_lower_bound' depends on axioms: [propext, Classical.choice.{u}, Quot.sound.{u}]
theorem Luce.Section6.finite_nonneg_le_one_add_sum.{u_1} : ∀ {ι : Type u_1} [inst : Fintype.{u_1} ι] (f : ι → Real),
  (∀ (i : ι),
      @LE.le.{0} Real Real.instLE (@OfNat.ofNat.{0} Real (nat_lit 0) (@Zero.toOfNat0.{0} Real Real.instZero)) (f i)) →
    ∀ (i : ι),
      @LE.le.{0} Real Real.instLE (f i)
        (@HAdd.hAdd.{0, 0, 0} Real Real Real (@instHAdd.{0} Real Real.instAdd)
          (@OfNat.ofNat.{0} Real (nat_lit 1) (@One.toOfNat1.{0} Real Real.instOne)) (∑ j, f j)) :=
⋯
'Luce.Section6.finite_nonneg_le_one_add_sum' depends on axioms: [propext, Classical.choice.{u}, Quot.sound.{u}]
theorem Luce.Section6.PowerProfile.proposition65_sum : ∀ {f : Real → Real}
  {left right : Luce.Section6.EndpointBehavior},
  Luce.Section6.PowerProfile f left right →
    ∀ (grid : Luce.Section6.SamplingGrid) (w : Luce.WeightArray),
      Luce.Section6.SampledRates grid w f →
        ∀ (r : Nat),
          ∃ h0 delta d kappa C,
            And (@LE.le.{0} Nat instLENat (@OfNat.ofNat.{0} Nat (nat_lit 1) (instOfNatNat (nat_lit 1))) h0)
              (And
                (@LT.lt.{0} Real Real.instLT (@OfNat.ofNat.{0} Real (nat_lit 0) (@Zero.toOfNat0.{0} Real Real.instZero))
                  delta)
                (And
                  (@LT.lt.{0} Real Real.instLT delta
                    (@OfNat.ofNat.{0} Real (nat_lit 1) (@One.toOfNat1.{0} Real Real.instOne)))
                  (And
                    (@LT.lt.{0} Real Real.instLT
                      (@OfNat.ofNat.{0} Real (nat_lit 0) (@Zero.toOfNat0.{0} Real Real.instZero)) d)
                    (And
                      (@LT.lt.{0} Real Real.instLT
                        (@OfNat.ofNat.{0} Real (nat_lit 0) (@Zero.toOfNat0.{0} Real Real.instZero)) kappa)
                      (And
                        (@LE.le.{0} Real Real.instLE kappa
                          (@HDiv.hDiv.{0, 0, 0} Real Real Real
                            (@instHDiv.{0} Real (@DivInvMonoid.toDiv.{0} Real Real.instDivInvMonoid))
                            (@OfNat.ofNat.{0} Real (nat_lit 1) (@One.toOfNat1.{0} Real Real.instOne))
                            (@OfNat.ofNat.{0} Real (nat_lit 8)
                              (@instOfNatAtLeastTwo.{0} Real (nat_lit 8) Real.instNatCast ⋯))))
                        (And
                          (@LT.lt.{0} Real Real.instLT
                            (@OfNat.ofNat.{0} Real (nat_lit 0) (@Zero.toOfNat0.{0} Real Real.instZero)) C)
                          (∀ (n s : Nat),
                            @LT.lt.{0} Nat instLTNat (@OfNat.ofNat.{0} Nat (nat_lit 0) (instOfNatNat (nat_lit 0))) s →
                              @LE.le.{0} Nat instLENat s r →
                                ∀ (side : Fin s → Luce.Section6.Corner) (u j : Fin s → Fin n),
                                  @Function.Injective.{1, 1} (Fin s) (Fin n) u →
                                    @Function.Injective.{1, 1} (Fin s) (Fin n) j →
                                      (∀ (e : Fin s), (Luce.Section6.cornerBehavior left right (side e)).active) →
                                        (∀ (e : Fin s),
                                            And
                                              (@LE.le.{0} Nat instLENat h0
                                                (@Luce.Section6.cornerDistance (side e) n (u e)))
                                              (@LE.le.{0} Nat instLENat h0
                                                (@Luce.Section6.cornerDistance (side e) n (j e)))) →
                                          (∀ (e : Fin s),
                                              And
                                                (@LE.le.{0} Real Real.instLE
                                                  (@Nat.cast.{0} Real Real.instNatCast
                                                    (@Luce.Section6.cornerDistance (side e) n (u e)))
                                                  (@HMul.hMul.{0, 0, 0} Real Real Real (@instHMul.{0} Real Real.instMul)
                                                    delta (@Nat.cast.{0} Real Real.instNatCast n)))
                                                (@LE.le.{0} Real Real.instLE
                                                  (@Nat.cast.{0} Real Real.instNatCast
                                                    (@Luce.Section6.cornerDistance (side e) n (j e)))
                                                  (@HMul.hMul.{0, 0, 0} Real Real Real (@instHMul.{0} Real Real.instMul)
                                                    delta (@Nat.cast.{0} Real Real.instNatCast n)))) →
                                            (∀ (e : Fin s),
                                                @LE.le.{0} Real Real.instLE
                                                  (Luce.Section6.localCornerRatio (side e)
                                                    (Luce.Section6.cornerBehavior left right (side e))
                                                    (@Luce.Section6.cornerDistance (side e) n (u e))
                                                    (@Luce.Section6.cornerDistance (side e) n (j e)))
                                                  (@HPow.hPow.{0, 0, 0} Real Real Real
                                                    (@instHPow.{0, 0} Real Real Real.instPow)
                                                    (@Min.min.{0} Real Real.instMin
                                                      (@Nat.cast.{0} Real Real.instNatCast
                                                        (@Luce.Section6.cornerDistance (side e) n (u e)))
                                                      (@Nat.cast.{0} Real Real.instNatCast
                                                        (@Luce.Section6.cornerDistance (side e) n (j e))))
                                                    (@HDiv.hDiv.{0, 0, 0} Real Real Real
                                                      (@instHDiv.{0} Real
                                                        (@DivInvMonoid.toDiv.{0} Real Real.instDivInvMonoid))
                                                      (@OfNat.ofNat.{0} Real (nat_lit 1)
                                                        (@One.toOfNat1.{0} Real Real.instOne))
                                                      (@OfNat.ofNat.{0} Real (nat_lit 16)
                                                        (@instOfNatAtLeastTwo.{0} Real (nat_lit 16) Real.instNatCast
                                                          ⋯))))) →
                                              (∀ (e g : Fin s),
                                                  @Ne.{1} (Fin s) e g →
                                                    @LT.lt.{0} Nat instLTNat
                                                      (@HMul.hMul.{0, 0, 0} Nat Nat Nat (@instHMul.{0} Nat instMulNat)
                                                        (@OfNat.ofNat.{0} Nat (nat_lit 2) (instOfNatNat (nat_lit 2))) r)
                                                      ((@Fin.val n (j e)).dist (@Fin.val n (j g)))) →
                                                @LE.le.{0} Real Real.instLE
                                                  (@abs.{0} Real Real.lattice Real.instAddGroup
                                                    (@HSub.hSub.{0, 0, 0} Real Real Real
                                                      (@instHSub.{0} Real Real.instSub)
                                                      (@MeasureTheory.Measure.real.{0} (Fin n → Real)
                                                        (@MeasurableSpace.pi.{0, 0} (Fin n) (fun a => Real) fun a =>
                                                          Real.measurableSpace)
                                                        (@Luce.exponentialRace n (w n))
                                                        (@Set.ofPred.{0} (Fin n → Real) fun clocks =>
                                                          @Luce.MarkedRankCylinder n s u j clocks))
                                                      (∏ e,
                                                        Luce.Section6.localIdealKernel (side e)
                                                          (Luce.Section6.cornerBehavior left right (side e))
                                                          (@Luce.Section6.cornerDistance (side e) n (u e))
                                                          (@Luce.Section6.cornerDistance (side e) n (j e)))))
                                                  (@HMul.hMul.{0, 0, 0} Real Real Real (@instHMul.{0} Real Real.instMul)
                                                    (@HMul.hMul.{0, 0, 0} Real Real Real
                                                      (@instHMul.{0} Real Real.instMul) C
                                                      (∏ e,
                                                        Luce.Section6.localEnvelopeKernel (side e)
                                                          (Luce.Section6.cornerBehavior left right (side e)) d
                                                          (@Luce.Section6.cornerDistance (side e) n (u e))
                                                          (@Luce.Section6.cornerDistance (side e) n (j e))))
                                                    (∑ e,
                                                      Luce.Section6.localPowerError kappa
                                                        (@Nat.cast.{0} Real Real.instNatCast n)
                                                        (@Nat.cast.{0} Real Real.instNatCast
                                                          (@Luce.Section6.cornerDistance (side e) n (u e)))
                                                        (@Nat.cast.{0} Real Real.instNatCast
                                                          (@Luce.Section6.cornerDistance (side e) n (j e)))))))))))) :=
⋯
'Luce.Section6.PowerProfile.proposition65_sum' depends on axioms: [propext, Classical.choice.{u}, Quot.sound.{u}]
theorem Luce.Section6.proposition65_localLaw : Luce.Section6.Proposition65Contract.localLaw :=
⋯
'Luce.Section6.proposition65_localLaw' depends on axioms: [propext, Classical.choice.{u}, Quot.sound.{u}]
theorem Luce.Section6.proposition65 : Luce.Section6.Proposition65Contract.proposition65 :=
⋯
'Luce.Section6.proposition65' depends on axioms: [propext, Classical.choice.{u}, Quot.sound.{u}]
theorem Luce.Section6.proposition65_contractCheck : Luce.Section6.Proposition65Contract.proposition65 :=
Luce.Section6.proposition65
'Luce.Section6.proposition65_contractCheck' depends on axioms: [propext, Classical.choice.{u}, Quot.sound.{u}]
