def Luce.Section6.Proposition610Contract.proposition610 : Prop :=
∀ (f : Real → Real) (left right : Luce.Section6.EndpointBehavior),
  Luce.Section6.PowerProfile f left right →
    ∀ (grid : Luce.Section6.SamplingGrid) (w : Luce.WeightArray),
      Luce.Section6.SampledRates grid w f →
        ∀ (q : Nat) (c : Fin q → Luce.Section6.CoreCycleCategory),
          (∀ (i : Fin q), (Luce.Section6.cornerBehavior left right (c i).side).active) →
            @Luce.Section6.CoreCategoriesDisjoint q c →
              ∀ (r : Fin q → Nat),
                ∃ C kappa,
                  And
                    (@LT.lt.{0} Real Real.instLT
                      (@OfNat.ofNat.{0} Real (nat_lit 0) (@Zero.toOfNat0.{0} Real Real.instZero)) C)
                    (And
                      (@LT.lt.{0} Real Real.instLT
                        (@OfNat.ofNat.{0} Real (nat_lit 0) (@Zero.toOfNat0.{0} Real Real.instZero)) kappa)
                      (∃ K N,
                        And (@LE.le.{0} Nat instLENat (@OfNat.ofNat.{0} Nat (nat_lit 2) (instOfNatNat (nat_lit 2))) N)
                          (∀ (n : Nat),
                            @LE.le.{0} Nat instLENat N n →
                              @LE.le.{0} Real Real.instLE
                                (@abs.{0} Real Real.lattice Real.instAddGroup
                                  (@HSub.hSub.{0, 0, 0} Real Real Real (@instHSub.{0} Real Real.instSub)
                                    (@MeasureTheory.integral.{0, 0} (Fin n → Real) Real Real.normedAddCommGroup
                                      (@InnerProductSpace.toNormedSpace.{0, 0} Real Real Real.instRCLike
                                        (@NormedAddCommGroup.toSeminormedAddCommGroup.{0} Real Real.normedAddCommGroup)
                                        (@RCLike.toInnerProductSpaceReal.{0} Real Real.instRCLike))
                                      (@MeasurableSpace.pi.{0, 0} (Fin n) (fun a => Real) fun a => Real.measurableSpace)
                                      (@Luce.exponentialRace n (w n)) fun clocks =>
                                      ∏ i,
                                        @Nat.cast.{0} Real Real.instNatCast
                                          ((@Luce.Section6.coreCategoryCount n (@Luce.raceRankPermutation n clocks)
                                                (c i)).descFactorial
                                            (r i)))
                                    (∏ i,
                                      @HPow.hPow.{0, 0, 0} Real Nat Real
                                        (@instHPow.{0, 0} Real Nat
                                          (@NPow.toPow.{0} Real (@Monoid.toNPow.{0} Real Real.instMonoid)))
                                        (Luce.Section6.coreCategoryIdealMean left right n (c i)) (r i))))
                                (@HMul.hMul.{0, 0, 0} Real Real Real (@instHMul.{0} Real Real.instMul)
                                  (@HMul.hMul.{0, 0, 0} Real Real Real (@instHMul.{0} Real Real.instMul) C
                                    (@HPow.hPow.{0, 0, 0} Real Nat Real
                                      (@instHPow.{0, 0} Real Nat
                                        (@NPow.toPow.{0} Real (@Monoid.toNPow.{0} Real Real.instMonoid)))
                                      (@HAdd.hAdd.{0, 0, 0} Real Real Real (@instHAdd.{0} Real Real.instAdd)
                                        (@OfNat.ofNat.{0} Real (nat_lit 1) (@One.toOfNat1.{0} Real Real.instOne))
                                        (Real.log (@Nat.cast.{0} Real Real.instNatCast n)))
                                      K))
                                  (@HPow.hPow.{0, 0, 0} Real Real Real (@instHPow.{0, 0} Real Real Real.instPow)
                                    (@Nat.cast.{0} Real Real.instNatCast (Luce.Section6.idealCoreLower n))
                                    (@Neg.neg.{0} Real Real.instNeg kappa))))))
structure Luce.Section6.CoreCycleCategory : Type
number of parameters: 0
fields:
  Luce.Section6.CoreCycleCategory.side : Luce.Section6.Corner
  Luce.Section6.CoreCycleCategory.lengthIndex : Nat
  Luce.Section6.CoreCycleCategory.rootWindow : Luce.Section6.CoreRootWindow
constructor:
  Luce.Section6.CoreCycleCategory.mk (side : Luce.Section6.Corner) (lengthIndex : Nat)
    (rootWindow : Luce.Section6.CoreRootWindow) : Luce.Section6.CoreCycleCategory
def Luce.Section6.CoreCategoriesDisjoint : {q : Nat} → (Fin q → Luce.Section6.CoreCycleCategory) → Prop :=
fun {q} c =>
  ∀ (n : Nat),
    @LE.le.{0} Nat instLENat (@OfNat.ofNat.{0} Nat (nat_lit 2) (instOfNatNat (nat_lit 2))) n →
      ∀ (i j : Fin q),
        @Ne.{1} (Fin q) i j →
          @Eq.{1} Luce.Section6.Corner (c i).side (c j).side →
            @Eq.{1} Nat (c i).lengthIndex (c j).lengthIndex →
              ∀ (m : Nat), Not (And ((c i).rootWindow.Allows n m) ((c j).rootWindow.Allows n m))
def Luce.Section6.coreCategoryCount : {n : Nat} → Equiv.Perm.{1} (Fin n) → Luce.Section6.CoreCycleCategory → Nat :=
fun {n} R c =>
  @Finset.card.{0} (Cycle.{0} (Fin n))
    ({orb ∈ @Luce.Section5.cycleOrbits.{0} (Fin n) (Fin.fintype n) (instDecidableEqFin n) R c.lengthIndex |
      @Luce.Section6.CategoryAdmissible n (Luce.Section6.idealCoreLower n) (Luce.Section6.idealCoreUpper n) c
        (@Cycle.toFinset.{0} (Fin n) (instDecidableEqFin n) orb)})
def Luce.Section6.coreCategoryIdealMean : Luce.Section6.EndpointBehavior →
  Luce.Section6.EndpointBehavior → Nat → Luce.Section6.CoreCycleCategory → Real :=
fun left right n c =>
  Luce.Section6.coreCategoryIdealMean.match_1.{1} (fun x => Real) c.rootWindow
    (fun _ =>
      Luce.Section6.idealTrace c.side (Luce.Section6.cornerBehavior left right c.side) c.lengthIndex
        (Luce.Section6.idealCoreLower n) (Luce.Section6.idealCoreUpper n))
    fun lower upper =>
    Luce.Section6.idealRootTrace c.side (Luce.Section6.cornerBehavior left right c.side) c.lengthIndex
      (Luce.Section6.idealCoreLower n) (Luce.Section6.idealCoreUpper n) (lower n) (upper n)
theorem Luce.Section6.category_assignment_orbit_set.{u_1, u_2} : ∀ {α : Type u_1} {ι : Type u_2} [Fintype.{u_1} α]
  [inst : DecidableEq.{u_1 + 1} α] {R : Equiv.Perm.{u_1 + 1} α} {k r : ι → Nat} {P : ι → Finset.{u_1} α → Prop}
  (t : @Luce.Section6.CategoryCycleAssignment.{u_1, u_2} α ι inst R k r P)
  (b : @Luce.Section6.CategoryCycleSlot.{u_2} ι r),
  @Eq.{u_1 + 1} (Finset.{u_1} α)
    (@Cycle.toFinset.{u_1} α inst
      (@Function.periodicOrbit.{u_1} α
        (@DFunLike.coe.{u_1 + 1, u_1 + 1, u_1 + 1} (Equiv.Perm.{u_1 + 1} α) α (fun x => α)
          (@EquivLike.toFunLike.{u_1 + 1, u_1 + 1, u_1 + 1} (Equiv.Perm.{u_1 + 1} α) α α
            (@Equiv.instEquivLike.{u_1 + 1, u_1 + 1} α α))
          R)
        (@DFunLike.coe.{max (u_1 + 1) (u_2 + 1), u_2 + 1, u_1 + 1}
          (Function.Embedding.{u_2 + 1, u_1 + 1} (@Luce.Section6.CategoryCycleVertex.{u_2} ι k r) α)
          (@Luce.Section6.CategoryCycleVertex.{u_2} ι k r) (fun x => α)
          (@Function.instFunLikeEmbedding.{u_2 + 1, u_1 + 1} (@Luce.Section6.CategoryCycleVertex.{u_2} ι k r) α)
          (@Subtype.val.{max (u_1 + 1) (u_2 + 1)}
            (Function.Embedding.{u_2 + 1, u_1 + 1} (@Luce.Section6.CategoryCycleVertex.{u_2} ι k r) α)
            (fun t =>
              And
                (∀ (x : @Luce.Section6.CategoryCycleVertex.{u_2} ι k r),
                  @Eq.{u_1 + 1} α
                    (@DFunLike.coe.{u_1 + 1, u_1 + 1, u_1 + 1} (Equiv.Perm.{u_1 + 1} α) α (fun x => α)
                      (@EquivLike.toFunLike.{u_1 + 1, u_1 + 1, u_1 + 1} (Equiv.Perm.{u_1 + 1} α) α α
                        (@Equiv.instEquivLike.{u_1 + 1, u_1 + 1} α α))
                      R
                      (@DFunLike.coe.{max (u_1 + 1) (u_2 + 1), u_2 + 1, u_1 + 1}
                        (Function.Embedding.{u_2 + 1, u_1 + 1} (@Luce.Section6.CategoryCycleVertex.{u_2} ι k r) α)
                        (@Luce.Section6.CategoryCycleVertex.{u_2} ι k r) (fun x => α)
                        (@Function.instFunLikeEmbedding.{u_2 + 1, u_1 + 1}
                          (@Luce.Section6.CategoryCycleVertex.{u_2} ι k r) α)
                        t x))
                    (@DFunLike.coe.{max (u_1 + 1) (u_2 + 1), u_2 + 1, u_1 + 1}
                      (Function.Embedding.{u_2 + 1, u_1 + 1} (@Luce.Section6.CategoryCycleVertex.{u_2} ι k r) α)
                      (@Luce.Section6.CategoryCycleVertex.{u_2} ι k r) (fun x => α)
                      (@Function.instFunLikeEmbedding.{u_2 + 1, u_1 + 1}
                        (@Luce.Section6.CategoryCycleVertex.{u_2} ι k r) α)
                      t
                      (@DFunLike.coe.{u_2 + 1, u_2 + 1, u_2 + 1}
                        (Equiv.Perm.{u_2 + 1} (@Luce.Section6.CategoryCycleVertex.{u_2} ι k r))
                        (@Luce.Section6.CategoryCycleVertex.{u_2} ι k r)
                        (fun x => @Luce.Section6.CategoryCycleVertex.{u_2} ι k r)
                        (@EquivLike.toFunLike.{u_2 + 1, u_2 + 1, u_2 + 1}
                          (Equiv.Perm.{u_2 + 1} (@Luce.Section6.CategoryCycleVertex.{u_2} ι k r))
                          (@Luce.Section6.CategoryCycleVertex.{u_2} ι k r)
                          (@Luce.Section6.CategoryCycleVertex.{u_2} ι k r)
                          (@Equiv.instEquivLike.{u_2 + 1, u_2 + 1} (@Luce.Section6.CategoryCycleVertex.{u_2} ι k r)
                            (@Luce.Section6.CategoryCycleVertex.{u_2} ι k r)))
                        (@Luce.Section6.categoryBlockPermutation.{u_2} ι k r) x)))
                (∀ (b : @Luce.Section6.CategoryCycleSlot.{u_2} ι r),
                  P (@Sigma.fst.{u_2, 0} ι (fun i => Fin (r i)) b)
                    (@Luce.Section6.categoryBlockVertexSet.{u_1, u_2} α ι inst k r
                      (@DFunLike.coe.{max (u_1 + 1) (u_2 + 1), u_2 + 1, u_1 + 1}
                        (Function.Embedding.{u_2 + 1, u_1 + 1} (@Luce.Section6.CategoryCycleVertex.{u_2} ι k r) α)
                        (@Luce.Section6.CategoryCycleVertex.{u_2} ι k r) (fun x => α)
                        (@Function.instFunLikeEmbedding.{u_2 + 1, u_1 + 1}
                          (@Luce.Section6.CategoryCycleVertex.{u_2} ι k r) α)
                        t)
                      b)))
            t)
          (@Sigma.mk.{u_2, 0} (@Luce.Section6.CategoryCycleSlot.{u_2} ι r)
            (fun b =>
              Fin
                (@HAdd.hAdd.{0, 0, 0} Nat Nat Nat (@instHAdd.{0} Nat instAddNat)
                  (k (@Sigma.fst.{u_2, 0} ι (fun i => Fin (r i)) b))
                  (@OfNat.ofNat.{0} Nat (nat_lit 1) (instOfNatNat (nat_lit 1)))))
            b
            (@OfNat.ofNat.{0}
              (Fin
                (@HAdd.hAdd.{0, 0, 0} Nat Nat Nat (@instHAdd.{0} Nat instAddNat)
                  (k (@Sigma.fst.{u_2, 0} ι (fun i => Fin (r i)) b))
                  (@OfNat.ofNat.{0} Nat (nat_lit 1) (instOfNatNat (nat_lit 1)))))
              (nat_lit 0)
              (@Fin.instOfNat
                (@HAdd.hAdd.{0, 0, 0} Nat Nat Nat (@instHAdd.{0} Nat instAddNat)
                  (k (@Sigma.fst.{u_2, 0} ι (fun i => Fin (r i)) b))
                  (@OfNat.ofNat.{0} Nat (nat_lit 1) (instOfNatNat (nat_lit 1))))
                ⋯ (nat_lit 0)))))))
    (@Luce.Section6.categoryBlockVertexSet.{u_1, u_2} α ι inst k r
      (@DFunLike.coe.{max (u_1 + 1) (u_2 + 1), u_2 + 1, u_1 + 1}
        (Function.Embedding.{u_2 + 1, u_1 + 1} (@Luce.Section6.CategoryCycleVertex.{u_2} ι k r) α)
        (@Luce.Section6.CategoryCycleVertex.{u_2} ι k r) (fun x => α)
        (@Function.instFunLikeEmbedding.{u_2 + 1, u_1 + 1} (@Luce.Section6.CategoryCycleVertex.{u_2} ι k r) α)
        (@Subtype.val.{max (u_1 + 1) (u_2 + 1)}
          (Function.Embedding.{u_2 + 1, u_1 + 1} (@Luce.Section6.CategoryCycleVertex.{u_2} ι k r) α)
          (fun t =>
            And
              (∀ (x : @Luce.Section6.CategoryCycleVertex.{u_2} ι k r),
                @Eq.{u_1 + 1} α
                  (@DFunLike.coe.{u_1 + 1, u_1 + 1, u_1 + 1} (Equiv.Perm.{u_1 + 1} α) α (fun x => α)
                    (@EquivLike.toFunLike.{u_1 + 1, u_1 + 1, u_1 + 1} (Equiv.Perm.{u_1 + 1} α) α α
                      (@Equiv.instEquivLike.{u_1 + 1, u_1 + 1} α α))
                    R
                    (@DFunLike.coe.{max (u_1 + 1) (u_2 + 1), u_2 + 1, u_1 + 1}
                      (Function.Embedding.{u_2 + 1, u_1 + 1} (@Luce.Section6.CategoryCycleVertex.{u_2} ι k r) α)
                      (@Luce.Section6.CategoryCycleVertex.{u_2} ι k r) (fun x => α)
                      (@Function.instFunLikeEmbedding.{u_2 + 1, u_1 + 1}
                        (@Luce.Section6.CategoryCycleVertex.{u_2} ι k r) α)
                      t x))
                  (@DFunLike.coe.{max (u_1 + 1) (u_2 + 1), u_2 + 1, u_1 + 1}
                    (Function.Embedding.{u_2 + 1, u_1 + 1} (@Luce.Section6.CategoryCycleVertex.{u_2} ι k r) α)
                    (@Luce.Section6.CategoryCycleVertex.{u_2} ι k r) (fun x => α)
                    (@Function.instFunLikeEmbedding.{u_2 + 1, u_1 + 1} (@Luce.Section6.CategoryCycleVertex.{u_2} ι k r)
                      α)
                    t
                    (@DFunLike.coe.{u_2 + 1, u_2 + 1, u_2 + 1}
                      (Equiv.Perm.{u_2 + 1} (@Luce.Section6.CategoryCycleVertex.{u_2} ι k r))
                      (@Luce.Section6.CategoryCycleVertex.{u_2} ι k r)
                      (fun x => @Luce.Section6.CategoryCycleVertex.{u_2} ι k r)
                      (@EquivLike.toFunLike.{u_2 + 1, u_2 + 1, u_2 + 1}
                        (Equiv.Perm.{u_2 + 1} (@Luce.Section6.CategoryCycleVertex.{u_2} ι k r))
                        (@Luce.Section6.CategoryCycleVertex.{u_2} ι k r)
                        (@Luce.Section6.CategoryCycleVertex.{u_2} ι k r)
                        (@Equiv.instEquivLike.{u_2 + 1, u_2 + 1} (@Luce.Section6.CategoryCycleVertex.{u_2} ι k r)
                          (@Luce.Section6.CategoryCycleVertex.{u_2} ι k r)))
                      (@Luce.Section6.categoryBlockPermutation.{u_2} ι k r) x)))
              (∀ (b : @Luce.Section6.CategoryCycleSlot.{u_2} ι r),
                P (@Sigma.fst.{u_2, 0} ι (fun i => Fin (r i)) b)
                  (@Luce.Section6.categoryBlockVertexSet.{u_1, u_2} α ι inst k r
                    (@DFunLike.coe.{max (u_1 + 1) (u_2 + 1), u_2 + 1, u_1 + 1}
                      (Function.Embedding.{u_2 + 1, u_1 + 1} (@Luce.Section6.CategoryCycleVertex.{u_2} ι k r) α)
                      (@Luce.Section6.CategoryCycleVertex.{u_2} ι k r) (fun x => α)
                      (@Function.instFunLikeEmbedding.{u_2 + 1, u_1 + 1}
                        (@Luce.Section6.CategoryCycleVertex.{u_2} ι k r) α)
                      t)
                    b)))
          t))
      b) :=
⋯
'Luce.Section6.category_assignment_orbit_set' depends on axioms: [propext, Classical.choice.{u}, Quot.sound.{u}]
theorem Luce.Section6.category_collection_block_mem.{u_1, u_2} : ∀ {α : Type u_1} {ι : Type u_2}
  [inst : Fintype.{u_1} α] [inst_1 : DecidableEq.{u_1 + 1} α] {R : Equiv.Perm.{u_1 + 1} α} {k r : ι → Nat}
  {P : ι → Finset.{u_1} α → Prop} (C : @Luce.Section6.RootedCategoryCollection.{u_1, u_2} α ι inst inst_1 R k r P)
  (b : @Luce.Section6.CategoryCycleSlot.{u_2} ι r)
  (a :
    Fin
      (@HAdd.hAdd.{0, 0, 0} Nat Nat Nat (@instHAdd.{0} Nat instAddNat)
        (k (@Sigma.fst.{u_2, 0} ι (fun i => Fin (r i)) b))
        (@OfNat.ofNat.{0} Nat (nat_lit 1) (instOfNatNat (nat_lit 1))))),
  @Membership.mem.{u_1, u_1} α (Finset.{u_1} α)
    (@SetLike.instMembership.{u_1, u_1} (Finset.{u_1} α) α (@Finset.instSetLike.{u_1} α))
    (@Cycle.toFinset.{u_1} α inst_1
      (@Subtype.val.{u_1 + 1} (Cycle.{u_1} α)
        (fun x =>
          @Membership.mem.{u_1, u_1} (Cycle.{u_1} α) (Finset.{u_1} (Cycle.{u_1} α))
            (@SetLike.instMembership.{u_1, u_1} (Finset.{u_1} (Cycle.{u_1} α)) (Cycle.{u_1} α)
              (@Finset.instSetLike.{u_1} (Cycle.{u_1} α)))
            (@Luce.Section6.categoryCycleSet.{u_1, u_2} α ι inst inst_1 R k P
              (@Sigma.fst.{u_2, 0} ι (fun i => Fin (r i)) b))
            x)
        (@DFunLike.coe.{u_1 + 1, 1, u_1 + 1}
          (Function.Embedding.{1, u_1 + 1} (Fin (r (@Sigma.fst.{u_2, 0} ι (fun i => Fin (r i)) b)))
            ↥(@Luce.Section6.categoryCycleSet.{u_1, u_2} α ι inst inst_1 R k P
                (@Sigma.fst.{u_2, 0} ι (fun i => Fin (r i)) b)))
          (Fin (r (@Sigma.fst.{u_2, 0} ι (fun i => Fin (r i)) b)))
          (fun x =>
            ↥(@Luce.Section6.categoryCycleSet.{u_1, u_2} α ι inst inst_1 R k P
                (@Sigma.fst.{u_2, 0} ι (fun i => Fin (r i)) b)))
          (@Function.instFunLikeEmbedding.{1, u_1 + 1} (Fin (r (@Sigma.fst.{u_2, 0} ι (fun i => Fin (r i)) b)))
            ↥(@Luce.Section6.categoryCycleSet.{u_1, u_2} α ι inst inst_1 R k P
                (@Sigma.fst.{u_2, 0} ι (fun i => Fin (r i)) b)))
          (@Sigma.fst.{max u_1 u_2, max u_1 u_2}
            (@Luce.Section6.CategoryCycleCollection.{u_1, u_2} α ι inst inst_1 R k r P)
            (fun C => @Luce.Section6.CategoryCycleRoots.{u_1, u_2} α ι inst inst_1 R k r P C) C
            (@Sigma.fst.{u_2, 0} ι (fun i => Fin (r i)) b))
          (@Sigma.snd.{u_2, 0} ι (fun i => Fin (r i)) b))))
    (@DFunLike.coe.{u_1 + 1, 1, u_1 + 1}
      (Function.Embedding.{1, u_1 + 1}
        (Fin
          (@HAdd.hAdd.{0, 0, 0} Nat Nat Nat (@instHAdd.{0} Nat instAddNat)
            (k (@Sigma.fst.{u_2, 0} ι (fun i => Fin (r i)) b))
            (@OfNat.ofNat.{0} Nat (nat_lit 1) (instOfNatNat (nat_lit 1)))))
        α)
      (Fin
        (@HAdd.hAdd.{0, 0, 0} Nat Nat Nat (@instHAdd.{0} Nat instAddNat)
          (k (@Sigma.fst.{u_2, 0} ι (fun i => Fin (r i)) b))
          (@OfNat.ofNat.{0} Nat (nat_lit 1) (instOfNatNat (nat_lit 1)))))
      (fun x => α)
      (@Function.instFunLikeEmbedding.{1, u_1 + 1}
        (Fin
          (@HAdd.hAdd.{0, 0, 0} Nat Nat Nat (@instHAdd.{0} Nat instAddNat)
            (k (@Sigma.fst.{u_2, 0} ι (fun i => Fin (r i)) b))
            (@OfNat.ofNat.{0} Nat (nat_lit 1) (instOfNatNat (nat_lit 1)))))
        α)
      (@Subtype.val.{u_1 + 1}
        (Function.Embedding.{1, u_1 + 1}
          (Fin
            (@HAdd.hAdd.{0, 0, 0} Nat Nat Nat (@instHAdd.{0} Nat instAddNat)
              (k (@Sigma.fst.{u_2, 0} ι (fun i => Fin (r i)) b))
              (@OfNat.ofNat.{0} Nat (nat_lit 1) (instOfNatNat (nat_lit 1)))))
          α)
        (fun t => @Luce.Section5.IsRootedCycle.{u_1} α R (k (@Sigma.fst.{u_2, 0} ι (fun i => Fin (r i)) b)) t)
        (@Luce.Section6.categoryCollectionBlock.{u_1, u_2} α ι inst inst_1 R k r P C b))
      a) :=
⋯
'Luce.Section6.category_collection_block_mem' depends on axioms: [propext, Classical.choice.{u}, Quot.sound.{u}]
theorem Luce.Section6.category_collection_distinct.{u_1, u_2} : ∀ {α : Type u_1} {ι : Type u_2} [inst : Fintype.{u_1} α]
  [inst_1 : DecidableEq.{u_1 + 1} α] {R : Equiv.Perm.{u_1 + 1} α} {k r : ι → Nat} {P : ι → Finset.{u_1} α → Prop},
  (@Pairwise.{u_2} ι fun i j =>
      @Disjoint.{u_1} (Finset.{u_1} (Cycle.{u_1} α)) (@Finset.instPartialOrder.{u_1} (Cycle.{u_1} α))
        (@Finset.instOrderBot.{u_1} (Cycle.{u_1} α))
        (@Luce.Section6.categoryCycleSet.{u_1, u_2} α ι inst inst_1 R k P i)
        (@Luce.Section6.categoryCycleSet.{u_1, u_2} α ι inst inst_1 R k P j)) →
    ∀ (C : @Luce.Section6.CategoryCycleCollection.{u_1, u_2} α ι inst inst_1 R k r P)
      (b c : @Luce.Section6.CategoryCycleSlot.{u_2} ι r),
      @Ne.{u_2 + 1} (@Luce.Section6.CategoryCycleSlot.{u_2} ι r) b c →
        @Ne.{u_1 + 1} (Cycle.{u_1} α)
          (@Subtype.val.{u_1 + 1} (Cycle.{u_1} α)
            (fun x =>
              @Membership.mem.{u_1, u_1} (Cycle.{u_1} α) (Finset.{u_1} (Cycle.{u_1} α))
                (@SetLike.instMembership.{u_1, u_1} (Finset.{u_1} (Cycle.{u_1} α)) (Cycle.{u_1} α)
                  (@Finset.instSetLike.{u_1} (Cycle.{u_1} α)))
                (@Luce.Section6.categoryCycleSet.{u_1, u_2} α ι inst inst_1 R k P
                  (@Sigma.fst.{u_2, 0} ι (fun i => Fin (r i)) b))
                x)
            (@DFunLike.coe.{u_1 + 1, 1, u_1 + 1}
              (Function.Embedding.{1, u_1 + 1} (Fin (r (@Sigma.fst.{u_2, 0} ι (fun i => Fin (r i)) b)))
                ↥(@Luce.Section6.categoryCycleSet.{u_1, u_2} α ι inst inst_1 R k P
                    (@Sigma.fst.{u_2, 0} ι (fun i => Fin (r i)) b)))
              (Fin (r (@Sigma.fst.{u_2, 0} ι (fun i => Fin (r i)) b)))
              (fun x =>
                ↥(@Luce.Section6.categoryCycleSet.{u_1, u_2} α ι inst inst_1 R k P
                    (@Sigma.fst.{u_2, 0} ι (fun i => Fin (r i)) b)))
              (@Function.instFunLikeEmbedding.{1, u_1 + 1} (Fin (r (@Sigma.fst.{u_2, 0} ι (fun i => Fin (r i)) b)))
                ↥(@Luce.Section6.categoryCycleSet.{u_1, u_2} α ι inst inst_1 R k P
                    (@Sigma.fst.{u_2, 0} ι (fun i => Fin (r i)) b)))
              (C (@Sigma.fst.{u_2, 0} ι (fun i => Fin (r i)) b)) (@Sigma.snd.{u_2, 0} ι (fun i => Fin (r i)) b)))
          (@Subtype.val.{u_1 + 1} (Cycle.{u_1} α)
            (fun x =>
              @Membership.mem.{u_1, u_1} (Cycle.{u_1} α) (Finset.{u_1} (Cycle.{u_1} α))
                (@SetLike.instMembership.{u_1, u_1} (Finset.{u_1} (Cycle.{u_1} α)) (Cycle.{u_1} α)
                  (@Finset.instSetLike.{u_1} (Cycle.{u_1} α)))
                (@Luce.Section6.categoryCycleSet.{u_1, u_2} α ι inst inst_1 R k P
                  (@Sigma.fst.{u_2, 0} ι (fun i => Fin (r i)) c))
                x)
            (@DFunLike.coe.{u_1 + 1, 1, u_1 + 1}
              (Function.Embedding.{1, u_1 + 1} (Fin (r (@Sigma.fst.{u_2, 0} ι (fun i => Fin (r i)) c)))
                ↥(@Luce.Section6.categoryCycleSet.{u_1, u_2} α ι inst inst_1 R k P
                    (@Sigma.fst.{u_2, 0} ι (fun i => Fin (r i)) c)))
              (Fin (r (@Sigma.fst.{u_2, 0} ι (fun i => Fin (r i)) c)))
              (fun x =>
                ↥(@Luce.Section6.categoryCycleSet.{u_1, u_2} α ι inst inst_1 R k P
                    (@Sigma.fst.{u_2, 0} ι (fun i => Fin (r i)) c)))
              (@Function.instFunLikeEmbedding.{1, u_1 + 1} (Fin (r (@Sigma.fst.{u_2, 0} ι (fun i => Fin (r i)) c)))
                ↥(@Luce.Section6.categoryCycleSet.{u_1, u_2} α ι inst inst_1 R k P
                    (@Sigma.fst.{u_2, 0} ι (fun i => Fin (r i)) c)))
              (C (@Sigma.fst.{u_2, 0} ι (fun i => Fin (r i)) c)) (@Sigma.snd.{u_2, 0} ι (fun i => Fin (r i)) c))) :=
⋯
'Luce.Section6.category_collection_distinct' depends on axioms: [propext, Classical.choice.{u}, Quot.sound.{u}]
theorem Luce.Section6.category_collection_disjoint.{u_1, u_2} : ∀ {α : Type u_1} {ι : Type u_2} [inst : Fintype.{u_1} α]
  [inst_1 : DecidableEq.{u_1 + 1} α] {R : Equiv.Perm.{u_1 + 1} α} {k r : ι → Nat} {P : ι → Finset.{u_1} α → Prop},
  (@Pairwise.{u_2} ι fun i j =>
      @Disjoint.{u_1} (Finset.{u_1} (Cycle.{u_1} α)) (@Finset.instPartialOrder.{u_1} (Cycle.{u_1} α))
        (@Finset.instOrderBot.{u_1} (Cycle.{u_1} α))
        (@Luce.Section6.categoryCycleSet.{u_1, u_2} α ι inst inst_1 R k P i)
        (@Luce.Section6.categoryCycleSet.{u_1, u_2} α ι inst inst_1 R k P j)) →
    ∀ (C : @Luce.Section6.CategoryCycleCollection.{u_1, u_2} α ι inst inst_1 R k r P)
      (b c : @Luce.Section6.CategoryCycleSlot.{u_2} ι r),
      @Ne.{u_2 + 1} (@Luce.Section6.CategoryCycleSlot.{u_2} ι r) b c →
        @Disjoint.{u_1} (Finset.{u_1} α) (@Finset.instPartialOrder.{u_1} α) (@Finset.instOrderBot.{u_1} α)
          (@Cycle.toFinset.{u_1} α inst_1
            (@Subtype.val.{u_1 + 1} (Cycle.{u_1} α)
              (fun x =>
                @Membership.mem.{u_1, u_1} (Cycle.{u_1} α) (Finset.{u_1} (Cycle.{u_1} α))
                  (@SetLike.instMembership.{u_1, u_1} (Finset.{u_1} (Cycle.{u_1} α)) (Cycle.{u_1} α)
                    (@Finset.instSetLike.{u_1} (Cycle.{u_1} α)))
                  (@Luce.Section6.categoryCycleSet.{u_1, u_2} α ι inst inst_1 R k P
                    (@Sigma.fst.{u_2, 0} ι (fun i => Fin (r i)) b))
                  x)
              (@DFunLike.coe.{u_1 + 1, 1, u_1 + 1}
                (Function.Embedding.{1, u_1 + 1} (Fin (r (@Sigma.fst.{u_2, 0} ι (fun i => Fin (r i)) b)))
                  ↥(@Luce.Section6.categoryCycleSet.{u_1, u_2} α ι inst inst_1 R k P
                      (@Sigma.fst.{u_2, 0} ι (fun i => Fin (r i)) b)))
                (Fin (r (@Sigma.fst.{u_2, 0} ι (fun i => Fin (r i)) b)))
                (fun x =>
                  ↥(@Luce.Section6.categoryCycleSet.{u_1, u_2} α ι inst inst_1 R k P
                      (@Sigma.fst.{u_2, 0} ι (fun i => Fin (r i)) b)))
                (@Function.instFunLikeEmbedding.{1, u_1 + 1} (Fin (r (@Sigma.fst.{u_2, 0} ι (fun i => Fin (r i)) b)))
                  ↥(@Luce.Section6.categoryCycleSet.{u_1, u_2} α ι inst inst_1 R k P
                      (@Sigma.fst.{u_2, 0} ι (fun i => Fin (r i)) b)))
                (C (@Sigma.fst.{u_2, 0} ι (fun i => Fin (r i)) b)) (@Sigma.snd.{u_2, 0} ι (fun i => Fin (r i)) b))))
          (@Cycle.toFinset.{u_1} α inst_1
            (@Subtype.val.{u_1 + 1} (Cycle.{u_1} α)
              (fun x =>
                @Membership.mem.{u_1, u_1} (Cycle.{u_1} α) (Finset.{u_1} (Cycle.{u_1} α))
                  (@SetLike.instMembership.{u_1, u_1} (Finset.{u_1} (Cycle.{u_1} α)) (Cycle.{u_1} α)
                    (@Finset.instSetLike.{u_1} (Cycle.{u_1} α)))
                  (@Luce.Section6.categoryCycleSet.{u_1, u_2} α ι inst inst_1 R k P
                    (@Sigma.fst.{u_2, 0} ι (fun i => Fin (r i)) c))
                  x)
              (@DFunLike.coe.{u_1 + 1, 1, u_1 + 1}
                (Function.Embedding.{1, u_1 + 1} (Fin (r (@Sigma.fst.{u_2, 0} ι (fun i => Fin (r i)) c)))
                  ↥(@Luce.Section6.categoryCycleSet.{u_1, u_2} α ι inst inst_1 R k P
                      (@Sigma.fst.{u_2, 0} ι (fun i => Fin (r i)) c)))
                (Fin (r (@Sigma.fst.{u_2, 0} ι (fun i => Fin (r i)) c)))
                (fun x =>
                  ↥(@Luce.Section6.categoryCycleSet.{u_1, u_2} α ι inst inst_1 R k P
                      (@Sigma.fst.{u_2, 0} ι (fun i => Fin (r i)) c)))
                (@Function.instFunLikeEmbedding.{1, u_1 + 1} (Fin (r (@Sigma.fst.{u_2, 0} ι (fun i => Fin (r i)) c)))
                  ↥(@Luce.Section6.categoryCycleSet.{u_1, u_2} α ι inst inst_1 R k P
                      (@Sigma.fst.{u_2, 0} ι (fun i => Fin (r i)) c)))
                (C (@Sigma.fst.{u_2, 0} ι (fun i => Fin (r i)) c)) (@Sigma.snd.{u_2, 0} ι (fun i => Fin (r i)) c)))) :=
⋯
'Luce.Section6.category_collection_disjoint' depends on axioms: [propext, Classical.choice.{u}, Quot.sound.{u}]
theorem Luce.Section6.categoryAssignmentOfCollection_collectionOfAssignment.{u_1, u_2} : ∀ {α : Type u_1} {ι : Type u_2}
  [inst : Fintype.{u_1} α] [inst_1 : DecidableEq.{u_1 + 1} α] {R : Equiv.Perm.{u_1 + 1} α} {k r : ι → Nat}
  {P : ι → Finset.{u_1} α → Prop}
  (hd :
    @Pairwise.{u_2} ι fun i j =>
      @Disjoint.{u_1} (Finset.{u_1} (Cycle.{u_1} α)) (@Finset.instPartialOrder.{u_1} (Cycle.{u_1} α))
        (@Finset.instOrderBot.{u_1} (Cycle.{u_1} α))
        (@Luce.Section6.categoryCycleSet.{u_1, u_2} α ι inst inst_1 R k P i)
        (@Luce.Section6.categoryCycleSet.{u_1, u_2} α ι inst inst_1 R k P j))
  (t : @Luce.Section6.CategoryCycleAssignment.{u_1, u_2} α ι inst_1 R k r P),
  @Eq.{max (u_1 + 1) (u_2 + 1)} (@Luce.Section6.CategoryCycleAssignment.{u_1, u_2} α ι inst_1 R k r P)
    (@Luce.Section6.categoryAssignmentOfCollection.{u_1, u_2} α ι inst inst_1 R k r P hd
      (@Luce.Section6.categoryCollectionOfAssignment.{u_1, u_2} α ι inst inst_1 R k r P t))
    t :=
⋯
'Luce.Section6.categoryAssignmentOfCollection_collectionOfAssignment' depends on axioms: [propext,
 Classical.choice.{u},
 Quot.sound.{u}]
theorem Luce.Section6.categoryCollectionOfAssignment_assignmentOfCollection.{u_1, u_2} : ∀ {α : Type u_1} {ι : Type u_2}
  [inst : Fintype.{u_1} α] [inst_1 : DecidableEq.{u_1 + 1} α] {R : Equiv.Perm.{u_1 + 1} α} {k r : ι → Nat}
  {P : ι → Finset.{u_1} α → Prop}
  (hd :
    @Pairwise.{u_2} ι fun i j =>
      @Disjoint.{u_1} (Finset.{u_1} (Cycle.{u_1} α)) (@Finset.instPartialOrder.{u_1} (Cycle.{u_1} α))
        (@Finset.instOrderBot.{u_1} (Cycle.{u_1} α))
        (@Luce.Section6.categoryCycleSet.{u_1, u_2} α ι inst inst_1 R k P i)
        (@Luce.Section6.categoryCycleSet.{u_1, u_2} α ι inst inst_1 R k P j))
  (C : @Luce.Section6.RootedCategoryCollection.{u_1, u_2} α ι inst inst_1 R k r P),
  @Eq.{max (u_1 + 1) (u_2 + 1)} (@Luce.Section6.RootedCategoryCollection.{u_1, u_2} α ι inst inst_1 R k r P)
    (@Luce.Section6.categoryCollectionOfAssignment.{u_1, u_2} α ι inst inst_1 R k r P
      (@Luce.Section6.categoryAssignmentOfCollection.{u_1, u_2} α ι inst inst_1 R k r P hd C))
    C :=
⋯
'Luce.Section6.categoryCollectionOfAssignment_assignmentOfCollection' depends on axioms: [propext,
 Classical.choice.{u},
 Quot.sound.{u}]
theorem Luce.Section6.category_collection_card.{u_1, u_2} : ∀ {α : Type u_1} {ι : Type u_2} [inst : Fintype.{u_1} α]
  [inst_1 : DecidableEq.{u_1 + 1} α] [inst_2 : Fintype.{u_2} ι] (R : Equiv.Perm.{u_1 + 1} α) (k r : ι → Nat)
  (P : ι → Finset.{u_1} α → Prop),
  @Eq.{1} Nat (Nat.card.{max u_2 u_1} (@Luce.Section6.CategoryCycleCollection.{u_1, u_2} α ι inst inst_1 R k r P))
    (∏ i,
      (@Finset.card.{u_1} (Cycle.{u_1} α)
            (@Luce.Section6.categoryCycleSet.{u_1, u_2} α ι inst inst_1 R k P i)).descFactorial
        (r i)) :=
⋯
'Luce.Section6.category_collection_card' depends on axioms: [propext, Classical.choice.{u}, Quot.sound.{u}]
theorem Luce.Section6.category_roots_card.{u_1, u_2} : ∀ {α : Type u_1} {ι : Type u_2} [inst : Fintype.{u_1} α]
  [inst_1 : DecidableEq.{u_1 + 1} α] [inst_2 : Fintype.{u_2} ι] {R : Equiv.Perm.{u_1 + 1} α} {k r : ι → Nat}
  {P : ι → Finset.{u_1} α → Prop} (C : @Luce.Section6.CategoryCycleCollection.{u_1, u_2} α ι inst inst_1 R k r P),
  @Eq.{1} Nat (Nat.card.{max u_2 u_1} (@Luce.Section6.CategoryCycleRoots.{u_1, u_2} α ι inst inst_1 R k r P C))
    (∏ i,
      @HPow.hPow.{0, 0, 0} Nat Nat Nat
        (@instHPow.{0, 0} Nat Nat (@NPow.toPow.{0} Nat (@Monoid.toNPow.{0} Nat Nat.instMonoid)))
        (@HAdd.hAdd.{0, 0, 0} Nat Nat Nat (@instHAdd.{0} Nat instAddNat) (k i)
          (@OfNat.ofNat.{0} Nat (nat_lit 1) (instOfNatNat (nat_lit 1))))
        (r i)) :=
⋯
'Luce.Section6.category_roots_card' depends on axioms: [propext, Classical.choice.{u}, Quot.sound.{u}]
theorem Luce.Section6.rooted_category_collection_card.{u_1, u_2} : ∀ {α : Type u_1} {ι : Type u_2}
  [inst : Fintype.{u_1} α] [inst_1 : DecidableEq.{u_1 + 1} α] [inst_2 : Fintype.{u_2} ι] (R : Equiv.Perm.{u_1 + 1} α)
  (k r : ι → Nat) (P : ι → Finset.{u_1} α → Prop),
  @Eq.{1} Nat (Nat.card.{max u_2 u_1} (@Luce.Section6.RootedCategoryCollection.{u_1, u_2} α ι inst inst_1 R k r P))
    (@HMul.hMul.{0, 0, 0} Nat Nat Nat (@instHMul.{0} Nat instMulNat)
      (∏ i,
        (@Finset.card.{u_1} (Cycle.{u_1} α)
              (@Luce.Section6.categoryCycleSet.{u_1, u_2} α ι inst inst_1 R k P i)).descFactorial
          (r i))
      (∏ i,
        @HPow.hPow.{0, 0, 0} Nat Nat Nat
          (@instHPow.{0, 0} Nat Nat (@NPow.toPow.{0} Nat (@Monoid.toNPow.{0} Nat Nat.instMonoid)))
          (@HAdd.hAdd.{0, 0, 0} Nat Nat Nat (@instHAdd.{0} Nat instAddNat) (k i)
            (@OfNat.ofNat.{0} Nat (nat_lit 1) (instOfNatNat (nat_lit 1))))
          (r i))) :=
⋯
'Luce.Section6.rooted_category_collection_card' depends on axioms: [propext, Classical.choice.{u}, Quot.sound.{u}]
theorem Luce.Section6.category_assignment_card.{u_1, u_2} : ∀ {α : Type u_1} {ι : Type u_2} [inst : Fintype.{u_1} α]
  [inst_1 : DecidableEq.{u_1 + 1} α] [inst_2 : Fintype.{u_2} ι] (R : Equiv.Perm.{u_1 + 1} α) (k r : ι → Nat)
  (P : ι → Finset.{u_1} α → Prop),
  (@Pairwise.{u_2} ι fun i j =>
      @Disjoint.{u_1} (Finset.{u_1} (Cycle.{u_1} α)) (@Finset.instPartialOrder.{u_1} (Cycle.{u_1} α))
        (@Finset.instOrderBot.{u_1} (Cycle.{u_1} α))
        (@Luce.Section6.categoryCycleSet.{u_1, u_2} α ι inst inst_1 R k P i)
        (@Luce.Section6.categoryCycleSet.{u_1, u_2} α ι inst inst_1 R k P j)) →
    @Eq.{1} Nat (Nat.card.{max u_2 u_1} (@Luce.Section6.CategoryCycleAssignment.{u_1, u_2} α ι inst_1 R k r P))
      (@HMul.hMul.{0, 0, 0} Nat Nat Nat (@instHMul.{0} Nat instMulNat)
        (∏ i,
          (@Finset.card.{u_1} (Cycle.{u_1} α)
                (@Luce.Section6.categoryCycleSet.{u_1, u_2} α ι inst inst_1 R k P i)).descFactorial
            (r i))
        (∏ i,
          @HPow.hPow.{0, 0, 0} Nat Nat Nat
            (@instHPow.{0, 0} Nat Nat (@NPow.toPow.{0} Nat (@Monoid.toNPow.{0} Nat Nat.instMonoid)))
            (@HAdd.hAdd.{0, 0, 0} Nat Nat Nat (@instHAdd.{0} Nat instAddNat) (k i)
              (@OfNat.ofNat.{0} Nat (nat_lit 1) (instOfNatNat (nat_lit 1))))
            (r i))) :=
⋯
'Luce.Section6.category_assignment_card' depends on axioms: [propext, Classical.choice.{u}, Quot.sound.{u}]
theorem Luce.Section6.category_root_factor_pos.{u_2} : ∀ {ι : Type u_2} [inst : Fintype.{u_2} ι] (k r : ι → Nat),
  @LT.lt.{0} Real Real.instLT (@OfNat.ofNat.{0} Real (nat_lit 0) (@Zero.toOfNat0.{0} Real Real.instZero))
    (∏ i,
      @HPow.hPow.{0, 0, 0} Real Nat Real
        (@instHPow.{0, 0} Real Nat (@NPow.toPow.{0} Real (@Monoid.toNPow.{0} Real Real.instMonoid)))
        (@Nat.cast.{0} Real Real.instNatCast
          (@HAdd.hAdd.{0, 0, 0} Nat Nat Nat (@instHAdd.{0} Nat instAddNat) (k i)
            (@OfNat.ofNat.{0} Nat (nat_lit 1) (instOfNatNat (nat_lit 1)))))
        (r i)) :=
⋯
'Luce.Section6.category_root_factor_pos' depends on axioms: [propext, Classical.choice.{u}, Quot.sound.{u}]
theorem Luce.Section6.category_factorial_eq_assignment_card.{u_1, u_2} : ∀ {α : Type u_1} {ι : Type u_2}
  [inst : Fintype.{u_1} α] [inst_1 : DecidableEq.{u_1 + 1} α] [inst_2 : Fintype.{u_2} ι] (R : Equiv.Perm.{u_1 + 1} α)
  (k r : ι → Nat) (P : ι → Finset.{u_1} α → Prop),
  (@Pairwise.{u_2} ι fun i j =>
      @Disjoint.{u_1} (Finset.{u_1} (Cycle.{u_1} α)) (@Finset.instPartialOrder.{u_1} (Cycle.{u_1} α))
        (@Finset.instOrderBot.{u_1} (Cycle.{u_1} α))
        (@Luce.Section6.categoryCycleSet.{u_1, u_2} α ι inst inst_1 R k P i)
        (@Luce.Section6.categoryCycleSet.{u_1, u_2} α ι inst inst_1 R k P j)) →
    @Eq.{1} Real
      (∏ i,
        @Nat.cast.{0} Real Real.instNatCast
          ((@Finset.card.{u_1} (Cycle.{u_1} α)
                (@Luce.Section6.categoryCycleSet.{u_1, u_2} α ι inst inst_1 R k P i)).descFactorial
            (r i)))
      (@HDiv.hDiv.{0, 0, 0} Real Real Real (@instHDiv.{0} Real (@DivInvMonoid.toDiv.{0} Real Real.instDivInvMonoid))
        (@Nat.cast.{0} Real Real.instNatCast
          (Nat.card.{max u_2 u_1} (@Luce.Section6.CategoryCycleAssignment.{u_1, u_2} α ι inst_1 R k r P)))
        (∏ i,
          @HPow.hPow.{0, 0, 0} Real Nat Real
            (@instHPow.{0, 0} Real Nat (@NPow.toPow.{0} Real (@Monoid.toNPow.{0} Real Real.instMonoid)))
            (@Nat.cast.{0} Real Real.instNatCast
              (@HAdd.hAdd.{0, 0, 0} Nat Nat Nat (@instHAdd.{0} Nat instAddNat) (k i)
                (@OfNat.ofNat.{0} Nat (nat_lit 1) (instOfNatNat (nat_lit 1)))))
            (r i))) :=
⋯
'Luce.Section6.category_factorial_eq_assignment_card' depends on axioms: [propext, Classical.choice.{u}, Quot.sound.{u}]
theorem Luce.Section6.sum_category_block_indicator.{u_1, u_2} : ∀ {α : Type u_1} {ι : Type u_2} [inst : Fintype.{u_1} α]
  [inst_1 : DecidableEq.{u_1 + 1} α] [inst_2 : Fintype.{u_2} ι] (R : Equiv.Perm.{u_1 + 1} α) (k r : ι → Nat)
  (P : ι → Finset.{u_1} α → Prop),
  @Eq.{1} Real
    (∑ t,
      @ite.{1} Real
        (∀ (b : @Luce.Section6.CategoryCycleSlot.{u_2} ι r),
          P (@Sigma.fst.{u_2, 0} ι (fun i => Fin (r i)) b)
            (@Luce.Section6.categoryBlockVertexSet.{u_1, u_2} α ι inst_1 k r
              (@DFunLike.coe.{max (u_1 + 1) (u_2 + 1), u_2 + 1, u_1 + 1}
                (Function.Embedding.{u_2 + 1, u_1 + 1} (@Luce.Section6.CategoryCycleVertex.{u_2} ι k r) α)
                (@Luce.Section6.CategoryCycleVertex.{u_2} ι k r) (fun x => α)
                (@Function.instFunLikeEmbedding.{u_2 + 1, u_1 + 1} (@Luce.Section6.CategoryCycleVertex.{u_2} ι k r) α)
                t)
              b))
        (@Fintype.decidableForallFintype.{u_2} (@Luce.Section6.CategoryCycleSlot.{u_2} ι r)
          (fun b =>
            P (@Sigma.fst.{u_2, 0} ι (fun i => Fin (r i)) b)
              (@Luce.Section6.categoryBlockVertexSet.{u_1, u_2} α ι inst_1 k r
                (@DFunLike.coe.{max (u_1 + 1) (u_2 + 1), u_2 + 1, u_1 + 1}
                  (Function.Embedding.{u_2 + 1, u_1 + 1} (@Luce.Section6.CategoryCycleVertex.{u_2} ι k r) α)
                  (@Luce.Section6.CategoryCycleVertex.{u_2} ι k r) (fun x => α)
                  (@Function.instFunLikeEmbedding.{u_2 + 1, u_1 + 1} (@Luce.Section6.CategoryCycleVertex.{u_2} ι k r) α)
                  t)
                b))
          (fun a =>
            Classical.propDecidable
              (P (@Sigma.fst.{u_2, 0} ι (fun i => Fin (r i)) a)
                (@Luce.Section6.categoryBlockVertexSet.{u_1, u_2} α ι inst_1 k r
                  (@DFunLike.coe.{max (u_1 + 1) (u_2 + 1), u_2 + 1, u_1 + 1}
                    (Function.Embedding.{u_2 + 1, u_1 + 1} (@Luce.Section6.CategoryCycleVertex.{u_2} ι k r) α)
                    (@Luce.Section6.CategoryCycleVertex.{u_2} ι k r) (fun x => α)
                    (@Function.instFunLikeEmbedding.{u_2 + 1, u_1 + 1} (@Luce.Section6.CategoryCycleVertex.{u_2} ι k r)
                      α)
                    t)
                  a)))
          (@Sigma.instFintype.{u_2, 0} ι (fun i => Fin (r i)) (fun i => Fin.fintype (r i)) inst_2))
        (@Luce.Section6.categoryBlockIndicator.{u_1, u_2} α ι inst_1 inst_2 R k r t)
        (@OfNat.ofNat.{0} Real (nat_lit 0) (@Zero.toOfNat0.{0} Real Real.instZero)))
    (@Nat.cast.{0} Real Real.instNatCast
      (Nat.card.{max u_2 u_1} (@Luce.Section6.CategoryCycleAssignment.{u_1, u_2} α ι inst_1 R k r P))) :=
⋯
'Luce.Section6.sum_category_block_indicator' depends on axioms: [propext, Classical.choice.{u}, Quot.sound.{u}]
theorem Luce.Section6.category_factorial_eq_assignment_sum.{u_1, u_2} : ∀ {α : Type u_1} {ι : Type u_2}
  [inst : Fintype.{u_1} α] [inst_1 : DecidableEq.{u_1 + 1} α] [inst_2 : Fintype.{u_2} ι] (R : Equiv.Perm.{u_1 + 1} α)
  (k r : ι → Nat) (P : ι → Finset.{u_1} α → Prop),
  (@Pairwise.{u_2} ι fun i j =>
      @Disjoint.{u_1} (Finset.{u_1} (Cycle.{u_1} α)) (@Finset.instPartialOrder.{u_1} (Cycle.{u_1} α))
        (@Finset.instOrderBot.{u_1} (Cycle.{u_1} α))
        (@Luce.Section6.categoryCycleSet.{u_1, u_2} α ι inst inst_1 R k P i)
        (@Luce.Section6.categoryCycleSet.{u_1, u_2} α ι inst inst_1 R k P j)) →
    @Eq.{1} Real
      (∏ i,
        @Nat.cast.{0} Real Real.instNatCast
          ((@Finset.card.{u_1} (Cycle.{u_1} α)
                (@Luce.Section6.categoryCycleSet.{u_1, u_2} α ι inst inst_1 R k P i)).descFactorial
            (r i)))
      (@HDiv.hDiv.{0, 0, 0} Real Real Real (@instHDiv.{0} Real (@DivInvMonoid.toDiv.{0} Real Real.instDivInvMonoid))
        (∑ t,
          @ite.{1} Real
            (∀ (b : @Luce.Section6.CategoryCycleSlot.{u_2} ι r),
              P (@Sigma.fst.{u_2, 0} ι (fun i => Fin (r i)) b)
                (@Luce.Section6.categoryBlockVertexSet.{u_1, u_2} α ι inst_1 k r
                  (@DFunLike.coe.{max (u_1 + 1) (u_2 + 1), u_2 + 1, u_1 + 1}
                    (Function.Embedding.{u_2 + 1, u_1 + 1} (@Luce.Section6.CategoryCycleVertex.{u_2} ι k r) α)
                    (@Luce.Section6.CategoryCycleVertex.{u_2} ι k r) (fun x => α)
                    (@Function.instFunLikeEmbedding.{u_2 + 1, u_1 + 1} (@Luce.Section6.CategoryCycleVertex.{u_2} ι k r)
                      α)
                    t)
                  b))
            (@Fintype.decidableForallFintype.{u_2} (@Luce.Section6.CategoryCycleSlot.{u_2} ι r)
              (fun b =>
                P (@Sigma.fst.{u_2, 0} ι (fun i => Fin (r i)) b)
                  (@Luce.Section6.categoryBlockVertexSet.{u_1, u_2} α ι inst_1 k r
                    (@DFunLike.coe.{max (u_1 + 1) (u_2 + 1), u_2 + 1, u_1 + 1}
                      (Function.Embedding.{u_2 + 1, u_1 + 1} (@Luce.Section6.CategoryCycleVertex.{u_2} ι k r) α)
                      (@Luce.Section6.CategoryCycleVertex.{u_2} ι k r) (fun x => α)
                      (@Function.instFunLikeEmbedding.{u_2 + 1, u_1 + 1}
                        (@Luce.Section6.CategoryCycleVertex.{u_2} ι k r) α)
                      t)
                    b))
              (fun a =>
                Classical.propDecidable
                  (P (@Sigma.fst.{u_2, 0} ι (fun i => Fin (r i)) a)
                    (@Luce.Section6.categoryBlockVertexSet.{u_1, u_2} α ι inst_1 k r
                      (@DFunLike.coe.{max (u_1 + 1) (u_2 + 1), u_2 + 1, u_1 + 1}
                        (Function.Embedding.{u_2 + 1, u_1 + 1} (@Luce.Section6.CategoryCycleVertex.{u_2} ι k r) α)
                        (@Luce.Section6.CategoryCycleVertex.{u_2} ι k r) (fun x => α)
                        (@Function.instFunLikeEmbedding.{u_2 + 1, u_1 + 1}
                          (@Luce.Section6.CategoryCycleVertex.{u_2} ι k r) α)
                        t)
                      a)))
              (@Sigma.instFintype.{u_2, 0} ι (fun i => Fin (r i)) (fun i => Fin.fintype (r i)) inst_2))
            (@Luce.Section6.categoryBlockIndicator.{u_1, u_2} α ι inst_1 inst_2 R k r t)
            (@OfNat.ofNat.{0} Real (nat_lit 0) (@Zero.toOfNat0.{0} Real Real.instZero)))
        (∏ i,
          @HPow.hPow.{0, 0, 0} Real Nat Real
            (@instHPow.{0, 0} Real Nat (@NPow.toPow.{0} Real (@Monoid.toNPow.{0} Real Real.instMonoid)))
            (@Nat.cast.{0} Real Real.instNatCast
              (@HAdd.hAdd.{0, 0, 0} Nat Nat Nat (@instHAdd.{0} Nat instAddNat) (k i)
                (@OfNat.ofNat.{0} Nat (nat_lit 1) (instOfNatNat (nat_lit 1)))))
            (r i))) :=
⋯
'Luce.Section6.category_factorial_eq_assignment_sum' depends on axioms: [propext, Classical.choice.{u}, Quot.sound.{u}]
theorem Luce.Section6.integral_category_block_indicator.{u_1} : ∀ {ι : Type u_1} [inst : Fintype.{u_1} ι] {n : Nat}
  (w : Luce.Weights n) (k r : ι → Nat)
  (t : Function.Embedding.{u_1 + 1, 1} (@Luce.Section6.CategoryCycleVertex.{u_1} ι k r) (Fin n)),
  @Eq.{1} Real
    (@MeasureTheory.integral.{0, 0} (Fin n → Real) Real Real.normedAddCommGroup
      (@InnerProductSpace.toNormedSpace.{0, 0} Real Real Real.instRCLike
        (@NormedAddCommGroup.toSeminormedAddCommGroup.{0} Real Real.normedAddCommGroup)
        (@RCLike.toInnerProductSpaceReal.{0} Real Real.instRCLike))
      (@MeasurableSpace.pi.{0, 0} (Fin n) (fun a => Real) fun a => Real.measurableSpace) (@Luce.exponentialRace n w)
      fun e =>
      @Luce.Section6.categoryBlockIndicator.{0, u_1} (Fin n) ι (instDecidableEqFin n) inst
        (@Luce.raceRankPermutation n e) k r t)
    (@MeasureTheory.Measure.real.{0} (Fin n → Real)
      (@MeasurableSpace.pi.{0, 0} (Fin n) (fun a => Real) fun a => Real.measurableSpace) (@Luce.exponentialRace n w)
      (@Set.ofPred.{0} (Fin n → Real) fun e =>
        ∀ (x : @Luce.Section6.CategoryCycleVertex.{u_1} ι k r),
          @Eq.{1} Nat
            (@Luce.raceRank n e
              (@DFunLike.coe.{u_1 + 1, u_1 + 1, 1}
                (Function.Embedding.{u_1 + 1, 1} (@Luce.Section6.CategoryCycleVertex.{u_1} ι k r) (Fin n))
                (@Luce.Section6.CategoryCycleVertex.{u_1} ι k r) (fun x => Fin n)
                (@Function.instFunLikeEmbedding.{u_1 + 1, 1} (@Luce.Section6.CategoryCycleVertex.{u_1} ι k r) (Fin n)) t
                x))
            (@HAdd.hAdd.{0, 0, 0} Nat Nat Nat (@instHAdd.{0} Nat instAddNat)
              (@Fin.val n
                (@DFunLike.coe.{u_1 + 1, u_1 + 1, 1}
                  (Function.Embedding.{u_1 + 1, 1} (@Luce.Section6.CategoryCycleVertex.{u_1} ι k r) (Fin n))
                  (@Luce.Section6.CategoryCycleVertex.{u_1} ι k r) (fun x => Fin n)
                  (@Function.instFunLikeEmbedding.{u_1 + 1, 1} (@Luce.Section6.CategoryCycleVertex.{u_1} ι k r) (Fin n))
                  t
                  (@DFunLike.coe.{u_1 + 1, u_1 + 1, u_1 + 1}
                    (Equiv.Perm.{u_1 + 1} (@Luce.Section6.CategoryCycleVertex.{u_1} ι k r))
                    (@Luce.Section6.CategoryCycleVertex.{u_1} ι k r)
                    (fun x => @Luce.Section6.CategoryCycleVertex.{u_1} ι k r)
                    (@EquivLike.toFunLike.{u_1 + 1, u_1 + 1, u_1 + 1}
                      (Equiv.Perm.{u_1 + 1} (@Luce.Section6.CategoryCycleVertex.{u_1} ι k r))
                      (@Luce.Section6.CategoryCycleVertex.{u_1} ι k r) (@Luce.Section6.CategoryCycleVertex.{u_1} ι k r)
                      (@Equiv.instEquivLike.{u_1 + 1, u_1 + 1} (@Luce.Section6.CategoryCycleVertex.{u_1} ι k r)
                        (@Luce.Section6.CategoryCycleVertex.{u_1} ι k r)))
                    (@Luce.Section6.categoryBlockPermutation.{u_1} ι k r) x)))
              (@OfNat.ofNat.{0} Nat (nat_lit 1) (instOfNatNat (nat_lit 1)))))) :=
⋯
'Luce.Section6.integral_category_block_indicator' depends on axioms: [propext, Classical.choice.{u}, Quot.sound.{u}]
theorem Luce.Section6.category_factorial_expectation_eq_rank_sum.{u_1} : ∀ {ι : Type u_1} [inst : Fintype.{u_1} ι]
  {n : Nat} (w : Luce.Weights n) (k r : ι → Nat) (P : ι → Finset.{0} (Fin n) → Prop),
  (∀ (R : Equiv.Perm.{1} (Fin n)),
      @Pairwise.{u_1} ι fun i j =>
        @Disjoint.{0} (Finset.{0} (Cycle.{0} (Fin n))) (@Finset.instPartialOrder.{0} (Cycle.{0} (Fin n)))
          (@Finset.instOrderBot.{0} (Cycle.{0} (Fin n)))
          (@Luce.Section6.categoryCycleSet.{0, u_1} (Fin n) ι (Fin.fintype n) (instDecidableEqFin n) R k P i)
          (@Luce.Section6.categoryCycleSet.{0, u_1} (Fin n) ι (Fin.fintype n) (instDecidableEqFin n) R k P j)) →
    @Eq.{1} Real
      (@MeasureTheory.integral.{0, 0} (Fin n → Real) Real Real.normedAddCommGroup
        (@InnerProductSpace.toNormedSpace.{0, 0} Real Real Real.instRCLike
          (@NormedAddCommGroup.toSeminormedAddCommGroup.{0} Real Real.normedAddCommGroup)
          (@RCLike.toInnerProductSpaceReal.{0} Real Real.instRCLike))
        (@MeasurableSpace.pi.{0, 0} (Fin n) (fun a => Real) fun a => Real.measurableSpace) (@Luce.exponentialRace n w)
        fun e =>
        ∏ i,
          @Nat.cast.{0} Real Real.instNatCast
            ((@Finset.card.{0} (Cycle.{0} (Fin n))
                  (@Luce.Section6.categoryCycleSet.{0, u_1} (Fin n) ι (Fin.fintype n) (instDecidableEqFin n)
                    (@Luce.raceRankPermutation n e) k P i)).descFactorial
              (r i)))
      (@HDiv.hDiv.{0, 0, 0} Real Real Real (@instHDiv.{0} Real (@DivInvMonoid.toDiv.{0} Real Real.instDivInvMonoid))
        (∑ t,
          @ite.{1} Real
            (∀ (b : @Luce.Section6.CategoryCycleSlot.{u_1} ι r),
              P (@Sigma.fst.{u_1, 0} ι (fun i => Fin (r i)) b)
                (@Luce.Section6.categoryBlockVertexSet.{0, u_1} (Fin n) ι (instDecidableEqFin n) k r
                  (@DFunLike.coe.{u_1 + 1, u_1 + 1, 1}
                    (Function.Embedding.{u_1 + 1, 1} (@Luce.Section6.CategoryCycleVertex.{u_1} ι k r) (Fin n))
                    (@Luce.Section6.CategoryCycleVertex.{u_1} ι k r) (fun x => Fin n)
                    (@Function.instFunLikeEmbedding.{u_1 + 1, 1} (@Luce.Section6.CategoryCycleVertex.{u_1} ι k r)
                      (Fin n))
                    t)
                  b))
            (@Fintype.decidableForallFintype.{u_1} (@Luce.Section6.CategoryCycleSlot.{u_1} ι r)
              (fun b =>
                P (@Sigma.fst.{u_1, 0} ι (fun i => Fin (r i)) b)
                  (@Luce.Section6.categoryBlockVertexSet.{0, u_1} (Fin n) ι (instDecidableEqFin n) k r
                    (@DFunLike.coe.{u_1 + 1, u_1 + 1, 1}
                      (Function.Embedding.{u_1 + 1, 1} (@Luce.Section6.CategoryCycleVertex.{u_1} ι k r) (Fin n))
                      (@Luce.Section6.CategoryCycleVertex.{u_1} ι k r) (fun x => Fin n)
                      (@Function.instFunLikeEmbedding.{u_1 + 1, 1} (@Luce.Section6.CategoryCycleVertex.{u_1} ι k r)
                        (Fin n))
                      t)
                    b))
              (fun a =>
                Classical.propDecidable
                  (P (@Sigma.fst.{u_1, 0} ι (fun i => Fin (r i)) a)
                    (@Luce.Section6.categoryBlockVertexSet.{0, u_1} (Fin n) ι (instDecidableEqFin n) k r
                      (@DFunLike.coe.{u_1 + 1, u_1 + 1, 1}
                        (Function.Embedding.{u_1 + 1, 1} (@Luce.Section6.CategoryCycleVertex.{u_1} ι k r) (Fin n))
                        (@Luce.Section6.CategoryCycleVertex.{u_1} ι k r) (fun x => Fin n)
                        (@Function.instFunLikeEmbedding.{u_1 + 1, 1} (@Luce.Section6.CategoryCycleVertex.{u_1} ι k r)
                          (Fin n))
                        t)
                      a)))
              (@Sigma.instFintype.{u_1, 0} ι (fun i => Fin (r i)) (fun i => Fin.fintype (r i)) inst))
            (@MeasureTheory.Measure.real.{0} (Fin n → Real)
              (@MeasurableSpace.pi.{0, 0} (Fin n) (fun a => Real) fun a => Real.measurableSpace)
              (@Luce.exponentialRace n w)
              (@Set.ofPred.{0} (Fin n → Real) fun e =>
                ∀ (x : @Luce.Section6.CategoryCycleVertex.{u_1} ι k r),
                  @Eq.{1} Nat
                    (@Luce.raceRank n e
                      (@DFunLike.coe.{u_1 + 1, u_1 + 1, 1}
                        (Function.Embedding.{u_1 + 1, 1} (@Luce.Section6.CategoryCycleVertex.{u_1} ι k r) (Fin n))
                        (@Luce.Section6.CategoryCycleVertex.{u_1} ι k r) (fun x => Fin n)
                        (@Function.instFunLikeEmbedding.{u_1 + 1, 1} (@Luce.Section6.CategoryCycleVertex.{u_1} ι k r)
                          (Fin n))
                        t x))
                    (@HAdd.hAdd.{0, 0, 0} Nat Nat Nat (@instHAdd.{0} Nat instAddNat)
                      (@Fin.val n
                        (@DFunLike.coe.{u_1 + 1, u_1 + 1, 1}
                          (Function.Embedding.{u_1 + 1, 1} (@Luce.Section6.CategoryCycleVertex.{u_1} ι k r) (Fin n))
                          (@Luce.Section6.CategoryCycleVertex.{u_1} ι k r) (fun x => Fin n)
                          (@Function.instFunLikeEmbedding.{u_1 + 1, 1} (@Luce.Section6.CategoryCycleVertex.{u_1} ι k r)
                            (Fin n))
                          t
                          (@DFunLike.coe.{u_1 + 1, u_1 + 1, u_1 + 1}
                            (Equiv.Perm.{u_1 + 1} (@Luce.Section6.CategoryCycleVertex.{u_1} ι k r))
                            (@Luce.Section6.CategoryCycleVertex.{u_1} ι k r)
                            (fun x => @Luce.Section6.CategoryCycleVertex.{u_1} ι k r)
                            (@EquivLike.toFunLike.{u_1 + 1, u_1 + 1, u_1 + 1}
                              (Equiv.Perm.{u_1 + 1} (@Luce.Section6.CategoryCycleVertex.{u_1} ι k r))
                              (@Luce.Section6.CategoryCycleVertex.{u_1} ι k r)
                              (@Luce.Section6.CategoryCycleVertex.{u_1} ι k r)
                              (@Equiv.instEquivLike.{u_1 + 1, u_1 + 1} (@Luce.Section6.CategoryCycleVertex.{u_1} ι k r)
                                (@Luce.Section6.CategoryCycleVertex.{u_1} ι k r)))
                            (@Luce.Section6.categoryBlockPermutation.{u_1} ι k r) x)))
                      (@OfNat.ofNat.{0} Nat (nat_lit 1) (instOfNatNat (nat_lit 1))))))
            (@OfNat.ofNat.{0} Real (nat_lit 0) (@Zero.toOfNat0.{0} Real Real.instZero)))
        (∏ i,
          @HPow.hPow.{0, 0, 0} Real Nat Real
            (@instHPow.{0, 0} Real Nat (@NPow.toPow.{0} Real (@Monoid.toNPow.{0} Real Real.instMonoid)))
            (@Nat.cast.{0} Real Real.instNatCast
              (@HAdd.hAdd.{0, 0, 0} Nat Nat Nat (@instHAdd.{0} Nat instAddNat) (k i)
                (@OfNat.ofNat.{0} Nat (nat_lit 1) (instOfNatNat (nat_lit 1)))))
            (r i))) :=
⋯
'Luce.Section6.category_factorial_expectation_eq_rank_sum' depends on axioms: [propext,
 Classical.choice.{u},
 Quot.sound.{u}]
theorem Luce.Section6.opposite_core_sets_disjoint : ∀ {n A B : Nat},
  @LT.lt.{0} Nat instLTNat
      (@HMul.hMul.{0, 0, 0} Nat Nat Nat (@instHMul.{0} Nat instMulNat)
        (@OfNat.ofNat.{0} Nat (nat_lit 2) (instOfNatNat (nat_lit 2))) B)
      (@HAdd.hAdd.{0, 0, 0} Nat Nat Nat (@instHAdd.{0} Nat instAddNat) n
        (@OfNat.ofNat.{0} Nat (nat_lit 1) (instOfNatNat (nat_lit 1)))) →
    ∀ {s t : Luce.Section6.Corner},
      @Ne.{1} Luce.Section6.Corner s t →
        ∀ {S : Finset.{0} (Fin n)},
          @Finset.Nonempty.{0} (Fin n) S →
            (∀ (v : Fin n),
                @Membership.mem.{0, 0} (Fin n) (Finset.{0} (Fin n))
                    (@SetLike.instMembership.{0, 0} (Finset.{0} (Fin n)) (Fin n) (@Finset.instSetLike.{0} (Fin n))) S
                    v →
                  And (@LE.le.{0} Nat instLENat A (@Luce.Section6.cornerDistance s n v))
                    (@LE.le.{0} Nat instLENat (@Luce.Section6.cornerDistance s n v) B)) →
              (∀ (v : Fin n),
                  @Membership.mem.{0, 0} (Fin n) (Finset.{0} (Fin n))
                      (@SetLike.instMembership.{0, 0} (Finset.{0} (Fin n)) (Fin n) (@Finset.instSetLike.{0} (Fin n))) S
                      v →
                    And (@LE.le.{0} Nat instLENat A (@Luce.Section6.cornerDistance t n v))
                      (@LE.le.{0} Nat instLENat (@Luce.Section6.cornerDistance t n v) B)) →
                False :=
⋯
'Luce.Section6.opposite_core_sets_disjoint' depends on axioms: [propext, Classical.choice.{u}, Quot.sound.{u}]
theorem Luce.Section6.core_category_cycle_sets_disjoint : ∀ {n q A B : Nat},
  @LE.le.{0} Nat instLENat (@OfNat.ofNat.{0} Nat (nat_lit 2) (instOfNatNat (nat_lit 2))) n →
    @LT.lt.{0} Nat instLTNat
        (@HMul.hMul.{0, 0, 0} Nat Nat Nat (@instHMul.{0} Nat instMulNat)
          (@OfNat.ofNat.{0} Nat (nat_lit 2) (instOfNatNat (nat_lit 2))) B)
        (@HAdd.hAdd.{0, 0, 0} Nat Nat Nat (@instHAdd.{0} Nat instAddNat) n
          (@OfNat.ofNat.{0} Nat (nat_lit 1) (instOfNatNat (nat_lit 1)))) →
      ∀ (c : Fin q → Luce.Section6.CoreCycleCategory),
        @Luce.Section6.CoreCategoriesDisjoint q c →
          ∀ (R : Equiv.Perm.{1} (Fin n)),
            @Pairwise.{0} (Fin q) fun i j =>
              @Disjoint.{0} (Finset.{0} (Cycle.{0} (Fin n))) (@Finset.instPartialOrder.{0} (Cycle.{0} (Fin n)))
                (@Finset.instOrderBot.{0} (Cycle.{0} (Fin n)))
                (@Luce.Section6.categoryCycleSet.{0, 0} (Fin n) (Fin q) (Fin.fintype n) (instDecidableEqFin n) R
                  (fun i => (c i).lengthIndex) (fun i => @Luce.Section6.CategoryAdmissible n A B (c i)) i)
                (@Luce.Section6.categoryCycleSet.{0, 0} (Fin n) (Fin q) (Fin.fintype n) (instDecidableEqFin n) R
                  (fun i => (c i).lengthIndex) (fun i => @Luce.Section6.CategoryAdmissible n A B (c i)) j) :=
⋯
'Luce.Section6.core_category_cycle_sets_disjoint' depends on axioms: [propext, Classical.choice.{u}, Quot.sound.{u}]
theorem Luce.Section6.core_category_expectation_eq_rank_sum : ∀ {n q : Nat},
  @LE.le.{0} Nat instLENat (@OfNat.ofNat.{0} Nat (nat_lit 2) (instOfNatNat (nat_lit 2))) n →
    @LT.lt.{0} Nat instLTNat
        (@HMul.hMul.{0, 0, 0} Nat Nat Nat (@instHMul.{0} Nat instMulNat)
          (@OfNat.ofNat.{0} Nat (nat_lit 2) (instOfNatNat (nat_lit 2))) (Luce.Section6.idealCoreUpper n))
        (@HAdd.hAdd.{0, 0, 0} Nat Nat Nat (@instHAdd.{0} Nat instAddNat) n
          (@OfNat.ofNat.{0} Nat (nat_lit 1) (instOfNatNat (nat_lit 1)))) →
      ∀ (w : Luce.Weights n) (c : Fin q → Luce.Section6.CoreCycleCategory),
        @Luce.Section6.CoreCategoriesDisjoint q c →
          ∀ (r : Fin q → Nat),
            @Eq.{1} Real
              (@MeasureTheory.integral.{0, 0} (Fin n → Real) Real Real.normedAddCommGroup
                (@InnerProductSpace.toNormedSpace.{0, 0} Real Real Real.instRCLike
                  (@NormedAddCommGroup.toSeminormedAddCommGroup.{0} Real Real.normedAddCommGroup)
                  (@RCLike.toInnerProductSpaceReal.{0} Real Real.instRCLike))
                (@MeasurableSpace.pi.{0, 0} (Fin n) (fun a => Real) fun a => Real.measurableSpace)
                (@Luce.exponentialRace n w) fun e =>
                ∏ i,
                  @Nat.cast.{0} Real Real.instNatCast
                    ((@Luce.Section6.coreCategoryCount n (@Luce.raceRankPermutation n e) (c i)).descFactorial (r i)))
              (@HDiv.hDiv.{0, 0, 0} Real Real Real
                (@instHDiv.{0} Real (@DivInvMonoid.toDiv.{0} Real Real.instDivInvMonoid))
                (∑ t,
                  @ite.{1} Real
                    (∀ (b : @Luce.Section6.CategoryCycleSlot.{0} (Fin q) r),
                      @Luce.Section6.CategoryAdmissible n (Luce.Section6.idealCoreLower n)
                        (Luce.Section6.idealCoreUpper n) (c (@Sigma.fst.{0, 0} (Fin q) (fun i => Fin (r i)) b))
                        (@Luce.Section6.categoryBlockVertexSet.{0, 0} (Fin n) (Fin q) (instDecidableEqFin n)
                          (fun i => (c i).lengthIndex) r
                          (@DFunLike.coe.{1, 1, 1}
                            (Function.Embedding.{1, 1}
                              (@Luce.Section6.CategoryCycleVertex.{0} (Fin q) (fun i => (c i).lengthIndex) r) (Fin n))
                            (@Luce.Section6.CategoryCycleVertex.{0} (Fin q) (fun i => (c i).lengthIndex) r)
                            (fun x => Fin n)
                            (@Function.instFunLikeEmbedding.{1, 1}
                              (@Luce.Section6.CategoryCycleVertex.{0} (Fin q) (fun i => (c i).lengthIndex) r) (Fin n))
                            t)
                          b))
                    (@Fintype.decidableForallFintype.{0} (@Luce.Section6.CategoryCycleSlot.{0} (Fin q) r)
                      (fun b =>
                        @Luce.Section6.CategoryAdmissible n (Luce.Section6.idealCoreLower n)
                          (Luce.Section6.idealCoreUpper n) (c (@Sigma.fst.{0, 0} (Fin q) (fun i => Fin (r i)) b))
                          (@Luce.Section6.categoryBlockVertexSet.{0, 0} (Fin n) (Fin q) (instDecidableEqFin n)
                            (fun i => (c i).lengthIndex) r
                            (@DFunLike.coe.{1, 1, 1}
                              (Function.Embedding.{1, 1}
                                (@Luce.Section6.CategoryCycleVertex.{0} (Fin q) (fun i => (c i).lengthIndex) r) (Fin n))
                              (@Luce.Section6.CategoryCycleVertex.{0} (Fin q) (fun i => (c i).lengthIndex) r)
                              (fun x => Fin n)
                              (@Function.instFunLikeEmbedding.{1, 1}
                                (@Luce.Section6.CategoryCycleVertex.{0} (Fin q) (fun i => (c i).lengthIndex) r) (Fin n))
                              t)
                            b))
                      (fun a =>
                        Classical.propDecidable
                          (@Luce.Section6.CategoryAdmissible n (Luce.Section6.idealCoreLower n)
                            (Luce.Section6.idealCoreUpper n) (c (@Sigma.fst.{0, 0} (Fin q) (fun i => Fin (r i)) a))
                            (@Luce.Section6.categoryBlockVertexSet.{0, 0} (Fin n) (Fin q) (instDecidableEqFin n)
                              (fun i => (c i).lengthIndex) r
                              (@DFunLike.coe.{1, 1, 1}
                                (Function.Embedding.{1, 1}
                                  (@Luce.Section6.CategoryCycleVertex.{0} (Fin q) (fun i => (c i).lengthIndex) r)
                                  (Fin n))
                                (@Luce.Section6.CategoryCycleVertex.{0} (Fin q) (fun i => (c i).lengthIndex) r)
                                (fun x => Fin n)
                                (@Function.instFunLikeEmbedding.{1, 1}
                                  (@Luce.Section6.CategoryCycleVertex.{0} (Fin q) (fun i => (c i).lengthIndex) r)
                                  (Fin n))
                                t)
                              a)))
                      (@Sigma.instFintype.{0, 0} (Fin q) (fun i => Fin (r i)) (fun i => Fin.fintype (r i))
                        (Fin.fintype q)))
                    (@MeasureTheory.Measure.real.{0} (Fin n → Real)
                      (@MeasurableSpace.pi.{0, 0} (Fin n) (fun a => Real) fun a => Real.measurableSpace)
                      (@Luce.exponentialRace n w)
                      (@Set.ofPred.{0} (Fin n → Real) fun e =>
                        ∀ (x : @Luce.Section6.CategoryCycleVertex.{0} (Fin q) (fun i => (c i).lengthIndex) r),
                          @Eq.{1} Nat
                            (@Luce.raceRank n e
                              (@DFunLike.coe.{1, 1, 1}
                                (Function.Embedding.{1, 1}
                                  (@Luce.Section6.CategoryCycleVertex.{0} (Fin q) (fun i => (c i).lengthIndex) r)
                                  (Fin n))
                                (@Luce.Section6.CategoryCycleVertex.{0} (Fin q) (fun i => (c i).lengthIndex) r)
                                (fun x => Fin n)
                                (@Function.instFunLikeEmbedding.{1, 1}
                                  (@Luce.Section6.CategoryCycleVertex.{0} (Fin q) (fun i => (c i).lengthIndex) r)
                                  (Fin n))
                                t x))
                            (@HAdd.hAdd.{0, 0, 0} Nat Nat Nat (@instHAdd.{0} Nat instAddNat)
                              (@Fin.val n
                                (@DFunLike.coe.{1, 1, 1}
                                  (Function.Embedding.{1, 1}
                                    (@Luce.Section6.CategoryCycleVertex.{0} (Fin q) (fun i => (c i).lengthIndex) r)
                                    (Fin n))
                                  (@Luce.Section6.CategoryCycleVertex.{0} (Fin q) (fun i => (c i).lengthIndex) r)
                                  (fun x => Fin n)
                                  (@Function.instFunLikeEmbedding.{1, 1}
                                    (@Luce.Section6.CategoryCycleVertex.{0} (Fin q) (fun i => (c i).lengthIndex) r)
                                    (Fin n))
                                  t
                                  (@DFunLike.coe.{1, 1, 1}
                                    (Equiv.Perm.{1}
                                      (@Luce.Section6.CategoryCycleVertex.{0} (Fin q) (fun i => (c i).lengthIndex) r))
                                    (@Luce.Section6.CategoryCycleVertex.{0} (Fin q) (fun i => (c i).lengthIndex) r)
                                    (fun x =>
                                      @Luce.Section6.CategoryCycleVertex.{0} (Fin q) (fun i => (c i).lengthIndex) r)
                                    (@EquivLike.toFunLike.{1, 1, 1}
                                      (Equiv.Perm.{1}
                                        (@Luce.Section6.CategoryCycleVertex.{0} (Fin q) (fun i => (c i).lengthIndex) r))
                                      (@Luce.Section6.CategoryCycleVertex.{0} (Fin q) (fun i => (c i).lengthIndex) r)
                                      (@Luce.Section6.CategoryCycleVertex.{0} (Fin q) (fun i => (c i).lengthIndex) r)
                                      (@Equiv.instEquivLike.{1, 1}
                                        (@Luce.Section6.CategoryCycleVertex.{0} (Fin q) (fun i => (c i).lengthIndex) r)
                                        (@Luce.Section6.CategoryCycleVertex.{0} (Fin q) (fun i => (c i).lengthIndex)
                                          r)))
                                    (@Luce.Section6.categoryBlockPermutation.{0} (Fin q) (fun i => (c i).lengthIndex) r)
                                    x)))
                              (@OfNat.ofNat.{0} Nat (nat_lit 1) (instOfNatNat (nat_lit 1))))))
                    (@OfNat.ofNat.{0} Real (nat_lit 0) (@Zero.toOfNat0.{0} Real Real.instZero)))
                (∏ i,
                  @HPow.hPow.{0, 0, 0} Real Nat Real
                    (@instHPow.{0, 0} Real Nat (@NPow.toPow.{0} Real (@Monoid.toNPow.{0} Real Real.instMonoid)))
                    (@Nat.cast.{0} Real Real.instNatCast
                      (@HAdd.hAdd.{0, 0, 0} Nat Nat Nat (@instHAdd.{0} Nat instAddNat) (c i).lengthIndex
                        (@OfNat.ofNat.{0} Nat (nat_lit 1) (instOfNatNat (nat_lit 1)))))
                    (r i))) :=
⋯
'Luce.Section6.core_category_expectation_eq_rank_sum' depends on axioms: [propext, Classical.choice.{u}, Quot.sound.{u}]
theorem Luce.Section6.category_set_root_eq_tuple_root : ∀ {n k : Nat} (side : Luce.Section6.Corner)
  (x :
    Fin
        (@HAdd.hAdd.{0, 0, 0} Nat Nat Nat (@instHAdd.{0} Nat instAddNat) k
          (@OfNat.ofNat.{0} Nat (nat_lit 1) (instOfNatNat (nat_lit 1)))) →
      Fin n),
  @Eq.{1} Nat
    (@Luce.Section6.categorySetRootDepth n side
      (@Finset.image.{0, 0}
        (Fin
          (@HAdd.hAdd.{0, 0, 0} Nat Nat Nat (@instHAdd.{0} Nat instAddNat) k
            (@OfNat.ofNat.{0} Nat (nat_lit 1) (instOfNatNat (nat_lit 1)))))
        (Fin n) (instDecidableEqFin n) x
        (@Finset.univ.{0}
          (Fin
            (@HAdd.hAdd.{0, 0, 0} Nat Nat Nat (@instHAdd.{0} Nat instAddNat) k
              (@OfNat.ofNat.{0} Nat (nat_lit 1) (instOfNatNat (nat_lit 1)))))
          (Fin.fintype
            (@HAdd.hAdd.{0, 0, 0} Nat Nat Nat (@instHAdd.{0} Nat instAddNat) k
              (@OfNat.ofNat.{0} Nat (nat_lit 1) (instOfNatNat (nat_lit 1))))))))
    (Luce.Section6.idealTupleRoot side k fun j => @Luce.Section6.cornerDistance side n (x j)) :=
⋯
'Luce.Section6.category_set_root_eq_tuple_root' depends on axioms: [propext, Classical.choice.{u}, Quot.sound.{u}]
theorem Luce.Section6.core_tuple_labels_injective_iff : ∀ {n A B k : Nat} (side : Luce.Section6.Corner)
  (x :
    Fin
        (@HAdd.hAdd.{0, 0, 0} Nat Nat Nat (@instHAdd.{0} Nat instAddNat) k
          (@OfNat.ofNat.{0} Nat (nat_lit 1) (instOfNatNat (nat_lit 1)))) →
      Luce.Section6.CollisionCore n A B side),
  Iff
    (@Function.Injective.{1, 1}
      (Fin
        (@HAdd.hAdd.{0, 0, 0} Nat Nat Nat (@instHAdd.{0} Nat instAddNat) k
          (@OfNat.ofNat.{0} Nat (nat_lit 1) (instOfNatNat (nat_lit 1)))))
      (Fin n) fun j =>
      @Subtype.val.{1} (Fin n)
        (fun v =>
          And (@LE.le.{0} Nat instLENat A (@Luce.Section6.cornerDistance side n v))
            (@LE.le.{0} Nat instLENat (@Luce.Section6.cornerDistance side n v) B))
        (x j))
    (@Function.Injective.{1, 1}
      (Fin
        (@HAdd.hAdd.{0, 0, 0} Nat Nat Nat (@instHAdd.{0} Nat instAddNat) k
          (@OfNat.ofNat.{0} Nat (nat_lit 1) (instOfNatNat (nat_lit 1)))))
      Nat fun j =>
      @Luce.Section6.cornerDistance side n
        (@Subtype.val.{1} (Fin n)
          (fun v =>
            And (@LE.le.{0} Nat instLENat A (@Luce.Section6.cornerDistance side n v))
              (@LE.le.{0} Nat instLENat (@Luce.Section6.cornerDistance side n v) B))
          (x j))) :=
⋯
'Luce.Section6.core_tuple_labels_injective_iff' depends on axioms: [propext, Quot.sound.{u}]
theorem Luce.Section6.core_ideal_category_sum_reindex : ∀ {n A B k : Nat},
  @LE.le.{0} Nat instLENat (@OfNat.ofNat.{0} Nat (nat_lit 1) (instOfNatNat (nat_lit 1))) A →
    @LE.le.{0} Nat instLENat B n →
      ∀ (side : Luce.Section6.Corner) (behavior : Luce.Section6.EndpointBehavior)
        (window : Luce.Section6.CoreRootWindow),
        @Eq.{1} Real
          (∑ x,
            @ite.{1} Real
              (And
                (@Function.Injective.{1, 1}
                  (Fin
                    (@HAdd.hAdd.{0, 0, 0} Nat Nat Nat (@instHAdd.{0} Nat instAddNat) k
                      (@OfNat.ofNat.{0} Nat (nat_lit 1) (instOfNatNat (nat_lit 1)))))
                  (Fin n) fun j =>
                  @Subtype.val.{1} (Fin n)
                    (fun v =>
                      And (@LE.le.{0} Nat instLENat A (@Luce.Section6.cornerDistance side n v))
                        (@LE.le.{0} Nat instLENat (@Luce.Section6.cornerDistance side n v) B))
                    (x j))
                (window.Allows n
                  (@Luce.Section6.categorySetRootDepth n side
                    (@Finset.image.{0, 0}
                      (Fin
                        (@HAdd.hAdd.{0, 0, 0} Nat Nat Nat (@instHAdd.{0} Nat instAddNat) k
                          (@OfNat.ofNat.{0} Nat (nat_lit 1) (instOfNatNat (nat_lit 1)))))
                      (Fin n) (instDecidableEqFin n)
                      (fun j =>
                        @Subtype.val.{1} (Fin n)
                          (fun v =>
                            And (@LE.le.{0} Nat instLENat A (@Luce.Section6.cornerDistance side n v))
                              (@LE.le.{0} Nat instLENat (@Luce.Section6.cornerDistance side n v) B))
                          (x j))
                      (@Finset.univ.{0}
                        (Fin
                          (@HAdd.hAdd.{0, 0, 0} Nat Nat Nat (@instHAdd.{0} Nat instAddNat) k
                            (@OfNat.ofNat.{0} Nat (nat_lit 1) (instOfNatNat (nat_lit 1)))))
                        (Fin.fintype
                          (@HAdd.hAdd.{0, 0, 0} Nat Nat Nat (@instHAdd.{0} Nat instAddNat) k
                            (@OfNat.ofNat.{0} Nat (nat_lit 1) (instOfNatNat (nat_lit 1))))))))))
              (@instDecidableAnd
                (@Function.Injective.{1, 1}
                  (Fin
                    (@HAdd.hAdd.{0, 0, 0} Nat Nat Nat (@instHAdd.{0} Nat instAddNat) k
                      (@OfNat.ofNat.{0} Nat (nat_lit 1) (instOfNatNat (nat_lit 1)))))
                  (Fin n) fun j =>
                  @Subtype.val.{1} (Fin n)
                    (fun v =>
                      And (@LE.le.{0} Nat instLENat A (@Luce.Section6.cornerDistance side n v))
                        (@LE.le.{0} Nat instLENat (@Luce.Section6.cornerDistance side n v) B))
                    (x j))
                (window.Allows n
                  (@Luce.Section6.categorySetRootDepth n side
                    (@Finset.image.{0, 0}
                      (Fin
                        (@HAdd.hAdd.{0, 0, 0} Nat Nat Nat (@instHAdd.{0} Nat instAddNat) k
                          (@OfNat.ofNat.{0} Nat (nat_lit 1) (instOfNatNat (nat_lit 1)))))
                      (Fin n) (instDecidableEqFin n)
                      (fun j =>
                        @Subtype.val.{1} (Fin n)
                          (fun v =>
                            And (@LE.le.{0} Nat instLENat A (@Luce.Section6.cornerDistance side n v))
                              (@LE.le.{0} Nat instLENat (@Luce.Section6.cornerDistance side n v) B))
                          (x j))
                      (@Finset.univ.{0}
                        (Fin
                          (@HAdd.hAdd.{0, 0, 0} Nat Nat Nat (@instHAdd.{0} Nat instAddNat) k
                            (@OfNat.ofNat.{0} Nat (nat_lit 1) (instOfNatNat (nat_lit 1)))))
                        (Fin.fintype
                          (@HAdd.hAdd.{0, 0, 0} Nat Nat Nat (@instHAdd.{0} Nat instAddNat) k
                            (@OfNat.ofNat.{0} Nat (nat_lit 1) (instOfNatNat (nat_lit 1)))))))))
                (@Fintype.decidableInjectiveFintype.{0, 0}
                  (Fin
                    (@HAdd.hAdd.{0, 0, 0} Nat Nat Nat (@instHAdd.{0} Nat instAddNat) k
                      (@OfNat.ofNat.{0} Nat (nat_lit 1) (instOfNatNat (nat_lit 1)))))
                  (Fin n) (instDecidableEqFin n)
                  (Fin.fintype
                    (@HAdd.hAdd.{0, 0, 0} Nat Nat Nat (@instHAdd.{0} Nat instAddNat) k
                      (@OfNat.ofNat.{0} Nat (nat_lit 1) (instOfNatNat (nat_lit 1)))))
                  fun j =>
                  @Subtype.val.{1} (Fin n)
                    (fun v =>
                      And (@LE.le.{0} Nat instLENat A (@Luce.Section6.cornerDistance side n v))
                        (@LE.le.{0} Nat instLENat (@Luce.Section6.cornerDistance side n v) B))
                    (x j))
                (Classical.propDecidable
                  (window.Allows n
                    (@Luce.Section6.categorySetRootDepth n side
                      (@Finset.image.{0, 0}
                        (Fin
                          (@HAdd.hAdd.{0, 0, 0} Nat Nat Nat (@instHAdd.{0} Nat instAddNat) k
                            (@OfNat.ofNat.{0} Nat (nat_lit 1) (instOfNatNat (nat_lit 1)))))
                        (Fin n) (instDecidableEqFin n)
                        (fun j =>
                          @Subtype.val.{1} (Fin n)
                            (fun v =>
                              And (@LE.le.{0} Nat instLENat A (@Luce.Section6.cornerDistance side n v))
                                (@LE.le.{0} Nat instLENat (@Luce.Section6.cornerDistance side n v) B))
                            (x j))
                        (@Finset.univ.{0}
                          (Fin
                            (@HAdd.hAdd.{0, 0, 0} Nat Nat Nat (@instHAdd.{0} Nat instAddNat) k
                              (@OfNat.ofNat.{0} Nat (nat_lit 1) (instOfNatNat (nat_lit 1)))))
                          (Fin.fintype
                            (@HAdd.hAdd.{0, 0, 0} Nat Nat Nat (@instHAdd.{0} Nat instAddNat) k
                              (@OfNat.ofNat.{0} Nat (nat_lit 1) (instOfNatNat (nat_lit 1)))))))))))
              (@Luce.Section6.collisionCycleWeight.{0} (Luce.Section6.CollisionCore n A B side)
                (fun a b =>
                  Luce.Section6.localIdealKernel side behavior
                    (@Luce.Section6.cornerDistance side n
                      (@Subtype.val.{1} (Fin n)
                        (fun v =>
                          And (@LE.le.{0} Nat instLENat A (@Luce.Section6.cornerDistance side n v))
                            (@LE.le.{0} Nat instLENat (@Luce.Section6.cornerDistance side n v) B))
                        a))
                    (@Luce.Section6.cornerDistance side n
                      (@Subtype.val.{1} (Fin n)
                        (fun v =>
                          And (@LE.le.{0} Nat instLENat A (@Luce.Section6.cornerDistance side n v))
                            (@LE.le.{0} Nat instLENat (@Luce.Section6.cornerDistance side n v) B))
                        b)))
                k x)
              (@OfNat.ofNat.{0} Real (nat_lit 0) (@Zero.toOfNat0.{0} Real Real.instZero)))
          (∑ a,
            @ite.{1} Real
              (And
                (@Function.Injective.{1, 1}
                  (Fin
                    (@HAdd.hAdd.{0, 0, 0} Nat Nat Nat (@instHAdd.{0} Nat instAddNat) k
                      (@OfNat.ofNat.{0} Nat (nat_lit 1) (instOfNatNat (nat_lit 1)))))
                  Nat fun j =>
                  @Subtype.val.{1} Nat
                    (fun x =>
                      @Membership.mem.{0, 0} Nat (Finset.{0} Nat)
                        (@SetLike.instMembership.{0, 0} (Finset.{0} Nat) Nat (@Finset.instSetLike.{0} Nat))
                        (@Finset.Icc.{0} Nat Nat.instPreorder Nat.instLocallyFiniteOrder A B) x)
                    (a j))
                (window.Allows n
                  (Luce.Section6.idealTupleRoot side k fun j =>
                    @Subtype.val.{1} Nat
                      (fun x =>
                        @Membership.mem.{0, 0} Nat (Finset.{0} Nat)
                          (@SetLike.instMembership.{0, 0} (Finset.{0} Nat) Nat (@Finset.instSetLike.{0} Nat))
                          (@Finset.Icc.{0} Nat Nat.instPreorder Nat.instLocallyFiniteOrder A B) x)
                      (a j))))
              (@instDecidableAnd
                (@Function.Injective.{1, 1}
                  (Fin
                    (@HAdd.hAdd.{0, 0, 0} Nat Nat Nat (@instHAdd.{0} Nat instAddNat) k
                      (@OfNat.ofNat.{0} Nat (nat_lit 1) (instOfNatNat (nat_lit 1)))))
                  Nat fun j =>
                  @Subtype.val.{1} Nat
                    (fun x =>
                      @Membership.mem.{0, 0} Nat (Finset.{0} Nat)
                        (@SetLike.instMembership.{0, 0} (Finset.{0} Nat) Nat (@Finset.instSetLike.{0} Nat))
                        (@Finset.Icc.{0} Nat Nat.instPreorder Nat.instLocallyFiniteOrder A B) x)
                    (a j))
                (window.Allows n
                  (Luce.Section6.idealTupleRoot side k fun j =>
                    @Subtype.val.{1} Nat
                      (fun x =>
                        @Membership.mem.{0, 0} Nat (Finset.{0} Nat)
                          (@SetLike.instMembership.{0, 0} (Finset.{0} Nat) Nat (@Finset.instSetLike.{0} Nat))
                          (@Finset.Icc.{0} Nat Nat.instPreorder Nat.instLocallyFiniteOrder A B) x)
                      (a j)))
                (@Fintype.decidableInjectiveFintype.{0, 0}
                  (Fin
                    (@HAdd.hAdd.{0, 0, 0} Nat Nat Nat (@instHAdd.{0} Nat instAddNat) k
                      (@OfNat.ofNat.{0} Nat (nat_lit 1) (instOfNatNat (nat_lit 1)))))
                  Nat instDecidableEqNat
                  (Fin.fintype
                    (@HAdd.hAdd.{0, 0, 0} Nat Nat Nat (@instHAdd.{0} Nat instAddNat) k
                      (@OfNat.ofNat.{0} Nat (nat_lit 1) (instOfNatNat (nat_lit 1)))))
                  fun j =>
                  @Subtype.val.{1} Nat
                    (fun x =>
                      @Membership.mem.{0, 0} Nat (Finset.{0} Nat)
                        (@SetLike.instMembership.{0, 0} (Finset.{0} Nat) Nat (@Finset.instSetLike.{0} Nat))
                        (@Finset.Icc.{0} Nat Nat.instPreorder Nat.instLocallyFiniteOrder A B) x)
                    (a j))
                (Classical.propDecidable
                  (window.Allows n
                    (Luce.Section6.idealTupleRoot side k fun j =>
                      @Subtype.val.{1} Nat
                        (fun x =>
                          @Membership.mem.{0, 0} Nat (Finset.{0} Nat)
                            (@SetLike.instMembership.{0, 0} (Finset.{0} Nat) Nat (@Finset.instSetLike.{0} Nat))
                            (@Finset.Icc.{0} Nat Nat.instPreorder Nat.instLocallyFiniteOrder A B) x)
                        (a j)))))
              (Luce.Section6.idealCycleWeight side behavior k fun j =>
                @Subtype.val.{1} Nat
                  (fun x =>
                    @Membership.mem.{0, 0} Nat (Finset.{0} Nat)
                      (@SetLike.instMembership.{0, 0} (Finset.{0} Nat) Nat (@Finset.instSetLike.{0} Nat))
                      (@Finset.Icc.{0} Nat Nat.instPreorder Nat.instLocallyFiniteOrder A B) x)
                  (a j))
              (@OfNat.ofNat.{0} Real (nat_lit 0) (@Zero.toOfNat0.{0} Real Real.instZero))) :=
⋯
'Luce.Section6.core_ideal_category_sum_reindex' depends on axioms: [propext, Classical.choice.{u}, Quot.sound.{u}]
theorem Luce.Section6.core_category_mean_eq_tuple_sum : ∀ {n : Nat},
  @LE.le.{0} Nat instLENat (@OfNat.ofNat.{0} Nat (nat_lit 1) (instOfNatNat (nat_lit 1)))
      (Luce.Section6.idealCoreLower n) →
    @LE.le.{0} Nat instLENat (Luce.Section6.idealCoreUpper n) n →
      ∀ (left right : Luce.Section6.EndpointBehavior) (c : Luce.Section6.CoreCycleCategory),
        @Eq.{1} Real (Luce.Section6.coreCategoryIdealMean left right n c)
          (@HDiv.hDiv.{0, 0, 0} Real Real Real (@instHDiv.{0} Real (@DivInvMonoid.toDiv.{0} Real Real.instDivInvMonoid))
            (∑ x,
              @ite.{1} Real
                (And
                  (@Function.Injective.{1, 1}
                    (Fin
                      (@HAdd.hAdd.{0, 0, 0} Nat Nat Nat (@instHAdd.{0} Nat instAddNat) c.lengthIndex
                        (@OfNat.ofNat.{0} Nat (nat_lit 1) (instOfNatNat (nat_lit 1)))))
                    (Fin n) fun j =>
                    @Subtype.val.{1} (Fin n)
                      (fun v =>
                        And
                          (@LE.le.{0} Nat instLENat (Luce.Section6.idealCoreLower n)
                            (@Luce.Section6.cornerDistance c.side n v))
                          (@LE.le.{0} Nat instLENat (@Luce.Section6.cornerDistance c.side n v)
                            (Luce.Section6.idealCoreUpper n)))
                      (x j))
                  (c.rootWindow.Allows n
                    (@Luce.Section6.categorySetRootDepth n c.side
                      (@Finset.image.{0, 0}
                        (Fin
                          (@HAdd.hAdd.{0, 0, 0} Nat Nat Nat (@instHAdd.{0} Nat instAddNat) c.lengthIndex
                            (@OfNat.ofNat.{0} Nat (nat_lit 1) (instOfNatNat (nat_lit 1)))))
                        (Fin n) (instDecidableEqFin n)
                        (fun j =>
                          @Subtype.val.{1} (Fin n)
                            (fun v =>
                              And
                                (@LE.le.{0} Nat instLENat (Luce.Section6.idealCoreLower n)
                                  (@Luce.Section6.cornerDistance c.side n v))
                                (@LE.le.{0} Nat instLENat (@Luce.Section6.cornerDistance c.side n v)
                                  (Luce.Section6.idealCoreUpper n)))
                            (x j))
                        (@Finset.univ.{0}
                          (Fin
                            (@HAdd.hAdd.{0, 0, 0} Nat Nat Nat (@instHAdd.{0} Nat instAddNat) c.lengthIndex
                              (@OfNat.ofNat.{0} Nat (nat_lit 1) (instOfNatNat (nat_lit 1)))))
                          (Fin.fintype
                            (@HAdd.hAdd.{0, 0, 0} Nat Nat Nat (@instHAdd.{0} Nat instAddNat) c.lengthIndex
                              (@OfNat.ofNat.{0} Nat (nat_lit 1) (instOfNatNat (nat_lit 1))))))))))
                (@instDecidableAnd
                  (@Function.Injective.{1, 1}
                    (Fin
                      (@HAdd.hAdd.{0, 0, 0} Nat Nat Nat (@instHAdd.{0} Nat instAddNat) c.lengthIndex
                        (@OfNat.ofNat.{0} Nat (nat_lit 1) (instOfNatNat (nat_lit 1)))))
                    (Fin n) fun j =>
                    @Subtype.val.{1} (Fin n)
                      (fun v =>
                        And
                          (@LE.le.{0} Nat instLENat (Luce.Section6.idealCoreLower n)
                            (@Luce.Section6.cornerDistance c.side n v))
                          (@LE.le.{0} Nat instLENat (@Luce.Section6.cornerDistance c.side n v)
                            (Luce.Section6.idealCoreUpper n)))
                      (x j))
                  (c.rootWindow.Allows n
                    (@Luce.Section6.categorySetRootDepth n c.side
                      (@Finset.image.{0, 0}
                        (Fin
                          (@HAdd.hAdd.{0, 0, 0} Nat Nat Nat (@instHAdd.{0} Nat instAddNat) c.lengthIndex
                            (@OfNat.ofNat.{0} Nat (nat_lit 1) (instOfNatNat (nat_lit 1)))))
                        (Fin n) (instDecidableEqFin n)
                        (fun j =>
                          @Subtype.val.{1} (Fin n)
                            (fun v =>
                              And
                                (@LE.le.{0} Nat instLENat (Luce.Section6.idealCoreLower n)
                                  (@Luce.Section6.cornerDistance c.side n v))
                                (@LE.le.{0} Nat instLENat (@Luce.Section6.cornerDistance c.side n v)
                                  (Luce.Section6.idealCoreUpper n)))
                            (x j))
                        (@Finset.univ.{0}
                          (Fin
                            (@HAdd.hAdd.{0, 0, 0} Nat Nat Nat (@instHAdd.{0} Nat instAddNat) c.lengthIndex
                              (@OfNat.ofNat.{0} Nat (nat_lit 1) (instOfNatNat (nat_lit 1)))))
                          (Fin.fintype
                            (@HAdd.hAdd.{0, 0, 0} Nat Nat Nat (@instHAdd.{0} Nat instAddNat) c.lengthIndex
                              (@OfNat.ofNat.{0} Nat (nat_lit 1) (instOfNatNat (nat_lit 1)))))))))
                  (@Fintype.decidableInjectiveFintype.{0, 0}
                    (Fin
                      (@HAdd.hAdd.{0, 0, 0} Nat Nat Nat (@instHAdd.{0} Nat instAddNat) c.lengthIndex
                        (@OfNat.ofNat.{0} Nat (nat_lit 1) (instOfNatNat (nat_lit 1)))))
                    (Fin n) (instDecidableEqFin n)
                    (Fin.fintype
                      (@HAdd.hAdd.{0, 0, 0} Nat Nat Nat (@instHAdd.{0} Nat instAddNat) c.lengthIndex
                        (@OfNat.ofNat.{0} Nat (nat_lit 1) (instOfNatNat (nat_lit 1)))))
                    fun j =>
                    @Subtype.val.{1} (Fin n)
                      (fun v =>
                        And
                          (@LE.le.{0} Nat instLENat (Luce.Section6.idealCoreLower n)
                            (@Luce.Section6.cornerDistance c.side n v))
                          (@LE.le.{0} Nat instLENat (@Luce.Section6.cornerDistance c.side n v)
                            (Luce.Section6.idealCoreUpper n)))
                      (x j))
                  (Classical.propDecidable
                    (c.rootWindow.Allows n
                      (@Luce.Section6.categorySetRootDepth n c.side
                        (@Finset.image.{0, 0}
                          (Fin
                            (@HAdd.hAdd.{0, 0, 0} Nat Nat Nat (@instHAdd.{0} Nat instAddNat) c.lengthIndex
                              (@OfNat.ofNat.{0} Nat (nat_lit 1) (instOfNatNat (nat_lit 1)))))
                          (Fin n) (instDecidableEqFin n)
                          (fun j =>
                            @Subtype.val.{1} (Fin n)
                              (fun v =>
                                And
                                  (@LE.le.{0} Nat instLENat (Luce.Section6.idealCoreLower n)
                                    (@Luce.Section6.cornerDistance c.side n v))
                                  (@LE.le.{0} Nat instLENat (@Luce.Section6.cornerDistance c.side n v)
                                    (Luce.Section6.idealCoreUpper n)))
                              (x j))
                          (@Finset.univ.{0}
                            (Fin
                              (@HAdd.hAdd.{0, 0, 0} Nat Nat Nat (@instHAdd.{0} Nat instAddNat) c.lengthIndex
                                (@OfNat.ofNat.{0} Nat (nat_lit 1) (instOfNatNat (nat_lit 1)))))
                            (Fin.fintype
                              (@HAdd.hAdd.{0, 0, 0} Nat Nat Nat (@instHAdd.{0} Nat instAddNat) c.lengthIndex
                                (@OfNat.ofNat.{0} Nat (nat_lit 1) (instOfNatNat (nat_lit 1)))))))))))
                (@Luce.Section6.collisionCycleWeight.{0}
                  (Luce.Section6.CollisionCore n (Luce.Section6.idealCoreLower n) (Luce.Section6.idealCoreUpper n)
                    c.side)
                  (fun a b =>
                    Luce.Section6.localIdealKernel c.side (Luce.Section6.cornerBehavior left right c.side)
                      (@Luce.Section6.cornerDistance c.side n
                        (@Subtype.val.{1} (Fin n)
                          (fun v =>
                            And
                              (@LE.le.{0} Nat instLENat (Luce.Section6.idealCoreLower n)
                                (@Luce.Section6.cornerDistance c.side n v))
                              (@LE.le.{0} Nat instLENat (@Luce.Section6.cornerDistance c.side n v)
                                (Luce.Section6.idealCoreUpper n)))
                          a))
                      (@Luce.Section6.cornerDistance c.side n
                        (@Subtype.val.{1} (Fin n)
                          (fun v =>
                            And
                              (@LE.le.{0} Nat instLENat (Luce.Section6.idealCoreLower n)
                                (@Luce.Section6.cornerDistance c.side n v))
                              (@LE.le.{0} Nat instLENat (@Luce.Section6.cornerDistance c.side n v)
                                (Luce.Section6.idealCoreUpper n)))
                          b)))
                  c.lengthIndex x)
                (@OfNat.ofNat.{0} Real (nat_lit 0) (@Zero.toOfNat0.{0} Real Real.instZero)))
            (@HAdd.hAdd.{0, 0, 0} Real Real Real (@instHAdd.{0} Real Real.instAdd)
              (@Nat.cast.{0} Real Real.instNatCast c.lengthIndex)
              (@OfNat.ofNat.{0} Real (nat_lit 1) (@One.toOfNat1.{0} Real Real.instOne)))) :=
⋯
'Luce.Section6.core_category_mean_eq_tuple_sum' depends on axioms: [propext, Classical.choice.{u}, Quot.sound.{u}]
theorem Luce.Section6.factorial_core_error_inputs : ∀ {n A B : Nat},
  @LT.lt.{0} Nat instLTNat (@OfNat.ofNat.{0} Nat (nat_lit 0) (instOfNatNat (nat_lit 0))) n →
    @LE.le.{0} Nat instLENat (@OfNat.ofNat.{0} Nat (nat_lit 1) (instOfNatNat (nat_lit 1))) A →
      @LE.le.{0} Nat instLENat A B →
        @LE.le.{0} Real Real.instLE (@Nat.cast.{0} Real Real.instNatCast B)
            (@HDiv.hDiv.{0, 0, 0} Real Real Real
              (@instHDiv.{0} Real (@DivInvMonoid.toDiv.{0} Real Real.instDivInvMonoid))
              (@Nat.cast.{0} Real Real.instNatCast n) (@Nat.cast.{0} Real Real.instNatCast A)) →
          And
            (@LE.le.{0} Real Real.instLE (@OfNat.ofNat.{0} Real (nat_lit 0) (@Zero.toOfNat0.{0} Real Real.instZero))
              (@HDiv.hDiv.{0, 0, 0} Real Real Real
                (@instHDiv.{0} Real (@DivInvMonoid.toDiv.{0} Real Real.instDivInvMonoid))
                (@Nat.cast.{0} Real Real.instNatCast B) (@Nat.cast.{0} Real Real.instNatCast n)))
            (And
              (@LE.le.{0} Real Real.instLE
                (@HDiv.hDiv.{0, 0, 0} Real Real Real
                  (@instHDiv.{0} Real (@DivInvMonoid.toDiv.{0} Real Real.instDivInvMonoid))
                  (@Nat.cast.{0} Real Real.instNatCast B) (@Nat.cast.{0} Real Real.instNatCast n))
                (@HDiv.hDiv.{0, 0, 0} Real Real Real
                  (@instHDiv.{0} Real (@DivInvMonoid.toDiv.{0} Real Real.instDivInvMonoid))
                  (@OfNat.ofNat.{0} Real (nat_lit 1) (@One.toOfNat1.{0} Real Real.instOne))
                  (@Nat.cast.{0} Real Real.instNatCast A)))
              (And
                (@LE.le.{0} Real Real.instLE (@OfNat.ofNat.{0} Real (nat_lit 1) (@One.toOfNat1.{0} Real Real.instOne))
                  (@HAdd.hAdd.{0, 0, 0} Real Real Real (@instHAdd.{0} Real Real.instAdd)
                    (@OfNat.ofNat.{0} Real (nat_lit 1) (@One.toOfNat1.{0} Real Real.instOne))
                    (Real.log
                      (@HDiv.hDiv.{0, 0, 0} Real Real Real
                        (@instHDiv.{0} Real (@DivInvMonoid.toDiv.{0} Real Real.instDivInvMonoid))
                        (@Nat.cast.{0} Real Real.instNatCast B) (@Nat.cast.{0} Real Real.instNatCast A)))))
                (@LE.le.{0} Real Real.instLE
                  (@HAdd.hAdd.{0, 0, 0} Real Real Real (@instHAdd.{0} Real Real.instAdd)
                    (@OfNat.ofNat.{0} Real (nat_lit 1) (@One.toOfNat1.{0} Real Real.instOne))
                    (Real.log
                      (@HDiv.hDiv.{0, 0, 0} Real Real Real
                        (@instHDiv.{0} Real (@DivInvMonoid.toDiv.{0} Real Real.instDivInvMonoid))
                        (@Nat.cast.{0} Real Real.instNatCast B) (@Nat.cast.{0} Real Real.instNatCast A))))
                  (@HAdd.hAdd.{0, 0, 0} Real Real Real (@instHAdd.{0} Real Real.instAdd)
                    (@OfNat.ofNat.{0} Real (nat_lit 1) (@One.toOfNat1.{0} Real Real.instOne))
                    (Real.log (@Nat.cast.{0} Real Real.instNatCast n)))))) :=
⋯
'Luce.Section6.factorial_core_error_inputs' depends on axioms: [propext, Classical.choice.{u}, Quot.sound.{u}]
theorem Luce.Section6.ideal_core_lower_tendsto : @Filter.Tendsto.{0, 0} Nat Nat Luce.Section6.idealCoreLower
  (@Filter.atTop.{0} Nat Nat.instPreorder) (@Filter.atTop.{0} Nat Nat.instPreorder) :=
⋯
'Luce.Section6.ideal_core_lower_tendsto' depends on axioms: [propext, Classical.choice.{u}, Quot.sound.{u}]
theorem Luce.Section6.ideal_core_upper_le_div : ∀ (n : Nat),
  @LE.le.{0} Real Real.instLE (@Nat.cast.{0} Real Real.instNatCast (Luce.Section6.idealCoreUpper n))
    (@HDiv.hDiv.{0, 0, 0} Real Real Real (@instHDiv.{0} Real (@DivInvMonoid.toDiv.{0} Real Real.instDivInvMonoid))
      (@Nat.cast.{0} Real Real.instNatCast n) (@Nat.cast.{0} Real Real.instNatCast (Luce.Section6.idealCoreLower n))) :=
⋯
'Luce.Section6.ideal_core_upper_le_div' depends on axioms: [propext, Classical.choice.{u}, Quot.sound.{u}]
theorem Luce.Section6.ideal_core_upper_le_population : ∀ (n : Nat),
  @LE.le.{0} Nat instLENat (Luce.Section6.idealCoreUpper n) n :=
⋯
'Luce.Section6.ideal_core_upper_le_population' depends on axioms: [propext, Classical.choice.{u}, Quot.sound.{u}]
theorem Luce.Section6.ideal_core_nonempty_eventually : @Filter.Eventually.{0} Nat
  (fun n => @LE.le.{0} Nat instLENat (Luce.Section6.idealCoreLower n) (Luce.Section6.idealCoreUpper n))
  (@Filter.atTop.{0} Nat Nat.instPreorder) :=
⋯
'Luce.Section6.ideal_core_nonempty_eventually' depends on axioms: [propext, Classical.choice.{u}, Quot.sound.{u}]
theorem Luce.Section6.ideal_core_eventual_domain : ∀ (h0 : Nat) {delta : Real},
  @LT.lt.{0} Real Real.instLT (@OfNat.ofNat.{0} Real (nat_lit 0) (@Zero.toOfNat0.{0} Real Real.instZero)) delta →
    @Filter.Eventually.{0} Nat
      (fun n =>
        And (@LE.le.{0} Nat instLENat (@OfNat.ofNat.{0} Nat (nat_lit 2) (instOfNatNat (nat_lit 2))) n)
          (And (@LE.le.{0} Nat instLENat h0 (Luce.Section6.idealCoreLower n))
            (And (@LE.le.{0} Nat instLENat (Luce.Section6.idealCoreLower n) (Luce.Section6.idealCoreUpper n))
              (And
                (@LT.lt.{0} Nat instLTNat
                  (@HMul.hMul.{0, 0, 0} Nat Nat Nat (@instHMul.{0} Nat instMulNat)
                    (@OfNat.ofNat.{0} Nat (nat_lit 2) (instOfNatNat (nat_lit 2))) (Luce.Section6.idealCoreUpper n))
                  (@HAdd.hAdd.{0, 0, 0} Nat Nat Nat (@instHAdd.{0} Nat instAddNat) n
                    (@OfNat.ofNat.{0} Nat (nat_lit 1) (instOfNatNat (nat_lit 1)))))
                (@LE.le.{0} Real Real.instLE (@Nat.cast.{0} Real Real.instNatCast (Luce.Section6.idealCoreUpper n))
                  (@HMul.hMul.{0, 0, 0} Real Real Real (@instHMul.{0} Real Real.instMul) delta
                    (@Nat.cast.{0} Real Real.instNatCast n)))))))
      (@Filter.atTop.{0} Nat Nat.instPreorder) :=
⋯
'Luce.Section6.ideal_core_eventual_domain' depends on axioms: [propext, Classical.choice.{u}, Quot.sound.{u}]
theorem Luce.Section6.local_envelope_weighted_rows : ∀ (side : Luce.Section6.Corner)
  (behavior : Luce.Section6.EndpointBehavior) {d kappa : Real},
  @LT.lt.{0} Real Real.instLT (@OfNat.ofNat.{0} Real (nat_lit 0) (@Zero.toOfNat0.{0} Real Real.instZero)) d →
    @LT.lt.{0} Real Real.instLT (@OfNat.ofNat.{0} Real (nat_lit 0) (@Zero.toOfNat0.{0} Real Real.instZero))
        (Luce.Section6.localCornerExponent behavior) →
      @LT.lt.{0} Real Real.instLT kappa (Luce.Section6.localCornerExponent behavior) →
        ∃ C,
          And
            (@LT.lt.{0} Real Real.instLT (@OfNat.ofNat.{0} Real (nat_lit 0) (@Zero.toOfNat0.{0} Real Real.instZero)) C)
            (∀ (n : Nat) (a : Fin n),
              @LE.le.{0} Real Real.instLE
                (∑ b,
                  @HMul.hMul.{0, 0, 0} Real Real Real (@instHMul.{0} Real Real.instMul)
                    (@HPow.hPow.{0, 0, 0} Real Real Real (@instHPow.{0, 0} Real Real Real.instPow)
                      (Luce.Section6.cornerRowRatio side (@Luce.Section6.cornerDistance side n a)
                        (@Luce.Section6.cornerDistance side n b))
                      kappa)
                    (Luce.Section6.localEnvelopeKernel side behavior d (@Luce.Section6.cornerDistance side n a)
                      (@Luce.Section6.cornerDistance side n b)))
                C) :=
⋯
'Luce.Section6.local_envelope_weighted_rows' depends on axioms: [propext, Classical.choice.{u}, Quot.sound.{u}]
theorem Luce.Section6.local_envelope_target_bound : ∀ (side : Luce.Section6.Corner)
  (behavior : Luce.Section6.EndpointBehavior) {d : Real},
  @LT.lt.{0} Real Real.instLT (@OfNat.ofNat.{0} Real (nat_lit 0) (@Zero.toOfNat0.{0} Real Real.instZero)) d →
    ∀ {a b : Nat},
      @LT.lt.{0} Nat instLTNat (@OfNat.ofNat.{0} Nat (nat_lit 0) (instOfNatNat (nat_lit 0))) a →
        @LT.lt.{0} Nat instLTNat (@OfNat.ofNat.{0} Nat (nat_lit 0) (instOfNatNat (nat_lit 0))) b →
          @LE.le.{0} Real Real.instLE (Luce.Section6.localEnvelopeKernel side behavior d a b)
            (@HDiv.hDiv.{0, 0, 0} Real Real Real
              (@instHDiv.{0} Real (@DivInvMonoid.toDiv.{0} Real Real.instDivInvMonoid))
              (@HDiv.hDiv.{0, 0, 0} Real Real Real
                (@instHDiv.{0} Real (@DivInvMonoid.toDiv.{0} Real Real.instDivInvMonoid))
                (@OfNat.ofNat.{0} Real (nat_lit 1) (@One.toOfNat1.{0} Real Real.instOne)) d)
              (@Nat.cast.{0} Real Real.instNatCast b)) :=
⋯
'Luce.Section6.local_envelope_target_bound' depends on axioms: [propext, Classical.choice.{u}, Quot.sound.{u}]
theorem Luce.Section6.local_envelope_matrix_bounds : ∀ (side : Luce.Section6.Corner)
  (behavior : Luce.Section6.EndpointBehavior) {d kappa : Real},
  @LT.lt.{0} Real Real.instLT (@OfNat.ofNat.{0} Real (nat_lit 0) (@Zero.toOfNat0.{0} Real Real.instZero)) d →
    @LT.lt.{0} Real Real.instLT (@OfNat.ofNat.{0} Real (nat_lit 0) (@Zero.toOfNat0.{0} Real Real.instZero))
        (Luce.Section6.localCornerExponent behavior) →
      @LT.lt.{0} Real Real.instLT kappa (Luce.Section6.localCornerExponent behavior) →
        ∃ C,
          And (@LE.le.{0} Real Real.instLE (@OfNat.ofNat.{0} Real (nat_lit 1) (@One.toOfNat1.{0} Real Real.instOne)) C)
            (And
              (∀ (n : Nat) (a b : Fin n),
                @LE.le.{0} Real Real.instLE (@OfNat.ofNat.{0} Real (nat_lit 0) (@Zero.toOfNat0.{0} Real Real.instZero))
                  (Luce.Section6.localEnvelopeKernel side behavior d (@Luce.Section6.cornerDistance side n a)
                    (@Luce.Section6.cornerDistance side n b)))
              (And
                (∀ (n : Nat) (a : Fin n),
                  @LE.le.{0} Real Real.instLE
                    (∑ b,
                      Luce.Section6.localEnvelopeKernel side behavior d (@Luce.Section6.cornerDistance side n a)
                        (@Luce.Section6.cornerDistance side n b))
                    C)
                (And
                  (∀ (n : Nat) (a b : Fin n),
                    @LE.le.{0} Real Real.instLE
                      (Luce.Section6.localEnvelopeKernel side behavior d (@Luce.Section6.cornerDistance side n a)
                        (@Luce.Section6.cornerDistance side n b))
                      (@HDiv.hDiv.{0, 0, 0} Real Real Real
                        (@instHDiv.{0} Real (@DivInvMonoid.toDiv.{0} Real Real.instDivInvMonoid)) C
                        (@Nat.cast.{0} Real Real.instNatCast (@Luce.Section6.cornerDistance side n b))))
                  (∀ (n : Nat) (a : Fin n),
                    @LE.le.{0} Real Real.instLE
                      (∑ b,
                        @HMul.hMul.{0, 0, 0} Real Real Real (@instHMul.{0} Real Real.instMul)
                          (@HPow.hPow.{0, 0, 0} Real Real Real (@instHPow.{0, 0} Real Real Real.instPow)
                            (Luce.Section6.cornerRowRatio side (@Luce.Section6.cornerDistance side n a)
                              (@Luce.Section6.cornerDistance side n b))
                            kappa)
                          (Luce.Section6.localEnvelopeKernel side behavior d (@Luce.Section6.cornerDistance side n a)
                            (@Luce.Section6.cornerDistance side n b)))
                      C)))) :=
⋯
'Luce.Section6.local_envelope_matrix_bounds' depends on axioms: [propext, Classical.choice.{u}, Quot.sound.{u}]
theorem Luce.Section6.local_ideal_eq_scaled_envelope : ∀ (side : Luce.Section6.Corner)
  (behavior : Luce.Section6.EndpointBehavior) (a b : Nat),
  @Eq.{1} Real (Luce.Section6.localIdealKernel side behavior a b)
    (@HMul.hMul.{0, 0, 0} Real Real Real (@instHMul.{0} Real Real.instMul)
      (@HMul.hMul.{0, 0, 0} Real Real Real (@instHMul.{0} Real Real.instMul)
        (Luce.Section6.localCornerExponent behavior) (Luce.Section6.localCornerQ side behavior))
      (Luce.Section6.localEnvelopeKernel side behavior (Luce.Section6.localCornerQ side behavior) a b)) :=
⋯
'Luce.Section6.local_ideal_eq_scaled_envelope' depends on axioms: [propext, Classical.choice.{u}, Quot.sound.{u}]
theorem Luce.Section6.local_ideal_matrix_bounds : ∀ (side : Luce.Section6.Corner)
  (behavior : Luce.Section6.EndpointBehavior) {kappa : Real},
  @LT.lt.{0} Real Real.instLT (@OfNat.ofNat.{0} Real (nat_lit 0) (@Zero.toOfNat0.{0} Real Real.instZero))
      (Luce.Section6.localCornerQ side behavior) →
    @LT.lt.{0} Real Real.instLT (@OfNat.ofNat.{0} Real (nat_lit 0) (@Zero.toOfNat0.{0} Real Real.instZero))
        (Luce.Section6.localCornerExponent behavior) →
      @LT.lt.{0} Real Real.instLT kappa (Luce.Section6.localCornerExponent behavior) →
        ∃ C,
          And (@LE.le.{0} Real Real.instLE (@OfNat.ofNat.{0} Real (nat_lit 1) (@One.toOfNat1.{0} Real Real.instOne)) C)
            (And
              (∀ (n : Nat) (a b : Fin n),
                @LE.le.{0} Real Real.instLE (@OfNat.ofNat.{0} Real (nat_lit 0) (@Zero.toOfNat0.{0} Real Real.instZero))
                  (Luce.Section6.localIdealKernel side behavior (@Luce.Section6.cornerDistance side n a)
                    (@Luce.Section6.cornerDistance side n b)))
              (And
                (∀ (n : Nat) (a : Fin n),
                  @LE.le.{0} Real Real.instLE
                    (∑ b,
                      Luce.Section6.localIdealKernel side behavior (@Luce.Section6.cornerDistance side n a)
                        (@Luce.Section6.cornerDistance side n b))
                    C)
                (And
                  (∀ (n : Nat) (a b : Fin n),
                    @LE.le.{0} Real Real.instLE
                      (Luce.Section6.localIdealKernel side behavior (@Luce.Section6.cornerDistance side n a)
                        (@Luce.Section6.cornerDistance side n b))
                      (@HDiv.hDiv.{0, 0, 0} Real Real Real
                        (@instHDiv.{0} Real (@DivInvMonoid.toDiv.{0} Real Real.instDivInvMonoid)) C
                        (@Nat.cast.{0} Real Real.instNatCast (@Luce.Section6.cornerDistance side n b))))
                  (∀ (n : Nat) (a : Fin n),
                    @LE.le.{0} Real Real.instLE
                      (∑ b,
                        @HMul.hMul.{0, 0, 0} Real Real Real (@instHMul.{0} Real Real.instMul)
                          (@HPow.hPow.{0, 0, 0} Real Real Real (@instHPow.{0, 0} Real Real Real.instPow)
                            (Luce.Section6.cornerRowRatio side (@Luce.Section6.cornerDistance side n a)
                              (@Luce.Section6.cornerDistance side n b))
                            kappa)
                          (Luce.Section6.localIdealKernel side behavior (@Luce.Section6.cornerDistance side n a)
                            (@Luce.Section6.cornerDistance side n b)))
                      C)))) :=
⋯
'Luce.Section6.local_ideal_matrix_bounds' depends on axioms: [propext, Classical.choice.{u}, Quot.sound.{u}]
theorem Luce.Section6.corner_potential_pos : ∀ (side : Luce.Section6.Corner) (kappa : Real) {a : Nat},
  @LT.lt.{0} Nat instLTNat (@OfNat.ofNat.{0} Nat (nat_lit 0) (instOfNatNat (nat_lit 0))) a →
    @LT.lt.{0} Real Real.instLT (@OfNat.ofNat.{0} Real (nat_lit 0) (@Zero.toOfNat0.{0} Real Real.instZero))
      (Luce.Section6.cornerDepthPotential side kappa a) :=
⋯
'Luce.Section6.corner_potential_pos' depends on axioms: [propext, Classical.choice.{u}, Quot.sound.{u}]
theorem Luce.Section6.corner_potential_quotient : ∀ (side : Luce.Section6.Corner) (kappa : Real) {a b : Nat},
  @LT.lt.{0} Nat instLTNat (@OfNat.ofNat.{0} Nat (nat_lit 0) (instOfNatNat (nat_lit 0))) a →
    @LT.lt.{0} Nat instLTNat (@OfNat.ofNat.{0} Nat (nat_lit 0) (instOfNatNat (nat_lit 0))) b →
      @Eq.{1} Real
        (@HDiv.hDiv.{0, 0, 0} Real Real Real (@instHDiv.{0} Real (@DivInvMonoid.toDiv.{0} Real Real.instDivInvMonoid))
          (Luce.Section6.cornerDepthPotential side kappa b) (Luce.Section6.cornerDepthPotential side kappa a))
        (@HPow.hPow.{0, 0, 0} Real Real Real (@instHPow.{0, 0} Real Real Real.instPow)
          (Luce.Section6.cornerRowRatio side a b) kappa) :=
⋯
'Luce.Section6.corner_potential_quotient' depends on axioms: [propext, Classical.choice.{u}, Quot.sound.{u}]
theorem Luce.Section6.corner_potential_ratio_power : ∀ (side : Luce.Section6.Corner)
  (behavior : Luce.Section6.EndpointBehavior) {kappa : Real},
  @LT.lt.{0} Real Real.instLT (@OfNat.ofNat.{0} Real (nat_lit 0) (@Zero.toOfNat0.{0} Real Real.instZero))
      (Luce.Section6.localCornerExponent behavior) →
    ∀ {a b : Nat},
      @LT.lt.{0} Nat instLTNat (@OfNat.ofNat.{0} Nat (nat_lit 0) (instOfNatNat (nat_lit 0))) a →
        @LT.lt.{0} Nat instLTNat (@OfNat.ofNat.{0} Nat (nat_lit 0) (instOfNatNat (nat_lit 0))) b →
          @Eq.{1} Real
            (@HPow.hPow.{0, 0, 0} Real Real Real (@instHPow.{0, 0} Real Real Real.instPow)
              (Luce.Section6.localCornerRatio side behavior a b)
              (@HDiv.hDiv.{0, 0, 0} Real Real Real
                (@instHDiv.{0} Real (@DivInvMonoid.toDiv.{0} Real Real.instDivInvMonoid)) kappa
                (Luce.Section6.localCornerExponent behavior)))
            (@HDiv.hDiv.{0, 0, 0} Real Real Real
              (@instHDiv.{0} Real (@DivInvMonoid.toDiv.{0} Real Real.instDivInvMonoid))
              (Luce.Section6.cornerDepthPotential side kappa a) (Luce.Section6.cornerDepthPotential side kappa b)) :=
⋯
'Luce.Section6.corner_potential_ratio_power' depends on axioms: [propext, Classical.choice.{u}, Quot.sound.{u}]
theorem Luce.Section6.corner_weighted_row_to_potential : ∀ {n : Nat} (side : Luce.Section6.Corner) (kappa : Real)
  (F : Fin n → Fin n → Real) {C : Real},
  (∀ (a : Fin n),
      @LE.le.{0} Real Real.instLE
        (∑ b,
          @HMul.hMul.{0, 0, 0} Real Real Real (@instHMul.{0} Real Real.instMul)
            (@HPow.hPow.{0, 0, 0} Real Real Real (@instHPow.{0, 0} Real Real Real.instPow)
              (Luce.Section6.cornerRowRatio side (@Luce.Section6.cornerDistance side n a)
                (@Luce.Section6.cornerDistance side n b))
              kappa)
            (F a b))
        C) →
    ∀ (a : Fin n),
      @LE.le.{0} Real Real.instLE
        (∑ b,
          @HMul.hMul.{0, 0, 0} Real Real Real (@instHMul.{0} Real Real.instMul) (F a b)
            (Luce.Section6.cornerDepthPotential side kappa (@Luce.Section6.cornerDistance side n b)))
        (@HMul.hMul.{0, 0, 0} Real Real Real (@instHMul.{0} Real Real.instMul) C
          (Luce.Section6.cornerDepthPotential side kappa (@Luce.Section6.cornerDistance side n a))) :=
⋯
'Luce.Section6.corner_weighted_row_to_potential' depends on axioms: [propext, Classical.choice.{u}, Quot.sound.{u}]
theorem Luce.Section6.nonmoderate_edge_has_large_potential : ∀ (side : Luce.Section6.Corner)
  (behavior : Luce.Section6.EndpointBehavior) {a b A : Nat},
  @LE.le.{0} Nat instLENat (@OfNat.ofNat.{0} Nat (nat_lit 1) (instOfNatNat (nat_lit 1))) A →
    @LE.le.{0} Nat instLENat A a →
      @LE.le.{0} Nat instLENat A b →
        ∀ {v kappa eta : Real},
          @LT.lt.{0} Real Real.instLT (@OfNat.ofNat.{0} Real (nat_lit 0) (@Zero.toOfNat0.{0} Real Real.instZero)) v →
            @LT.lt.{0} Real Real.instLT (@OfNat.ofNat.{0} Real (nat_lit 0) (@Zero.toOfNat0.{0} Real Real.instZero))
                kappa →
              @LT.lt.{0} Real Real.instLT (@OfNat.ofNat.{0} Real (nat_lit 0) (@Zero.toOfNat0.{0} Real Real.instZero))
                  (Luce.Section6.localCornerExponent behavior) →
                @LE.le.{0} Real Real.instLE eta
                    (@HDiv.hDiv.{0, 0, 0} Real Real Real
                      (@instHDiv.{0} Real (@DivInvMonoid.toDiv.{0} Real Real.instDivInvMonoid))
                      (@HMul.hMul.{0, 0, 0} Real Real Real (@instHMul.{0} Real Real.instMul) v kappa)
                      (Luce.Section6.localCornerExponent behavior)) →
                  Not
                      (@LE.le.{0} Real Real.instLE (Luce.Section6.localCornerRatio side behavior a b)
                        (@HPow.hPow.{0, 0, 0} Real Real Real (@instHPow.{0, 0} Real Real Real.instPow)
                          (@Min.min.{0} Real Real.instMin (@Nat.cast.{0} Real Real.instNatCast a)
                            (@Nat.cast.{0} Real Real.instNatCast b))
                          v)) →
                    @LE.le.{0} Real Real.instLE
                      (@HPow.hPow.{0, 0, 0} Real Real Real (@instHPow.{0, 0} Real Real Real.instPow)
                        (@Nat.cast.{0} Real Real.instNatCast A) eta)
                      (@HDiv.hDiv.{0, 0, 0} Real Real Real
                        (@instHDiv.{0} Real (@DivInvMonoid.toDiv.{0} Real Real.instDivInvMonoid))
                        (Luce.Section6.cornerDepthPotential side kappa a)
                        (Luce.Section6.cornerDepthPotential side kappa b)) :=
⋯
'Luce.Section6.nonmoderate_edge_has_large_potential' depends on axioms: [propext, Classical.choice.{u}, Quot.sound.{u}]
theorem Luce.Section6.forward_path_terminal_potential.{u_1} : ∀ {α : Type u_1} [inst : Fintype.{u_1} α]
  (F : α → α → Real),
  (∀ (a b : α),
      @LE.le.{0} Real Real.instLE (@OfNat.ofNat.{0} Real (nat_lit 0) (@Zero.toOfNat0.{0} Real Real.instZero)) (F a b)) →
    ∀ (V : α → Real) {C : Real},
      @LE.le.{0} Real Real.instLE (@OfNat.ofNat.{0} Real (nat_lit 0) (@Zero.toOfNat0.{0} Real Real.instZero)) C →
        (∀ (a : α),
            @LE.le.{0} Real Real.instLE
              (∑ b, @HMul.hMul.{0, 0, 0} Real Real Real (@instHMul.{0} Real Real.instMul) (F a b) (V b))
              (@HMul.hMul.{0, 0, 0} Real Real Real (@instHMul.{0} Real Real.instMul) C (V a))) →
          ∀ (k : Nat) (a : α),
            @LE.le.{0} Real Real.instLE
              (∑ x,
                @HMul.hMul.{0, 0, 0} Real Real Real (@instHMul.{0} Real Real.instMul)
                  (@Luce.forwardPathWeight.{u_1} α k F a x) (V (@Fin.cons.{u_1 + 1} k (fun a => α) a x (Fin.last k))))
              (@HMul.hMul.{0, 0, 0} Real Real Real (@instHMul.{0} Real Real.instMul)
                (@HPow.hPow.{0, 0, 0} Real Nat Real
                  (@instHPow.{0, 0} Real Nat (@NPow.toPow.{0} Real (@Monoid.toNPow.{0} Real Real.instMonoid))) C k)
                (V a)) :=
⋯
'Luce.Section6.forward_path_terminal_potential' depends on axioms: [propext, Classical.choice.{u}, Quot.sound.{u}]
theorem Luce.Section6.cycle_closing_potential_bound.{u_1} : ∀ {α : Type u_1} [inst : Fintype.{u_1} α]
  (F : α → α → Real),
  (∀ (a b : α),
      @LE.le.{0} Real Real.instLE (@OfNat.ofNat.{0} Real (nat_lit 0) (@Zero.toOfNat0.{0} Real Real.instZero)) (F a b)) →
    ∀ (V : α → Real),
      (∀ (a : α),
          @LT.lt.{0} Real Real.instLT (@OfNat.ofNat.{0} Real (nat_lit 0) (@Zero.toOfNat0.{0} Real Real.instZero))
            (V a)) →
        ∀ (v : α → Real),
          (∀ (a : α),
              @LE.le.{0} Real Real.instLE (@OfNat.ofNat.{0} Real (nat_lit 0) (@Zero.toOfNat0.{0} Real Real.instZero))
                (v a)) →
            ∀ {C : Real},
              @LE.le.{0} Real Real.instLE (@OfNat.ofNat.{0} Real (nat_lit 0) (@Zero.toOfNat0.{0} Real Real.instZero))
                  C →
                (∀ (a : α),
                    @LE.le.{0} Real Real.instLE
                      (∑ b, @HMul.hMul.{0, 0, 0} Real Real Real (@instHMul.{0} Real Real.instMul) (F a b) (V b))
                      (@HMul.hMul.{0, 0, 0} Real Real Real (@instHMul.{0} Real Real.instMul) C (V a))) →
                  (∀ (a b : α),
                      @LE.le.{0} Real Real.instLE (F a b)
                        (@HMul.hMul.{0, 0, 0} Real Real Real (@instHMul.{0} Real Real.instMul) C (v b))) →
                    ∀ (k : Nat),
                      @LE.le.{0} Real Real.instLE
                        (∑ x,
                          @HMul.hMul.{0, 0, 0} Real Real Real (@instHMul.{0} Real Real.instMul)
                            (@Luce.Section6.collisionCycleWeight.{u_1} α F k x)
                            (@HDiv.hDiv.{0, 0, 0} Real Real Real
                              (@instHDiv.{0} Real (@DivInvMonoid.toDiv.{0} Real Real.instDivInvMonoid))
                              (V (x (Fin.last k)))
                              (V
                                (x
                                  (@OfNat.ofNat.{0}
                                    (Fin
                                      (@HAdd.hAdd.{0, 0, 0} Nat Nat Nat (@instHAdd.{0} Nat instAddNat) k
                                        (@OfNat.ofNat.{0} Nat (nat_lit 1) (instOfNatNat (nat_lit 1)))))
                                    (nat_lit 0)
                                    (@Fin.instOfNat
                                      (@HAdd.hAdd.{0, 0, 0} Nat Nat Nat (@instHAdd.{0} Nat instAddNat) k
                                        (@OfNat.ofNat.{0} Nat (nat_lit 1) (instOfNatNat (nat_lit 1))))
                                      ⋯ (nat_lit 0)))))))
                        (@HMul.hMul.{0, 0, 0} Real Real Real (@instHMul.{0} Real Real.instMul)
                          (@HPow.hPow.{0, 0, 0} Real Nat Real
                            (@instHPow.{0, 0} Real Nat (@NPow.toPow.{0} Real (@Monoid.toNPow.{0} Real Real.instMonoid)))
                            C
                            (@HAdd.hAdd.{0, 0, 0} Nat Nat Nat (@instHAdd.{0} Nat instAddNat) k
                              (@OfNat.ofNat.{0} Nat (nat_lit 1) (instOfNatNat (nat_lit 1)))))
                          (∑ a, v a)) :=
⋯
'Luce.Section6.cycle_closing_potential_bound' depends on axioms: [propext, Classical.choice.{u}, Quot.sound.{u}]
theorem Luce.Section6.cycle_edge_potential_bound.{u_1} : ∀ {α : Type u_1} [inst : Fintype.{u_1} α] (F : α → α → Real),
  (∀ (a b : α),
      @LE.le.{0} Real Real.instLE (@OfNat.ofNat.{0} Real (nat_lit 0) (@Zero.toOfNat0.{0} Real Real.instZero)) (F a b)) →
    ∀ (V : α → Real),
      (∀ (a : α),
          @LT.lt.{0} Real Real.instLT (@OfNat.ofNat.{0} Real (nat_lit 0) (@Zero.toOfNat0.{0} Real Real.instZero))
            (V a)) →
        ∀ (v : α → Real),
          (∀ (a : α),
              @LE.le.{0} Real Real.instLE (@OfNat.ofNat.{0} Real (nat_lit 0) (@Zero.toOfNat0.{0} Real Real.instZero))
                (v a)) →
            ∀ {C : Real},
              @LE.le.{0} Real Real.instLE (@OfNat.ofNat.{0} Real (nat_lit 0) (@Zero.toOfNat0.{0} Real Real.instZero))
                  C →
                (∀ (a : α),
                    @LE.le.{0} Real Real.instLE
                      (∑ b, @HMul.hMul.{0, 0, 0} Real Real Real (@instHMul.{0} Real Real.instMul) (F a b) (V b))
                      (@HMul.hMul.{0, 0, 0} Real Real Real (@instHMul.{0} Real Real.instMul) C (V a))) →
                  (∀ (a b : α),
                      @LE.le.{0} Real Real.instLE (F a b)
                        (@HMul.hMul.{0, 0, 0} Real Real Real (@instHMul.{0} Real Real.instMul) C (v b))) →
                    ∀ (k : Nat)
                      (i :
                        Fin
                          (@HAdd.hAdd.{0, 0, 0} Nat Nat Nat (@instHAdd.{0} Nat instAddNat) k
                            (@OfNat.ofNat.{0} Nat (nat_lit 1) (instOfNatNat (nat_lit 1))))),
                      @LE.le.{0} Real Real.instLE
                        (∑ x,
                          @HMul.hMul.{0, 0, 0} Real Real Real (@instHMul.{0} Real Real.instMul)
                            (@Luce.Section6.collisionCycleWeight.{u_1} α F k x)
                            (@HDiv.hDiv.{0, 0, 0} Real Real Real
                              (@instHDiv.{0} Real (@DivInvMonoid.toDiv.{0} Real Real.instDivInvMonoid)) (V (x i))
                              (V
                                (x
                                  (@DFunLike.coe.{1, 1, 1}
                                    (Equiv.Perm.{1}
                                      (Fin
                                        (@HAdd.hAdd.{0, 0, 0} Nat Nat Nat (@instHAdd.{0} Nat instAddNat) k
                                          (@OfNat.ofNat.{0} Nat (nat_lit 1) (instOfNatNat (nat_lit 1))))))
                                    (Fin
                                      (@HAdd.hAdd.{0, 0, 0} Nat Nat Nat (@instHAdd.{0} Nat instAddNat) k
                                        (@OfNat.ofNat.{0} Nat (nat_lit 1) (instOfNatNat (nat_lit 1)))))
                                    (fun x =>
                                      Fin
                                        (@HAdd.hAdd.{0, 0, 0} Nat Nat Nat (@instHAdd.{0} Nat instAddNat) k
                                          (@OfNat.ofNat.{0} Nat (nat_lit 1) (instOfNatNat (nat_lit 1)))))
                                    (@EquivLike.toFunLike.{1, 1, 1}
                                      (Equiv.Perm.{1}
                                        (Fin
                                          (@HAdd.hAdd.{0, 0, 0} Nat Nat Nat (@instHAdd.{0} Nat instAddNat) k
                                            (@OfNat.ofNat.{0} Nat (nat_lit 1) (instOfNatNat (nat_lit 1))))))
                                      (Fin
                                        (@HAdd.hAdd.{0, 0, 0} Nat Nat Nat (@instHAdd.{0} Nat instAddNat) k
                                          (@OfNat.ofNat.{0} Nat (nat_lit 1) (instOfNatNat (nat_lit 1)))))
                                      (Fin
                                        (@HAdd.hAdd.{0, 0, 0} Nat Nat Nat (@instHAdd.{0} Nat instAddNat) k
                                          (@OfNat.ofNat.{0} Nat (nat_lit 1) (instOfNatNat (nat_lit 1)))))
                                      (@Equiv.instEquivLike.{1, 1}
                                        (Fin
                                          (@HAdd.hAdd.{0, 0, 0} Nat Nat Nat (@instHAdd.{0} Nat instAddNat) k
                                            (@OfNat.ofNat.{0} Nat (nat_lit 1) (instOfNatNat (nat_lit 1)))))
                                        (Fin
                                          (@HAdd.hAdd.{0, 0, 0} Nat Nat Nat (@instHAdd.{0} Nat instAddNat) k
                                            (@OfNat.ofNat.{0} Nat (nat_lit 1) (instOfNatNat (nat_lit 1)))))))
                                    (finRotate
                                      (@HAdd.hAdd.{0, 0, 0} Nat Nat Nat (@instHAdd.{0} Nat instAddNat) k
                                        (@OfNat.ofNat.{0} Nat (nat_lit 1) (instOfNatNat (nat_lit 1)))))
                                    i)))))
                        (@HMul.hMul.{0, 0, 0} Real Real Real (@instHMul.{0} Real Real.instMul)
                          (@HPow.hPow.{0, 0, 0} Real Nat Real
                            (@instHPow.{0, 0} Real Nat (@NPow.toPow.{0} Real (@Monoid.toNPow.{0} Real Real.instMonoid)))
                            C
                            (@HAdd.hAdd.{0, 0, 0} Nat Nat Nat (@instHAdd.{0} Nat instAddNat) k
                              (@OfNat.ofNat.{0} Nat (nat_lit 1) (instOfNatNat (nat_lit 1)))))
                          (∑ a, v a)) :=
⋯
'Luce.Section6.cycle_edge_potential_bound' depends on axioms: [propext, Classical.choice.{u}, Quot.sound.{u}]
theorem Luce.Section6.cycle_large_edge_potential_bound.{u_1} : ∀ {α : Type u_1} [inst : Fintype.{u_1} α]
  (F : α → α → Real),
  (∀ (a b : α),
      @LE.le.{0} Real Real.instLE (@OfNat.ofNat.{0} Real (nat_lit 0) (@Zero.toOfNat0.{0} Real Real.instZero)) (F a b)) →
    ∀ (V : α → Real),
      (∀ (a : α),
          @LT.lt.{0} Real Real.instLT (@OfNat.ofNat.{0} Real (nat_lit 0) (@Zero.toOfNat0.{0} Real Real.instZero))
            (V a)) →
        ∀ (v : α → Real),
          (∀ (a : α),
              @LE.le.{0} Real Real.instLE (@OfNat.ofNat.{0} Real (nat_lit 0) (@Zero.toOfNat0.{0} Real Real.instZero))
                (v a)) →
            ∀ {C Q : Real},
              @LE.le.{0} Real Real.instLE (@OfNat.ofNat.{0} Real (nat_lit 0) (@Zero.toOfNat0.{0} Real Real.instZero))
                  C →
                @LT.lt.{0} Real Real.instLT (@OfNat.ofNat.{0} Real (nat_lit 0) (@Zero.toOfNat0.{0} Real Real.instZero))
                    Q →
                  (∀ (a : α),
                      @LE.le.{0} Real Real.instLE
                        (∑ b, @HMul.hMul.{0, 0, 0} Real Real Real (@instHMul.{0} Real Real.instMul) (F a b) (V b))
                        (@HMul.hMul.{0, 0, 0} Real Real Real (@instHMul.{0} Real Real.instMul) C (V a))) →
                    (∀ (a b : α),
                        @LE.le.{0} Real Real.instLE (F a b)
                          (@HMul.hMul.{0, 0, 0} Real Real Real (@instHMul.{0} Real Real.instMul) C (v b))) →
                      ∀ (k : Nat)
                        (i :
                          Fin
                            (@HAdd.hAdd.{0, 0, 0} Nat Nat Nat (@instHAdd.{0} Nat instAddNat) k
                              (@OfNat.ofNat.{0} Nat (nat_lit 1) (instOfNatNat (nat_lit 1))))),
                        @LE.le.{0} Real Real.instLE
                          (∑ x with
                            @LE.le.{0} Real Real.instLE Q
                              (@HDiv.hDiv.{0, 0, 0} Real Real Real
                                (@instHDiv.{0} Real (@DivInvMonoid.toDiv.{0} Real Real.instDivInvMonoid)) (V (x i))
                                (V
                                  (x
                                    (@DFunLike.coe.{1, 1, 1}
                                      (Equiv.Perm.{1}
                                        (Fin
                                          (@HAdd.hAdd.{0, 0, 0} Nat Nat Nat (@instHAdd.{0} Nat instAddNat) k
                                            (@OfNat.ofNat.{0} Nat (nat_lit 1) (instOfNatNat (nat_lit 1))))))
                                      (Fin
                                        (@HAdd.hAdd.{0, 0, 0} Nat Nat Nat (@instHAdd.{0} Nat instAddNat) k
                                          (@OfNat.ofNat.{0} Nat (nat_lit 1) (instOfNatNat (nat_lit 1)))))
                                      (fun x =>
                                        Fin
                                          (@HAdd.hAdd.{0, 0, 0} Nat Nat Nat (@instHAdd.{0} Nat instAddNat) k
                                            (@OfNat.ofNat.{0} Nat (nat_lit 1) (instOfNatNat (nat_lit 1)))))
                                      (@EquivLike.toFunLike.{1, 1, 1}
                                        (Equiv.Perm.{1}
                                          (Fin
                                            (@HAdd.hAdd.{0, 0, 0} Nat Nat Nat (@instHAdd.{0} Nat instAddNat) k
                                              (@OfNat.ofNat.{0} Nat (nat_lit 1) (instOfNatNat (nat_lit 1))))))
                                        (Fin
                                          (@HAdd.hAdd.{0, 0, 0} Nat Nat Nat (@instHAdd.{0} Nat instAddNat) k
                                            (@OfNat.ofNat.{0} Nat (nat_lit 1) (instOfNatNat (nat_lit 1)))))
                                        (Fin
                                          (@HAdd.hAdd.{0, 0, 0} Nat Nat Nat (@instHAdd.{0} Nat instAddNat) k
                                            (@OfNat.ofNat.{0} Nat (nat_lit 1) (instOfNatNat (nat_lit 1)))))
                                        (@Equiv.instEquivLike.{1, 1}
                                          (Fin
                                            (@HAdd.hAdd.{0, 0, 0} Nat Nat Nat (@instHAdd.{0} Nat instAddNat) k
                                              (@OfNat.ofNat.{0} Nat (nat_lit 1) (instOfNatNat (nat_lit 1)))))
                                          (Fin
                                            (@HAdd.hAdd.{0, 0, 0} Nat Nat Nat (@instHAdd.{0} Nat instAddNat) k
                                              (@OfNat.ofNat.{0} Nat (nat_lit 1) (instOfNatNat (nat_lit 1)))))))
                                      (finRotate
                                        (@HAdd.hAdd.{0, 0, 0} Nat Nat Nat (@instHAdd.{0} Nat instAddNat) k
                                          (@OfNat.ofNat.{0} Nat (nat_lit 1) (instOfNatNat (nat_lit 1)))))
                                      i)))),
                            @Luce.Section6.collisionCycleWeight.{u_1} α F k x)
                          (@HDiv.hDiv.{0, 0, 0} Real Real Real
                            (@instHDiv.{0} Real (@DivInvMonoid.toDiv.{0} Real Real.instDivInvMonoid))
                            (@HMul.hMul.{0, 0, 0} Real Real Real (@instHMul.{0} Real Real.instMul)
                              (@HPow.hPow.{0, 0, 0} Real Nat Real
                                (@instHPow.{0, 0} Real Nat
                                  (@NPow.toPow.{0} Real (@Monoid.toNPow.{0} Real Real.instMonoid)))
                                C
                                (@HAdd.hAdd.{0, 0, 0} Nat Nat Nat (@instHAdd.{0} Nat instAddNat) k
                                  (@OfNat.ofNat.{0} Nat (nat_lit 1) (instOfNatNat (nat_lit 1)))))
                              (∑ a, v a))
                            Q) :=
⋯
'Luce.Section6.cycle_large_edge_potential_bound' depends on axioms: [propext, Classical.choice.{u}, Quot.sound.{u}]
theorem Luce.Section6.core_potential_row : ∀ {n A B : Nat} (side : Luce.Section6.Corner) (kappa : Real)
  (F : Fin n → Fin n → Real),
  (∀ (a b : Fin n),
      @LE.le.{0} Real Real.instLE (@OfNat.ofNat.{0} Real (nat_lit 0) (@Zero.toOfNat0.{0} Real Real.instZero)) (F a b)) →
    ∀ {C : Real},
      (∀ (a : Fin n),
          @LE.le.{0} Real Real.instLE
            (∑ b,
              @HMul.hMul.{0, 0, 0} Real Real Real (@instHMul.{0} Real Real.instMul)
                (@HPow.hPow.{0, 0, 0} Real Real Real (@instHPow.{0, 0} Real Real Real.instPow)
                  (Luce.Section6.cornerRowRatio side (@Luce.Section6.cornerDistance side n a)
                    (@Luce.Section6.cornerDistance side n b))
                  kappa)
                (F a b))
            C) →
        ∀ (a : Luce.Section6.CollisionCore n A B side),
          @LE.le.{0} Real Real.instLE
            (∑ b,
              @HMul.hMul.{0, 0, 0} Real Real Real (@instHMul.{0} Real Real.instMul)
                (F
                  (@Subtype.val.{1} (Fin n)
                    (fun v =>
                      And (@LE.le.{0} Nat instLENat A (@Luce.Section6.cornerDistance side n v))
                        (@LE.le.{0} Nat instLENat (@Luce.Section6.cornerDistance side n v) B))
                    a)
                  (@Subtype.val.{1} (Fin n)
                    (fun v =>
                      And (@LE.le.{0} Nat instLENat A (@Luce.Section6.cornerDistance side n v))
                        (@LE.le.{0} Nat instLENat (@Luce.Section6.cornerDistance side n v) B))
                    b))
                (Luce.Section6.cornerDepthPotential side kappa
                  (@Luce.Section6.cornerDistance side n
                    (@Subtype.val.{1} (Fin n)
                      (fun v =>
                        And (@LE.le.{0} Nat instLENat A (@Luce.Section6.cornerDistance side n v))
                          (@LE.le.{0} Nat instLENat (@Luce.Section6.cornerDistance side n v) B))
                      b))))
            (@HMul.hMul.{0, 0, 0} Real Real Real (@instHMul.{0} Real Real.instMul) C
              (Luce.Section6.cornerDepthPotential side kappa
                (@Luce.Section6.cornerDistance side n
                  (@Subtype.val.{1} (Fin n)
                    (fun v =>
                      And (@LE.le.{0} Nat instLENat A (@Luce.Section6.cornerDistance side n v))
                        (@LE.le.{0} Nat instLENat (@Luce.Section6.cornerDistance side n v) B))
                    a)))) :=
⋯
'Luce.Section6.core_potential_row' depends on axioms: [propext, Classical.choice.{u}, Quot.sound.{u}]
theorem Luce.Section6.nonmoderate_cycle_edge_sum : ∀ {n A B k L : Nat} (side : Luce.Section6.Corner)
  (behavior : Luce.Section6.EndpointBehavior),
  @LE.le.{0} Nat instLENat (@OfNat.ofNat.{0} Nat (nat_lit 1) (instOfNatNat (nat_lit 1))) A →
    @LE.le.{0} Nat instLENat A B →
      ∀ (F : Fin n → Fin n → Real),
        (∀ (a b : Fin n),
            @LE.le.{0} Real Real.instLE (@OfNat.ofNat.{0} Real (nat_lit 0) (@Zero.toOfNat0.{0} Real Real.instZero))
              (F a b)) →
          ∀ {C v kappa eta : Real},
            @LE.le.{0} Real Real.instLE (@OfNat.ofNat.{0} Real (nat_lit 1) (@One.toOfNat1.{0} Real Real.instOne)) C →
              @LT.lt.{0} Real Real.instLT (@OfNat.ofNat.{0} Real (nat_lit 0) (@Zero.toOfNat0.{0} Real Real.instZero))
                  v →
                @LT.lt.{0} Real Real.instLT (@OfNat.ofNat.{0} Real (nat_lit 0) (@Zero.toOfNat0.{0} Real Real.instZero))
                    kappa →
                  @LT.lt.{0} Real Real.instLT
                      (@OfNat.ofNat.{0} Real (nat_lit 0) (@Zero.toOfNat0.{0} Real Real.instZero))
                      (Luce.Section6.localCornerExponent behavior) →
                    @LE.le.{0} Real Real.instLE eta
                        (@HDiv.hDiv.{0, 0, 0} Real Real Real
                          (@instHDiv.{0} Real (@DivInvMonoid.toDiv.{0} Real Real.instDivInvMonoid))
                          (@HMul.hMul.{0, 0, 0} Real Real Real (@instHMul.{0} Real Real.instMul) v kappa)
                          (Luce.Section6.localCornerExponent behavior)) →
                      @LE.le.{0} Nat instLENat
                          (@HAdd.hAdd.{0, 0, 0} Nat Nat Nat (@instHAdd.{0} Nat instAddNat) k
                            (@OfNat.ofNat.{0} Nat (nat_lit 1) (instOfNatNat (nat_lit 1))))
                          L →
                        (∀ (a : Fin n),
                            @LE.le.{0} Real Real.instLE
                              (∑ b,
                                @HMul.hMul.{0, 0, 0} Real Real Real (@instHMul.{0} Real Real.instMul)
                                  (@HPow.hPow.{0, 0, 0} Real Real Real (@instHPow.{0, 0} Real Real Real.instPow)
                                    (Luce.Section6.cornerRowRatio side (@Luce.Section6.cornerDistance side n a)
                                      (@Luce.Section6.cornerDistance side n b))
                                    kappa)
                                  (F a b))
                              C) →
                          (∀ (b : Luce.Section6.CollisionCore n A B side) (a : Fin n),
                              @LE.le.{0} Real Real.instLE
                                (F a
                                  (@Subtype.val.{1} (Fin n)
                                    (fun v =>
                                      And (@LE.le.{0} Nat instLENat A (@Luce.Section6.cornerDistance side n v))
                                        (@LE.le.{0} Nat instLENat (@Luce.Section6.cornerDistance side n v) B))
                                    b))
                                (@HDiv.hDiv.{0, 0, 0} Real Real Real
                                  (@instHDiv.{0} Real (@DivInvMonoid.toDiv.{0} Real Real.instDivInvMonoid)) C
                                  (@Nat.cast.{0} Real Real.instNatCast
                                    (@Luce.Section6.cornerDistance side n
                                      (@Subtype.val.{1} (Fin n)
                                        (fun v =>
                                          And (@LE.le.{0} Nat instLENat A (@Luce.Section6.cornerDistance side n v))
                                            (@LE.le.{0} Nat instLENat (@Luce.Section6.cornerDistance side n v) B))
                                        b))))) →
                            ∀
                              (i :
                                Fin
                                  (@HAdd.hAdd.{0, 0, 0} Nat Nat Nat (@instHAdd.{0} Nat instAddNat) k
                                    (@OfNat.ofNat.{0} Nat (nat_lit 1) (instOfNatNat (nat_lit 1))))),
                              @LE.le.{0} Real Real.instLE
                                (∑ x with
                                  Not
                                    (@LE.le.{0} Real Real.instLE
                                      (Luce.Section6.localCornerRatio side behavior
                                        (@Luce.Section6.cornerDistance side n
                                          (@Subtype.val.{1} (Fin n)
                                            (fun v =>
                                              And (@LE.le.{0} Nat instLENat A (@Luce.Section6.cornerDistance side n v))
                                                (@LE.le.{0} Nat instLENat (@Luce.Section6.cornerDistance side n v) B))
                                            (x i)))
                                        (@Luce.Section6.cornerDistance side n
                                          (@Subtype.val.{1} (Fin n)
                                            (fun v =>
                                              And (@LE.le.{0} Nat instLENat A (@Luce.Section6.cornerDistance side n v))
                                                (@LE.le.{0} Nat instLENat (@Luce.Section6.cornerDistance side n v) B))
                                            (x
                                              (@DFunLike.coe.{1, 1, 1}
                                                (Equiv.Perm.{1}
                                                  (Fin
                                                    (@HAdd.hAdd.{0, 0, 0} Nat Nat Nat (@instHAdd.{0} Nat instAddNat) k
                                                      (@OfNat.ofNat.{0} Nat (nat_lit 1) (instOfNatNat (nat_lit 1))))))
                                                (Fin
                                                  (@HAdd.hAdd.{0, 0, 0} Nat Nat Nat (@instHAdd.{0} Nat instAddNat) k
                                                    (@OfNat.ofNat.{0} Nat (nat_lit 1) (instOfNatNat (nat_lit 1)))))
                                                (fun x =>
                                                  Fin
                                                    (@HAdd.hAdd.{0, 0, 0} Nat Nat Nat (@instHAdd.{0} Nat instAddNat) k
                                                      (@OfNat.ofNat.{0} Nat (nat_lit 1) (instOfNatNat (nat_lit 1)))))
                                                (@EquivLike.toFunLike.{1, 1, 1}
                                                  (Equiv.Perm.{1}
                                                    (Fin
                                                      (@HAdd.hAdd.{0, 0, 0} Nat Nat Nat (@instHAdd.{0} Nat instAddNat) k
                                                        (@OfNat.ofNat.{0} Nat (nat_lit 1) (instOfNatNat (nat_lit 1))))))
                                                  (Fin
                                                    (@HAdd.hAdd.{0, 0, 0} Nat Nat Nat (@instHAdd.{0} Nat instAddNat) k
                                                      (@OfNat.ofNat.{0} Nat (nat_lit 1) (instOfNatNat (nat_lit 1)))))
                                                  (Fin
                                                    (@HAdd.hAdd.{0, 0, 0} Nat Nat Nat (@instHAdd.{0} Nat instAddNat) k
                                                      (@OfNat.ofNat.{0} Nat (nat_lit 1) (instOfNatNat (nat_lit 1)))))
                                                  (@Equiv.instEquivLike.{1, 1}
                                                    (Fin
                                                      (@HAdd.hAdd.{0, 0, 0} Nat Nat Nat (@instHAdd.{0} Nat instAddNat) k
                                                        (@OfNat.ofNat.{0} Nat (nat_lit 1) (instOfNatNat (nat_lit 1)))))
                                                    (Fin
                                                      (@HAdd.hAdd.{0, 0, 0} Nat Nat Nat (@instHAdd.{0} Nat instAddNat) k
                                                        (@OfNat.ofNat.{0} Nat (nat_lit 1)
                                                          (instOfNatNat (nat_lit 1)))))))
                                                (finRotate
                                                  (@HAdd.hAdd.{0, 0, 0} Nat Nat Nat (@instHAdd.{0} Nat instAddNat) k
                                                    (@OfNat.ofNat.{0} Nat (nat_lit 1) (instOfNatNat (nat_lit 1)))))
                                                i)))))
                                      (@HPow.hPow.{0, 0, 0} Real Real Real (@instHPow.{0, 0} Real Real Real.instPow)
                                        (@Min.min.{0} Real Real.instMin
                                          (@Nat.cast.{0} Real Real.instNatCast
                                            (@Luce.Section6.cornerDistance side n
                                              (@Subtype.val.{1} (Fin n)
                                                (fun v =>
                                                  And
                                                    (@LE.le.{0} Nat instLENat A
                                                      (@Luce.Section6.cornerDistance side n v))
                                                    (@LE.le.{0} Nat instLENat (@Luce.Section6.cornerDistance side n v)
                                                      B))
                                                (x i))))
                                          (@Nat.cast.{0} Real Real.instNatCast
                                            (@Luce.Section6.cornerDistance side n
                                              (@Subtype.val.{1} (Fin n)
                                                (fun v =>
                                                  And
                                                    (@LE.le.{0} Nat instLENat A
                                                      (@Luce.Section6.cornerDistance side n v))
                                                    (@LE.le.{0} Nat instLENat (@Luce.Section6.cornerDistance side n v)
                                                      B))
                                                (x
                                                  (@DFunLike.coe.{1, 1, 1}
                                                    (Equiv.Perm.{1}
                                                      (Fin
                                                        (@HAdd.hAdd.{0, 0, 0} Nat Nat Nat (@instHAdd.{0} Nat instAddNat)
                                                          k
                                                          (@OfNat.ofNat.{0} Nat (nat_lit 1)
                                                            (instOfNatNat (nat_lit 1))))))
                                                    (Fin
                                                      (@HAdd.hAdd.{0, 0, 0} Nat Nat Nat (@instHAdd.{0} Nat instAddNat) k
                                                        (@OfNat.ofNat.{0} Nat (nat_lit 1) (instOfNatNat (nat_lit 1)))))
                                                    (fun x =>
                                                      Fin
                                                        (@HAdd.hAdd.{0, 0, 0} Nat Nat Nat (@instHAdd.{0} Nat instAddNat)
                                                          k
                                                          (@OfNat.ofNat.{0} Nat (nat_lit 1)
                                                            (instOfNatNat (nat_lit 1)))))
                                                    (@EquivLike.toFunLike.{1, 1, 1}
                                                      (Equiv.Perm.{1}
                                                        (Fin
                                                          (@HAdd.hAdd.{0, 0, 0} Nat Nat Nat
                                                            (@instHAdd.{0} Nat instAddNat) k
                                                            (@OfNat.ofNat.{0} Nat (nat_lit 1)
                                                              (instOfNatNat (nat_lit 1))))))
                                                      (Fin
                                                        (@HAdd.hAdd.{0, 0, 0} Nat Nat Nat (@instHAdd.{0} Nat instAddNat)
                                                          k
                                                          (@OfNat.ofNat.{0} Nat (nat_lit 1)
                                                            (instOfNatNat (nat_lit 1)))))
                                                      (Fin
                                                        (@HAdd.hAdd.{0, 0, 0} Nat Nat Nat (@instHAdd.{0} Nat instAddNat)
                                                          k
                                                          (@OfNat.ofNat.{0} Nat (nat_lit 1)
                                                            (instOfNatNat (nat_lit 1)))))
                                                      (@Equiv.instEquivLike.{1, 1}
                                                        (Fin
                                                          (@HAdd.hAdd.{0, 0, 0} Nat Nat Nat
                                                            (@instHAdd.{0} Nat instAddNat) k
                                                            (@OfNat.ofNat.{0} Nat (nat_lit 1)
                                                              (instOfNatNat (nat_lit 1)))))
                                                        (Fin
                                                          (@HAdd.hAdd.{0, 0, 0} Nat Nat Nat
                                                            (@instHAdd.{0} Nat instAddNat) k
                                                            (@OfNat.ofNat.{0} Nat (nat_lit 1)
                                                              (instOfNatNat (nat_lit 1)))))))
                                                    (finRotate
                                                      (@HAdd.hAdd.{0, 0, 0} Nat Nat Nat (@instHAdd.{0} Nat instAddNat) k
                                                        (@OfNat.ofNat.{0} Nat (nat_lit 1) (instOfNatNat (nat_lit 1)))))
                                                    i))))))
                                        v)),
                                  @Luce.Section6.collisionCycleWeight.{0} (Luce.Section6.CollisionCore n A B side)
                                    (fun a b =>
                                      F
                                        (@Subtype.val.{1} (Fin n)
                                          (fun v =>
                                            And (@LE.le.{0} Nat instLENat A (@Luce.Section6.cornerDistance side n v))
                                              (@LE.le.{0} Nat instLENat (@Luce.Section6.cornerDistance side n v) B))
                                          a)
                                        (@Subtype.val.{1} (Fin n)
                                          (fun v =>
                                            And (@LE.le.{0} Nat instLENat A (@Luce.Section6.cornerDistance side n v))
                                              (@LE.le.{0} Nat instLENat (@Luce.Section6.cornerDistance side n v) B))
                                          b))
                                    k x)
                                (@HDiv.hDiv.{0, 0, 0} Real Real Real
                                  (@instHDiv.{0} Real (@DivInvMonoid.toDiv.{0} Real Real.instDivInvMonoid))
                                  (@HMul.hMul.{0, 0, 0} Real Real Real (@instHMul.{0} Real Real.instMul)
                                    (@HPow.hPow.{0, 0, 0} Real Nat Real
                                      (@instHPow.{0, 0} Real Nat
                                        (@NPow.toPow.{0} Real (@Monoid.toNPow.{0} Real Real.instMonoid)))
                                      C L)
                                    (@HAdd.hAdd.{0, 0, 0} Real Real Real (@instHAdd.{0} Real Real.instAdd)
                                      (@OfNat.ofNat.{0} Real (nat_lit 1) (@One.toOfNat1.{0} Real Real.instOne))
                                      (Real.log
                                        (@HDiv.hDiv.{0, 0, 0} Real Real Real
                                          (@instHDiv.{0} Real (@DivInvMonoid.toDiv.{0} Real Real.instDivInvMonoid))
                                          (@Nat.cast.{0} Real Real.instNatCast B)
                                          (@Nat.cast.{0} Real Real.instNatCast A)))))
                                  (@HPow.hPow.{0, 0, 0} Real Real Real (@instHPow.{0, 0} Real Real Real.instPow)
                                    (@Nat.cast.{0} Real Real.instNatCast A) eta)) :=
⋯
'Luce.Section6.nonmoderate_cycle_edge_sum' depends on axioms: [propext, Classical.choice.{u}, Quot.sound.{u}]
theorem Luce.Section6.PowerProfile.factorial_domination_data : ∀ {f : Real → Real}
  {left right : Luce.Section6.EndpointBehavior},
  Luce.Section6.PowerProfile f left right →
    ∀ (grid : Luce.Section6.SamplingGrid) (w : Luce.WeightArray),
      Luce.Section6.SampledRates grid w f →
        ∀ (r : Nat),
          ∃ M C delta kappa,
            And
              (@LE.le.{0} Real Real.instLE (@OfNat.ofNat.{0} Real (nat_lit 1) (@One.toOfNat1.{0} Real Real.instOne)) C)
              (And
                (@LT.lt.{0} Real Real.instLT (@OfNat.ofNat.{0} Real (nat_lit 0) (@Zero.toOfNat0.{0} Real Real.instZero))
                  delta)
                (And
                  (@LT.lt.{0} Real Real.instLT
                    (@OfNat.ofNat.{0} Real (nat_lit 0) (@Zero.toOfNat0.{0} Real Real.instZero)) kappa)
                  (And
                    (∀ (n : Nat) (a b : Fin n),
                      @LE.le.{0} Real Real.instLE
                        (@OfNat.ofNat.{0} Real (nat_lit 0) (@Zero.toOfNat0.{0} Real Real.instZero)) (M n a b))
                    (And
                      (∀ (n t : Nat),
                        @LE.le.{0} Nat instLENat t r →
                          ∀ (u j : Fin t → Fin n),
                            @Function.Injective.{1, 1} (Fin t) (Fin n) u →
                              @Function.Injective.{1, 1} (Fin t) (Fin n) j →
                                @LE.le.{0} Real Real.instLE
                                  (@MeasureTheory.Measure.real.{0} (Fin n → Real)
                                    (@MeasurableSpace.pi.{0, 0} (Fin n) (fun a => Real) fun a => Real.measurableSpace)
                                    (@Luce.exponentialRace n (w n))
                                    (@Set.ofPred.{0} (Fin n → Real) fun e => @Luce.MarkedRankCylinder n t u j e))
                                  (@HMul.hMul.{0, 0, 0} Real Real Real (@instHMul.{0} Real Real.instMul) C
                                    (∏ a, M n (u a) (j a))))
                      (And (∀ (n : Nat) (a : Fin n), @LE.le.{0} Real Real.instLE (∑ b, M n a b) C)
                        (∀ (side : Luce.Section6.Corner),
                          (Luce.Section6.cornerBehavior left right side).active →
                            And
                              (∀ (n : Nat) (b : Fin n),
                                @LE.le.{0} Real Real.instLE
                                    (@Nat.cast.{0} Real Real.instNatCast (@Luce.Section6.cornerDistance side n b))
                                    (@HMul.hMul.{0, 0, 0} Real Real Real (@instHMul.{0} Real Real.instMul) delta
                                      (@Nat.cast.{0} Real Real.instNatCast n)) →
                                  ∀ (a : Fin n),
                                    @LE.le.{0} Real Real.instLE (M n a b)
                                      (@HDiv.hDiv.{0, 0, 0} Real Real Real
                                        (@instHDiv.{0} Real (@DivInvMonoid.toDiv.{0} Real Real.instDivInvMonoid)) C
                                        (@Nat.cast.{0} Real Real.instNatCast (@Luce.Section6.cornerDistance side n b))))
                              (∀ (n : Nat) (a : Fin n),
                                @LE.le.{0} Real Real.instLE
                                  (∑ b,
                                    @HMul.hMul.{0, 0, 0} Real Real Real (@instHMul.{0} Real Real.instMul)
                                      (@HPow.hPow.{0, 0, 0} Real Real Real (@instHPow.{0, 0} Real Real Real.instPow)
                                        (Luce.Section6.cornerRowRatio side (@Luce.Section6.cornerDistance side n a)
                                          (@Luce.Section6.cornerDistance side n b))
                                        kappa)
                                      (M n a b))
                                  C))))))) :=
⋯
'Luce.Section6.PowerProfile.factorial_domination_data' depends on axioms: [propext,
 Classical.choice.{u},
 Quot.sound.{u}]
theorem Luce.Section6.collision_varying_matrices_pair_bound : ∀ {s n A B L : Nat} (D : Nat),
  @LE.le.{0} Nat instLENat (@OfNat.ofNat.{0} Nat (nat_lit 1) (instOfNatNat (nat_lit 1))) A →
    @LE.le.{0} Nat instLENat A B →
      ∀ (side : Fin s → Luce.Section6.Corner) (k : Fin s → Nat),
        (∀ (c : Fin s),
            @LE.le.{0} Nat instLENat
              (@HAdd.hAdd.{0, 0, 0} Nat Nat Nat (@instHAdd.{0} Nat instAddNat) (k c)
                (@OfNat.ofNat.{0} Nat (nat_lit 1) (instOfNatNat (nat_lit 1))))
              L) →
          ∀ (F : Fin s → Fin n → Fin n → Real),
            (∀ (c : Fin s) (a b : Fin n),
                @LE.le.{0} Real Real.instLE (@OfNat.ofNat.{0} Real (nat_lit 0) (@Zero.toOfNat0.{0} Real Real.instZero))
                  (F c a b)) →
              ∀ {C : Real},
                @LE.le.{0} Real Real.instLE (@OfNat.ofNat.{0} Real (nat_lit 1) (@One.toOfNat1.{0} Real Real.instOne))
                    C →
                  (∀ (c : Fin s) (a : Fin n), @LE.le.{0} Real Real.instLE (∑ b, F c a b) C) →
                    (∀ (c : Fin s) (b : Luce.Section6.CollisionCore n A B (side c)) (a : Fin n),
                        @LE.le.{0} Real Real.instLE
                          (F c a
                            (@Subtype.val.{1} (Fin n)
                              (fun v =>
                                And (@LE.le.{0} Nat instLENat A (@Luce.Section6.cornerDistance (side c) n v))
                                  (@LE.le.{0} Nat instLENat (@Luce.Section6.cornerDistance (side c) n v) B))
                              b))
                          (@HDiv.hDiv.{0, 0, 0} Real Real Real
                            (@instHDiv.{0} Real (@DivInvMonoid.toDiv.{0} Real Real.instDivInvMonoid)) C
                            (@Nat.cast.{0} Real Real.instNatCast
                              (@Luce.Section6.cornerDistance (side c) n
                                (@Subtype.val.{1} (Fin n)
                                  (fun v =>
                                    And (@LE.le.{0} Nat instLENat A (@Luce.Section6.cornerDistance (side c) n v))
                                      (@LE.le.{0} Nat instLENat (@Luce.Section6.cornerDistance (side c) n v) B))
                                  b))))) →
                      ∀ (p q : @Luce.Section6.CollisionSlot s k),
                        @Ne.{1} (@Luce.Section6.CollisionSlot s k) p q →
                          @LE.le.{0} Real Real.instLE
                            (@Luce.Section6.collisionPairSum s n A B side k
                              (fun x =>
                                ∏ c,
                                  @Luce.Section6.collisionCycleWeight.{0} (Luce.Section6.CollisionCore n A B (side c))
                                    (fun a b =>
                                      F c
                                        (@Subtype.val.{1} (Fin n)
                                          (fun v =>
                                            And
                                              (@LE.le.{0} Nat instLENat A (@Luce.Section6.cornerDistance (side c) n v))
                                              (@LE.le.{0} Nat instLENat (@Luce.Section6.cornerDistance (side c) n v) B))
                                          a)
                                        (@Subtype.val.{1} (Fin n)
                                          (fun v =>
                                            And
                                              (@LE.le.{0} Nat instLENat A (@Luce.Section6.cornerDistance (side c) n v))
                                              (@LE.le.{0} Nat instLENat (@Luce.Section6.cornerDistance (side c) n v) B))
                                          b))
                                    (k c) (x c))
                              D p q)
                            (@HMul.hMul.{0, 0, 0} Real Real Real (@instHMul.{0} Real Real.instMul)
                              (@HMul.hMul.{0, 0, 0} Real Real Real (@instHMul.{0} Real Real.instMul)
                                (@HPow.hPow.{0, 0, 0} Real Nat Real
                                  (@instHPow.{0, 0} Real Nat
                                    (@NPow.toPow.{0} Real (@Monoid.toNPow.{0} Real Real.instMonoid)))
                                  (@HPow.hPow.{0, 0, 0} Real Nat Real
                                    (@instHPow.{0, 0} Real Nat
                                      (@NPow.toPow.{0} Real (@Monoid.toNPow.{0} Real Real.instMonoid)))
                                    C L)
                                  (@OfNat.ofNat.{0} Nat (nat_lit 2) (instOfNatNat (nat_lit 2))))
                                (@HDiv.hDiv.{0, 0, 0} Real Real Real
                                  (@instHDiv.{0} Real (@DivInvMonoid.toDiv.{0} Real Real.instDivInvMonoid))
                                  (@HMul.hMul.{0, 0, 0} Real Real Real (@instHMul.{0} Real Real.instMul)
                                    (@OfNat.ofNat.{0} Real (nat_lit 2)
                                      (@instOfNatAtLeastTwo.{0} Real (nat_lit 2) Real.instNatCast ⋯))
                                    (@HAdd.hAdd.{0, 0, 0} Real Real Real (@instHAdd.{0} Real Real.instAdd)
                                      (@HMul.hMul.{0, 0, 0} Real Real Real (@instHMul.{0} Real Real.instMul)
                                        (@OfNat.ofNat.{0} Real (nat_lit 2)
                                          (@instOfNatAtLeastTwo.{0} Real (nat_lit 2) Real.instNatCast ⋯))
                                        (@Nat.cast.{0} Real Real.instNatCast D))
                                      (@OfNat.ofNat.{0} Real (nat_lit 1) (@One.toOfNat1.{0} Real Real.instOne))))
                                  (@Nat.cast.{0} Real Real.instNatCast A)))
                              (@HPow.hPow.{0, 0, 0} Real Nat Real
                                (@instHPow.{0, 0} Real Nat
                                  (@NPow.toPow.{0} Real (@Monoid.toNPow.{0} Real Real.instMonoid)))
                                (@HMul.hMul.{0, 0, 0} Real Real Real (@instHMul.{0} Real Real.instMul)
                                  (@HPow.hPow.{0, 0, 0} Real Nat Real
                                    (@instHPow.{0, 0} Real Nat
                                      (@NPow.toPow.{0} Real (@Monoid.toNPow.{0} Real Real.instMonoid)))
                                    C L)
                                  (@HAdd.hAdd.{0, 0, 0} Real Real Real (@instHAdd.{0} Real Real.instAdd)
                                    (@OfNat.ofNat.{0} Real (nat_lit 1) (@One.toOfNat1.{0} Real Real.instOne))
                                    (Real.log
                                      (@HDiv.hDiv.{0, 0, 0} Real Real Real
                                        (@instHDiv.{0} Real (@DivInvMonoid.toDiv.{0} Real Real.instDivInvMonoid))
                                        (@Nat.cast.{0} Real Real.instNatCast B)
                                        (@Nat.cast.{0} Real Real.instNatCast A)))))
                                (@HSub.hSub.{0, 0, 0} Nat Nat Nat (@instHSub.{0} Nat instSubNat) s
                                  (@OfNat.ofNat.{0} Nat (nat_lit 1) (instOfNatNat (nat_lit 1)))))) :=
⋯
'Luce.Section6.collision_varying_matrices_pair_bound' depends on axioms: [propext, Classical.choice.{u}, Quot.sound.{u}]
theorem Luce.Section6.finite_or_weight_sum.{u_1} : ∀ {α : Type u_1} [inst : Fintype.{u_1} α] (W : α → Real),
  (∀ (x : α),
      @LE.le.{0} Real Real.instLE (@OfNat.ofNat.{0} Real (nat_lit 0) (@Zero.toOfNat0.{0} Real Real.instZero)) (W x)) →
    ∀ (P Q : α → Prop) [inst_1 : @DecidablePred.{u_1 + 1} α P] [inst_2 : @DecidablePred.{u_1 + 1} α Q],
      @LE.le.{0} Real Real.instLE
        (∑ x,
          @ite.{1} Real (Or (P x) (Q x)) (@instDecidableOr (P x) (Q x) (inst_1 x) (inst_2 x)) (W x)
            (@OfNat.ofNat.{0} Real (nat_lit 0) (@Zero.toOfNat0.{0} Real Real.instZero)))
        (@HAdd.hAdd.{0, 0, 0} Real Real Real (@instHAdd.{0} Real Real.instAdd)
          (∑ x,
            @ite.{1} Real (P x) (inst_1 x) (W x)
              (@OfNat.ofNat.{0} Real (nat_lit 0) (@Zero.toOfNat0.{0} Real Real.instZero)))
          (∑ x,
            @ite.{1} Real (Q x) (inst_2 x) (W x)
              (@OfNat.ofNat.{0} Real (nat_lit 0) (@Zero.toOfNat0.{0} Real Real.instZero)))) :=
⋯
'Luce.Section6.finite_or_weight_sum' depends on axioms: [propext, Classical.choice.{u}, Quot.sound.{u}]
theorem Luce.Section6.finite_union_weight_sum.{u_1, u_2} : ∀ {α : Type u_1} {ι : Type u_2} [inst : Fintype.{u_1} α]
  [inst_1 : Fintype.{u_2} ι] (W : α → Real),
  (∀ (x : α),
      @LE.le.{0} Real Real.instLE (@OfNat.ofNat.{0} Real (nat_lit 0) (@Zero.toOfNat0.{0} Real Real.instZero)) (W x)) →
    ∀ (P : ι → α → Prop),
      @LE.le.{0} Real Real.instLE
        (∑ x,
          @ite.{1} Real (∃ i, P i x)
            (@Fintype.decidableExistsFintype.{u_2} ι (fun i => P i x) (fun a => Classical.propDecidable (P a x)) inst_1)
            (W x) (@OfNat.ofNat.{0} Real (nat_lit 0) (@Zero.toOfNat0.{0} Real Real.instZero)))
        (∑ i,
          ∑ x,
            @ite.{1} Real (P i x) (Classical.propDecidable (P i x)) (W x)
              (@OfNat.ofNat.{0} Real (nat_lit 0) (@Zero.toOfNat0.{0} Real Real.instZero))) :=
⋯
'Luce.Section6.finite_union_weight_sum' depends on axioms: [propext, Classical.choice.{u}, Quot.sound.{u}]
theorem Luce.Section6.finite_local_comparison.{u_1} : ∀ {α : Type u_1} [inst : Fintype.{u_1} α] (P I E U V : α → Real)
  (bad : α → Prop) {eps : Real},
  @LE.le.{0} Real Real.instLE (@OfNat.ofNat.{0} Real (nat_lit 0) (@Zero.toOfNat0.{0} Real Real.instZero)) eps →
    (∀ (x : α),
        @LE.le.{0} Real Real.instLE (@OfNat.ofNat.{0} Real (nat_lit 0) (@Zero.toOfNat0.{0} Real Real.instZero)) (P x)) →
      (∀ (x : α),
          @LE.le.{0} Real Real.instLE (@OfNat.ofNat.{0} Real (nat_lit 0) (@Zero.toOfNat0.{0} Real Real.instZero))
            (I x)) →
        (∀ (x : α),
            @LE.le.{0} Real Real.instLE (@OfNat.ofNat.{0} Real (nat_lit 0) (@Zero.toOfNat0.{0} Real Real.instZero))
              (E x)) →
          (∀ (x : α), @LE.le.{0} Real Real.instLE (P x) (U x)) →
            (∀ (x : α), @LE.le.{0} Real Real.instLE (I x) (V x)) →
              (∀ (x : α),
                  Not (bad x) →
                    @LE.le.{0} Real Real.instLE
                      (@abs.{0} Real Real.lattice Real.instAddGroup
                        (@HSub.hSub.{0, 0, 0} Real Real Real (@instHSub.{0} Real Real.instSub) (P x) (I x)))
                      (@HMul.hMul.{0, 0, 0} Real Real Real (@instHMul.{0} Real Real.instMul) eps (E x))) →
                @LE.le.{0} Real Real.instLE
                  (@abs.{0} Real Real.lattice Real.instAddGroup
                    (@HSub.hSub.{0, 0, 0} Real Real Real (@instHSub.{0} Real Real.instSub) (∑ x, P x) (∑ x, I x)))
                  (@HAdd.hAdd.{0, 0, 0} Real Real Real (@instHAdd.{0} Real Real.instAdd)
                    (@HAdd.hAdd.{0, 0, 0} Real Real Real (@instHAdd.{0} Real Real.instAdd)
                      (@HMul.hMul.{0, 0, 0} Real Real Real (@instHMul.{0} Real Real.instMul) eps (∑ x, E x))
                      (∑ x,
                        @ite.{1} Real (bad x) (Classical.propDecidable (bad x)) (U x)
                          (@OfNat.ofNat.{0} Real (nat_lit 0) (@Zero.toOfNat0.{0} Real Real.instZero))))
                    (∑ x,
                      @ite.{1} Real (bad x) (Classical.propDecidable (bad x)) (V x)
                        (@OfNat.ofNat.{0} Real (nat_lit 0) (@Zero.toOfNat0.{0} Real Real.instZero)))) :=
⋯
'Luce.Section6.finite_local_comparison' depends on axioms: [propext, Classical.choice.{u}, Quot.sound.{u}]
theorem Luce.Section6.varying_cycle_family_nonneg : ∀ {s n A B : Nat} (side : Fin s → Luce.Section6.Corner)
  (k : Fin s → Nat) (F : Fin s → Fin n → Fin n → Real),
  (∀ (c : Fin s) (a b : Fin n),
      @LE.le.{0} Real Real.instLE (@OfNat.ofNat.{0} Real (nat_lit 0) (@Zero.toOfNat0.{0} Real Real.instZero))
        (F c a b)) →
    ∀ (x : @Luce.Section6.CollisionAssignment s n A B side k),
      @LE.le.{0} Real Real.instLE (@OfNat.ofNat.{0} Real (nat_lit 0) (@Zero.toOfNat0.{0} Real Real.instZero))
        (@Luce.Section6.varyingCycleFamilyWeight s n A B side k F x) :=
⋯
'Luce.Section6.varying_cycle_family_nonneg' depends on axioms: [propext, Classical.choice.{u}, Quot.sound.{u}]
theorem Luce.Section6.cycle_family_single_test_bound.{u_1, u_2} : ∀ {ι : Type u_1} [inst : Fintype.{u_1} ι]
  [inst_1 : DecidableEq.{u_1 + 1} ι] {β : ι → Type u_2} [inst_2 : (i : ι) → Fintype.{u_2} (β i)]
  (w : (i : ι) → β i → Real),
  (∀ (i : ι) (x : β i),
      @LE.le.{0} Real Real.instLE (@OfNat.ofNat.{0} Real (nat_lit 0) (@Zero.toOfNat0.{0} Real Real.instZero)) (w i x)) →
    ∀ {T R : Real},
      @LE.le.{0} Real Real.instLE (@OfNat.ofNat.{0} Real (nat_lit 0) (@Zero.toOfNat0.{0} Real Real.instZero)) T →
        @LE.le.{0} Real Real.instLE (@OfNat.ofNat.{0} Real (nat_lit 0) (@Zero.toOfNat0.{0} Real Real.instZero)) R →
          (∀ (i : ι), @LE.le.{0} Real Real.instLE (∑ x, w i x) T) →
            ∀ (i : ι) (g : β i → Real),
              @LE.le.{0} Real Real.instLE
                  (∑ x, @HMul.hMul.{0, 0, 0} Real Real Real (@instHMul.{0} Real Real.instMul) (w i x) (g x)) R →
                @LE.le.{0} Real Real.instLE
                  (∑ x,
                    @HMul.hMul.{0, 0, 0} Real Real Real (@instHMul.{0} Real Real.instMul) (∏ c, w c (x c)) (g (x i)))
                  (@HMul.hMul.{0, 0, 0} Real Real Real (@instHMul.{0} Real Real.instMul) R
                    (@HPow.hPow.{0, 0, 0} Real Nat Real
                      (@instHPow.{0, 0} Real Nat (@NPow.toPow.{0} Real (@Monoid.toNPow.{0} Real Real.instMonoid))) T
                      (@HSub.hSub.{0, 0, 0} Nat Nat Nat (@instHSub.{0} Nat instSubNat) (@Fintype.card.{u_1} ι inst)
                        (@OfNat.ofNat.{0} Nat (nat_lit 1) (instOfNatNat (nat_lit 1)))))) :=
⋯
'Luce.Section6.cycle_family_single_test_bound' depends on axioms: [propext, Classical.choice.{u}, Quot.sound.{u}]
theorem Luce.Section6.varying_cycle_family_sum_bound : ∀ {s n A B L : Nat},
  @LE.le.{0} Nat instLENat (@OfNat.ofNat.{0} Nat (nat_lit 1) (instOfNatNat (nat_lit 1))) A →
    @LE.le.{0} Nat instLENat A B →
      ∀ (side : Fin s → Luce.Section6.Corner) (k : Fin s → Nat),
        (∀ (c : Fin s),
            @LE.le.{0} Nat instLENat
              (@HAdd.hAdd.{0, 0, 0} Nat Nat Nat (@instHAdd.{0} Nat instAddNat) (k c)
                (@OfNat.ofNat.{0} Nat (nat_lit 1) (instOfNatNat (nat_lit 1))))
              L) →
          ∀ (F : Fin s → Fin n → Fin n → Real),
            (∀ (c : Fin s) (a b : Fin n),
                @LE.le.{0} Real Real.instLE (@OfNat.ofNat.{0} Real (nat_lit 0) (@Zero.toOfNat0.{0} Real Real.instZero))
                  (F c a b)) →
              ∀ {C : Real},
                @LE.le.{0} Real Real.instLE (@OfNat.ofNat.{0} Real (nat_lit 1) (@One.toOfNat1.{0} Real Real.instOne))
                    C →
                  (∀ (c : Fin s) (a : Fin n), @LE.le.{0} Real Real.instLE (∑ b, F c a b) C) →
                    (∀ (c : Fin s) (b : Luce.Section6.CollisionCore n A B (side c)) (a : Fin n),
                        @LE.le.{0} Real Real.instLE
                          (F c a
                            (@Subtype.val.{1} (Fin n)
                              (fun v =>
                                And (@LE.le.{0} Nat instLENat A (@Luce.Section6.cornerDistance (side c) n v))
                                  (@LE.le.{0} Nat instLENat (@Luce.Section6.cornerDistance (side c) n v) B))
                              b))
                          (@HDiv.hDiv.{0, 0, 0} Real Real Real
                            (@instHDiv.{0} Real (@DivInvMonoid.toDiv.{0} Real Real.instDivInvMonoid)) C
                            (@Nat.cast.{0} Real Real.instNatCast
                              (@Luce.Section6.cornerDistance (side c) n
                                (@Subtype.val.{1} (Fin n)
                                  (fun v =>
                                    And (@LE.le.{0} Nat instLENat A (@Luce.Section6.cornerDistance (side c) n v))
                                      (@LE.le.{0} Nat instLENat (@Luce.Section6.cornerDistance (side c) n v) B))
                                  b))))) →
                      @LE.le.{0} Real Real.instLE (∑ x, @Luce.Section6.varyingCycleFamilyWeight s n A B side k F x)
                        (@HPow.hPow.{0, 0, 0} Real Nat Real
                          (@instHPow.{0, 0} Real Nat (@NPow.toPow.{0} Real (@Monoid.toNPow.{0} Real Real.instMonoid)))
                          (@HMul.hMul.{0, 0, 0} Real Real Real (@instHMul.{0} Real Real.instMul)
                            (@HPow.hPow.{0, 0, 0} Real Nat Real
                              (@instHPow.{0, 0} Real Nat
                                (@NPow.toPow.{0} Real (@Monoid.toNPow.{0} Real Real.instMonoid)))
                              C L)
                            (@HAdd.hAdd.{0, 0, 0} Real Real Real (@instHAdd.{0} Real Real.instAdd)
                              (@OfNat.ofNat.{0} Real (nat_lit 1) (@One.toOfNat1.{0} Real Real.instOne))
                              (Real.log
                                (@HDiv.hDiv.{0, 0, 0} Real Real Real
                                  (@instHDiv.{0} Real (@DivInvMonoid.toDiv.{0} Real Real.instDivInvMonoid))
                                  (@Nat.cast.{0} Real Real.instNatCast B) (@Nat.cast.{0} Real Real.instNatCast A)))))
                          s) :=
⋯
'Luce.Section6.varying_cycle_family_sum_bound' depends on axioms: [propext, Classical.choice.{u}, Quot.sound.{u}]
theorem Luce.Section6.varying_cycle_family_collision_bound : ∀ {s n A B L : Nat} (D : Nat),
  @LE.le.{0} Nat instLENat (@OfNat.ofNat.{0} Nat (nat_lit 1) (instOfNatNat (nat_lit 1))) A →
    @LE.le.{0} Nat instLENat A B →
      ∀ (side : Fin s → Luce.Section6.Corner) (k : Fin s → Nat),
        (∀ (c : Fin s),
            @LE.le.{0} Nat instLENat
              (@HAdd.hAdd.{0, 0, 0} Nat Nat Nat (@instHAdd.{0} Nat instAddNat) (k c)
                (@OfNat.ofNat.{0} Nat (nat_lit 1) (instOfNatNat (nat_lit 1))))
              L) →
          ∀ (F : Fin s → Fin n → Fin n → Real),
            (∀ (c : Fin s) (a b : Fin n),
                @LE.le.{0} Real Real.instLE (@OfNat.ofNat.{0} Real (nat_lit 0) (@Zero.toOfNat0.{0} Real Real.instZero))
                  (F c a b)) →
              ∀ {C : Real},
                @LE.le.{0} Real Real.instLE (@OfNat.ofNat.{0} Real (nat_lit 1) (@One.toOfNat1.{0} Real Real.instOne))
                    C →
                  (∀ (c : Fin s) (a : Fin n), @LE.le.{0} Real Real.instLE (∑ b, F c a b) C) →
                    (∀ (c : Fin s) (b : Luce.Section6.CollisionCore n A B (side c)) (a : Fin n),
                        @LE.le.{0} Real Real.instLE
                          (F c a
                            (@Subtype.val.{1} (Fin n)
                              (fun v =>
                                And (@LE.le.{0} Nat instLENat A (@Luce.Section6.cornerDistance (side c) n v))
                                  (@LE.le.{0} Nat instLENat (@Luce.Section6.cornerDistance (side c) n v) B))
                              b))
                          (@HDiv.hDiv.{0, 0, 0} Real Real Real
                            (@instHDiv.{0} Real (@DivInvMonoid.toDiv.{0} Real Real.instDivInvMonoid)) C
                            (@Nat.cast.{0} Real Real.instNatCast
                              (@Luce.Section6.cornerDistance (side c) n
                                (@Subtype.val.{1} (Fin n)
                                  (fun v =>
                                    And (@LE.le.{0} Nat instLENat A (@Luce.Section6.cornerDistance (side c) n v))
                                      (@LE.le.{0} Nat instLENat (@Luce.Section6.cornerDistance (side c) n v) B))
                                  b))))) →
                      @LE.le.{0} Real Real.instLE
                        (@Luce.Section6.collisionUnionSum s n A B side k
                          (@Luce.Section6.varyingCycleFamilyWeight s n A B side k F) D)
                        (@HMul.hMul.{0, 0, 0} Real Real Real (@instHMul.{0} Real Real.instMul)
                          (@HMul.hMul.{0, 0, 0} Real Real Real (@instHMul.{0} Real Real.instMul)
                            (@HMul.hMul.{0, 0, 0} Real Real Real (@instHMul.{0} Real Real.instMul)
                              (@HPow.hPow.{0, 0, 0} Real Nat Real
                                (@instHPow.{0, 0} Real Nat
                                  (@NPow.toPow.{0} Real (@Monoid.toNPow.{0} Real Real.instMonoid)))
                                (@Nat.cast.{0} Real Real.instNatCast
                                  (@HMul.hMul.{0, 0, 0} Nat Nat Nat (@instHMul.{0} Nat instMulNat) s L))
                                (@OfNat.ofNat.{0} Nat (nat_lit 2) (instOfNatNat (nat_lit 2))))
                              (@HPow.hPow.{0, 0, 0} Real Nat Real
                                (@instHPow.{0, 0} Real Nat
                                  (@NPow.toPow.{0} Real (@Monoid.toNPow.{0} Real Real.instMonoid)))
                                (@HPow.hPow.{0, 0, 0} Real Nat Real
                                  (@instHPow.{0, 0} Real Nat
                                    (@NPow.toPow.{0} Real (@Monoid.toNPow.{0} Real Real.instMonoid)))
                                  C L)
                                (@OfNat.ofNat.{0} Nat (nat_lit 2) (instOfNatNat (nat_lit 2)))))
                            (@HDiv.hDiv.{0, 0, 0} Real Real Real
                              (@instHDiv.{0} Real (@DivInvMonoid.toDiv.{0} Real Real.instDivInvMonoid))
                              (@HMul.hMul.{0, 0, 0} Real Real Real (@instHMul.{0} Real Real.instMul)
                                (@OfNat.ofNat.{0} Real (nat_lit 2)
                                  (@instOfNatAtLeastTwo.{0} Real (nat_lit 2) Real.instNatCast ⋯))
                                (@HAdd.hAdd.{0, 0, 0} Real Real Real (@instHAdd.{0} Real Real.instAdd)
                                  (@HMul.hMul.{0, 0, 0} Real Real Real (@instHMul.{0} Real Real.instMul)
                                    (@OfNat.ofNat.{0} Real (nat_lit 2)
                                      (@instOfNatAtLeastTwo.{0} Real (nat_lit 2) Real.instNatCast ⋯))
                                    (@Nat.cast.{0} Real Real.instNatCast D))
                                  (@OfNat.ofNat.{0} Real (nat_lit 1) (@One.toOfNat1.{0} Real Real.instOne))))
                              (@Nat.cast.{0} Real Real.instNatCast A)))
                          (@HPow.hPow.{0, 0, 0} Real Nat Real
                            (@instHPow.{0, 0} Real Nat (@NPow.toPow.{0} Real (@Monoid.toNPow.{0} Real Real.instMonoid)))
                            (@HMul.hMul.{0, 0, 0} Real Real Real (@instHMul.{0} Real Real.instMul)
                              (@HPow.hPow.{0, 0, 0} Real Nat Real
                                (@instHPow.{0, 0} Real Nat
                                  (@NPow.toPow.{0} Real (@Monoid.toNPow.{0} Real Real.instMonoid)))
                                C L)
                              (@HAdd.hAdd.{0, 0, 0} Real Real Real (@instHAdd.{0} Real Real.instAdd)
                                (@OfNat.ofNat.{0} Real (nat_lit 1) (@One.toOfNat1.{0} Real Real.instOne))
                                (Real.log
                                  (@HDiv.hDiv.{0, 0, 0} Real Real Real
                                    (@instHDiv.{0} Real (@DivInvMonoid.toDiv.{0} Real Real.instDivInvMonoid))
                                    (@Nat.cast.{0} Real Real.instNatCast B) (@Nat.cast.{0} Real Real.instNatCast A)))))
                            (@HSub.hSub.{0, 0, 0} Nat Nat Nat (@instHSub.{0} Nat instSubNat) s
                              (@OfNat.ofNat.{0} Nat (nat_lit 1) (instOfNatNat (nat_lit 1)))))) :=
⋯
'Luce.Section6.varying_cycle_family_collision_bound' depends on axioms: [propext, Classical.choice.{u}, Quot.sound.{u}]
theorem Luce.Section6.nonmoderate_cycle_family_sum : ∀ {s n A B L : Nat},
  @LE.le.{0} Nat instLENat (@OfNat.ofNat.{0} Nat (nat_lit 1) (instOfNatNat (nat_lit 1))) A →
    @LE.le.{0} Nat instLENat A B →
      ∀ (side : Fin s → Luce.Section6.Corner) (behavior : Fin s → Luce.Section6.EndpointBehavior) (k : Fin s → Nat),
        (∀ (c : Fin s),
            @LE.le.{0} Nat instLENat
              (@HAdd.hAdd.{0, 0, 0} Nat Nat Nat (@instHAdd.{0} Nat instAddNat) (k c)
                (@OfNat.ofNat.{0} Nat (nat_lit 1) (instOfNatNat (nat_lit 1))))
              L) →
          ∀ (F : Fin s → Fin n → Fin n → Real),
            (∀ (c : Fin s) (a b : Fin n),
                @LE.le.{0} Real Real.instLE (@OfNat.ofNat.{0} Real (nat_lit 0) (@Zero.toOfNat0.{0} Real Real.instZero))
                  (F c a b)) →
              ∀ {C v eta : Real} (kappa : Fin s → Real),
                @LE.le.{0} Real Real.instLE (@OfNat.ofNat.{0} Real (nat_lit 1) (@One.toOfNat1.{0} Real Real.instOne))
                    C →
                  @LT.lt.{0} Real Real.instLT
                      (@OfNat.ofNat.{0} Real (nat_lit 0) (@Zero.toOfNat0.{0} Real Real.instZero)) v →
                    (∀ (c : Fin s),
                        @LT.lt.{0} Real Real.instLT
                          (@OfNat.ofNat.{0} Real (nat_lit 0) (@Zero.toOfNat0.{0} Real Real.instZero)) (kappa c)) →
                      (∀ (c : Fin s),
                          @LT.lt.{0} Real Real.instLT
                            (@OfNat.ofNat.{0} Real (nat_lit 0) (@Zero.toOfNat0.{0} Real Real.instZero))
                            (Luce.Section6.localCornerExponent (behavior c))) →
                        (∀ (c : Fin s),
                            @LE.le.{0} Real Real.instLE eta
                              (@HDiv.hDiv.{0, 0, 0} Real Real Real
                                (@instHDiv.{0} Real (@DivInvMonoid.toDiv.{0} Real Real.instDivInvMonoid))
                                (@HMul.hMul.{0, 0, 0} Real Real Real (@instHMul.{0} Real Real.instMul) v (kappa c))
                                (Luce.Section6.localCornerExponent (behavior c)))) →
                          (∀ (c : Fin s) (a : Fin n), @LE.le.{0} Real Real.instLE (∑ b, F c a b) C) →
                            (∀ (c : Fin s) (a : Fin n),
                                @LE.le.{0} Real Real.instLE
                                  (∑ b,
                                    @HMul.hMul.{0, 0, 0} Real Real Real (@instHMul.{0} Real Real.instMul)
                                      (@HPow.hPow.{0, 0, 0} Real Real Real (@instHPow.{0, 0} Real Real Real.instPow)
                                        (Luce.Section6.cornerRowRatio (side c)
                                          (@Luce.Section6.cornerDistance (side c) n a)
                                          (@Luce.Section6.cornerDistance (side c) n b))
                                        (kappa c))
                                      (F c a b))
                                  C) →
                              (∀ (c : Fin s) (b : Luce.Section6.CollisionCore n A B (side c)) (a : Fin n),
                                  @LE.le.{0} Real Real.instLE
                                    (F c a
                                      (@Subtype.val.{1} (Fin n)
                                        (fun v =>
                                          And (@LE.le.{0} Nat instLENat A (@Luce.Section6.cornerDistance (side c) n v))
                                            (@LE.le.{0} Nat instLENat (@Luce.Section6.cornerDistance (side c) n v) B))
                                        b))
                                    (@HDiv.hDiv.{0, 0, 0} Real Real Real
                                      (@instHDiv.{0} Real (@DivInvMonoid.toDiv.{0} Real Real.instDivInvMonoid)) C
                                      (@Nat.cast.{0} Real Real.instNatCast
                                        (@Luce.Section6.cornerDistance (side c) n
                                          (@Subtype.val.{1} (Fin n)
                                            (fun v =>
                                              And
                                                (@LE.le.{0} Nat instLENat A
                                                  (@Luce.Section6.cornerDistance (side c) n v))
                                                (@LE.le.{0} Nat instLENat (@Luce.Section6.cornerDistance (side c) n v)
                                                  B))
                                            b))))) →
                                @LE.le.{0} Real Real.instLE
                                  (∑ x,
                                    @ite.{1} Real
                                      (∃ p, @Luce.Section6.cycleEdgeNonmoderate s n A B side behavior k v p x)
                                      (@Fintype.decidableExistsFintype.{0} (@Luce.Section6.CollisionSlot s k)
                                        (fun p => @Luce.Section6.cycleEdgeNonmoderate s n A B side behavior k v p x)
                                        (fun a =>
                                          Classical.propDecidable
                                            (@Luce.Section6.cycleEdgeNonmoderate s n A B side behavior k v a x))
                                        (@Sigma.instFintype.{0, 0} (Fin s)
                                          (fun c =>
                                            Fin
                                              (@HAdd.hAdd.{0, 0, 0} Nat Nat Nat (@instHAdd.{0} Nat instAddNat) (k c)
                                                (@OfNat.ofNat.{0} Nat (nat_lit 1) (instOfNatNat (nat_lit 1)))))
                                          (fun i =>
                                            Fin.fintype
                                              (@HAdd.hAdd.{0, 0, 0} Nat Nat Nat (@instHAdd.{0} Nat instAddNat) (k i)
                                                (@OfNat.ofNat.{0} Nat (nat_lit 1) (instOfNatNat (nat_lit 1)))))
                                          (Fin.fintype s)))
                                      (@Luce.Section6.varyingCycleFamilyWeight s n A B side k F x)
                                      (@OfNat.ofNat.{0} Real (nat_lit 0) (@Zero.toOfNat0.{0} Real Real.instZero)))
                                  (@HMul.hMul.{0, 0, 0} Real Real Real (@instHMul.{0} Real Real.instMul)
                                    (@HMul.hMul.{0, 0, 0} Real Real Real (@instHMul.{0} Real Real.instMul)
                                      (@Nat.cast.{0} Real Real.instNatCast
                                        (@HMul.hMul.{0, 0, 0} Nat Nat Nat (@instHMul.{0} Nat instMulNat) s L))
                                      (@HDiv.hDiv.{0, 0, 0} Real Real Real
                                        (@instHDiv.{0} Real (@DivInvMonoid.toDiv.{0} Real Real.instDivInvMonoid))
                                        (@HMul.hMul.{0, 0, 0} Real Real Real (@instHMul.{0} Real Real.instMul)
                                          (@HPow.hPow.{0, 0, 0} Real Nat Real
                                            (@instHPow.{0, 0} Real Nat
                                              (@NPow.toPow.{0} Real (@Monoid.toNPow.{0} Real Real.instMonoid)))
                                            C L)
                                          (@HAdd.hAdd.{0, 0, 0} Real Real Real (@instHAdd.{0} Real Real.instAdd)
                                            (@OfNat.ofNat.{0} Real (nat_lit 1) (@One.toOfNat1.{0} Real Real.instOne))
                                            (Real.log
                                              (@HDiv.hDiv.{0, 0, 0} Real Real Real
                                                (@instHDiv.{0} Real
                                                  (@DivInvMonoid.toDiv.{0} Real Real.instDivInvMonoid))
                                                (@Nat.cast.{0} Real Real.instNatCast B)
                                                (@Nat.cast.{0} Real Real.instNatCast A)))))
                                        (@HPow.hPow.{0, 0, 0} Real Real Real (@instHPow.{0, 0} Real Real Real.instPow)
                                          (@Nat.cast.{0} Real Real.instNatCast A) eta)))
                                    (@HPow.hPow.{0, 0, 0} Real Nat Real
                                      (@instHPow.{0, 0} Real Nat
                                        (@NPow.toPow.{0} Real (@Monoid.toNPow.{0} Real Real.instMonoid)))
                                      (@HMul.hMul.{0, 0, 0} Real Real Real (@instHMul.{0} Real Real.instMul)
                                        (@HPow.hPow.{0, 0, 0} Real Nat Real
                                          (@instHPow.{0, 0} Real Nat
                                            (@NPow.toPow.{0} Real (@Monoid.toNPow.{0} Real Real.instMonoid)))
                                          C L)
                                        (@HAdd.hAdd.{0, 0, 0} Real Real Real (@instHAdd.{0} Real Real.instAdd)
                                          (@OfNat.ofNat.{0} Real (nat_lit 1) (@One.toOfNat1.{0} Real Real.instOne))
                                          (Real.log
                                            (@HDiv.hDiv.{0, 0, 0} Real Real Real
                                              (@instHDiv.{0} Real (@DivInvMonoid.toDiv.{0} Real Real.instDivInvMonoid))
                                              (@Nat.cast.{0} Real Real.instNatCast B)
                                              (@Nat.cast.{0} Real Real.instNatCast A)))))
                                      (@HSub.hSub.{0, 0, 0} Nat Nat Nat (@instHSub.{0} Nat instSubNat) s
                                        (@OfNat.ofNat.{0} Nat (nat_lit 1) (instOfNatNat (nat_lit 1)))))) :=
⋯
'Luce.Section6.nonmoderate_cycle_family_sum' depends on axioms: [propext, Classical.choice.{u}, Quot.sound.{u}]
theorem Luce.Section6.core_family_bad_sum_bound : ∀ {s n A B L : Nat} (D : Nat),
  @LE.le.{0} Nat instLENat (@OfNat.ofNat.{0} Nat (nat_lit 1) (instOfNatNat (nat_lit 1))) A →
    @LE.le.{0} Nat instLENat A B →
      ∀ (side : Fin s → Luce.Section6.Corner) (behavior : Fin s → Luce.Section6.EndpointBehavior) (k : Fin s → Nat),
        (∀ (c : Fin s),
            @LE.le.{0} Nat instLENat
              (@HAdd.hAdd.{0, 0, 0} Nat Nat Nat (@instHAdd.{0} Nat instAddNat) (k c)
                (@OfNat.ofNat.{0} Nat (nat_lit 1) (instOfNatNat (nat_lit 1))))
              L) →
          ∀ (F : Fin s → Fin n → Fin n → Real),
            (∀ (c : Fin s) (a b : Fin n),
                @LE.le.{0} Real Real.instLE (@OfNat.ofNat.{0} Real (nat_lit 0) (@Zero.toOfNat0.{0} Real Real.instZero))
                  (F c a b)) →
              ∀ {C v eta : Real} (kappa : Fin s → Real),
                @LE.le.{0} Real Real.instLE (@OfNat.ofNat.{0} Real (nat_lit 1) (@One.toOfNat1.{0} Real Real.instOne))
                    C →
                  @LT.lt.{0} Real Real.instLT
                      (@OfNat.ofNat.{0} Real (nat_lit 0) (@Zero.toOfNat0.{0} Real Real.instZero)) v →
                    (∀ (c : Fin s),
                        @LT.lt.{0} Real Real.instLT
                          (@OfNat.ofNat.{0} Real (nat_lit 0) (@Zero.toOfNat0.{0} Real Real.instZero)) (kappa c)) →
                      (∀ (c : Fin s),
                          @LT.lt.{0} Real Real.instLT
                            (@OfNat.ofNat.{0} Real (nat_lit 0) (@Zero.toOfNat0.{0} Real Real.instZero))
                            (Luce.Section6.localCornerExponent (behavior c))) →
                        (∀ (c : Fin s),
                            @LE.le.{0} Real Real.instLE eta
                              (@HDiv.hDiv.{0, 0, 0} Real Real Real
                                (@instHDiv.{0} Real (@DivInvMonoid.toDiv.{0} Real Real.instDivInvMonoid))
                                (@HMul.hMul.{0, 0, 0} Real Real Real (@instHMul.{0} Real Real.instMul) v (kappa c))
                                (Luce.Section6.localCornerExponent (behavior c)))) →
                          (∀ (c : Fin s) (a : Fin n), @LE.le.{0} Real Real.instLE (∑ b, F c a b) C) →
                            (∀ (c : Fin s) (a : Fin n),
                                @LE.le.{0} Real Real.instLE
                                  (∑ b,
                                    @HMul.hMul.{0, 0, 0} Real Real Real (@instHMul.{0} Real Real.instMul)
                                      (@HPow.hPow.{0, 0, 0} Real Real Real (@instHPow.{0, 0} Real Real Real.instPow)
                                        (Luce.Section6.cornerRowRatio (side c)
                                          (@Luce.Section6.cornerDistance (side c) n a)
                                          (@Luce.Section6.cornerDistance (side c) n b))
                                        (kappa c))
                                      (F c a b))
                                  C) →
                              (∀ (c : Fin s) (b : Luce.Section6.CollisionCore n A B (side c)) (a : Fin n),
                                  @LE.le.{0} Real Real.instLE
                                    (F c a
                                      (@Subtype.val.{1} (Fin n)
                                        (fun v =>
                                          And (@LE.le.{0} Nat instLENat A (@Luce.Section6.cornerDistance (side c) n v))
                                            (@LE.le.{0} Nat instLENat (@Luce.Section6.cornerDistance (side c) n v) B))
                                        b))
                                    (@HDiv.hDiv.{0, 0, 0} Real Real Real
                                      (@instHDiv.{0} Real (@DivInvMonoid.toDiv.{0} Real Real.instDivInvMonoid)) C
                                      (@Nat.cast.{0} Real Real.instNatCast
                                        (@Luce.Section6.cornerDistance (side c) n
                                          (@Subtype.val.{1} (Fin n)
                                            (fun v =>
                                              And
                                                (@LE.le.{0} Nat instLENat A
                                                  (@Luce.Section6.cornerDistance (side c) n v))
                                                (@LE.le.{0} Nat instLENat (@Luce.Section6.cornerDistance (side c) n v)
                                                  B))
                                            b))))) →
                                @LE.le.{0} Real Real.instLE
                                  (∑ x,
                                    @ite.{1} Real (@Luce.Section6.coreFamilyBad s n A B side behavior k v D x)
                                      (Classical.propDecidable
                                        (@Luce.Section6.coreFamilyBad s n A B side behavior k v D x))
                                      (@Luce.Section6.varyingCycleFamilyWeight s n A B side k F x)
                                      (@OfNat.ofNat.{0} Real (nat_lit 0) (@Zero.toOfNat0.{0} Real Real.instZero)))
                                  (@HAdd.hAdd.{0, 0, 0} Real Real Real (@instHAdd.{0} Real Real.instAdd)
                                    (@HMul.hMul.{0, 0, 0} Real Real Real (@instHMul.{0} Real Real.instMul)
                                      (@HMul.hMul.{0, 0, 0} Real Real Real (@instHMul.{0} Real Real.instMul)
                                        (@HMul.hMul.{0, 0, 0} Real Real Real (@instHMul.{0} Real Real.instMul)
                                          (@HPow.hPow.{0, 0, 0} Real Nat Real
                                            (@instHPow.{0, 0} Real Nat
                                              (@NPow.toPow.{0} Real (@Monoid.toNPow.{0} Real Real.instMonoid)))
                                            (@Nat.cast.{0} Real Real.instNatCast
                                              (@HMul.hMul.{0, 0, 0} Nat Nat Nat (@instHMul.{0} Nat instMulNat) s L))
                                            (@OfNat.ofNat.{0} Nat (nat_lit 2) (instOfNatNat (nat_lit 2))))
                                          (@HPow.hPow.{0, 0, 0} Real Nat Real
                                            (@instHPow.{0, 0} Real Nat
                                              (@NPow.toPow.{0} Real (@Monoid.toNPow.{0} Real Real.instMonoid)))
                                            (@HPow.hPow.{0, 0, 0} Real Nat Real
                                              (@instHPow.{0, 0} Real Nat
                                                (@NPow.toPow.{0} Real (@Monoid.toNPow.{0} Real Real.instMonoid)))
                                              C L)
                                            (@OfNat.ofNat.{0} Nat (nat_lit 2) (instOfNatNat (nat_lit 2)))))
                                        (@HDiv.hDiv.{0, 0, 0} Real Real Real
                                          (@instHDiv.{0} Real (@DivInvMonoid.toDiv.{0} Real Real.instDivInvMonoid))
                                          (@HMul.hMul.{0, 0, 0} Real Real Real (@instHMul.{0} Real Real.instMul)
                                            (@OfNat.ofNat.{0} Real (nat_lit 2)
                                              (@instOfNatAtLeastTwo.{0} Real (nat_lit 2) Real.instNatCast ⋯))
                                            (@HAdd.hAdd.{0, 0, 0} Real Real Real (@instHAdd.{0} Real Real.instAdd)
                                              (@HMul.hMul.{0, 0, 0} Real Real Real (@instHMul.{0} Real Real.instMul)
                                                (@OfNat.ofNat.{0} Real (nat_lit 2)
                                                  (@instOfNatAtLeastTwo.{0} Real (nat_lit 2) Real.instNatCast ⋯))
                                                (@Nat.cast.{0} Real Real.instNatCast D))
                                              (@OfNat.ofNat.{0} Real (nat_lit 1)
                                                (@One.toOfNat1.{0} Real Real.instOne))))
                                          (@Nat.cast.{0} Real Real.instNatCast A)))
                                      (@HPow.hPow.{0, 0, 0} Real Nat Real
                                        (@instHPow.{0, 0} Real Nat
                                          (@NPow.toPow.{0} Real (@Monoid.toNPow.{0} Real Real.instMonoid)))
                                        (@HMul.hMul.{0, 0, 0} Real Real Real (@instHMul.{0} Real Real.instMul)
                                          (@HPow.hPow.{0, 0, 0} Real Nat Real
                                            (@instHPow.{0, 0} Real Nat
                                              (@NPow.toPow.{0} Real (@Monoid.toNPow.{0} Real Real.instMonoid)))
                                            C L)
                                          (@HAdd.hAdd.{0, 0, 0} Real Real Real (@instHAdd.{0} Real Real.instAdd)
                                            (@OfNat.ofNat.{0} Real (nat_lit 1) (@One.toOfNat1.{0} Real Real.instOne))
                                            (Real.log
                                              (@HDiv.hDiv.{0, 0, 0} Real Real Real
                                                (@instHDiv.{0} Real
                                                  (@DivInvMonoid.toDiv.{0} Real Real.instDivInvMonoid))
                                                (@Nat.cast.{0} Real Real.instNatCast B)
                                                (@Nat.cast.{0} Real Real.instNatCast A)))))
                                        (@HSub.hSub.{0, 0, 0} Nat Nat Nat (@instHSub.{0} Nat instSubNat) s
                                          (@OfNat.ofNat.{0} Nat (nat_lit 1) (instOfNatNat (nat_lit 1))))))
                                    (@HMul.hMul.{0, 0, 0} Real Real Real (@instHMul.{0} Real Real.instMul)
                                      (@HMul.hMul.{0, 0, 0} Real Real Real (@instHMul.{0} Real Real.instMul)
                                        (@Nat.cast.{0} Real Real.instNatCast
                                          (@HMul.hMul.{0, 0, 0} Nat Nat Nat (@instHMul.{0} Nat instMulNat) s L))
                                        (@HDiv.hDiv.{0, 0, 0} Real Real Real
                                          (@instHDiv.{0} Real (@DivInvMonoid.toDiv.{0} Real Real.instDivInvMonoid))
                                          (@HMul.hMul.{0, 0, 0} Real Real Real (@instHMul.{0} Real Real.instMul)
                                            (@HPow.hPow.{0, 0, 0} Real Nat Real
                                              (@instHPow.{0, 0} Real Nat
                                                (@NPow.toPow.{0} Real (@Monoid.toNPow.{0} Real Real.instMonoid)))
                                              C L)
                                            (@HAdd.hAdd.{0, 0, 0} Real Real Real (@instHAdd.{0} Real Real.instAdd)
                                              (@OfNat.ofNat.{0} Real (nat_lit 1) (@One.toOfNat1.{0} Real Real.instOne))
                                              (Real.log
                                                (@HDiv.hDiv.{0, 0, 0} Real Real Real
                                                  (@instHDiv.{0} Real
                                                    (@DivInvMonoid.toDiv.{0} Real Real.instDivInvMonoid))
                                                  (@Nat.cast.{0} Real Real.instNatCast B)
                                                  (@Nat.cast.{0} Real Real.instNatCast A)))))
                                          (@HPow.hPow.{0, 0, 0} Real Real Real (@instHPow.{0, 0} Real Real Real.instPow)
                                            (@Nat.cast.{0} Real Real.instNatCast A) eta)))
                                      (@HPow.hPow.{0, 0, 0} Real Nat Real
                                        (@instHPow.{0, 0} Real Nat
                                          (@NPow.toPow.{0} Real (@Monoid.toNPow.{0} Real Real.instMonoid)))
                                        (@HMul.hMul.{0, 0, 0} Real Real Real (@instHMul.{0} Real Real.instMul)
                                          (@HPow.hPow.{0, 0, 0} Real Nat Real
                                            (@instHPow.{0, 0} Real Nat
                                              (@NPow.toPow.{0} Real (@Monoid.toNPow.{0} Real Real.instMonoid)))
                                            C L)
                                          (@HAdd.hAdd.{0, 0, 0} Real Real Real (@instHAdd.{0} Real Real.instAdd)
                                            (@OfNat.ofNat.{0} Real (nat_lit 1) (@One.toOfNat1.{0} Real Real.instOne))
                                            (Real.log
                                              (@HDiv.hDiv.{0, 0, 0} Real Real Real
                                                (@instHDiv.{0} Real
                                                  (@DivInvMonoid.toDiv.{0} Real Real.instDivInvMonoid))
                                                (@Nat.cast.{0} Real Real.instNatCast B)
                                                (@Nat.cast.{0} Real Real.instNatCast A)))))
                                        (@HSub.hSub.{0, 0, 0} Nat Nat Nat (@instHSub.{0} Nat instSubNat) s
                                          (@OfNat.ofNat.{0} Nat (nat_lit 1) (instOfNatNat (nat_lit 1))))))) :=
⋯
'Luce.Section6.core_family_bad_sum_bound' depends on axioms: [propext, Classical.choice.{u}, Quot.sound.{u}]
theorem Luce.Section6.finite_rank_cylinder_reindex.{u_1} : ∀ {α : Type u_1} {t n : Nat}
  (e : Equiv.{1, u_1 + 1} (Fin t) α) (u j : α → Fin n),
  @Eq.{1} (Set.{0} (Fin n → Real))
    (@Set.ofPred.{0} (Fin n → Real) fun clocks =>
      @Luce.MarkedRankCylinder n t
        (fun a =>
          u
            (@DFunLike.coe.{u_1 + 1, 1, u_1 + 1} (Equiv.{1, u_1 + 1} (Fin t) α) (Fin t) (fun x => α)
              (@EquivLike.toFunLike.{u_1 + 1, 1, u_1 + 1} (Equiv.{1, u_1 + 1} (Fin t) α) (Fin t) α
                (@Equiv.instEquivLike.{1, u_1 + 1} (Fin t) α))
              e a))
        (fun a =>
          j
            (@DFunLike.coe.{u_1 + 1, 1, u_1 + 1} (Equiv.{1, u_1 + 1} (Fin t) α) (Fin t) (fun x => α)
              (@EquivLike.toFunLike.{u_1 + 1, 1, u_1 + 1} (Equiv.{1, u_1 + 1} (Fin t) α) (Fin t) α
                (@Equiv.instEquivLike.{1, u_1 + 1} (Fin t) α))
              e a))
        clocks)
    (@Set.ofPred.{0} (Fin n → Real) fun clocks =>
      ∀ (a : α),
        @Eq.{1} Nat (@Luce.raceRank n clocks (u a))
          (@HAdd.hAdd.{0, 0, 0} Nat Nat Nat (@instHAdd.{0} Nat instAddNat) (@Fin.val n (j a))
            (@OfNat.ofNat.{0} Nat (nat_lit 1) (instOfNatNat (nat_lit 1))))) :=
⋯
'Luce.Section6.finite_rank_cylinder_reindex' depends on axioms: [propext, Classical.choice.{u}, Quot.sound.{u}]
theorem Luce.Section6.finite_rank_cylinder_domination.{u_1} : ∀ {α : Type u_1} [inst : Fintype.{u_1} α] {r n : Nat}
  (w : Luce.Weights n) (M : Fin n → Fin n → Real) (C : Real),
  (∀ (t : Nat),
      @LE.le.{0} Nat instLENat t r →
        ∀ (u j : Fin t → Fin n),
          @Function.Injective.{1, 1} (Fin t) (Fin n) u →
            @Function.Injective.{1, 1} (Fin t) (Fin n) j →
              @LE.le.{0} Real Real.instLE
                (@MeasureTheory.Measure.real.{0} (Fin n → Real)
                  (@MeasurableSpace.pi.{0, 0} (Fin n) (fun a => Real) fun a => Real.measurableSpace)
                  (@Luce.exponentialRace n w)
                  (@Set.ofPred.{0} (Fin n → Real) fun clocks => @Luce.MarkedRankCylinder n t u j clocks))
                (@HMul.hMul.{0, 0, 0} Real Real Real (@instHMul.{0} Real Real.instMul) C (∏ a, M (u a) (j a)))) →
    @LE.le.{0} Nat instLENat (@Fintype.card.{u_1} α inst) r →
      ∀ (u j : α → Fin n),
        @Function.Injective.{u_1 + 1, 1} α (Fin n) u →
          @Function.Injective.{u_1 + 1, 1} α (Fin n) j →
            @LE.le.{0} Real Real.instLE
              (@MeasureTheory.Measure.real.{0} (Fin n → Real)
                (@MeasurableSpace.pi.{0, 0} (Fin n) (fun a => Real) fun a => Real.measurableSpace)
                (@Luce.exponentialRace n w)
                (@Set.ofPred.{0} (Fin n → Real) fun clocks =>
                  ∀ (a : α),
                    @Eq.{1} Nat (@Luce.raceRank n clocks (u a))
                      (@HAdd.hAdd.{0, 0, 0} Nat Nat Nat (@instHAdd.{0} Nat instAddNat) (@Fin.val n (j a))
                        (@OfNat.ofNat.{0} Nat (nat_lit 1) (instOfNatNat (nat_lit 1))))))
              (@HMul.hMul.{0, 0, 0} Real Real Real (@instHMul.{0} Real Real.instMul) C (∏ a, M (u a) (j a))) :=
⋯
'Luce.Section6.finite_rank_cylinder_domination' depends on axioms: [propext, Classical.choice.{u}, Quot.sound.{u}]
theorem Luce.Section6.core_family_ideal_sum_factors : ∀ {s n A B : Nat} (side : Fin s → Luce.Section6.Corner)
  (behavior : Fin s → Luce.Section6.EndpointBehavior) (k : Fin s → Nat)
  (P :
    (c : Fin s) →
      (Fin
            (@HAdd.hAdd.{0, 0, 0} Nat Nat Nat (@instHAdd.{0} Nat instAddNat) (k c)
              (@OfNat.ofNat.{0} Nat (nat_lit 1) (instOfNatNat (nat_lit 1)))) →
          Fin n) →
        Prop),
  @Eq.{1} Real (∑ x, @Luce.Section6.coreFamilyIdealWeight s n A B side behavior k P x)
    (∏ c,
      ∑ x,
        @ite.{1} Real
          (And
            (@Function.Injective.{1, 1}
              (Fin
                (@HAdd.hAdd.{0, 0, 0} Nat Nat Nat (@instHAdd.{0} Nat instAddNat) (k c)
                  (@OfNat.ofNat.{0} Nat (nat_lit 1) (instOfNatNat (nat_lit 1)))))
              (Fin n) fun j =>
              @Subtype.val.{1} (Fin n)
                (fun v =>
                  And (@LE.le.{0} Nat instLENat A (@Luce.Section6.cornerDistance (side c) n v))
                    (@LE.le.{0} Nat instLENat (@Luce.Section6.cornerDistance (side c) n v) B))
                (x j))
            (P c fun j =>
              @Subtype.val.{1} (Fin n)
                (fun v =>
                  And (@LE.le.{0} Nat instLENat A (@Luce.Section6.cornerDistance (side c) n v))
                    (@LE.le.{0} Nat instLENat (@Luce.Section6.cornerDistance (side c) n v) B))
                (x j)))
          (@instDecidableAnd
            (@Function.Injective.{1, 1}
              (Fin
                (@HAdd.hAdd.{0, 0, 0} Nat Nat Nat (@instHAdd.{0} Nat instAddNat) (k c)
                  (@OfNat.ofNat.{0} Nat (nat_lit 1) (instOfNatNat (nat_lit 1)))))
              (Fin n) fun j =>
              @Subtype.val.{1} (Fin n)
                (fun v =>
                  And (@LE.le.{0} Nat instLENat A (@Luce.Section6.cornerDistance (side c) n v))
                    (@LE.le.{0} Nat instLENat (@Luce.Section6.cornerDistance (side c) n v) B))
                (x j))
            (P c fun j =>
              @Subtype.val.{1} (Fin n)
                (fun v =>
                  And (@LE.le.{0} Nat instLENat A (@Luce.Section6.cornerDistance (side c) n v))
                    (@LE.le.{0} Nat instLENat (@Luce.Section6.cornerDistance (side c) n v) B))
                (x j))
            (@Fintype.decidableInjectiveFintype.{0, 0}
              (Fin
                (@HAdd.hAdd.{0, 0, 0} Nat Nat Nat (@instHAdd.{0} Nat instAddNat) (k c)
                  (@OfNat.ofNat.{0} Nat (nat_lit 1) (instOfNatNat (nat_lit 1)))))
              (Fin n) (instDecidableEqFin n)
              (Fin.fintype
                (@HAdd.hAdd.{0, 0, 0} Nat Nat Nat (@instHAdd.{0} Nat instAddNat) (k c)
                  (@OfNat.ofNat.{0} Nat (nat_lit 1) (instOfNatNat (nat_lit 1)))))
              fun j =>
              @Subtype.val.{1} (Fin n)
                (fun v =>
                  And (@LE.le.{0} Nat instLENat A (@Luce.Section6.cornerDistance (side c) n v))
                    (@LE.le.{0} Nat instLENat (@Luce.Section6.cornerDistance (side c) n v) B))
                (x j))
            (Classical.propDecidable
              (P c fun j =>
                @Subtype.val.{1} (Fin n)
                  (fun v =>
                    And (@LE.le.{0} Nat instLENat A (@Luce.Section6.cornerDistance (side c) n v))
                      (@LE.le.{0} Nat instLENat (@Luce.Section6.cornerDistance (side c) n v) B))
                  (x j))))
          (Luce.Section6.idealCycleWeight (side c) (behavior c) (k c) fun j =>
            @Luce.Section6.cornerDistance (side c) n
              (@Subtype.val.{1} (Fin n)
                (fun v =>
                  And (@LE.le.{0} Nat instLENat A (@Luce.Section6.cornerDistance (side c) n v))
                    (@LE.le.{0} Nat instLENat (@Luce.Section6.cornerDistance (side c) n v) B))
                (x j)))
          (@OfNat.ofNat.{0} Real (nat_lit 0) (@Zero.toOfNat0.{0} Real Real.instZero))) :=
⋯
'Luce.Section6.core_family_ideal_sum_factors' depends on axioms: [propext, Classical.choice.{u}, Quot.sound.{u}]
theorem Luce.Section6.core_family_actual_nonneg : ∀ {s n A B : Nat} (side : Fin s → Luce.Section6.Corner)
  (k : Fin s → Nat)
  (P :
    (c : Fin s) →
      (Fin
            (@HAdd.hAdd.{0, 0, 0} Nat Nat Nat (@instHAdd.{0} Nat instAddNat) (k c)
              (@OfNat.ofNat.{0} Nat (nat_lit 1) (instOfNatNat (nat_lit 1)))) →
          Fin n) →
        Prop)
  (w : Luce.Weights n) (x : @Luce.Section6.CollisionAssignment s n A B side k),
  @LE.le.{0} Real Real.instLE (@OfNat.ofNat.{0} Real (nat_lit 0) (@Zero.toOfNat0.{0} Real Real.instZero))
    (@Luce.Section6.coreFamilyActualWeight s n A B side k P w x) :=
⋯
'Luce.Section6.core_family_actual_nonneg' depends on axioms: [propext, Classical.choice.{u}, Quot.sound.{u}]
theorem Luce.Section6.core_family_actual_domination : ∀ {s n A B r : Nat} (side : Fin s → Luce.Section6.Corner)
  (k : Fin s → Nat)
  (P :
    (c : Fin s) →
      (Fin
            (@HAdd.hAdd.{0, 0, 0} Nat Nat Nat (@instHAdd.{0} Nat instAddNat) (k c)
              (@OfNat.ofNat.{0} Nat (nat_lit 1) (instOfNatNat (nat_lit 1)))) →
          Fin n) →
        Prop)
  (w : Luce.Weights n) (M : Fin n → Fin n → Real),
  (∀ (a b : Fin n),
      @LE.le.{0} Real Real.instLE (@OfNat.ofNat.{0} Real (nat_lit 0) (@Zero.toOfNat0.{0} Real Real.instZero)) (M a b)) →
    ∀ {C : Real},
      @LE.le.{0} Real Real.instLE (@OfNat.ofNat.{0} Real (nat_lit 0) (@Zero.toOfNat0.{0} Real Real.instZero)) C →
        (∀ (t : Nat),
            @LE.le.{0} Nat instLENat t r →
              ∀ (u j : Fin t → Fin n),
                @Function.Injective.{1, 1} (Fin t) (Fin n) u →
                  @Function.Injective.{1, 1} (Fin t) (Fin n) j →
                    @LE.le.{0} Real Real.instLE
                      (@MeasureTheory.Measure.real.{0} (Fin n → Real)
                        (@MeasurableSpace.pi.{0, 0} (Fin n) (fun a => Real) fun a => Real.measurableSpace)
                        (@Luce.exponentialRace n w)
                        (@Set.ofPred.{0} (Fin n → Real) fun clocks => @Luce.MarkedRankCylinder n t u j clocks))
                      (@HMul.hMul.{0, 0, 0} Real Real Real (@instHMul.{0} Real Real.instMul) C (∏ a, M (u a) (j a)))) →
          @LE.le.{0} Nat instLENat
              (@Fintype.card.{0} (@Luce.Section6.CollisionSlot s k)
                (@Sigma.instFintype.{0, 0} (Fin s)
                  (fun c =>
                    Fin
                      (@HAdd.hAdd.{0, 0, 0} Nat Nat Nat (@instHAdd.{0} Nat instAddNat) (k c)
                        (@OfNat.ofNat.{0} Nat (nat_lit 1) (instOfNatNat (nat_lit 1)))))
                  (fun i =>
                    Fin.fintype
                      (@HAdd.hAdd.{0, 0, 0} Nat Nat Nat (@instHAdd.{0} Nat instAddNat) (k i)
                        (@OfNat.ofNat.{0} Nat (nat_lit 1) (instOfNatNat (nat_lit 1)))))
                  (Fin.fintype s)))
              r →
            ∀ (x : @Luce.Section6.CollisionAssignment s n A B side k),
              @LE.le.{0} Real Real.instLE (@Luce.Section6.coreFamilyActualWeight s n A B side k P w x)
                (@HMul.hMul.{0, 0, 0} Real Real Real (@instHMul.{0} Real Real.instMul) C
                  (@Luce.Section6.varyingCycleFamilyWeight s n A B side k (fun x => M) x)) :=
⋯
'Luce.Section6.core_family_actual_domination' depends on axioms: [propext, Classical.choice.{u}, Quot.sound.{u}]
theorem Luce.Section6.core_family_injective_of_separated : ∀ {s n A B : Nat} {side : Fin s → Luce.Section6.Corner}
  {k : Fin s → Nat} (D : Nat) (x : @Luce.Section6.CollisionAssignment s n A B side k),
  Not
      (∃ p q,
        And (@Ne.{1} (@Luce.Section6.CollisionSlot s k) p q) (@Luce.Section6.collisionNearby s n A B side k D p q x)) →
    @Function.Injective.{1, 1} (@Luce.Section6.CollisionSlot s k) (Fin n)
      (@Luce.Section6.collisionLabel s n A B side k x) :=
⋯
'Luce.Section6.core_family_injective_of_separated' depends on axioms: [propext]
theorem Luce.Section6.core_family_block_injective : ∀ {s n A B : Nat} {side : Fin s → Luce.Section6.Corner}
  {k : Fin s → Nat} (x : @Luce.Section6.CollisionAssignment s n A B side k),
  @Function.Injective.{1, 1} (@Luce.Section6.CollisionSlot s k) (Fin n)
      (@Luce.Section6.collisionLabel s n A B side k x) →
    ∀ (c : Fin s),
      @Function.Injective.{1, 1}
        (Fin
          (@HAdd.hAdd.{0, 0, 0} Nat Nat Nat (@instHAdd.{0} Nat instAddNat) (k c)
            (@OfNat.ofNat.{0} Nat (nat_lit 1) (instOfNatNat (nat_lit 1)))))
        (Fin n) fun j =>
        @Subtype.val.{1} (Fin n)
          (fun v =>
            And (@LE.le.{0} Nat instLENat A (@Luce.Section6.cornerDistance (side c) n v))
              (@LE.le.{0} Nat instLENat (@Luce.Section6.cornerDistance (side c) n v) B))
          (x c j) :=
⋯
'Luce.Section6.core_family_block_injective' does not depend on any axioms
theorem Luce.Section6.core_family_ideal_nonneg : ∀ {s n A B : Nat} (side : Fin s → Luce.Section6.Corner)
  (behavior : Fin s → Luce.Section6.EndpointBehavior) (k : Fin s → Nat)
  (P :
    (c : Fin s) →
      (Fin
            (@HAdd.hAdd.{0, 0, 0} Nat Nat Nat (@instHAdd.{0} Nat instAddNat) (k c)
              (@OfNat.ofNat.{0} Nat (nat_lit 1) (instOfNatNat (nat_lit 1)))) →
          Fin n) →
        Prop),
  (∀ (c : Fin s) (a b : Fin n),
      @LE.le.{0} Real Real.instLE (@OfNat.ofNat.{0} Real (nat_lit 0) (@Zero.toOfNat0.{0} Real Real.instZero))
        (Luce.Section6.localIdealKernel (side c) (behavior c) (@Luce.Section6.cornerDistance (side c) n a)
          (@Luce.Section6.cornerDistance (side c) n b))) →
    ∀ (x : @Luce.Section6.CollisionAssignment s n A B side k),
      @LE.le.{0} Real Real.instLE (@OfNat.ofNat.{0} Real (nat_lit 0) (@Zero.toOfNat0.{0} Real Real.instZero))
        (@Luce.Section6.coreFamilyIdealWeight s n A B side behavior k P x) :=
⋯
'Luce.Section6.core_family_ideal_nonneg' depends on axioms: [propext, Classical.choice.{u}, Quot.sound.{u}]
theorem Luce.Section6.core_family_ideal_le_product : ∀ {s n A B : Nat} (side : Fin s → Luce.Section6.Corner)
  (behavior : Fin s → Luce.Section6.EndpointBehavior) (k : Fin s → Nat)
  (P :
    (c : Fin s) →
      (Fin
            (@HAdd.hAdd.{0, 0, 0} Nat Nat Nat (@instHAdd.{0} Nat instAddNat) (k c)
              (@OfNat.ofNat.{0} Nat (nat_lit 1) (instOfNatNat (nat_lit 1)))) →
          Fin n) →
        Prop),
  (∀ (c : Fin s) (a b : Fin n),
      @LE.le.{0} Real Real.instLE (@OfNat.ofNat.{0} Real (nat_lit 0) (@Zero.toOfNat0.{0} Real Real.instZero))
        (Luce.Section6.localIdealKernel (side c) (behavior c) (@Luce.Section6.cornerDistance (side c) n a)
          (@Luce.Section6.cornerDistance (side c) n b))) →
    ∀ (x : @Luce.Section6.CollisionAssignment s n A B side k),
      @LE.le.{0} Real Real.instLE (@Luce.Section6.coreFamilyIdealWeight s n A B side behavior k P x)
        (@Luce.Section6.varyingCycleFamilyWeight s n A B side k
          (fun c a b =>
            Luce.Section6.localIdealKernel (side c) (behavior c) (@Luce.Section6.cornerDistance (side c) n a)
              (@Luce.Section6.cornerDistance (side c) n b))
          x) :=
⋯
'Luce.Section6.core_family_ideal_le_product' depends on axioms: [propext, Classical.choice.{u}, Quot.sound.{u}]
theorem Luce.Section6.core_family_ideal_of_injective : ∀ {s n A B : Nat} (side : Fin s → Luce.Section6.Corner)
  (behavior : Fin s → Luce.Section6.EndpointBehavior) (k : Fin s → Nat)
  (P :
    (c : Fin s) →
      (Fin
            (@HAdd.hAdd.{0, 0, 0} Nat Nat Nat (@instHAdd.{0} Nat instAddNat) (k c)
              (@OfNat.ofNat.{0} Nat (nat_lit 1) (instOfNatNat (nat_lit 1)))) →
          Fin n) →
        Prop)
  (x : @Luce.Section6.CollisionAssignment s n A B side k),
  @Function.Injective.{1, 1} (@Luce.Section6.CollisionSlot s k) (Fin n)
      (@Luce.Section6.collisionLabel s n A B side k x) →
    @Eq.{1} Real (@Luce.Section6.coreFamilyIdealWeight s n A B side behavior k P x)
      (@ite.{1} Real
        (∀ (c : Fin s),
          P c fun j =>
            @Subtype.val.{1} (Fin n)
              (fun v =>
                And (@LE.le.{0} Nat instLENat A (@Luce.Section6.cornerDistance (side c) n v))
                  (@LE.le.{0} Nat instLENat (@Luce.Section6.cornerDistance (side c) n v) B))
              (x c j))
        (@Nat.decidableForallFin s
          (fun c =>
            P c fun j =>
              @Subtype.val.{1} (Fin n)
                (fun v =>
                  And (@LE.le.{0} Nat instLENat A (@Luce.Section6.cornerDistance (side c) n v))
                    (@LE.le.{0} Nat instLENat (@Luce.Section6.cornerDistance (side c) n v) B))
                (x c j))
          fun a =>
          Classical.propDecidable
            (P a fun j =>
              @Subtype.val.{1} (Fin n)
                (fun v =>
                  And (@LE.le.{0} Nat instLENat A (@Luce.Section6.cornerDistance (side a) n v))
                    (@LE.le.{0} Nat instLENat (@Luce.Section6.cornerDistance (side a) n v) B))
                (x a j)))
        (@Luce.Section6.varyingCycleFamilyWeight s n A B side k
          (fun c a b =>
            Luce.Section6.localIdealKernel (side c) (behavior c) (@Luce.Section6.cornerDistance (side c) n a)
              (@Luce.Section6.cornerDistance (side c) n b))
          x)
        (@OfNat.ofNat.{0} Real (nat_lit 0) (@Zero.toOfNat0.{0} Real Real.instZero))) :=
⋯
'Luce.Section6.core_family_ideal_of_injective' depends on axioms: [propext, Classical.choice.{u}, Quot.sound.{u}]
theorem Luce.Section6.PowerProfile.core_family_local_law : ∀ {f : Real → Real}
  {left right : Luce.Section6.EndpointBehavior},
  Luce.Section6.PowerProfile f left right →
    ∀ (grid : Luce.Section6.SamplingGrid) (w : Luce.WeightArray),
      Luce.Section6.SampledRates grid w f →
        ∀ (r : Nat),
          ∃ h0 delta v d kappa C,
            And (@LE.le.{0} Nat instLENat (@OfNat.ofNat.{0} Nat (nat_lit 1) (instOfNatNat (nat_lit 1))) h0)
              (And
                (@LT.lt.{0} Real Real.instLT (@OfNat.ofNat.{0} Real (nat_lit 0) (@Zero.toOfNat0.{0} Real Real.instZero))
                  delta)
                (And
                  (@LT.lt.{0} Real Real.instLT
                    (@OfNat.ofNat.{0} Real (nat_lit 0) (@Zero.toOfNat0.{0} Real Real.instZero)) v)
                  (And
                    (@LT.lt.{0} Real Real.instLT
                      (@OfNat.ofNat.{0} Real (nat_lit 0) (@Zero.toOfNat0.{0} Real Real.instZero)) d)
                    (And
                      (@LT.lt.{0} Real Real.instLT
                        (@OfNat.ofNat.{0} Real (nat_lit 0) (@Zero.toOfNat0.{0} Real Real.instZero)) kappa)
                      (And
                        (@LT.lt.{0} Real Real.instLT
                          (@OfNat.ofNat.{0} Real (nat_lit 0) (@Zero.toOfNat0.{0} Real Real.instZero)) C)
                        (∀ (s n A B : Nat) (side : Fin s → Luce.Section6.Corner) (k : Fin s → Nat),
                          @LE.le.{0} Nat instLENat
                              (@Fintype.card.{0} (@Luce.Section6.CollisionSlot s k)
                                (@Sigma.instFintype.{0, 0} (Fin s)
                                  (fun c =>
                                    Fin
                                      (@HAdd.hAdd.{0, 0, 0} Nat Nat Nat (@instHAdd.{0} Nat instAddNat) (k c)
                                        (@OfNat.ofNat.{0} Nat (nat_lit 1) (instOfNatNat (nat_lit 1)))))
                                  (fun i =>
                                    Fin.fintype
                                      (@HAdd.hAdd.{0, 0, 0} Nat Nat Nat (@instHAdd.{0} Nat instAddNat) (k i)
                                        (@OfNat.ofNat.{0} Nat (nat_lit 1) (instOfNatNat (nat_lit 1)))))
                                  (Fin.fintype s)))
                              r →
                            (∀ (c : Fin s), (Luce.Section6.cornerBehavior left right (side c)).active) →
                              @LE.le.{0} Nat instLENat (@OfNat.ofNat.{0} Nat (nat_lit 1) (instOfNatNat (nat_lit 1))) A →
                                @LE.le.{0} Nat instLENat h0 A →
                                  @LE.le.{0} Real Real.instLE (@Nat.cast.{0} Real Real.instNatCast B)
                                      (@HMul.hMul.{0, 0, 0} Real Real Real (@instHMul.{0} Real Real.instMul) delta
                                        (@Nat.cast.{0} Real Real.instNatCast n)) →
                                    ∀ (x : @Luce.Section6.CollisionAssignment s n A B side k),
                                      @Function.Injective.{1, 1} (@Luce.Section6.CollisionSlot s k) (Fin n)
                                          (@Luce.Section6.collisionLabel s n A B side k x) →
                                        (∀ (p q : @Luce.Section6.CollisionSlot s k),
                                            @Ne.{1} (@Luce.Section6.CollisionSlot s k) p q →
                                              @LT.lt.{0} Nat instLTNat
                                                (@HMul.hMul.{0, 0, 0} Nat Nat Nat (@instHMul.{0} Nat instMulNat)
                                                  (@OfNat.ofNat.{0} Nat (nat_lit 2) (instOfNatNat (nat_lit 2))) r)
                                                ((@Fin.val n (@Luce.Section6.collisionLabel s n A B side k x p)).dist
                                                  (@Fin.val n (@Luce.Section6.collisionLabel s n A B side k x q)))) →
                                          (∀ (p : @Luce.Section6.CollisionSlot s k),
                                              Not
                                                (@Luce.Section6.cycleEdgeNonmoderate s n A B side
                                                  (fun c => Luce.Section6.cornerBehavior left right (side c)) k v p
                                                  x)) →
                                            @LE.le.{0} Real Real.instLE
                                              (@abs.{0} Real Real.lattice Real.instAddGroup
                                                (@HSub.hSub.{0, 0, 0} Real Real Real (@instHSub.{0} Real Real.instSub)
                                                  (@Luce.Section6.coreFamilyRankProbability s n A B side k (w n) x)
                                                  (@Luce.Section6.varyingCycleFamilyWeight s n A B side k
                                                    (fun c a b =>
                                                      Luce.Section6.localIdealKernel (side c)
                                                        (Luce.Section6.cornerBehavior left right (side c))
                                                        (@Luce.Section6.cornerDistance (side c) n a)
                                                        (@Luce.Section6.cornerDistance (side c) n b))
                                                    x)))
                                              (@HMul.hMul.{0, 0, 0} Real Real Real (@instHMul.{0} Real Real.instMul)
                                                (@HMul.hMul.{0, 0, 0} Real Real Real (@instHMul.{0} Real Real.instMul) C
                                                  (@HAdd.hAdd.{0, 0, 0} Real Real Real (@instHAdd.{0} Real Real.instAdd)
                                                    (@HPow.hPow.{0, 0, 0} Real Real Real
                                                      (@instHPow.{0, 0} Real Real Real.instPow)
                                                      (@Nat.cast.{0} Real Real.instNatCast A)
                                                      (@Neg.neg.{0} Real Real.instNeg kappa))
                                                    (@HPow.hPow.{0, 0, 0} Real Real Real
                                                      (@instHPow.{0, 0} Real Real Real.instPow)
                                                      (@HDiv.hDiv.{0, 0, 0} Real Real Real
                                                        (@instHDiv.{0} Real
                                                          (@DivInvMonoid.toDiv.{0} Real Real.instDivInvMonoid))
                                                        (@Nat.cast.{0} Real Real.instNatCast B)
                                                        (@Nat.cast.{0} Real Real.instNatCast n))
                                                      kappa)))
                                                (@Luce.Section6.varyingCycleFamilyWeight s n A B side k
                                                  (fun c a b =>
                                                    Luce.Section6.localEnvelopeKernel (side c)
                                                      (Luce.Section6.cornerBehavior left right (side c)) d
                                                      (@Luce.Section6.cornerDistance (side c) n a)
                                                      (@Luce.Section6.cornerDistance (side c) n b))
                                                  x)))))))) :=
⋯
'Luce.Section6.PowerProfile.core_family_local_law' depends on axioms: [propext, Classical.choice.{u}, Quot.sound.{u}]
theorem Luce.Section6.core_family_comparison_of_bounds : ∀ {s n A B r : Nat} (side : Fin s → Luce.Section6.Corner)
  (behavior : Fin s → Luce.Section6.EndpointBehavior) (k : Fin s → Nat)
  (P :
    (c : Fin s) →
      (Fin
            (@HAdd.hAdd.{0, 0, 0} Nat Nat Nat (@instHAdd.{0} Nat instAddNat) (k c)
              (@OfNat.ofNat.{0} Nat (nat_lit 1) (instOfNatNat (nat_lit 1)))) →
          Fin n) →
        Prop)
  (w : Luce.Weights n) (M : Fin n → Fin n → Real),
  (∀ (a b : Fin n),
      @LE.le.{0} Real Real.instLE (@OfNat.ofNat.{0} Real (nat_lit 0) (@Zero.toOfNat0.{0} Real Real.instZero)) (M a b)) →
    (∀ (c : Fin s) (a b : Fin n),
        @LE.le.{0} Real Real.instLE (@OfNat.ofNat.{0} Real (nat_lit 0) (@Zero.toOfNat0.{0} Real Real.instZero))
          (Luce.Section6.localIdealKernel (side c) (behavior c) (@Luce.Section6.cornerDistance (side c) n a)
            (@Luce.Section6.cornerDistance (side c) n b))) →
      ∀ (E : @Luce.Section6.CollisionAssignment s n A B side k → Real),
        (∀ (x : @Luce.Section6.CollisionAssignment s n A B side k),
            @LE.le.{0} Real Real.instLE (@OfNat.ofNat.{0} Real (nat_lit 0) (@Zero.toOfNat0.{0} Real Real.instZero))
              (E x)) →
          ∀ (bad : @Luce.Section6.CollisionAssignment s n A B side k → Prop) {C eps RM RI : Real},
            @LE.le.{0} Real Real.instLE (@OfNat.ofNat.{0} Real (nat_lit 0) (@Zero.toOfNat0.{0} Real Real.instZero)) C →
              @LE.le.{0} Real Real.instLE (@OfNat.ofNat.{0} Real (nat_lit 0) (@Zero.toOfNat0.{0} Real Real.instZero))
                  eps →
                (∀ (t : Nat),
                    @LE.le.{0} Nat instLENat t r →
                      ∀ (u j : Fin t → Fin n),
                        @Function.Injective.{1, 1} (Fin t) (Fin n) u →
                          @Function.Injective.{1, 1} (Fin t) (Fin n) j →
                            @LE.le.{0} Real Real.instLE
                              (@MeasureTheory.Measure.real.{0} (Fin n → Real)
                                (@MeasurableSpace.pi.{0, 0} (Fin n) (fun a => Real) fun a => Real.measurableSpace)
                                (@Luce.exponentialRace n w)
                                (@Set.ofPred.{0} (Fin n → Real) fun clocks => @Luce.MarkedRankCylinder n t u j clocks))
                              (@HMul.hMul.{0, 0, 0} Real Real Real (@instHMul.{0} Real Real.instMul) C
                                (∏ a, M (u a) (j a)))) →
                  @LE.le.{0} Nat instLENat
                      (@Fintype.card.{0} (@Luce.Section6.CollisionSlot s k)
                        (@Sigma.instFintype.{0, 0} (Fin s)
                          (fun c =>
                            Fin
                              (@HAdd.hAdd.{0, 0, 0} Nat Nat Nat (@instHAdd.{0} Nat instAddNat) (k c)
                                (@OfNat.ofNat.{0} Nat (nat_lit 1) (instOfNatNat (nat_lit 1)))))
                          (fun i =>
                            Fin.fintype
                              (@HAdd.hAdd.{0, 0, 0} Nat Nat Nat (@instHAdd.{0} Nat instAddNat) (k i)
                                (@OfNat.ofNat.{0} Nat (nat_lit 1) (instOfNatNat (nat_lit 1)))))
                          (Fin.fintype s)))
                      r →
                    (∀ (x : @Luce.Section6.CollisionAssignment s n A B side k),
                        Not (bad x) →
                          @Function.Injective.{1, 1} (@Luce.Section6.CollisionSlot s k) (Fin n)
                            (@Luce.Section6.collisionLabel s n A B side k x)) →
                      (∀ (x : @Luce.Section6.CollisionAssignment s n A B side k),
                          Not (bad x) →
                            @LE.le.{0} Real Real.instLE
                              (@abs.{0} Real Real.lattice Real.instAddGroup
                                (@HSub.hSub.{0, 0, 0} Real Real Real (@instHSub.{0} Real Real.instSub)
                                  (@Luce.Section6.coreFamilyRankProbability s n A B side k w x)
                                  (@Luce.Section6.varyingCycleFamilyWeight s n A B side k
                                    (fun c a b =>
                                      Luce.Section6.localIdealKernel (side c) (behavior c)
                                        (@Luce.Section6.cornerDistance (side c) n a)
                                        (@Luce.Section6.cornerDistance (side c) n b))
                                    x)))
                              (@HMul.hMul.{0, 0, 0} Real Real Real (@instHMul.{0} Real Real.instMul) eps (E x))) →
                        @LE.le.{0} Real Real.instLE
                            (∑ x,
                              @ite.{1} Real (bad x) (Classical.propDecidable (bad x))
                                (@Luce.Section6.varyingCycleFamilyWeight s n A B side k (fun x => M) x)
                                (@OfNat.ofNat.{0} Real (nat_lit 0) (@Zero.toOfNat0.{0} Real Real.instZero)))
                            RM →
                          @LE.le.{0} Real Real.instLE
                              (∑ x,
                                @ite.{1} Real (bad x) (Classical.propDecidable (bad x))
                                  (@Luce.Section6.varyingCycleFamilyWeight s n A B side k
                                    (fun c a b =>
                                      Luce.Section6.localIdealKernel (side c) (behavior c)
                                        (@Luce.Section6.cornerDistance (side c) n a)
                                        (@Luce.Section6.cornerDistance (side c) n b))
                                    x)
                                  (@OfNat.ofNat.{0} Real (nat_lit 0) (@Zero.toOfNat0.{0} Real Real.instZero)))
                              RI →
                            @LE.le.{0} Real Real.instLE
                              (@abs.{0} Real Real.lattice Real.instAddGroup
                                (@HSub.hSub.{0, 0, 0} Real Real Real (@instHSub.{0} Real Real.instSub)
                                  (∑ x, @Luce.Section6.coreFamilyActualWeight s n A B side k P w x)
                                  (∑ x, @Luce.Section6.coreFamilyIdealWeight s n A B side behavior k P x)))
                              (@HAdd.hAdd.{0, 0, 0} Real Real Real (@instHAdd.{0} Real Real.instAdd)
                                (@HAdd.hAdd.{0, 0, 0} Real Real Real (@instHAdd.{0} Real Real.instAdd)
                                  (@HMul.hMul.{0, 0, 0} Real Real Real (@instHMul.{0} Real Real.instMul) eps (∑ x, E x))
                                  (@HMul.hMul.{0, 0, 0} Real Real Real (@instHMul.{0} Real Real.instMul) C RM))
                                RI) :=
⋯
'Luce.Section6.core_family_comparison_of_bounds' depends on axioms: [propext, Classical.choice.{u}, Quot.sound.{u}]
theorem Luce.Section6.factorial_finite_positive_lower_bound.{u_1} : ∀ {ι : Type u_1} [Fintype.{u_1} ι] (a : ι → Real),
  (∀ (i : ι),
      @LT.lt.{0} Real Real.instLT (@OfNat.ofNat.{0} Real (nat_lit 0) (@Zero.toOfNat0.{0} Real Real.instZero)) (a i)) →
    ∃ e,
      And (@LT.lt.{0} Real Real.instLT (@OfNat.ofNat.{0} Real (nat_lit 0) (@Zero.toOfNat0.{0} Real Real.instZero)) e)
        (And (@LE.le.{0} Real Real.instLE e (@OfNat.ofNat.{0} Real (nat_lit 1) (@One.toOfNat1.{0} Real Real.instOne)))
          (∀ (i : ι), @LE.le.{0} Real Real.instLE e (a i))) :=
⋯
'Luce.Section6.factorial_finite_positive_lower_bound' depends on axioms: [propext, Classical.choice.{u}, Quot.sound.{u}]
theorem Luce.Section6.factorial_finite_common_upper_bound.{u_1} : ∀ {ι : Type u_1} [Fintype.{u_1} ι] (a : ι → Real),
  (∀ (i : ι),
      @LE.le.{0} Real Real.instLE (@OfNat.ofNat.{0} Real (nat_lit 0) (@Zero.toOfNat0.{0} Real Real.instZero)) (a i)) →
    ∃ C,
      And (@LE.le.{0} Real Real.instLE (@OfNat.ofNat.{0} Real (nat_lit 1) (@One.toOfNat1.{0} Real Real.instOne)) C)
        (∀ (i : ι), @LE.le.{0} Real Real.instLE (a i) C) :=
⋯
'Luce.Section6.factorial_finite_common_upper_bound' depends on axioms: [propext, Classical.choice.{u}, Quot.sound.{u}]
theorem Luce.Section6.finite_local_kernel_bounds : ∀ {s : Nat} (side : Fin s → Luce.Section6.Corner)
  (behavior : Fin s → Luce.Section6.EndpointBehavior),
  (∀ (c : Fin s),
      @LT.lt.{0} Real Real.instLT (@OfNat.ofNat.{0} Real (nat_lit 0) (@Zero.toOfNat0.{0} Real Real.instZero))
        (Luce.Section6.localCornerExponent (behavior c))) →
    (∀ (c : Fin s),
        @LT.lt.{0} Real Real.instLT (@OfNat.ofNat.{0} Real (nat_lit 0) (@Zero.toOfNat0.{0} Real Real.instZero))
          (Luce.Section6.localCornerQ (side c) (behavior c))) →
      ∀ {d : Real},
        @LT.lt.{0} Real Real.instLT (@OfNat.ofNat.{0} Real (nat_lit 0) (@Zero.toOfNat0.{0} Real Real.instZero)) d →
          ∃ C,
            And
              (@LE.le.{0} Real Real.instLE (@OfNat.ofNat.{0} Real (nat_lit 1) (@One.toOfNat1.{0} Real Real.instOne)) C)
              (And
                (∀ (c : Fin s) (n : Nat) (a b : Fin n),
                  @LE.le.{0} Real Real.instLE
                    (@OfNat.ofNat.{0} Real (nat_lit 0) (@Zero.toOfNat0.{0} Real Real.instZero))
                    (Luce.Section6.localIdealKernel (side c) (behavior c) (@Luce.Section6.cornerDistance (side c) n a)
                      (@Luce.Section6.cornerDistance (side c) n b)))
                (And
                  (∀ (c : Fin s) (n : Nat) (a b : Fin n),
                    @LE.le.{0} Real Real.instLE
                      (@OfNat.ofNat.{0} Real (nat_lit 0) (@Zero.toOfNat0.{0} Real Real.instZero))
                      (Luce.Section6.localEnvelopeKernel (side c) (behavior c) d
                        (@Luce.Section6.cornerDistance (side c) n a) (@Luce.Section6.cornerDistance (side c) n b)))
                  (And
                    (∀ (c : Fin s) (n : Nat) (a : Fin n),
                      @LE.le.{0} Real Real.instLE
                        (∑ b,
                          Luce.Section6.localIdealKernel (side c) (behavior c)
                            (@Luce.Section6.cornerDistance (side c) n a) (@Luce.Section6.cornerDistance (side c) n b))
                        C)
                    (And
                      (∀ (c : Fin s) (n : Nat) (a : Fin n),
                        @LE.le.{0} Real Real.instLE
                          (∑ b,
                            Luce.Section6.localEnvelopeKernel (side c) (behavior c) d
                              (@Luce.Section6.cornerDistance (side c) n a) (@Luce.Section6.cornerDistance (side c) n b))
                          C)
                      (And
                        (∀ (c : Fin s) (n : Nat) (a b : Fin n),
                          @LE.le.{0} Real Real.instLE
                            (Luce.Section6.localIdealKernel (side c) (behavior c)
                              (@Luce.Section6.cornerDistance (side c) n a) (@Luce.Section6.cornerDistance (side c) n b))
                            (@HDiv.hDiv.{0, 0, 0} Real Real Real
                              (@instHDiv.{0} Real (@DivInvMonoid.toDiv.{0} Real Real.instDivInvMonoid)) C
                              (@Nat.cast.{0} Real Real.instNatCast (@Luce.Section6.cornerDistance (side c) n b))))
                        (And
                          (∀ (c : Fin s) (n : Nat) (a b : Fin n),
                            @LE.le.{0} Real Real.instLE
                              (Luce.Section6.localEnvelopeKernel (side c) (behavior c) d
                                (@Luce.Section6.cornerDistance (side c) n a)
                                (@Luce.Section6.cornerDistance (side c) n b))
                              (@HDiv.hDiv.{0, 0, 0} Real Real Real
                                (@instHDiv.{0} Real (@DivInvMonoid.toDiv.{0} Real Real.instDivInvMonoid)) C
                                (@Nat.cast.{0} Real Real.instNatCast (@Luce.Section6.cornerDistance (side c) n b))))
                          (∀ (c : Fin s) (n : Nat) (a : Fin n),
                            @LE.le.{0} Real Real.instLE
                              (∑ b,
                                @HMul.hMul.{0, 0, 0} Real Real Real (@instHMul.{0} Real Real.instMul)
                                  (@HPow.hPow.{0, 0, 0} Real Real Real (@instHPow.{0, 0} Real Real Real.instPow)
                                    (Luce.Section6.cornerRowRatio (side c) (@Luce.Section6.cornerDistance (side c) n a)
                                      (@Luce.Section6.cornerDistance (side c) n b))
                                    (@HDiv.hDiv.{0, 0, 0} Real Real Real
                                      (@instHDiv.{0} Real (@DivInvMonoid.toDiv.{0} Real Real.instDivInvMonoid))
                                      (Luce.Section6.localCornerExponent (behavior c))
                                      (@OfNat.ofNat.{0} Real (nat_lit 2)
                                        (@instOfNatAtLeastTwo.{0} Real (nat_lit 2) Real.instNatCast ⋯))))
                                  (Luce.Section6.localIdealKernel (side c) (behavior c)
                                    (@Luce.Section6.cornerDistance (side c) n a)
                                    (@Luce.Section6.cornerDistance (side c) n b)))
                              C))))))) :=
⋯
'Luce.Section6.finite_local_kernel_bounds' depends on axioms: [propext, Classical.choice.{u}, Quot.sound.{u}]
theorem Luce.Section6.factorial_error_algebra : ∀ {A b kappa eta C0 CM p q Q H J : Real},
  @LE.le.{0} Real Real.instLE (@OfNat.ofNat.{0} Real (nat_lit 1) (@One.toOfNat1.{0} Real Real.instOne)) A →
    @LE.le.{0} Real Real.instLE (@OfNat.ofNat.{0} Real (nat_lit 0) (@Zero.toOfNat0.{0} Real Real.instZero)) b →
      @LE.le.{0} Real Real.instLE b
          (@HDiv.hDiv.{0, 0, 0} Real Real Real (@instHDiv.{0} Real (@DivInvMonoid.toDiv.{0} Real Real.instDivInvMonoid))
            (@OfNat.ofNat.{0} Real (nat_lit 1) (@One.toOfNat1.{0} Real Real.instOne)) A) →
        @LT.lt.{0} Real Real.instLT (@OfNat.ofNat.{0} Real (nat_lit 0) (@Zero.toOfNat0.{0} Real Real.instZero)) kappa →
          @LE.le.{0} Real Real.instLE eta (@OfNat.ofNat.{0} Real (nat_lit 1) (@One.toOfNat1.{0} Real Real.instOne)) →
            @LE.le.{0} Real Real.instLE eta kappa →
              @LE.le.{0} Real Real.instLE (@OfNat.ofNat.{0} Real (nat_lit 0) (@Zero.toOfNat0.{0} Real Real.instZero))
                  C0 →
                @LE.le.{0} Real Real.instLE (@OfNat.ofNat.{0} Real (nat_lit 0) (@Zero.toOfNat0.{0} Real Real.instZero))
                    CM →
                  @LE.le.{0} Real Real.instLE
                      (@OfNat.ofNat.{0} Real (nat_lit 0) (@Zero.toOfNat0.{0} Real Real.instZero)) p →
                    @LE.le.{0} Real Real.instLE
                        (@OfNat.ofNat.{0} Real (nat_lit 0) (@Zero.toOfNat0.{0} Real Real.instZero)) q →
                      @LE.le.{0} Real Real.instLE
                          (@OfNat.ofNat.{0} Real (nat_lit 1) (@One.toOfNat1.{0} Real Real.instOne)) Q →
                        @LE.le.{0} Real Real.instLE
                            (@OfNat.ofNat.{0} Real (nat_lit 1) (@One.toOfNat1.{0} Real Real.instOne)) H →
                          @LE.le.{0} Real Real.instLE H J →
                            ∀ (s : Nat),
                              @LE.le.{0} Real Real.instLE
                                (@HAdd.hAdd.{0, 0, 0} Real Real Real (@instHAdd.{0} Real Real.instAdd)
                                  (@HMul.hMul.{0, 0, 0} Real Real Real (@instHMul.{0} Real Real.instMul)
                                    (@HMul.hMul.{0, 0, 0} Real Real Real (@instHMul.{0} Real Real.instMul) C0
                                      (@HAdd.hAdd.{0, 0, 0} Real Real Real (@instHAdd.{0} Real Real.instAdd)
                                        (@HPow.hPow.{0, 0, 0} Real Real Real (@instHPow.{0, 0} Real Real Real.instPow) A
                                          (@Neg.neg.{0} Real Real.instNeg kappa))
                                        (@HPow.hPow.{0, 0, 0} Real Real Real (@instHPow.{0, 0} Real Real Real.instPow) b
                                          kappa)))
                                    (@HPow.hPow.{0, 0, 0} Real Nat Real
                                      (@instHPow.{0, 0} Real Nat
                                        (@NPow.toPow.{0} Real (@Monoid.toNPow.{0} Real Real.instMonoid)))
                                      (@HMul.hMul.{0, 0, 0} Real Real Real (@instHMul.{0} Real Real.instMul) Q H) s))
                                  (@HMul.hMul.{0, 0, 0} Real Real Real (@instHMul.{0} Real Real.instMul)
                                    (@HAdd.hAdd.{0, 0, 0} Real Real Real (@instHAdd.{0} Real Real.instAdd) CM
                                      (@OfNat.ofNat.{0} Real (nat_lit 1) (@One.toOfNat1.{0} Real Real.instOne)))
                                    (@HAdd.hAdd.{0, 0, 0} Real Real Real (@instHAdd.{0} Real Real.instAdd)
                                      (@HMul.hMul.{0, 0, 0} Real Real Real (@instHMul.{0} Real Real.instMul)
                                        (@HDiv.hDiv.{0, 0, 0} Real Real Real
                                          (@instHDiv.{0} Real (@DivInvMonoid.toDiv.{0} Real Real.instDivInvMonoid)) p A)
                                        (@HPow.hPow.{0, 0, 0} Real Nat Real
                                          (@instHPow.{0, 0} Real Nat
                                            (@NPow.toPow.{0} Real (@Monoid.toNPow.{0} Real Real.instMonoid)))
                                          (@HMul.hMul.{0, 0, 0} Real Real Real (@instHMul.{0} Real Real.instMul) Q H)
                                          (@HSub.hSub.{0, 0, 0} Nat Nat Nat (@instHSub.{0} Nat instSubNat) s
                                            (@OfNat.ofNat.{0} Nat (nat_lit 1) (instOfNatNat (nat_lit 1))))))
                                      (@HMul.hMul.{0, 0, 0} Real Real Real (@instHMul.{0} Real Real.instMul)
                                        (@HMul.hMul.{0, 0, 0} Real Real Real (@instHMul.{0} Real Real.instMul) q
                                          (@HDiv.hDiv.{0, 0, 0} Real Real Real
                                            (@instHDiv.{0} Real (@DivInvMonoid.toDiv.{0} Real Real.instDivInvMonoid))
                                            (@HMul.hMul.{0, 0, 0} Real Real Real (@instHMul.{0} Real Real.instMul) Q H)
                                            (@HPow.hPow.{0, 0, 0} Real Real Real
                                              (@instHPow.{0, 0} Real Real Real.instPow) A eta)))
                                        (@HPow.hPow.{0, 0, 0} Real Nat Real
                                          (@instHPow.{0, 0} Real Nat
                                            (@NPow.toPow.{0} Real (@Monoid.toNPow.{0} Real Real.instMonoid)))
                                          (@HMul.hMul.{0, 0, 0} Real Real Real (@instHMul.{0} Real Real.instMul) Q H)
                                          (@HSub.hSub.{0, 0, 0} Nat Nat Nat (@instHSub.{0} Nat instSubNat) s
                                            (@OfNat.ofNat.{0} Nat (nat_lit 1) (instOfNatNat (nat_lit 1)))))))))
                                (@HMul.hMul.{0, 0, 0} Real Real Real (@instHMul.{0} Real Real.instMul)
                                  (@HMul.hMul.{0, 0, 0} Real Real Real (@instHMul.{0} Real Real.instMul)
                                    (@HMul.hMul.{0, 0, 0} Real Real Real (@instHMul.{0} Real Real.instMul)
                                      (@HAdd.hAdd.{0, 0, 0} Real Real Real (@instHAdd.{0} Real Real.instAdd)
                                        (@HMul.hMul.{0, 0, 0} Real Real Real (@instHMul.{0} Real Real.instMul)
                                          (@OfNat.ofNat.{0} Real (nat_lit 2)
                                            (@instOfNatAtLeastTwo.{0} Real (nat_lit 2) Real.instNatCast ⋯))
                                          C0)
                                        (@HMul.hMul.{0, 0, 0} Real Real Real (@instHMul.{0} Real Real.instMul)
                                          (@HAdd.hAdd.{0, 0, 0} Real Real Real (@instHAdd.{0} Real Real.instAdd) CM
                                            (@OfNat.ofNat.{0} Real (nat_lit 1) (@One.toOfNat1.{0} Real Real.instOne)))
                                          (@HAdd.hAdd.{0, 0, 0} Real Real Real (@instHAdd.{0} Real Real.instAdd) p q)))
                                      (@HPow.hPow.{0, 0, 0} Real Nat Real
                                        (@instHPow.{0, 0} Real Nat
                                          (@NPow.toPow.{0} Real (@Monoid.toNPow.{0} Real Real.instMonoid)))
                                        Q
                                        (@HAdd.hAdd.{0, 0, 0} Nat Nat Nat (@instHAdd.{0} Nat instAddNat) s
                                          (@OfNat.ofNat.{0} Nat (nat_lit 1) (instOfNatNat (nat_lit 1))))))
                                    (@HPow.hPow.{0, 0, 0} Real Nat Real
                                      (@instHPow.{0, 0} Real Nat
                                        (@NPow.toPow.{0} Real (@Monoid.toNPow.{0} Real Real.instMonoid)))
                                      J
                                      (@HAdd.hAdd.{0, 0, 0} Nat Nat Nat (@instHAdd.{0} Nat instAddNat) s
                                        (@OfNat.ofNat.{0} Nat (nat_lit 1) (instOfNatNat (nat_lit 1))))))
                                  (@HPow.hPow.{0, 0, 0} Real Real Real (@instHPow.{0, 0} Real Real Real.instPow) A
                                    (@Neg.neg.{0} Real Real.instNeg eta))) :=
⋯
'Luce.Section6.factorial_error_algebra' depends on axioms: [propext, Classical.choice.{u}, Quot.sound.{u}]
theorem Luce.Section6.PowerProfile.core_family_quantitative : ∀ {f : Real → Real}
  {left right : Luce.Section6.EndpointBehavior},
  Luce.Section6.PowerProfile f left right →
    ∀ (grid : Luce.Section6.SamplingGrid) (w : Luce.WeightArray),
      Luce.Section6.SampledRates grid w f →
        ∀ {s : Nat} (side : Fin s → Luce.Section6.Corner) (k : Fin s → Nat),
          (∀ (c : Fin s), (Luce.Section6.cornerBehavior left right (side c)).active) →
            ∃ C eta,
              And
                (@LT.lt.{0} Real Real.instLT (@OfNat.ofNat.{0} Real (nat_lit 0) (@Zero.toOfNat0.{0} Real Real.instZero))
                  C)
                (And
                  (@LT.lt.{0} Real Real.instLT
                    (@OfNat.ofNat.{0} Real (nat_lit 0) (@Zero.toOfNat0.{0} Real Real.instZero)) eta)
                  (∃ N,
                    And (@LE.le.{0} Nat instLENat (@OfNat.ofNat.{0} Nat (nat_lit 2) (instOfNatNat (nat_lit 2))) N)
                      (∀ (n : Nat),
                        @LE.le.{0} Nat instLENat N n →
                          ∀
                            (P :
                              (c : Fin s) →
                                (Fin
                                      (@HAdd.hAdd.{0, 0, 0} Nat Nat Nat (@instHAdd.{0} Nat instAddNat) (k c)
                                        (@OfNat.ofNat.{0} Nat (nat_lit 1) (instOfNatNat (nat_lit 1)))) →
                                    Fin n) →
                                  Prop),
                            @LE.le.{0} Real Real.instLE
                              (@abs.{0} Real Real.lattice Real.instAddGroup
                                (@HSub.hSub.{0, 0, 0} Real Real Real (@instHSub.{0} Real Real.instSub)
                                  (∑ x,
                                    @Luce.Section6.coreFamilyActualWeight s n (Luce.Section6.idealCoreLower n)
                                      (Luce.Section6.idealCoreUpper n) side k P (w n) x)
                                  (∑ x,
                                    @Luce.Section6.coreFamilyIdealWeight s n (Luce.Section6.idealCoreLower n)
                                      (Luce.Section6.idealCoreUpper n) side
                                      (fun c => Luce.Section6.cornerBehavior left right (side c)) k P x)))
                              (@HMul.hMul.{0, 0, 0} Real Real Real (@instHMul.{0} Real Real.instMul)
                                (@HMul.hMul.{0, 0, 0} Real Real Real (@instHMul.{0} Real Real.instMul) C
                                  (@HPow.hPow.{0, 0, 0} Real Nat Real
                                    (@instHPow.{0, 0} Real Nat
                                      (@NPow.toPow.{0} Real (@Monoid.toNPow.{0} Real Real.instMonoid)))
                                    (@HAdd.hAdd.{0, 0, 0} Real Real Real (@instHAdd.{0} Real Real.instAdd)
                                      (@OfNat.ofNat.{0} Real (nat_lit 1) (@One.toOfNat1.{0} Real Real.instOne))
                                      (Real.log (@Nat.cast.{0} Real Real.instNatCast n)))
                                    (@HAdd.hAdd.{0, 0, 0} Nat Nat Nat (@instHAdd.{0} Nat instAddNat) s
                                      (@OfNat.ofNat.{0} Nat (nat_lit 1) (instOfNatNat (nat_lit 1))))))
                                (@HPow.hPow.{0, 0, 0} Real Real Real (@instHPow.{0, 0} Real Real Real.instPow)
                                  (@Nat.cast.{0} Real Real.instNatCast (Luce.Section6.idealCoreLower n))
                                  (@Neg.neg.{0} Real Real.instNeg eta)))))) :=
⋯
'Luce.Section6.PowerProfile.core_family_quantitative' depends on axioms: [propext, Classical.choice.{u}, Quot.sound.{u}]
theorem Luce.Section6.category_core_family_equiv_apply : ∀ {q s n A B : Nat}
  (c : Fin q → Luce.Section6.CoreCycleCategory) (r : Fin q → Nat)
  (e : Equiv.{1, 1} (Fin s) (@Luce.Section6.CategoryCycleSlot.{0} (Fin q) r))
  (x :
    @Luce.Section6.CollisionAssignment s n A B
      (fun a =>
        (c
            (@Sigma.fst.{0, 0} (Fin q) (fun i => Fin (r i))
              (@DFunLike.coe.{1, 1, 1} (Equiv.{1, 1} (Fin s) (@Luce.Section6.CategoryCycleSlot.{0} (Fin q) r)) (Fin s)
                (fun x => @Luce.Section6.CategoryCycleSlot.{0} (Fin q) r)
                (@EquivLike.toFunLike.{1, 1, 1} (Equiv.{1, 1} (Fin s) (@Luce.Section6.CategoryCycleSlot.{0} (Fin q) r))
                  (Fin s) (@Luce.Section6.CategoryCycleSlot.{0} (Fin q) r)
                  (@Equiv.instEquivLike.{1, 1} (Fin s) (@Luce.Section6.CategoryCycleSlot.{0} (Fin q) r)))
                e a))).side)
      fun a =>
      (c
          (@Sigma.fst.{0, 0} (Fin q) (fun i => Fin (r i))
            (@DFunLike.coe.{1, 1, 1} (Equiv.{1, 1} (Fin s) (@Luce.Section6.CategoryCycleSlot.{0} (Fin q) r)) (Fin s)
              (fun x => @Luce.Section6.CategoryCycleSlot.{0} (Fin q) r)
              (@EquivLike.toFunLike.{1, 1, 1} (Equiv.{1, 1} (Fin s) (@Luce.Section6.CategoryCycleSlot.{0} (Fin q) r))
                (Fin s) (@Luce.Section6.CategoryCycleSlot.{0} (Fin q) r)
                (@Equiv.instEquivLike.{1, 1} (Fin s) (@Luce.Section6.CategoryCycleSlot.{0} (Fin q) r)))
              e a))).lengthIndex)
  (a : Fin s)
  (j :
    Fin
      (@HAdd.hAdd.{0, 0, 0} Nat Nat Nat (@instHAdd.{0} Nat instAddNat)
        (c
            (@Sigma.fst.{0, 0} (Fin q) (fun i => Fin (r i))
              (@DFunLike.coe.{1, 1, 1} (Equiv.{1, 1} (Fin s) (@Luce.Section6.CategoryCycleSlot.{0} (Fin q) r)) (Fin s)
                (fun x => @Luce.Section6.CategoryCycleSlot.{0} (Fin q) r)
                (@EquivLike.toFunLike.{1, 1, 1} (Equiv.{1, 1} (Fin s) (@Luce.Section6.CategoryCycleSlot.{0} (Fin q) r))
                  (Fin s) (@Luce.Section6.CategoryCycleSlot.{0} (Fin q) r)
                  (@Equiv.instEquivLike.{1, 1} (Fin s) (@Luce.Section6.CategoryCycleSlot.{0} (Fin q) r)))
                e a))).lengthIndex
        (@OfNat.ofNat.{0} Nat (nat_lit 1) (instOfNatNat (nat_lit 1))))),
  @Eq.{1}
    (Luce.Section6.CollisionCore n A B
      (c
          (@Sigma.fst.{0, 0} (Fin q) (fun i => Fin (r i))
            (@Sigma.fst.{0, 0} (@Luce.Section6.CategoryCycleSlot.{0} (Fin q) r)
              (fun b =>
                Fin
                  (@HAdd.hAdd.{0, 0, 0} Nat Nat Nat (@instHAdd.{0} Nat instAddNat)
                    ((fun i => (c i).lengthIndex) (@Sigma.fst.{0, 0} (Fin q) (fun i => Fin (r i)) b))
                    (@OfNat.ofNat.{0} Nat (nat_lit 1) (instOfNatNat (nat_lit 1)))))
              (@Sigma.mk.{0, 0} (@Luce.Section6.CategoryCycleSlot.{0} (Fin q) r)
                (fun b =>
                  Fin
                    (@HAdd.hAdd.{0, 0, 0} Nat Nat Nat (@instHAdd.{0} Nat instAddNat)
                      ((fun i => (c i).lengthIndex) (@Sigma.fst.{0, 0} (Fin q) (fun i => Fin (r i)) b))
                      (@OfNat.ofNat.{0} Nat (nat_lit 1) (instOfNatNat (nat_lit 1)))))
                (@DFunLike.coe.{1, 1, 1} (Equiv.{1, 1} (Fin s) (@Luce.Section6.CategoryCycleSlot.{0} (Fin q) r)) (Fin s)
                  (fun x => @Luce.Section6.CategoryCycleSlot.{0} (Fin q) r)
                  (@EquivLike.toFunLike.{1, 1, 1}
                    (Equiv.{1, 1} (Fin s) (@Luce.Section6.CategoryCycleSlot.{0} (Fin q) r)) (Fin s)
                    (@Luce.Section6.CategoryCycleSlot.{0} (Fin q) r)
                    (@Equiv.instEquivLike.{1, 1} (Fin s) (@Luce.Section6.CategoryCycleSlot.{0} (Fin q) r)))
                  e a)
                j)))).side)
    (@DFunLike.coe.{1, 1, 1}
      (Equiv.{1, 1}
        (@Luce.Section6.CollisionAssignment s n A B
          (fun a =>
            (c
                (@Sigma.fst.{0, 0} (Fin q) (fun i => Fin (r i))
                  (@DFunLike.coe.{1, 1, 1} (Equiv.{1, 1} (Fin s) (@Luce.Section6.CategoryCycleSlot.{0} (Fin q) r))
                    (Fin s) (fun x => @Luce.Section6.CategoryCycleSlot.{0} (Fin q) r)
                    (@EquivLike.toFunLike.{1, 1, 1}
                      (Equiv.{1, 1} (Fin s) (@Luce.Section6.CategoryCycleSlot.{0} (Fin q) r)) (Fin s)
                      (@Luce.Section6.CategoryCycleSlot.{0} (Fin q) r)
                      (@Equiv.instEquivLike.{1, 1} (Fin s) (@Luce.Section6.CategoryCycleSlot.{0} (Fin q) r)))
                    e a))).side)
          fun a =>
          (c
              (@Sigma.fst.{0, 0} (Fin q) (fun i => Fin (r i))
                (@DFunLike.coe.{1, 1, 1} (Equiv.{1, 1} (Fin s) (@Luce.Section6.CategoryCycleSlot.{0} (Fin q) r)) (Fin s)
                  (fun x => @Luce.Section6.CategoryCycleSlot.{0} (Fin q) r)
                  (@EquivLike.toFunLike.{1, 1, 1}
                    (Equiv.{1, 1} (Fin s) (@Luce.Section6.CategoryCycleSlot.{0} (Fin q) r)) (Fin s)
                    (@Luce.Section6.CategoryCycleSlot.{0} (Fin q) r)
                    (@Equiv.instEquivLike.{1, 1} (Fin s) (@Luce.Section6.CategoryCycleSlot.{0} (Fin q) r)))
                  e a))).lengthIndex)
        ((v : @Luce.Section6.CategoryCycleVertex.{0} (Fin q) (fun i => (c i).lengthIndex) r) →
          Luce.Section6.CollisionCore n A B
            (c
                (@Sigma.fst.{0, 0} (Fin q) (fun i => Fin (r i))
                  (@Sigma.fst.{0, 0} (@Luce.Section6.CategoryCycleSlot.{0} (Fin q) r)
                    (fun b =>
                      Fin
                        (@HAdd.hAdd.{0, 0, 0} Nat Nat Nat (@instHAdd.{0} Nat instAddNat)
                          ((fun i => (c i).lengthIndex) (@Sigma.fst.{0, 0} (Fin q) (fun i => Fin (r i)) b))
                          (@OfNat.ofNat.{0} Nat (nat_lit 1) (instOfNatNat (nat_lit 1)))))
                    v))).side))
      (@Luce.Section6.CollisionAssignment s n A B
        (fun a =>
          (c
              (@Sigma.fst.{0, 0} (Fin q) (fun i => Fin (r i))
                (@DFunLike.coe.{1, 1, 1} (Equiv.{1, 1} (Fin s) (@Luce.Section6.CategoryCycleSlot.{0} (Fin q) r)) (Fin s)
                  (fun x => @Luce.Section6.CategoryCycleSlot.{0} (Fin q) r)
                  (@EquivLike.toFunLike.{1, 1, 1}
                    (Equiv.{1, 1} (Fin s) (@Luce.Section6.CategoryCycleSlot.{0} (Fin q) r)) (Fin s)
                    (@Luce.Section6.CategoryCycleSlot.{0} (Fin q) r)
                    (@Equiv.instEquivLike.{1, 1} (Fin s) (@Luce.Section6.CategoryCycleSlot.{0} (Fin q) r)))
                  e a))).side)
        fun a =>
        (c
            (@Sigma.fst.{0, 0} (Fin q) (fun i => Fin (r i))
              (@DFunLike.coe.{1, 1, 1} (Equiv.{1, 1} (Fin s) (@Luce.Section6.CategoryCycleSlot.{0} (Fin q) r)) (Fin s)
                (fun x => @Luce.Section6.CategoryCycleSlot.{0} (Fin q) r)
                (@EquivLike.toFunLike.{1, 1, 1} (Equiv.{1, 1} (Fin s) (@Luce.Section6.CategoryCycleSlot.{0} (Fin q) r))
                  (Fin s) (@Luce.Section6.CategoryCycleSlot.{0} (Fin q) r)
                  (@Equiv.instEquivLike.{1, 1} (Fin s) (@Luce.Section6.CategoryCycleSlot.{0} (Fin q) r)))
                e a))).lengthIndex)
      (fun x =>
        (v : @Luce.Section6.CategoryCycleVertex.{0} (Fin q) (fun i => (c i).lengthIndex) r) →
          Luce.Section6.CollisionCore n A B
            (c
                (@Sigma.fst.{0, 0} (Fin q) (fun i => Fin (r i))
                  (@Sigma.fst.{0, 0} (@Luce.Section6.CategoryCycleSlot.{0} (Fin q) r)
                    (fun b =>
                      Fin
                        (@HAdd.hAdd.{0, 0, 0} Nat Nat Nat (@instHAdd.{0} Nat instAddNat)
                          ((fun i => (c i).lengthIndex) (@Sigma.fst.{0, 0} (Fin q) (fun i => Fin (r i)) b))
                          (@OfNat.ofNat.{0} Nat (nat_lit 1) (instOfNatNat (nat_lit 1)))))
                    v))).side)
      (@EquivLike.toFunLike.{1, 1, 1}
        (Equiv.{1, 1}
          (@Luce.Section6.CollisionAssignment s n A B
            (fun a =>
              (c
                  (@Sigma.fst.{0, 0} (Fin q) (fun i => Fin (r i))
                    (@DFunLike.coe.{1, 1, 1} (Equiv.{1, 1} (Fin s) (@Luce.Section6.CategoryCycleSlot.{0} (Fin q) r))
                      (Fin s) (fun x => @Luce.Section6.CategoryCycleSlot.{0} (Fin q) r)
                      (@EquivLike.toFunLike.{1, 1, 1}
                        (Equiv.{1, 1} (Fin s) (@Luce.Section6.CategoryCycleSlot.{0} (Fin q) r)) (Fin s)
                        (@Luce.Section6.CategoryCycleSlot.{0} (Fin q) r)
                        (@Equiv.instEquivLike.{1, 1} (Fin s) (@Luce.Section6.CategoryCycleSlot.{0} (Fin q) r)))
                      e a))).side)
            fun a =>
            (c
                (@Sigma.fst.{0, 0} (Fin q) (fun i => Fin (r i))
                  (@DFunLike.coe.{1, 1, 1} (Equiv.{1, 1} (Fin s) (@Luce.Section6.CategoryCycleSlot.{0} (Fin q) r))
                    (Fin s) (fun x => @Luce.Section6.CategoryCycleSlot.{0} (Fin q) r)
                    (@EquivLike.toFunLike.{1, 1, 1}
                      (Equiv.{1, 1} (Fin s) (@Luce.Section6.CategoryCycleSlot.{0} (Fin q) r)) (Fin s)
                      (@Luce.Section6.CategoryCycleSlot.{0} (Fin q) r)
                      (@Equiv.instEquivLike.{1, 1} (Fin s) (@Luce.Section6.CategoryCycleSlot.{0} (Fin q) r)))
                    e a))).lengthIndex)
          ((v : @Luce.Section6.CategoryCycleVertex.{0} (Fin q) (fun i => (c i).lengthIndex) r) →
            Luce.Section6.CollisionCore n A B
              (c
                  (@Sigma.fst.{0, 0} (Fin q) (fun i => Fin (r i))
                    (@Sigma.fst.{0, 0} (@Luce.Section6.CategoryCycleSlot.{0} (Fin q) r)
                      (fun b =>
                        Fin
                          (@HAdd.hAdd.{0, 0, 0} Nat Nat Nat (@instHAdd.{0} Nat instAddNat)
                            ((fun i => (c i).lengthIndex) (@Sigma.fst.{0, 0} (Fin q) (fun i => Fin (r i)) b))
                            (@OfNat.ofNat.{0} Nat (nat_lit 1) (instOfNatNat (nat_lit 1)))))
                      v))).side))
        (@Luce.Section6.CollisionAssignment s n A B
          (fun a =>
            (c
                (@Sigma.fst.{0, 0} (Fin q) (fun i => Fin (r i))
                  (@DFunLike.coe.{1, 1, 1} (Equiv.{1, 1} (Fin s) (@Luce.Section6.CategoryCycleSlot.{0} (Fin q) r))
                    (Fin s) (fun x => @Luce.Section6.CategoryCycleSlot.{0} (Fin q) r)
                    (@EquivLike.toFunLike.{1, 1, 1}
                      (Equiv.{1, 1} (Fin s) (@Luce.Section6.CategoryCycleSlot.{0} (Fin q) r)) (Fin s)
                      (@Luce.Section6.CategoryCycleSlot.{0} (Fin q) r)
                      (@Equiv.instEquivLike.{1, 1} (Fin s) (@Luce.Section6.CategoryCycleSlot.{0} (Fin q) r)))
                    e a))).side)
          fun a =>
          (c
              (@Sigma.fst.{0, 0} (Fin q) (fun i => Fin (r i))
                (@DFunLike.coe.{1, 1, 1} (Equiv.{1, 1} (Fin s) (@Luce.Section6.CategoryCycleSlot.{0} (Fin q) r)) (Fin s)
                  (fun x => @Luce.Section6.CategoryCycleSlot.{0} (Fin q) r)
                  (@EquivLike.toFunLike.{1, 1, 1}
                    (Equiv.{1, 1} (Fin s) (@Luce.Section6.CategoryCycleSlot.{0} (Fin q) r)) (Fin s)
                    (@Luce.Section6.CategoryCycleSlot.{0} (Fin q) r)
                    (@Equiv.instEquivLike.{1, 1} (Fin s) (@Luce.Section6.CategoryCycleSlot.{0} (Fin q) r)))
                  e a))).lengthIndex)
        ((v : @Luce.Section6.CategoryCycleVertex.{0} (Fin q) (fun i => (c i).lengthIndex) r) →
          Luce.Section6.CollisionCore n A B
            (c
                (@Sigma.fst.{0, 0} (Fin q) (fun i => Fin (r i))
                  (@Sigma.fst.{0, 0} (@Luce.Section6.CategoryCycleSlot.{0} (Fin q) r)
                    (fun b =>
                      Fin
                        (@HAdd.hAdd.{0, 0, 0} Nat Nat Nat (@instHAdd.{0} Nat instAddNat)
                          ((fun i => (c i).lengthIndex) (@Sigma.fst.{0, 0} (Fin q) (fun i => Fin (r i)) b))
                          (@OfNat.ofNat.{0} Nat (nat_lit 1) (instOfNatNat (nat_lit 1)))))
                    v))).side)
        (@Equiv.instEquivLike.{1, 1}
          (@Luce.Section6.CollisionAssignment s n A B
            (fun a =>
              (c
                  (@Sigma.fst.{0, 0} (Fin q) (fun i => Fin (r i))
                    (@DFunLike.coe.{1, 1, 1} (Equiv.{1, 1} (Fin s) (@Luce.Section6.CategoryCycleSlot.{0} (Fin q) r))
                      (Fin s) (fun x => @Luce.Section6.CategoryCycleSlot.{0} (Fin q) r)
                      (@EquivLike.toFunLike.{1, 1, 1}
                        (Equiv.{1, 1} (Fin s) (@Luce.Section6.CategoryCycleSlot.{0} (Fin q) r)) (Fin s)
                        (@Luce.Section6.CategoryCycleSlot.{0} (Fin q) r)
                        (@Equiv.instEquivLike.{1, 1} (Fin s) (@Luce.Section6.CategoryCycleSlot.{0} (Fin q) r)))
                      e a))).side)
            fun a =>
            (c
                (@Sigma.fst.{0, 0} (Fin q) (fun i => Fin (r i))
                  (@DFunLike.coe.{1, 1, 1} (Equiv.{1, 1} (Fin s) (@Luce.Section6.CategoryCycleSlot.{0} (Fin q) r))
                    (Fin s) (fun x => @Luce.Section6.CategoryCycleSlot.{0} (Fin q) r)
                    (@EquivLike.toFunLike.{1, 1, 1}
                      (Equiv.{1, 1} (Fin s) (@Luce.Section6.CategoryCycleSlot.{0} (Fin q) r)) (Fin s)
                      (@Luce.Section6.CategoryCycleSlot.{0} (Fin q) r)
                      (@Equiv.instEquivLike.{1, 1} (Fin s) (@Luce.Section6.CategoryCycleSlot.{0} (Fin q) r)))
                    e a))).lengthIndex)
          ((v : @Luce.Section6.CategoryCycleVertex.{0} (Fin q) (fun i => (c i).lengthIndex) r) →
            Luce.Section6.CollisionCore n A B
              (c
                  (@Sigma.fst.{0, 0} (Fin q) (fun i => Fin (r i))
                    (@Sigma.fst.{0, 0} (@Luce.Section6.CategoryCycleSlot.{0} (Fin q) r)
                      (fun b =>
                        Fin
                          (@HAdd.hAdd.{0, 0, 0} Nat Nat Nat (@instHAdd.{0} Nat instAddNat)
                            ((fun i => (c i).lengthIndex) (@Sigma.fst.{0, 0} (Fin q) (fun i => Fin (r i)) b))
                            (@OfNat.ofNat.{0} Nat (nat_lit 1) (instOfNatNat (nat_lit 1)))))
                      v))).side)))
      (@Luce.Section6.categoryCoreFamilyEquiv q s n A B c r e) x
      (@Sigma.mk.{0, 0} (@Luce.Section6.CategoryCycleSlot.{0} (Fin q) r)
        (fun b =>
          Fin
            (@HAdd.hAdd.{0, 0, 0} Nat Nat Nat (@instHAdd.{0} Nat instAddNat)
              ((fun i => (c i).lengthIndex) (@Sigma.fst.{0, 0} (Fin q) (fun i => Fin (r i)) b))
              (@OfNat.ofNat.{0} Nat (nat_lit 1) (instOfNatNat (nat_lit 1)))))
        (@DFunLike.coe.{1, 1, 1} (Equiv.{1, 1} (Fin s) (@Luce.Section6.CategoryCycleSlot.{0} (Fin q) r)) (Fin s)
          (fun x => @Luce.Section6.CategoryCycleSlot.{0} (Fin q) r)
          (@EquivLike.toFunLike.{1, 1, 1} (Equiv.{1, 1} (Fin s) (@Luce.Section6.CategoryCycleSlot.{0} (Fin q) r))
            (Fin s) (@Luce.Section6.CategoryCycleSlot.{0} (Fin q) r)
            (@Equiv.instEquivLike.{1, 1} (Fin s) (@Luce.Section6.CategoryCycleSlot.{0} (Fin q) r)))
          e a)
        j))
    (x a j) :=
⋯
'Luce.Section6.category_core_family_equiv_apply' depends on axioms: [propext, Classical.choice.{u}, Quot.sound.{u}]
@[defeq] theorem Luce.Section6.category_core_vertex_equiv_rotate : ∀ {q s : Nat}
  (c : Fin q → Luce.Section6.CoreCycleCategory) (r : Fin q → Nat)
  (e : Equiv.{1, 1} (Fin s) (@Luce.Section6.CategoryCycleSlot.{0} (Fin q) r))
  (p :
    @Luce.Section6.CollisionSlot s fun a =>
      (c
          (@Sigma.fst.{0, 0} (Fin q) (fun i => Fin (r i))
            (@DFunLike.coe.{1, 1, 1} (Equiv.{1, 1} (Fin s) (@Luce.Section6.CategoryCycleSlot.{0} (Fin q) r)) (Fin s)
              (fun x => @Luce.Section6.CategoryCycleSlot.{0} (Fin q) r)
              (@EquivLike.toFunLike.{1, 1, 1} (Equiv.{1, 1} (Fin s) (@Luce.Section6.CategoryCycleSlot.{0} (Fin q) r))
                (Fin s) (@Luce.Section6.CategoryCycleSlot.{0} (Fin q) r)
                (@Equiv.instEquivLike.{1, 1} (Fin s) (@Luce.Section6.CategoryCycleSlot.{0} (Fin q) r)))
              e a))).lengthIndex),
  @Eq.{1} (@Luce.Section6.CategoryCycleVertex.{0} (Fin q) (fun i => (c i).lengthIndex) r)
    (@DFunLike.coe.{1, 1, 1}
      (Equiv.Perm.{1} (@Luce.Section6.CategoryCycleVertex.{0} (Fin q) (fun i => (c i).lengthIndex) r))
      (@Luce.Section6.CategoryCycleVertex.{0} (Fin q) (fun i => (c i).lengthIndex) r)
      (fun x => @Luce.Section6.CategoryCycleVertex.{0} (Fin q) (fun i => (c i).lengthIndex) r)
      (@EquivLike.toFunLike.{1, 1, 1}
        (Equiv.Perm.{1} (@Luce.Section6.CategoryCycleVertex.{0} (Fin q) (fun i => (c i).lengthIndex) r))
        (@Luce.Section6.CategoryCycleVertex.{0} (Fin q) (fun i => (c i).lengthIndex) r)
        (@Luce.Section6.CategoryCycleVertex.{0} (Fin q) (fun i => (c i).lengthIndex) r)
        (@Equiv.instEquivLike.{1, 1} (@Luce.Section6.CategoryCycleVertex.{0} (Fin q) (fun i => (c i).lengthIndex) r)
          (@Luce.Section6.CategoryCycleVertex.{0} (Fin q) (fun i => (c i).lengthIndex) r)))
      (@Luce.Section6.categoryBlockPermutation.{0} (Fin q) (fun i => (c i).lengthIndex) r)
      (@DFunLike.coe.{1, 1, 1}
        (Equiv.{1, 1}
          (@Luce.Section6.CollisionSlot s fun a =>
            (c
                (@Sigma.fst.{0, 0} (Fin q) (fun i => Fin (r i))
                  (@DFunLike.coe.{1, 1, 1} (Equiv.{1, 1} (Fin s) (@Luce.Section6.CategoryCycleSlot.{0} (Fin q) r))
                    (Fin s) (fun x => @Luce.Section6.CategoryCycleSlot.{0} (Fin q) r)
                    (@EquivLike.toFunLike.{1, 1, 1}
                      (Equiv.{1, 1} (Fin s) (@Luce.Section6.CategoryCycleSlot.{0} (Fin q) r)) (Fin s)
                      (@Luce.Section6.CategoryCycleSlot.{0} (Fin q) r)
                      (@Equiv.instEquivLike.{1, 1} (Fin s) (@Luce.Section6.CategoryCycleSlot.{0} (Fin q) r)))
                    e a))).lengthIndex)
          (@Luce.Section6.CategoryCycleVertex.{0} (Fin q) (fun i => (c i).lengthIndex) r))
        (@Luce.Section6.CollisionSlot s fun a =>
          (c
              (@Sigma.fst.{0, 0} (Fin q) (fun i => Fin (r i))
                (@DFunLike.coe.{1, 1, 1} (Equiv.{1, 1} (Fin s) (@Luce.Section6.CategoryCycleSlot.{0} (Fin q) r)) (Fin s)
                  (fun x => @Luce.Section6.CategoryCycleSlot.{0} (Fin q) r)
                  (@EquivLike.toFunLike.{1, 1, 1}
                    (Equiv.{1, 1} (Fin s) (@Luce.Section6.CategoryCycleSlot.{0} (Fin q) r)) (Fin s)
                    (@Luce.Section6.CategoryCycleSlot.{0} (Fin q) r)
                    (@Equiv.instEquivLike.{1, 1} (Fin s) (@Luce.Section6.CategoryCycleSlot.{0} (Fin q) r)))
                  e a))).lengthIndex)
        (fun x => @Luce.Section6.CategoryCycleVertex.{0} (Fin q) (fun i => (c i).lengthIndex) r)
        (@EquivLike.toFunLike.{1, 1, 1}
          (Equiv.{1, 1}
            (@Luce.Section6.CollisionSlot s fun a =>
              (c
                  (@Sigma.fst.{0, 0} (Fin q) (fun i => Fin (r i))
                    (@DFunLike.coe.{1, 1, 1} (Equiv.{1, 1} (Fin s) (@Luce.Section6.CategoryCycleSlot.{0} (Fin q) r))
                      (Fin s) (fun x => @Luce.Section6.CategoryCycleSlot.{0} (Fin q) r)
                      (@EquivLike.toFunLike.{1, 1, 1}
                        (Equiv.{1, 1} (Fin s) (@Luce.Section6.CategoryCycleSlot.{0} (Fin q) r)) (Fin s)
                        (@Luce.Section6.CategoryCycleSlot.{0} (Fin q) r)
                        (@Equiv.instEquivLike.{1, 1} (Fin s) (@Luce.Section6.CategoryCycleSlot.{0} (Fin q) r)))
                      e a))).lengthIndex)
            (@Luce.Section6.CategoryCycleVertex.{0} (Fin q) (fun i => (c i).lengthIndex) r))
          (@Luce.Section6.CollisionSlot s fun a =>
            (c
                (@Sigma.fst.{0, 0} (Fin q) (fun i => Fin (r i))
                  (@DFunLike.coe.{1, 1, 1} (Equiv.{1, 1} (Fin s) (@Luce.Section6.CategoryCycleSlot.{0} (Fin q) r))
                    (Fin s) (fun x => @Luce.Section6.CategoryCycleSlot.{0} (Fin q) r)
                    (@EquivLike.toFunLike.{1, 1, 1}
                      (Equiv.{1, 1} (Fin s) (@Luce.Section6.CategoryCycleSlot.{0} (Fin q) r)) (Fin s)
                      (@Luce.Section6.CategoryCycleSlot.{0} (Fin q) r)
                      (@Equiv.instEquivLike.{1, 1} (Fin s) (@Luce.Section6.CategoryCycleSlot.{0} (Fin q) r)))
                    e a))).lengthIndex)
          (@Luce.Section6.CategoryCycleVertex.{0} (Fin q) (fun i => (c i).lengthIndex) r)
          (@Equiv.instEquivLike.{1, 1}
            (@Luce.Section6.CollisionSlot s fun a =>
              (c
                  (@Sigma.fst.{0, 0} (Fin q) (fun i => Fin (r i))
                    (@DFunLike.coe.{1, 1, 1} (Equiv.{1, 1} (Fin s) (@Luce.Section6.CategoryCycleSlot.{0} (Fin q) r))
                      (Fin s) (fun x => @Luce.Section6.CategoryCycleSlot.{0} (Fin q) r)
                      (@EquivLike.toFunLike.{1, 1, 1}
                        (Equiv.{1, 1} (Fin s) (@Luce.Section6.CategoryCycleSlot.{0} (Fin q) r)) (Fin s)
                        (@Luce.Section6.CategoryCycleSlot.{0} (Fin q) r)
                        (@Equiv.instEquivLike.{1, 1} (Fin s) (@Luce.Section6.CategoryCycleSlot.{0} (Fin q) r)))
                      e a))).lengthIndex)
            (@Luce.Section6.CategoryCycleVertex.{0} (Fin q) (fun i => (c i).lengthIndex) r)))
        (@Luce.Section6.categoryCoreVertexEquiv q s c r e) p))
    (@DFunLike.coe.{1, 1, 1}
      (Equiv.{1, 1}
        (@Luce.Section6.CollisionSlot s fun a =>
          (c
              (@Sigma.fst.{0, 0} (Fin q) (fun i => Fin (r i))
                (@DFunLike.coe.{1, 1, 1} (Equiv.{1, 1} (Fin s) (@Luce.Section6.CategoryCycleSlot.{0} (Fin q) r)) (Fin s)
                  (fun x => @Luce.Section6.CategoryCycleSlot.{0} (Fin q) r)
                  (@EquivLike.toFunLike.{1, 1, 1}
                    (Equiv.{1, 1} (Fin s) (@Luce.Section6.CategoryCycleSlot.{0} (Fin q) r)) (Fin s)
                    (@Luce.Section6.CategoryCycleSlot.{0} (Fin q) r)
                    (@Equiv.instEquivLike.{1, 1} (Fin s) (@Luce.Section6.CategoryCycleSlot.{0} (Fin q) r)))
                  e a))).lengthIndex)
        (@Luce.Section6.CategoryCycleVertex.{0} (Fin q) (fun i => (c i).lengthIndex) r))
      (@Luce.Section6.CollisionSlot s fun a =>
        (c
            (@Sigma.fst.{0, 0} (Fin q) (fun i => Fin (r i))
              (@DFunLike.coe.{1, 1, 1} (Equiv.{1, 1} (Fin s) (@Luce.Section6.CategoryCycleSlot.{0} (Fin q) r)) (Fin s)
                (fun x => @Luce.Section6.CategoryCycleSlot.{0} (Fin q) r)
                (@EquivLike.toFunLike.{1, 1, 1} (Equiv.{1, 1} (Fin s) (@Luce.Section6.CategoryCycleSlot.{0} (Fin q) r))
                  (Fin s) (@Luce.Section6.CategoryCycleSlot.{0} (Fin q) r)
                  (@Equiv.instEquivLike.{1, 1} (Fin s) (@Luce.Section6.CategoryCycleSlot.{0} (Fin q) r)))
                e a))).lengthIndex)
      (fun x => @Luce.Section6.CategoryCycleVertex.{0} (Fin q) (fun i => (c i).lengthIndex) r)
      (@EquivLike.toFunLike.{1, 1, 1}
        (Equiv.{1, 1}
          (@Luce.Section6.CollisionSlot s fun a =>
            (c
                (@Sigma.fst.{0, 0} (Fin q) (fun i => Fin (r i))
                  (@DFunLike.coe.{1, 1, 1} (Equiv.{1, 1} (Fin s) (@Luce.Section6.CategoryCycleSlot.{0} (Fin q) r))
                    (Fin s) (fun x => @Luce.Section6.CategoryCycleSlot.{0} (Fin q) r)
                    (@EquivLike.toFunLike.{1, 1, 1}
                      (Equiv.{1, 1} (Fin s) (@Luce.Section6.CategoryCycleSlot.{0} (Fin q) r)) (Fin s)
                      (@Luce.Section6.CategoryCycleSlot.{0} (Fin q) r)
                      (@Equiv.instEquivLike.{1, 1} (Fin s) (@Luce.Section6.CategoryCycleSlot.{0} (Fin q) r)))
                    e a))).lengthIndex)
          (@Luce.Section6.CategoryCycleVertex.{0} (Fin q) (fun i => (c i).lengthIndex) r))
        (@Luce.Section6.CollisionSlot s fun a =>
          (c
              (@Sigma.fst.{0, 0} (Fin q) (fun i => Fin (r i))
                (@DFunLike.coe.{1, 1, 1} (Equiv.{1, 1} (Fin s) (@Luce.Section6.CategoryCycleSlot.{0} (Fin q) r)) (Fin s)
                  (fun x => @Luce.Section6.CategoryCycleSlot.{0} (Fin q) r)
                  (@EquivLike.toFunLike.{1, 1, 1}
                    (Equiv.{1, 1} (Fin s) (@Luce.Section6.CategoryCycleSlot.{0} (Fin q) r)) (Fin s)
                    (@Luce.Section6.CategoryCycleSlot.{0} (Fin q) r)
                    (@Equiv.instEquivLike.{1, 1} (Fin s) (@Luce.Section6.CategoryCycleSlot.{0} (Fin q) r)))
                  e a))).lengthIndex)
        (@Luce.Section6.CategoryCycleVertex.{0} (Fin q) (fun i => (c i).lengthIndex) r)
        (@Equiv.instEquivLike.{1, 1}
          (@Luce.Section6.CollisionSlot s fun a =>
            (c
                (@Sigma.fst.{0, 0} (Fin q) (fun i => Fin (r i))
                  (@DFunLike.coe.{1, 1, 1} (Equiv.{1, 1} (Fin s) (@Luce.Section6.CategoryCycleSlot.{0} (Fin q) r))
                    (Fin s) (fun x => @Luce.Section6.CategoryCycleSlot.{0} (Fin q) r)
                    (@EquivLike.toFunLike.{1, 1, 1}
                      (Equiv.{1, 1} (Fin s) (@Luce.Section6.CategoryCycleSlot.{0} (Fin q) r)) (Fin s)
                      (@Luce.Section6.CategoryCycleSlot.{0} (Fin q) r)
                      (@Equiv.instEquivLike.{1, 1} (Fin s) (@Luce.Section6.CategoryCycleSlot.{0} (Fin q) r)))
                    e a))).lengthIndex)
          (@Luce.Section6.CategoryCycleVertex.{0} (Fin q) (fun i => (c i).lengthIndex) r)))
      (@Luce.Section6.categoryCoreVertexEquiv q s c r e)
      (@DFunLike.coe.{1, 1, 1}
        (Equiv.Perm.{1}
          (@Luce.Section6.CollisionSlot s fun a =>
            (c
                (@Sigma.fst.{0, 0} (Fin q) (fun i => Fin (r i))
                  (@DFunLike.coe.{1, 1, 1} (Equiv.{1, 1} (Fin s) (@Luce.Section6.CategoryCycleSlot.{0} (Fin q) r))
                    (Fin s) (fun x => @Luce.Section6.CategoryCycleSlot.{0} (Fin q) r)
                    (@EquivLike.toFunLike.{1, 1, 1}
                      (Equiv.{1, 1} (Fin s) (@Luce.Section6.CategoryCycleSlot.{0} (Fin q) r)) (Fin s)
                      (@Luce.Section6.CategoryCycleSlot.{0} (Fin q) r)
                      (@Equiv.instEquivLike.{1, 1} (Fin s) (@Luce.Section6.CategoryCycleSlot.{0} (Fin q) r)))
                    e a))).lengthIndex))
        (@Luce.Section6.CollisionSlot s fun a =>
          (c
              (@Sigma.fst.{0, 0} (Fin q) (fun i => Fin (r i))
                (@DFunLike.coe.{1, 1, 1} (Equiv.{1, 1} (Fin s) (@Luce.Section6.CategoryCycleSlot.{0} (Fin q) r)) (Fin s)
                  (fun x => @Luce.Section6.CategoryCycleSlot.{0} (Fin q) r)
                  (@EquivLike.toFunLike.{1, 1, 1}
                    (Equiv.{1, 1} (Fin s) (@Luce.Section6.CategoryCycleSlot.{0} (Fin q) r)) (Fin s)
                    (@Luce.Section6.CategoryCycleSlot.{0} (Fin q) r)
                    (@Equiv.instEquivLike.{1, 1} (Fin s) (@Luce.Section6.CategoryCycleSlot.{0} (Fin q) r)))
                  e a))).lengthIndex)
        (fun x =>
          @Luce.Section6.CollisionSlot s fun a =>
            (c
                (@Sigma.fst.{0, 0} (Fin q) (fun i => Fin (r i))
                  (@DFunLike.coe.{1, 1, 1} (Equiv.{1, 1} (Fin s) (@Luce.Section6.CategoryCycleSlot.{0} (Fin q) r))
                    (Fin s) (fun x => @Luce.Section6.CategoryCycleSlot.{0} (Fin q) r)
                    (@EquivLike.toFunLike.{1, 1, 1}
                      (Equiv.{1, 1} (Fin s) (@Luce.Section6.CategoryCycleSlot.{0} (Fin q) r)) (Fin s)
                      (@Luce.Section6.CategoryCycleSlot.{0} (Fin q) r)
                      (@Equiv.instEquivLike.{1, 1} (Fin s) (@Luce.Section6.CategoryCycleSlot.{0} (Fin q) r)))
                    e a))).lengthIndex)
        (@EquivLike.toFunLike.{1, 1, 1}
          (Equiv.Perm.{1}
            (@Luce.Section6.CollisionSlot s fun a =>
              (c
                  (@Sigma.fst.{0, 0} (Fin q) (fun i => Fin (r i))
                    (@DFunLike.coe.{1, 1, 1} (Equiv.{1, 1} (Fin s) (@Luce.Section6.CategoryCycleSlot.{0} (Fin q) r))
                      (Fin s) (fun x => @Luce.Section6.CategoryCycleSlot.{0} (Fin q) r)
                      (@EquivLike.toFunLike.{1, 1, 1}
                        (Equiv.{1, 1} (Fin s) (@Luce.Section6.CategoryCycleSlot.{0} (Fin q) r)) (Fin s)
                        (@Luce.Section6.CategoryCycleSlot.{0} (Fin q) r)
                        (@Equiv.instEquivLike.{1, 1} (Fin s) (@Luce.Section6.CategoryCycleSlot.{0} (Fin q) r)))
                      e a))).lengthIndex))
          (@Luce.Section6.CollisionSlot s fun a =>
            (c
                (@Sigma.fst.{0, 0} (Fin q) (fun i => Fin (r i))
                  (@DFunLike.coe.{1, 1, 1} (Equiv.{1, 1} (Fin s) (@Luce.Section6.CategoryCycleSlot.{0} (Fin q) r))
                    (Fin s) (fun x => @Luce.Section6.CategoryCycleSlot.{0} (Fin q) r)
                    (@EquivLike.toFunLike.{1, 1, 1}
                      (Equiv.{1, 1} (Fin s) (@Luce.Section6.CategoryCycleSlot.{0} (Fin q) r)) (Fin s)
                      (@Luce.Section6.CategoryCycleSlot.{0} (Fin q) r)
                      (@Equiv.instEquivLike.{1, 1} (Fin s) (@Luce.Section6.CategoryCycleSlot.{0} (Fin q) r)))
                    e a))).lengthIndex)
          (@Luce.Section6.CollisionSlot s fun a =>
            (c
                (@Sigma.fst.{0, 0} (Fin q) (fun i => Fin (r i))
                  (@DFunLike.coe.{1, 1, 1} (Equiv.{1, 1} (Fin s) (@Luce.Section6.CategoryCycleSlot.{0} (Fin q) r))
                    (Fin s) (fun x => @Luce.Section6.CategoryCycleSlot.{0} (Fin q) r)
                    (@EquivLike.toFunLike.{1, 1, 1}
                      (Equiv.{1, 1} (Fin s) (@Luce.Section6.CategoryCycleSlot.{0} (Fin q) r)) (Fin s)
                      (@Luce.Section6.CategoryCycleSlot.{0} (Fin q) r)
                      (@Equiv.instEquivLike.{1, 1} (Fin s) (@Luce.Section6.CategoryCycleSlot.{0} (Fin q) r)))
                    e a))).lengthIndex)
          (@Equiv.instEquivLike.{1, 1}
            (@Luce.Section6.CollisionSlot s fun a =>
              (c
                  (@Sigma.fst.{0, 0} (Fin q) (fun i => Fin (r i))
                    (@DFunLike.coe.{1, 1, 1} (Equiv.{1, 1} (Fin s) (@Luce.Section6.CategoryCycleSlot.{0} (Fin q) r))
                      (Fin s) (fun x => @Luce.Section6.CategoryCycleSlot.{0} (Fin q) r)
                      (@EquivLike.toFunLike.{1, 1, 1}
                        (Equiv.{1, 1} (Fin s) (@Luce.Section6.CategoryCycleSlot.{0} (Fin q) r)) (Fin s)
                        (@Luce.Section6.CategoryCycleSlot.{0} (Fin q) r)
                        (@Equiv.instEquivLike.{1, 1} (Fin s) (@Luce.Section6.CategoryCycleSlot.{0} (Fin q) r)))
                      e a))).lengthIndex)
            (@Luce.Section6.CollisionSlot s fun a =>
              (c
                  (@Sigma.fst.{0, 0} (Fin q) (fun i => Fin (r i))
                    (@DFunLike.coe.{1, 1, 1} (Equiv.{1, 1} (Fin s) (@Luce.Section6.CategoryCycleSlot.{0} (Fin q) r))
                      (Fin s) (fun x => @Luce.Section6.CategoryCycleSlot.{0} (Fin q) r)
                      (@EquivLike.toFunLike.{1, 1, 1}
                        (Equiv.{1, 1} (Fin s) (@Luce.Section6.CategoryCycleSlot.{0} (Fin q) r)) (Fin s)
                        (@Luce.Section6.CategoryCycleSlot.{0} (Fin q) r)
                        (@Equiv.instEquivLike.{1, 1} (Fin s) (@Luce.Section6.CategoryCycleSlot.{0} (Fin q) r)))
                      e a))).lengthIndex)))
        (@Luce.Section6.collisionBlockPermutation s fun a =>
          (c
              (@Sigma.fst.{0, 0} (Fin q) (fun i => Fin (r i))
                (@DFunLike.coe.{1, 1, 1} (Equiv.{1, 1} (Fin s) (@Luce.Section6.CategoryCycleSlot.{0} (Fin q) r)) (Fin s)
                  (fun x => @Luce.Section6.CategoryCycleSlot.{0} (Fin q) r)
                  (@EquivLike.toFunLike.{1, 1, 1}
                    (Equiv.{1, 1} (Fin s) (@Luce.Section6.CategoryCycleSlot.{0} (Fin q) r)) (Fin s)
                    (@Luce.Section6.CategoryCycleSlot.{0} (Fin q) r)
                    (@Equiv.instEquivLike.{1, 1} (Fin s) (@Luce.Section6.CategoryCycleSlot.{0} (Fin q) r)))
                  e a))).lengthIndex)
        p)) :=
⋯
'Luce.Section6.category_core_vertex_equiv_rotate' depends on axioms: [propext, Classical.choice.{u}, Quot.sound.{u}]
theorem Luce.Section6.category_core_enumeration_injective : ∀ {q s n A B : Nat}
  (c : Fin q → Luce.Section6.CoreCycleCategory) (r : Fin q → Nat)
  (e : Equiv.{1, 1} (Fin s) (@Luce.Section6.CategoryCycleSlot.{0} (Fin q) r))
  (x :
    @Luce.Section6.CollisionAssignment s n A B
      (fun a =>
        (c
            (@Sigma.fst.{0, 0} (Fin q) (fun i => Fin (r i))
              (@DFunLike.coe.{1, 1, 1} (Equiv.{1, 1} (Fin s) (@Luce.Section6.CategoryCycleSlot.{0} (Fin q) r)) (Fin s)
                (fun x => @Luce.Section6.CategoryCycleSlot.{0} (Fin q) r)
                (@EquivLike.toFunLike.{1, 1, 1} (Equiv.{1, 1} (Fin s) (@Luce.Section6.CategoryCycleSlot.{0} (Fin q) r))
                  (Fin s) (@Luce.Section6.CategoryCycleSlot.{0} (Fin q) r)
                  (@Equiv.instEquivLike.{1, 1} (Fin s) (@Luce.Section6.CategoryCycleSlot.{0} (Fin q) r)))
                e a))).side)
      fun a =>
      (c
          (@Sigma.fst.{0, 0} (Fin q) (fun i => Fin (r i))
            (@DFunLike.coe.{1, 1, 1} (Equiv.{1, 1} (Fin s) (@Luce.Section6.CategoryCycleSlot.{0} (Fin q) r)) (Fin s)
              (fun x => @Luce.Section6.CategoryCycleSlot.{0} (Fin q) r)
              (@EquivLike.toFunLike.{1, 1, 1} (Equiv.{1, 1} (Fin s) (@Luce.Section6.CategoryCycleSlot.{0} (Fin q) r))
                (Fin s) (@Luce.Section6.CategoryCycleSlot.{0} (Fin q) r)
                (@Equiv.instEquivLike.{1, 1} (Fin s) (@Luce.Section6.CategoryCycleSlot.{0} (Fin q) r)))
              e a))).lengthIndex),
  Iff
    (@Function.Injective.{1, 1} (@Luce.Section6.CategoryCycleVertex.{0} (Fin q) (fun i => (c i).lengthIndex) r) (Fin n)
      fun v =>
      @Subtype.val.{1} (Fin n)
        (fun v_1 =>
          And
            (@LE.le.{0} Nat instLENat A
              (@Luce.Section6.cornerDistance
                (c
                    (@Sigma.fst.{0, 0} (Fin q) (fun i => Fin (r i))
                      (@Sigma.fst.{0, 0} (@Luce.Section6.CategoryCycleSlot.{0} (Fin q) r)
                        (fun b =>
                          Fin
                            (@HAdd.hAdd.{0, 0, 0} Nat Nat Nat (@instHAdd.{0} Nat instAddNat)
                              ((fun i => (c i).lengthIndex) (@Sigma.fst.{0, 0} (Fin q) (fun i => Fin (r i)) b))
                              (@OfNat.ofNat.{0} Nat (nat_lit 1) (instOfNatNat (nat_lit 1)))))
                        v))).side
                n v_1))
            (@LE.le.{0} Nat instLENat
              (@Luce.Section6.cornerDistance
                (c
                    (@Sigma.fst.{0, 0} (Fin q) (fun i => Fin (r i))
                      (@Sigma.fst.{0, 0} (@Luce.Section6.CategoryCycleSlot.{0} (Fin q) r)
                        (fun b =>
                          Fin
                            (@HAdd.hAdd.{0, 0, 0} Nat Nat Nat (@instHAdd.{0} Nat instAddNat)
                              ((fun i => (c i).lengthIndex) (@Sigma.fst.{0, 0} (Fin q) (fun i => Fin (r i)) b))
                              (@OfNat.ofNat.{0} Nat (nat_lit 1) (instOfNatNat (nat_lit 1)))))
                        v))).side
                n v_1)
              B))
        (@DFunLike.coe.{1, 1, 1}
          (Equiv.{1, 1}
            (@Luce.Section6.CollisionAssignment s n A B
              (fun a =>
                (c
                    (@Sigma.fst.{0, 0} (Fin q) (fun i => Fin (r i))
                      (@DFunLike.coe.{1, 1, 1} (Equiv.{1, 1} (Fin s) (@Luce.Section6.CategoryCycleSlot.{0} (Fin q) r))
                        (Fin s) (fun x => @Luce.Section6.CategoryCycleSlot.{0} (Fin q) r)
                        (@EquivLike.toFunLike.{1, 1, 1}
                          (Equiv.{1, 1} (Fin s) (@Luce.Section6.CategoryCycleSlot.{0} (Fin q) r)) (Fin s)
                          (@Luce.Section6.CategoryCycleSlot.{0} (Fin q) r)
                          (@Equiv.instEquivLike.{1, 1} (Fin s) (@Luce.Section6.CategoryCycleSlot.{0} (Fin q) r)))
                        e a))).side)
              fun a =>
              (c
                  (@Sigma.fst.{0, 0} (Fin q) (fun i => Fin (r i))
                    (@DFunLike.coe.{1, 1, 1} (Equiv.{1, 1} (Fin s) (@Luce.Section6.CategoryCycleSlot.{0} (Fin q) r))
                      (Fin s) (fun x => @Luce.Section6.CategoryCycleSlot.{0} (Fin q) r)
                      (@EquivLike.toFunLike.{1, 1, 1}
                        (Equiv.{1, 1} (Fin s) (@Luce.Section6.CategoryCycleSlot.{0} (Fin q) r)) (Fin s)
                        (@Luce.Section6.CategoryCycleSlot.{0} (Fin q) r)
                        (@Equiv.instEquivLike.{1, 1} (Fin s) (@Luce.Section6.CategoryCycleSlot.{0} (Fin q) r)))
                      e a))).lengthIndex)
            ((v : @Luce.Section6.CategoryCycleVertex.{0} (Fin q) (fun i => (c i).lengthIndex) r) →
              Luce.Section6.CollisionCore n A B
                (c
                    (@Sigma.fst.{0, 0} (Fin q) (fun i => Fin (r i))
                      (@Sigma.fst.{0, 0} (@Luce.Section6.CategoryCycleSlot.{0} (Fin q) r)
                        (fun b =>
                          Fin
                            (@HAdd.hAdd.{0, 0, 0} Nat Nat Nat (@instHAdd.{0} Nat instAddNat)
                              ((fun i => (c i).lengthIndex) (@Sigma.fst.{0, 0} (Fin q) (fun i => Fin (r i)) b))
                              (@OfNat.ofNat.{0} Nat (nat_lit 1) (instOfNatNat (nat_lit 1)))))
                        v))).side))
          (@Luce.Section6.CollisionAssignment s n A B
            (fun a =>
              (c
                  (@Sigma.fst.{0, 0} (Fin q) (fun i => Fin (r i))
                    (@DFunLike.coe.{1, 1, 1} (Equiv.{1, 1} (Fin s) (@Luce.Section6.CategoryCycleSlot.{0} (Fin q) r))
                      (Fin s) (fun x => @Luce.Section6.CategoryCycleSlot.{0} (Fin q) r)
                      (@EquivLike.toFunLike.{1, 1, 1}
                        (Equiv.{1, 1} (Fin s) (@Luce.Section6.CategoryCycleSlot.{0} (Fin q) r)) (Fin s)
                        (@Luce.Section6.CategoryCycleSlot.{0} (Fin q) r)
                        (@Equiv.instEquivLike.{1, 1} (Fin s) (@Luce.Section6.CategoryCycleSlot.{0} (Fin q) r)))
                      e a))).side)
            fun a =>
            (c
                (@Sigma.fst.{0, 0} (Fin q) (fun i => Fin (r i))
                  (@DFunLike.coe.{1, 1, 1} (Equiv.{1, 1} (Fin s) (@Luce.Section6.CategoryCycleSlot.{0} (Fin q) r))
                    (Fin s) (fun x => @Luce.Section6.CategoryCycleSlot.{0} (Fin q) r)
                    (@EquivLike.toFunLike.{1, 1, 1}
                      (Equiv.{1, 1} (Fin s) (@Luce.Section6.CategoryCycleSlot.{0} (Fin q) r)) (Fin s)
                      (@Luce.Section6.CategoryCycleSlot.{0} (Fin q) r)
                      (@Equiv.instEquivLike.{1, 1} (Fin s) (@Luce.Section6.CategoryCycleSlot.{0} (Fin q) r)))
                    e a))).lengthIndex)
          (fun x =>
            (v : @Luce.Section6.CategoryCycleVertex.{0} (Fin q) (fun i => (c i).lengthIndex) r) →
              Luce.Section6.CollisionCore n A B
                (c
                    (@Sigma.fst.{0, 0} (Fin q) (fun i => Fin (r i))
                      (@Sigma.fst.{0, 0} (@Luce.Section6.CategoryCycleSlot.{0} (Fin q) r)
                        (fun b =>
                          Fin
                            (@HAdd.hAdd.{0, 0, 0} Nat Nat Nat (@instHAdd.{0} Nat instAddNat)
                              ((fun i => (c i).lengthIndex) (@Sigma.fst.{0, 0} (Fin q) (fun i => Fin (r i)) b))
                              (@OfNat.ofNat.{0} Nat (nat_lit 1) (instOfNatNat (nat_lit 1)))))
                        v))).side)
          (@EquivLike.toFunLike.{1, 1, 1}
            (Equiv.{1, 1}
              (@Luce.Section6.CollisionAssignment s n A B
                (fun a =>
                  (c
                      (@Sigma.fst.{0, 0} (Fin q) (fun i => Fin (r i))
                        (@DFunLike.coe.{1, 1, 1} (Equiv.{1, 1} (Fin s) (@Luce.Section6.CategoryCycleSlot.{0} (Fin q) r))
                          (Fin s) (fun x => @Luce.Section6.CategoryCycleSlot.{0} (Fin q) r)
                          (@EquivLike.toFunLike.{1, 1, 1}
                            (Equiv.{1, 1} (Fin s) (@Luce.Section6.CategoryCycleSlot.{0} (Fin q) r)) (Fin s)
                            (@Luce.Section6.CategoryCycleSlot.{0} (Fin q) r)
                            (@Equiv.instEquivLike.{1, 1} (Fin s) (@Luce.Section6.CategoryCycleSlot.{0} (Fin q) r)))
                          e a))).side)
                fun a =>
                (c
                    (@Sigma.fst.{0, 0} (Fin q) (fun i => Fin (r i))
                      (@DFunLike.coe.{1, 1, 1} (Equiv.{1, 1} (Fin s) (@Luce.Section6.CategoryCycleSlot.{0} (Fin q) r))
                        (Fin s) (fun x => @Luce.Section6.CategoryCycleSlot.{0} (Fin q) r)
                        (@EquivLike.toFunLike.{1, 1, 1}
                          (Equiv.{1, 1} (Fin s) (@Luce.Section6.CategoryCycleSlot.{0} (Fin q) r)) (Fin s)
                          (@Luce.Section6.CategoryCycleSlot.{0} (Fin q) r)
                          (@Equiv.instEquivLike.{1, 1} (Fin s) (@Luce.Section6.CategoryCycleSlot.{0} (Fin q) r)))
                        e a))).lengthIndex)
              ((v : @Luce.Section6.CategoryCycleVertex.{0} (Fin q) (fun i => (c i).lengthIndex) r) →
                Luce.Section6.CollisionCore n A B
                  (c
                      (@Sigma.fst.{0, 0} (Fin q) (fun i => Fin (r i))
                        (@Sigma.fst.{0, 0} (@Luce.Section6.CategoryCycleSlot.{0} (Fin q) r)
                          (fun b =>
                            Fin
                              (@HAdd.hAdd.{0, 0, 0} Nat Nat Nat (@instHAdd.{0} Nat instAddNat)
                                ((fun i => (c i).lengthIndex) (@Sigma.fst.{0, 0} (Fin q) (fun i => Fin (r i)) b))
                                (@OfNat.ofNat.{0} Nat (nat_lit 1) (instOfNatNat (nat_lit 1)))))
                          v))).side))
            (@Luce.Section6.CollisionAssignment s n A B
              (fun a =>
                (c
                    (@Sigma.fst.{0, 0} (Fin q) (fun i => Fin (r i))
                      (@DFunLike.coe.{1, 1, 1} (Equiv.{1, 1} (Fin s) (@Luce.Section6.CategoryCycleSlot.{0} (Fin q) r))
                        (Fin s) (fun x => @Luce.Section6.CategoryCycleSlot.{0} (Fin q) r)
                        (@EquivLike.toFunLike.{1, 1, 1}
                          (Equiv.{1, 1} (Fin s) (@Luce.Section6.CategoryCycleSlot.{0} (Fin q) r)) (Fin s)
                          (@Luce.Section6.CategoryCycleSlot.{0} (Fin q) r)
                          (@Equiv.instEquivLike.{1, 1} (Fin s) (@Luce.Section6.CategoryCycleSlot.{0} (Fin q) r)))
                        e a))).side)
              fun a =>
              (c
                  (@Sigma.fst.{0, 0} (Fin q) (fun i => Fin (r i))
                    (@DFunLike.coe.{1, 1, 1} (Equiv.{1, 1} (Fin s) (@Luce.Section6.CategoryCycleSlot.{0} (Fin q) r))
                      (Fin s) (fun x => @Luce.Section6.CategoryCycleSlot.{0} (Fin q) r)
                      (@EquivLike.toFunLike.{1, 1, 1}
                        (Equiv.{1, 1} (Fin s) (@Luce.Section6.CategoryCycleSlot.{0} (Fin q) r)) (Fin s)
                        (@Luce.Section6.CategoryCycleSlot.{0} (Fin q) r)
                        (@Equiv.instEquivLike.{1, 1} (Fin s) (@Luce.Section6.CategoryCycleSlot.{0} (Fin q) r)))
                      e a))).lengthIndex)
            ((v : @Luce.Section6.CategoryCycleVertex.{0} (Fin q) (fun i => (c i).lengthIndex) r) →
              Luce.Section6.CollisionCore n A B
                (c
                    (@Sigma.fst.{0, 0} (Fin q) (fun i => Fin (r i))
                      (@Sigma.fst.{0, 0} (@Luce.Section6.CategoryCycleSlot.{0} (Fin q) r)
                        (fun b =>
                          Fin
                            (@HAdd.hAdd.{0, 0, 0} Nat Nat Nat (@instHAdd.{0} Nat instAddNat)
                              ((fun i => (c i).lengthIndex) (@Sigma.fst.{0, 0} (Fin q) (fun i => Fin (r i)) b))
                              (@OfNat.ofNat.{0} Nat (nat_lit 1) (instOfNatNat (nat_lit 1)))))
                        v))).side)
            (@Equiv.instEquivLike.{1, 1}
              (@Luce.Section6.CollisionAssignment s n A B
                (fun a =>
                  (c
                      (@Sigma.fst.{0, 0} (Fin q) (fun i => Fin (r i))
                        (@DFunLike.coe.{1, 1, 1} (Equiv.{1, 1} (Fin s) (@Luce.Section6.CategoryCycleSlot.{0} (Fin q) r))
                          (Fin s) (fun x => @Luce.Section6.CategoryCycleSlot.{0} (Fin q) r)
                          (@EquivLike.toFunLike.{1, 1, 1}
                            (Equiv.{1, 1} (Fin s) (@Luce.Section6.CategoryCycleSlot.{0} (Fin q) r)) (Fin s)
                            (@Luce.Section6.CategoryCycleSlot.{0} (Fin q) r)
                            (@Equiv.instEquivLike.{1, 1} (Fin s) (@Luce.Section6.CategoryCycleSlot.{0} (Fin q) r)))
                          e a))).side)
                fun a =>
                (c
                    (@Sigma.fst.{0, 0} (Fin q) (fun i => Fin (r i))
                      (@DFunLike.coe.{1, 1, 1} (Equiv.{1, 1} (Fin s) (@Luce.Section6.CategoryCycleSlot.{0} (Fin q) r))
                        (Fin s) (fun x => @Luce.Section6.CategoryCycleSlot.{0} (Fin q) r)
                        (@EquivLike.toFunLike.{1, 1, 1}
                          (Equiv.{1, 1} (Fin s) (@Luce.Section6.CategoryCycleSlot.{0} (Fin q) r)) (Fin s)
                          (@Luce.Section6.CategoryCycleSlot.{0} (Fin q) r)
                          (@Equiv.instEquivLike.{1, 1} (Fin s) (@Luce.Section6.CategoryCycleSlot.{0} (Fin q) r)))
                        e a))).lengthIndex)
              ((v : @Luce.Section6.CategoryCycleVertex.{0} (Fin q) (fun i => (c i).lengthIndex) r) →
                Luce.Section6.CollisionCore n A B
                  (c
                      (@Sigma.fst.{0, 0} (Fin q) (fun i => Fin (r i))
                        (@Sigma.fst.{0, 0} (@Luce.Section6.CategoryCycleSlot.{0} (Fin q) r)
                          (fun b =>
                            Fin
                              (@HAdd.hAdd.{0, 0, 0} Nat Nat Nat (@instHAdd.{0} Nat instAddNat)
                                ((fun i => (c i).lengthIndex) (@Sigma.fst.{0, 0} (Fin q) (fun i => Fin (r i)) b))
                                (@OfNat.ofNat.{0} Nat (nat_lit 1) (instOfNatNat (nat_lit 1)))))
                          v))).side)))
          (@Luce.Section6.categoryCoreFamilyEquiv q s n A B c r e) x v))
    (@Function.Injective.{1, 1}
      (@Luce.Section6.CollisionSlot s fun a =>
        (c
            (@Sigma.fst.{0, 0} (Fin q) (fun i => Fin (r i))
              (@DFunLike.coe.{1, 1, 1} (Equiv.{1, 1} (Fin s) (@Luce.Section6.CategoryCycleSlot.{0} (Fin q) r)) (Fin s)
                (fun x => @Luce.Section6.CategoryCycleSlot.{0} (Fin q) r)
                (@EquivLike.toFunLike.{1, 1, 1} (Equiv.{1, 1} (Fin s) (@Luce.Section6.CategoryCycleSlot.{0} (Fin q) r))
                  (Fin s) (@Luce.Section6.CategoryCycleSlot.{0} (Fin q) r)
                  (@Equiv.instEquivLike.{1, 1} (Fin s) (@Luce.Section6.CategoryCycleSlot.{0} (Fin q) r)))
                e a))).lengthIndex)
      (Fin n)
      (@Luce.Section6.collisionLabel s n A B
        (fun a =>
          (c
              (@Sigma.fst.{0, 0} (Fin q) (fun i => Fin (r i))
                (@DFunLike.coe.{1, 1, 1} (Equiv.{1, 1} (Fin s) (@Luce.Section6.CategoryCycleSlot.{0} (Fin q) r)) (Fin s)
                  (fun x => @Luce.Section6.CategoryCycleSlot.{0} (Fin q) r)
                  (@EquivLike.toFunLike.{1, 1, 1}
                    (Equiv.{1, 1} (Fin s) (@Luce.Section6.CategoryCycleSlot.{0} (Fin q) r)) (Fin s)
                    (@Luce.Section6.CategoryCycleSlot.{0} (Fin q) r)
                    (@Equiv.instEquivLike.{1, 1} (Fin s) (@Luce.Section6.CategoryCycleSlot.{0} (Fin q) r)))
                  e a))).side)
        (fun a =>
          (c
              (@Sigma.fst.{0, 0} (Fin q) (fun i => Fin (r i))
                (@DFunLike.coe.{1, 1, 1} (Equiv.{1, 1} (Fin s) (@Luce.Section6.CategoryCycleSlot.{0} (Fin q) r)) (Fin s)
                  (fun x => @Luce.Section6.CategoryCycleSlot.{0} (Fin q) r)
                  (@EquivLike.toFunLike.{1, 1, 1}
                    (Equiv.{1, 1} (Fin s) (@Luce.Section6.CategoryCycleSlot.{0} (Fin q) r)) (Fin s)
                    (@Luce.Section6.CategoryCycleSlot.{0} (Fin q) r)
                    (@Equiv.instEquivLike.{1, 1} (Fin s) (@Luce.Section6.CategoryCycleSlot.{0} (Fin q) r)))
                  e a))).lengthIndex)
        x)) :=
⋯
'Luce.Section6.category_core_enumeration_injective' depends on axioms: [propext, Classical.choice.{u}, Quot.sound.{u}]
theorem Luce.Section6.category_core_enumeration_restrictions : ∀ {q s n A B : Nat}
  (c : Fin q → Luce.Section6.CoreCycleCategory) (r : Fin q → Nat)
  (e : Equiv.{1, 1} (Fin s) (@Luce.Section6.CategoryCycleSlot.{0} (Fin q) r))
  (x :
    @Luce.Section6.CollisionAssignment s n A B
      (fun a =>
        (c
            (@Sigma.fst.{0, 0} (Fin q) (fun i => Fin (r i))
              (@DFunLike.coe.{1, 1, 1} (Equiv.{1, 1} (Fin s) (@Luce.Section6.CategoryCycleSlot.{0} (Fin q) r)) (Fin s)
                (fun x => @Luce.Section6.CategoryCycleSlot.{0} (Fin q) r)
                (@EquivLike.toFunLike.{1, 1, 1} (Equiv.{1, 1} (Fin s) (@Luce.Section6.CategoryCycleSlot.{0} (Fin q) r))
                  (Fin s) (@Luce.Section6.CategoryCycleSlot.{0} (Fin q) r)
                  (@Equiv.instEquivLike.{1, 1} (Fin s) (@Luce.Section6.CategoryCycleSlot.{0} (Fin q) r)))
                e a))).side)
      fun a =>
      (c
          (@Sigma.fst.{0, 0} (Fin q) (fun i => Fin (r i))
            (@DFunLike.coe.{1, 1, 1} (Equiv.{1, 1} (Fin s) (@Luce.Section6.CategoryCycleSlot.{0} (Fin q) r)) (Fin s)
              (fun x => @Luce.Section6.CategoryCycleSlot.{0} (Fin q) r)
              (@EquivLike.toFunLike.{1, 1, 1} (Equiv.{1, 1} (Fin s) (@Luce.Section6.CategoryCycleSlot.{0} (Fin q) r))
                (Fin s) (@Luce.Section6.CategoryCycleSlot.{0} (Fin q) r)
                (@Equiv.instEquivLike.{1, 1} (Fin s) (@Luce.Section6.CategoryCycleSlot.{0} (Fin q) r)))
              e a))).lengthIndex),
  Iff
    (∀ (b : @Luce.Section6.CategoryCycleSlot.{0} (Fin q) r),
      @Luce.Section6.CategoryAdmissible n A B (c (@Sigma.fst.{0, 0} (Fin q) (fun i => Fin (r i)) b))
        (@Luce.Section6.categoryBlockVertexSet.{0, 0} (Fin n) (Fin q) (instDecidableEqFin n)
          (fun i => (c i).lengthIndex) r
          (fun v =>
            @Subtype.val.{1} (Fin n)
              (fun v_1 =>
                And
                  (@LE.le.{0} Nat instLENat A
                    (@Luce.Section6.cornerDistance
                      (c
                          (@Sigma.fst.{0, 0} (Fin q) (fun i => Fin (r i))
                            (@Sigma.fst.{0, 0} (@Luce.Section6.CategoryCycleSlot.{0} (Fin q) r)
                              (fun b =>
                                Fin
                                  (@HAdd.hAdd.{0, 0, 0} Nat Nat Nat (@instHAdd.{0} Nat instAddNat)
                                    ((fun i => (c i).lengthIndex) (@Sigma.fst.{0, 0} (Fin q) (fun i => Fin (r i)) b))
                                    (@OfNat.ofNat.{0} Nat (nat_lit 1) (instOfNatNat (nat_lit 1)))))
                              v))).side
                      n v_1))
                  (@LE.le.{0} Nat instLENat
                    (@Luce.Section6.cornerDistance
                      (c
                          (@Sigma.fst.{0, 0} (Fin q) (fun i => Fin (r i))
                            (@Sigma.fst.{0, 0} (@Luce.Section6.CategoryCycleSlot.{0} (Fin q) r)
                              (fun b =>
                                Fin
                                  (@HAdd.hAdd.{0, 0, 0} Nat Nat Nat (@instHAdd.{0} Nat instAddNat)
                                    ((fun i => (c i).lengthIndex) (@Sigma.fst.{0, 0} (Fin q) (fun i => Fin (r i)) b))
                                    (@OfNat.ofNat.{0} Nat (nat_lit 1) (instOfNatNat (nat_lit 1)))))
                              v))).side
                      n v_1)
                    B))
              (@DFunLike.coe.{1, 1, 1}
                (Equiv.{1, 1}
                  (@Luce.Section6.CollisionAssignment s n A B
                    (fun a =>
                      (c
                          (@Sigma.fst.{0, 0} (Fin q) (fun i => Fin (r i))
                            (@DFunLike.coe.{1, 1, 1}
                              (Equiv.{1, 1} (Fin s) (@Luce.Section6.CategoryCycleSlot.{0} (Fin q) r)) (Fin s)
                              (fun x => @Luce.Section6.CategoryCycleSlot.{0} (Fin q) r)
                              (@EquivLike.toFunLike.{1, 1, 1}
                                (Equiv.{1, 1} (Fin s) (@Luce.Section6.CategoryCycleSlot.{0} (Fin q) r)) (Fin s)
                                (@Luce.Section6.CategoryCycleSlot.{0} (Fin q) r)
                                (@Equiv.instEquivLike.{1, 1} (Fin s) (@Luce.Section6.CategoryCycleSlot.{0} (Fin q) r)))
                              e a))).side)
                    fun a =>
                    (c
                        (@Sigma.fst.{0, 0} (Fin q) (fun i => Fin (r i))
                          (@DFunLike.coe.{1, 1, 1}
                            (Equiv.{1, 1} (Fin s) (@Luce.Section6.CategoryCycleSlot.{0} (Fin q) r)) (Fin s)
                            (fun x => @Luce.Section6.CategoryCycleSlot.{0} (Fin q) r)
                            (@EquivLike.toFunLike.{1, 1, 1}
                              (Equiv.{1, 1} (Fin s) (@Luce.Section6.CategoryCycleSlot.{0} (Fin q) r)) (Fin s)
                              (@Luce.Section6.CategoryCycleSlot.{0} (Fin q) r)
                              (@Equiv.instEquivLike.{1, 1} (Fin s) (@Luce.Section6.CategoryCycleSlot.{0} (Fin q) r)))
                            e a))).lengthIndex)
                  ((v : @Luce.Section6.CategoryCycleVertex.{0} (Fin q) (fun i => (c i).lengthIndex) r) →
                    Luce.Section6.CollisionCore n A B
                      (c
                          (@Sigma.fst.{0, 0} (Fin q) (fun i => Fin (r i))
                            (@Sigma.fst.{0, 0} (@Luce.Section6.CategoryCycleSlot.{0} (Fin q) r)
                              (fun b =>
                                Fin
                                  (@HAdd.hAdd.{0, 0, 0} Nat Nat Nat (@instHAdd.{0} Nat instAddNat)
                                    ((fun i => (c i).lengthIndex) (@Sigma.fst.{0, 0} (Fin q) (fun i => Fin (r i)) b))
                                    (@OfNat.ofNat.{0} Nat (nat_lit 1) (instOfNatNat (nat_lit 1)))))
                              v))).side))
                (@Luce.Section6.CollisionAssignment s n A B
                  (fun a =>
                    (c
                        (@Sigma.fst.{0, 0} (Fin q) (fun i => Fin (r i))
                          (@DFunLike.coe.{1, 1, 1}
                            (Equiv.{1, 1} (Fin s) (@Luce.Section6.CategoryCycleSlot.{0} (Fin q) r)) (Fin s)
                            (fun x => @Luce.Section6.CategoryCycleSlot.{0} (Fin q) r)
                            (@EquivLike.toFunLike.{1, 1, 1}
                              (Equiv.{1, 1} (Fin s) (@Luce.Section6.CategoryCycleSlot.{0} (Fin q) r)) (Fin s)
                              (@Luce.Section6.CategoryCycleSlot.{0} (Fin q) r)
                              (@Equiv.instEquivLike.{1, 1} (Fin s) (@Luce.Section6.CategoryCycleSlot.{0} (Fin q) r)))
                            e a))).side)
                  fun a =>
                  (c
                      (@Sigma.fst.{0, 0} (Fin q) (fun i => Fin (r i))
                        (@DFunLike.coe.{1, 1, 1} (Equiv.{1, 1} (Fin s) (@Luce.Section6.CategoryCycleSlot.{0} (Fin q) r))
                          (Fin s) (fun x => @Luce.Section6.CategoryCycleSlot.{0} (Fin q) r)
                          (@EquivLike.toFunLike.{1, 1, 1}
                            (Equiv.{1, 1} (Fin s) (@Luce.Section6.CategoryCycleSlot.{0} (Fin q) r)) (Fin s)
                            (@Luce.Section6.CategoryCycleSlot.{0} (Fin q) r)
                            (@Equiv.instEquivLike.{1, 1} (Fin s) (@Luce.Section6.CategoryCycleSlot.{0} (Fin q) r)))
                          e a))).lengthIndex)
                (fun x =>
                  (v : @Luce.Section6.CategoryCycleVertex.{0} (Fin q) (fun i => (c i).lengthIndex) r) →
                    Luce.Section6.CollisionCore n A B
                      (c
                          (@Sigma.fst.{0, 0} (Fin q) (fun i => Fin (r i))
                            (@Sigma.fst.{0, 0} (@Luce.Section6.CategoryCycleSlot.{0} (Fin q) r)
                              (fun b =>
                                Fin
                                  (@HAdd.hAdd.{0, 0, 0} Nat Nat Nat (@instHAdd.{0} Nat instAddNat)
                                    ((fun i => (c i).lengthIndex) (@Sigma.fst.{0, 0} (Fin q) (fun i => Fin (r i)) b))
                                    (@OfNat.ofNat.{0} Nat (nat_lit 1) (instOfNatNat (nat_lit 1)))))
                              v))).side)
                (@EquivLike.toFunLike.{1, 1, 1}
                  (Equiv.{1, 1}
                    (@Luce.Section6.CollisionAssignment s n A B
                      (fun a =>
                        (c
                            (@Sigma.fst.{0, 0} (Fin q) (fun i => Fin (r i))
                              (@DFunLike.coe.{1, 1, 1}
                                (Equiv.{1, 1} (Fin s) (@Luce.Section6.CategoryCycleSlot.{0} (Fin q) r)) (Fin s)
                                (fun x => @Luce.Section6.CategoryCycleSlot.{0} (Fin q) r)
                                (@EquivLike.toFunLike.{1, 1, 1}
                                  (Equiv.{1, 1} (Fin s) (@Luce.Section6.CategoryCycleSlot.{0} (Fin q) r)) (Fin s)
                                  (@Luce.Section6.CategoryCycleSlot.{0} (Fin q) r)
                                  (@Equiv.instEquivLike.{1, 1} (Fin s)
                                    (@Luce.Section6.CategoryCycleSlot.{0} (Fin q) r)))
                                e a))).side)
                      fun a =>
                      (c
                          (@Sigma.fst.{0, 0} (Fin q) (fun i => Fin (r i))
                            (@DFunLike.coe.{1, 1, 1}
                              (Equiv.{1, 1} (Fin s) (@Luce.Section6.CategoryCycleSlot.{0} (Fin q) r)) (Fin s)
                              (fun x => @Luce.Section6.CategoryCycleSlot.{0} (Fin q) r)
                              (@EquivLike.toFunLike.{1, 1, 1}
                                (Equiv.{1, 1} (Fin s) (@Luce.Section6.CategoryCycleSlot.{0} (Fin q) r)) (Fin s)
                                (@Luce.Section6.CategoryCycleSlot.{0} (Fin q) r)
                                (@Equiv.instEquivLike.{1, 1} (Fin s) (@Luce.Section6.CategoryCycleSlot.{0} (Fin q) r)))
                              e a))).lengthIndex)
                    ((v : @Luce.Section6.CategoryCycleVertex.{0} (Fin q) (fun i => (c i).lengthIndex) r) →
                      Luce.Section6.CollisionCore n A B
                        (c
                            (@Sigma.fst.{0, 0} (Fin q) (fun i => Fin (r i))
                              (@Sigma.fst.{0, 0} (@Luce.Section6.CategoryCycleSlot.{0} (Fin q) r)
                                (fun b =>
                                  Fin
                                    (@HAdd.hAdd.{0, 0, 0} Nat Nat Nat (@instHAdd.{0} Nat instAddNat)
                                      ((fun i => (c i).lengthIndex) (@Sigma.fst.{0, 0} (Fin q) (fun i => Fin (r i)) b))
                                      (@OfNat.ofNat.{0} Nat (nat_lit 1) (instOfNatNat (nat_lit 1)))))
                                v))).side))
                  (@Luce.Section6.CollisionAssignment s n A B
                    (fun a =>
                      (c
                          (@Sigma.fst.{0, 0} (Fin q) (fun i => Fin (r i))
                            (@DFunLike.coe.{1, 1, 1}
                              (Equiv.{1, 1} (Fin s) (@Luce.Section6.CategoryCycleSlot.{0} (Fin q) r)) (Fin s)
                              (fun x => @Luce.Section6.CategoryCycleSlot.{0} (Fin q) r)
                              (@EquivLike.toFunLike.{1, 1, 1}
                                (Equiv.{1, 1} (Fin s) (@Luce.Section6.CategoryCycleSlot.{0} (Fin q) r)) (Fin s)
                                (@Luce.Section6.CategoryCycleSlot.{0} (Fin q) r)
                                (@Equiv.instEquivLike.{1, 1} (Fin s) (@Luce.Section6.CategoryCycleSlot.{0} (Fin q) r)))
                              e a))).side)
                    fun a =>
                    (c
                        (@Sigma.fst.{0, 0} (Fin q) (fun i => Fin (r i))
                          (@DFunLike.coe.{1, 1, 1}
                            (Equiv.{1, 1} (Fin s) (@Luce.Section6.CategoryCycleSlot.{0} (Fin q) r)) (Fin s)
                            (fun x => @Luce.Section6.CategoryCycleSlot.{0} (Fin q) r)
                            (@EquivLike.toFunLike.{1, 1, 1}
                              (Equiv.{1, 1} (Fin s) (@Luce.Section6.CategoryCycleSlot.{0} (Fin q) r)) (Fin s)
                              (@Luce.Section6.CategoryCycleSlot.{0} (Fin q) r)
                              (@Equiv.instEquivLike.{1, 1} (Fin s) (@Luce.Section6.CategoryCycleSlot.{0} (Fin q) r)))
                            e a))).lengthIndex)
                  ((v : @Luce.Section6.CategoryCycleVertex.{0} (Fin q) (fun i => (c i).lengthIndex) r) →
                    Luce.Section6.CollisionCore n A B
                      (c
                          (@Sigma.fst.{0, 0} (Fin q) (fun i => Fin (r i))
                            (@Sigma.fst.{0, 0} (@Luce.Section6.CategoryCycleSlot.{0} (Fin q) r)
                              (fun b =>
                                Fin
                                  (@HAdd.hAdd.{0, 0, 0} Nat Nat Nat (@instHAdd.{0} Nat instAddNat)
                                    ((fun i => (c i).lengthIndex) (@Sigma.fst.{0, 0} (Fin q) (fun i => Fin (r i)) b))
                                    (@OfNat.ofNat.{0} Nat (nat_lit 1) (instOfNatNat (nat_lit 1)))))
                              v))).side)
                  (@Equiv.instEquivLike.{1, 1}
                    (@Luce.Section6.CollisionAssignment s n A B
                      (fun a =>
                        (c
                            (@Sigma.fst.{0, 0} (Fin q) (fun i => Fin (r i))
                              (@DFunLike.coe.{1, 1, 1}
                                (Equiv.{1, 1} (Fin s) (@Luce.Section6.CategoryCycleSlot.{0} (Fin q) r)) (Fin s)
                                (fun x => @Luce.Section6.CategoryCycleSlot.{0} (Fin q) r)
                                (@EquivLike.toFunLike.{1, 1, 1}
                                  (Equiv.{1, 1} (Fin s) (@Luce.Section6.CategoryCycleSlot.{0} (Fin q) r)) (Fin s)
                                  (@Luce.Section6.CategoryCycleSlot.{0} (Fin q) r)
                                  (@Equiv.instEquivLike.{1, 1} (Fin s)
                                    (@Luce.Section6.CategoryCycleSlot.{0} (Fin q) r)))
                                e a))).side)
                      fun a =>
                      (c
                          (@Sigma.fst.{0, 0} (Fin q) (fun i => Fin (r i))
                            (@DFunLike.coe.{1, 1, 1}
                              (Equiv.{1, 1} (Fin s) (@Luce.Section6.CategoryCycleSlot.{0} (Fin q) r)) (Fin s)
                              (fun x => @Luce.Section6.CategoryCycleSlot.{0} (Fin q) r)
                              (@EquivLike.toFunLike.{1, 1, 1}
                                (Equiv.{1, 1} (Fin s) (@Luce.Section6.CategoryCycleSlot.{0} (Fin q) r)) (Fin s)
                                (@Luce.Section6.CategoryCycleSlot.{0} (Fin q) r)
                                (@Equiv.instEquivLike.{1, 1} (Fin s) (@Luce.Section6.CategoryCycleSlot.{0} (Fin q) r)))
                              e a))).lengthIndex)
                    ((v : @Luce.Section6.CategoryCycleVertex.{0} (Fin q) (fun i => (c i).lengthIndex) r) →
                      Luce.Section6.CollisionCore n A B
                        (c
                            (@Sigma.fst.{0, 0} (Fin q) (fun i => Fin (r i))
                              (@Sigma.fst.{0, 0} (@Luce.Section6.CategoryCycleSlot.{0} (Fin q) r)
                                (fun b =>
                                  Fin
                                    (@HAdd.hAdd.{0, 0, 0} Nat Nat Nat (@instHAdd.{0} Nat instAddNat)
                                      ((fun i => (c i).lengthIndex) (@Sigma.fst.{0, 0} (Fin q) (fun i => Fin (r i)) b))
                                      (@OfNat.ofNat.{0} Nat (nat_lit 1) (instOfNatNat (nat_lit 1)))))
                                v))).side)))
                (@Luce.Section6.categoryCoreFamilyEquiv q s n A B c r e) x v))
          b))
    (∀ (a : Fin s),
      (c
              (@Sigma.fst.{0, 0} (Fin q) (fun i => Fin (r i))
                (@DFunLike.coe.{1, 1, 1} (Equiv.{1, 1} (Fin s) (@Luce.Section6.CategoryCycleSlot.{0} (Fin q) r)) (Fin s)
                  (fun x => @Luce.Section6.CategoryCycleSlot.{0} (Fin q) r)
                  (@EquivLike.toFunLike.{1, 1, 1}
                    (Equiv.{1, 1} (Fin s) (@Luce.Section6.CategoryCycleSlot.{0} (Fin q) r)) (Fin s)
                    (@Luce.Section6.CategoryCycleSlot.{0} (Fin q) r)
                    (@Equiv.instEquivLike.{1, 1} (Fin s) (@Luce.Section6.CategoryCycleSlot.{0} (Fin q) r)))
                  e a))).rootWindow.Allows
        n
        (@Luce.Section6.categorySetRootDepth n
          (c
              (@Sigma.fst.{0, 0} (Fin q) (fun i => Fin (r i))
                (@DFunLike.coe.{1, 1, 1} (Equiv.{1, 1} (Fin s) (@Luce.Section6.CategoryCycleSlot.{0} (Fin q) r)) (Fin s)
                  (fun x => @Luce.Section6.CategoryCycleSlot.{0} (Fin q) r)
                  (@EquivLike.toFunLike.{1, 1, 1}
                    (Equiv.{1, 1} (Fin s) (@Luce.Section6.CategoryCycleSlot.{0} (Fin q) r)) (Fin s)
                    (@Luce.Section6.CategoryCycleSlot.{0} (Fin q) r)
                    (@Equiv.instEquivLike.{1, 1} (Fin s) (@Luce.Section6.CategoryCycleSlot.{0} (Fin q) r)))
                  e a))).side
          (@Finset.image.{0, 0}
            (Fin
              (@HAdd.hAdd.{0, 0, 0} Nat Nat Nat (@instHAdd.{0} Nat instAddNat)
                ((fun a =>
                    (c
                        (@Sigma.fst.{0, 0} (Fin q) (fun i => Fin (r i))
                          (@DFunLike.coe.{1, 1, 1}
                            (Equiv.{1, 1} (Fin s) (@Luce.Section6.CategoryCycleSlot.{0} (Fin q) r)) (Fin s)
                            (fun x => @Luce.Section6.CategoryCycleSlot.{0} (Fin q) r)
                            (@EquivLike.toFunLike.{1, 1, 1}
                              (Equiv.{1, 1} (Fin s) (@Luce.Section6.CategoryCycleSlot.{0} (Fin q) r)) (Fin s)
                              (@Luce.Section6.CategoryCycleSlot.{0} (Fin q) r)
                              (@Equiv.instEquivLike.{1, 1} (Fin s) (@Luce.Section6.CategoryCycleSlot.{0} (Fin q) r)))
                            e a))).lengthIndex)
                  a)
                (@OfNat.ofNat.{0} Nat (nat_lit 1) (instOfNatNat (nat_lit 1)))))
            (Fin n) (instDecidableEqFin n)
            (fun j =>
              @Subtype.val.{1} (Fin n)
                (fun v =>
                  And
                    (@LE.le.{0} Nat instLENat A
                      (@Luce.Section6.cornerDistance
                        ((fun a =>
                            (c
                                (@Sigma.fst.{0, 0} (Fin q) (fun i => Fin (r i))
                                  (@DFunLike.coe.{1, 1, 1}
                                    (Equiv.{1, 1} (Fin s) (@Luce.Section6.CategoryCycleSlot.{0} (Fin q) r)) (Fin s)
                                    (fun x => @Luce.Section6.CategoryCycleSlot.{0} (Fin q) r)
                                    (@EquivLike.toFunLike.{1, 1, 1}
                                      (Equiv.{1, 1} (Fin s) (@Luce.Section6.CategoryCycleSlot.{0} (Fin q) r)) (Fin s)
                                      (@Luce.Section6.CategoryCycleSlot.{0} (Fin q) r)
                                      (@Equiv.instEquivLike.{1, 1} (Fin s)
                                        (@Luce.Section6.CategoryCycleSlot.{0} (Fin q) r)))
                                    e a))).side)
                          a)
                        n v))
                    (@LE.le.{0} Nat instLENat
                      (@Luce.Section6.cornerDistance
                        ((fun a =>
                            (c
                                (@Sigma.fst.{0, 0} (Fin q) (fun i => Fin (r i))
                                  (@DFunLike.coe.{1, 1, 1}
                                    (Equiv.{1, 1} (Fin s) (@Luce.Section6.CategoryCycleSlot.{0} (Fin q) r)) (Fin s)
                                    (fun x => @Luce.Section6.CategoryCycleSlot.{0} (Fin q) r)
                                    (@EquivLike.toFunLike.{1, 1, 1}
                                      (Equiv.{1, 1} (Fin s) (@Luce.Section6.CategoryCycleSlot.{0} (Fin q) r)) (Fin s)
                                      (@Luce.Section6.CategoryCycleSlot.{0} (Fin q) r)
                                      (@Equiv.instEquivLike.{1, 1} (Fin s)
                                        (@Luce.Section6.CategoryCycleSlot.{0} (Fin q) r)))
                                    e a))).side)
                          a)
                        n v)
                      B))
                (x a j))
            (@Finset.univ.{0}
              (Fin
                (@HAdd.hAdd.{0, 0, 0} Nat Nat Nat (@instHAdd.{0} Nat instAddNat)
                  ((fun a =>
                      (c
                          (@Sigma.fst.{0, 0} (Fin q) (fun i => Fin (r i))
                            (@DFunLike.coe.{1, 1, 1}
                              (Equiv.{1, 1} (Fin s) (@Luce.Section6.CategoryCycleSlot.{0} (Fin q) r)) (Fin s)
                              (fun x => @Luce.Section6.CategoryCycleSlot.{0} (Fin q) r)
                              (@EquivLike.toFunLike.{1, 1, 1}
                                (Equiv.{1, 1} (Fin s) (@Luce.Section6.CategoryCycleSlot.{0} (Fin q) r)) (Fin s)
                                (@Luce.Section6.CategoryCycleSlot.{0} (Fin q) r)
                                (@Equiv.instEquivLike.{1, 1} (Fin s) (@Luce.Section6.CategoryCycleSlot.{0} (Fin q) r)))
                              e a))).lengthIndex)
                    a)
                  (@OfNat.ofNat.{0} Nat (nat_lit 1) (instOfNatNat (nat_lit 1)))))
              (Fin.fintype
                (@HAdd.hAdd.{0, 0, 0} Nat Nat Nat (@instHAdd.{0} Nat instAddNat)
                  ((fun a =>
                      (c
                          (@Sigma.fst.{0, 0} (Fin q) (fun i => Fin (r i))
                            (@DFunLike.coe.{1, 1, 1}
                              (Equiv.{1, 1} (Fin s) (@Luce.Section6.CategoryCycleSlot.{0} (Fin q) r)) (Fin s)
                              (fun x => @Luce.Section6.CategoryCycleSlot.{0} (Fin q) r)
                              (@EquivLike.toFunLike.{1, 1, 1}
                                (Equiv.{1, 1} (Fin s) (@Luce.Section6.CategoryCycleSlot.{0} (Fin q) r)) (Fin s)
                                (@Luce.Section6.CategoryCycleSlot.{0} (Fin q) r)
                                (@Equiv.instEquivLike.{1, 1} (Fin s) (@Luce.Section6.CategoryCycleSlot.{0} (Fin q) r)))
                              e a))).lengthIndex)
                    a)
                  (@OfNat.ofNat.{0} Nat (nat_lit 1) (instOfNatNat (nat_lit 1))))))))) :=
⋯
'Luce.Section6.category_core_enumeration_restrictions' depends on axioms: [propext,
 Classical.choice.{u},
 Quot.sound.{u}]
theorem Luce.Section6.category_core_enumeration_rank_event : ∀ {q s n A B : Nat}
  (c : Fin q → Luce.Section6.CoreCycleCategory) (r : Fin q → Nat)
  (e : Equiv.{1, 1} (Fin s) (@Luce.Section6.CategoryCycleSlot.{0} (Fin q) r))
  (x :
    @Luce.Section6.CollisionAssignment s n A B
      (fun a =>
        (c
            (@Sigma.fst.{0, 0} (Fin q) (fun i => Fin (r i))
              (@DFunLike.coe.{1, 1, 1} (Equiv.{1, 1} (Fin s) (@Luce.Section6.CategoryCycleSlot.{0} (Fin q) r)) (Fin s)
                (fun x => @Luce.Section6.CategoryCycleSlot.{0} (Fin q) r)
                (@EquivLike.toFunLike.{1, 1, 1} (Equiv.{1, 1} (Fin s) (@Luce.Section6.CategoryCycleSlot.{0} (Fin q) r))
                  (Fin s) (@Luce.Section6.CategoryCycleSlot.{0} (Fin q) r)
                  (@Equiv.instEquivLike.{1, 1} (Fin s) (@Luce.Section6.CategoryCycleSlot.{0} (Fin q) r)))
                e a))).side)
      fun a =>
      (c
          (@Sigma.fst.{0, 0} (Fin q) (fun i => Fin (r i))
            (@DFunLike.coe.{1, 1, 1} (Equiv.{1, 1} (Fin s) (@Luce.Section6.CategoryCycleSlot.{0} (Fin q) r)) (Fin s)
              (fun x => @Luce.Section6.CategoryCycleSlot.{0} (Fin q) r)
              (@EquivLike.toFunLike.{1, 1, 1} (Equiv.{1, 1} (Fin s) (@Luce.Section6.CategoryCycleSlot.{0} (Fin q) r))
                (Fin s) (@Luce.Section6.CategoryCycleSlot.{0} (Fin q) r)
                (@Equiv.instEquivLike.{1, 1} (Fin s) (@Luce.Section6.CategoryCycleSlot.{0} (Fin q) r)))
              e a))).lengthIndex),
  @Eq.{1} (Set.{0} (Fin n → Real))
    (@Set.ofPred.{0} (Fin n → Real) fun clocks =>
      ∀ (v : @Luce.Section6.CategoryCycleVertex.{0} (Fin q) (fun i => (c i).lengthIndex) r),
        @Eq.{1} Nat
          (@Luce.raceRank n clocks
            (@Subtype.val.{1} (Fin n)
              (fun v_1 =>
                And
                  (@LE.le.{0} Nat instLENat A
                    (@Luce.Section6.cornerDistance
                      (c
                          (@Sigma.fst.{0, 0} (Fin q) (fun i => Fin (r i))
                            (@Sigma.fst.{0, 0} (@Luce.Section6.CategoryCycleSlot.{0} (Fin q) r)
                              (fun b =>
                                Fin
                                  (@HAdd.hAdd.{0, 0, 0} Nat Nat Nat (@instHAdd.{0} Nat instAddNat)
                                    ((fun i => (c i).lengthIndex) (@Sigma.fst.{0, 0} (Fin q) (fun i => Fin (r i)) b))
                                    (@OfNat.ofNat.{0} Nat (nat_lit 1) (instOfNatNat (nat_lit 1)))))
                              v))).side
                      n v_1))
                  (@LE.le.{0} Nat instLENat
                    (@Luce.Section6.cornerDistance
                      (c
                          (@Sigma.fst.{0, 0} (Fin q) (fun i => Fin (r i))
                            (@Sigma.fst.{0, 0} (@Luce.Section6.CategoryCycleSlot.{0} (Fin q) r)
                              (fun b =>
                                Fin
                                  (@HAdd.hAdd.{0, 0, 0} Nat Nat Nat (@instHAdd.{0} Nat instAddNat)
                                    ((fun i => (c i).lengthIndex) (@Sigma.fst.{0, 0} (Fin q) (fun i => Fin (r i)) b))
                                    (@OfNat.ofNat.{0} Nat (nat_lit 1) (instOfNatNat (nat_lit 1)))))
                              v))).side
                      n v_1)
                    B))
              (@DFunLike.coe.{1, 1, 1}
                (Equiv.{1, 1}
                  (@Luce.Section6.CollisionAssignment s n A B
                    (fun a =>
                      (c
                          (@Sigma.fst.{0, 0} (Fin q) (fun i => Fin (r i))
                            (@DFunLike.coe.{1, 1, 1}
                              (Equiv.{1, 1} (Fin s) (@Luce.Section6.CategoryCycleSlot.{0} (Fin q) r)) (Fin s)
                              (fun x => @Luce.Section6.CategoryCycleSlot.{0} (Fin q) r)
                              (@EquivLike.toFunLike.{1, 1, 1}
                                (Equiv.{1, 1} (Fin s) (@Luce.Section6.CategoryCycleSlot.{0} (Fin q) r)) (Fin s)
                                (@Luce.Section6.CategoryCycleSlot.{0} (Fin q) r)
                                (@Equiv.instEquivLike.{1, 1} (Fin s) (@Luce.Section6.CategoryCycleSlot.{0} (Fin q) r)))
                              e a))).side)
                    fun a =>
                    (c
                        (@Sigma.fst.{0, 0} (Fin q) (fun i => Fin (r i))
                          (@DFunLike.coe.{1, 1, 1}
                            (Equiv.{1, 1} (Fin s) (@Luce.Section6.CategoryCycleSlot.{0} (Fin q) r)) (Fin s)
                            (fun x => @Luce.Section6.CategoryCycleSlot.{0} (Fin q) r)
                            (@EquivLike.toFunLike.{1, 1, 1}
                              (Equiv.{1, 1} (Fin s) (@Luce.Section6.CategoryCycleSlot.{0} (Fin q) r)) (Fin s)
                              (@Luce.Section6.CategoryCycleSlot.{0} (Fin q) r)
                              (@Equiv.instEquivLike.{1, 1} (Fin s) (@Luce.Section6.CategoryCycleSlot.{0} (Fin q) r)))
                            e a))).lengthIndex)
                  ((v : @Luce.Section6.CategoryCycleVertex.{0} (Fin q) (fun i => (c i).lengthIndex) r) →
                    Luce.Section6.CollisionCore n A B
                      (c
                          (@Sigma.fst.{0, 0} (Fin q) (fun i => Fin (r i))
                            (@Sigma.fst.{0, 0} (@Luce.Section6.CategoryCycleSlot.{0} (Fin q) r)
                              (fun b =>
                                Fin
                                  (@HAdd.hAdd.{0, 0, 0} Nat Nat Nat (@instHAdd.{0} Nat instAddNat)
                                    ((fun i => (c i).lengthIndex) (@Sigma.fst.{0, 0} (Fin q) (fun i => Fin (r i)) b))
                                    (@OfNat.ofNat.{0} Nat (nat_lit 1) (instOfNatNat (nat_lit 1)))))
                              v))).side))
                (@Luce.Section6.CollisionAssignment s n A B
                  (fun a =>
                    (c
                        (@Sigma.fst.{0, 0} (Fin q) (fun i => Fin (r i))
                          (@DFunLike.coe.{1, 1, 1}
                            (Equiv.{1, 1} (Fin s) (@Luce.Section6.CategoryCycleSlot.{0} (Fin q) r)) (Fin s)
                            (fun x => @Luce.Section6.CategoryCycleSlot.{0} (Fin q) r)
                            (@EquivLike.toFunLike.{1, 1, 1}
                              (Equiv.{1, 1} (Fin s) (@Luce.Section6.CategoryCycleSlot.{0} (Fin q) r)) (Fin s)
                              (@Luce.Section6.CategoryCycleSlot.{0} (Fin q) r)
                              (@Equiv.instEquivLike.{1, 1} (Fin s) (@Luce.Section6.CategoryCycleSlot.{0} (Fin q) r)))
                            e a))).side)
                  fun a =>
                  (c
                      (@Sigma.fst.{0, 0} (Fin q) (fun i => Fin (r i))
                        (@DFunLike.coe.{1, 1, 1} (Equiv.{1, 1} (Fin s) (@Luce.Section6.CategoryCycleSlot.{0} (Fin q) r))
                          (Fin s) (fun x => @Luce.Section6.CategoryCycleSlot.{0} (Fin q) r)
                          (@EquivLike.toFunLike.{1, 1, 1}
                            (Equiv.{1, 1} (Fin s) (@Luce.Section6.CategoryCycleSlot.{0} (Fin q) r)) (Fin s)
                            (@Luce.Section6.CategoryCycleSlot.{0} (Fin q) r)
                            (@Equiv.instEquivLike.{1, 1} (Fin s) (@Luce.Section6.CategoryCycleSlot.{0} (Fin q) r)))
                          e a))).lengthIndex)
                (fun x =>
                  (v : @Luce.Section6.CategoryCycleVertex.{0} (Fin q) (fun i => (c i).lengthIndex) r) →
                    Luce.Section6.CollisionCore n A B
                      (c
                          (@Sigma.fst.{0, 0} (Fin q) (fun i => Fin (r i))
                            (@Sigma.fst.{0, 0} (@Luce.Section6.CategoryCycleSlot.{0} (Fin q) r)
                              (fun b =>
                                Fin
                                  (@HAdd.hAdd.{0, 0, 0} Nat Nat Nat (@instHAdd.{0} Nat instAddNat)
                                    ((fun i => (c i).lengthIndex) (@Sigma.fst.{0, 0} (Fin q) (fun i => Fin (r i)) b))
                                    (@OfNat.ofNat.{0} Nat (nat_lit 1) (instOfNatNat (nat_lit 1)))))
                              v))).side)
                (@EquivLike.toFunLike.{1, 1, 1}
                  (Equiv.{1, 1}
                    (@Luce.Section6.CollisionAssignment s n A B
                      (fun a =>
                        (c
                            (@Sigma.fst.{0, 0} (Fin q) (fun i => Fin (r i))
                              (@DFunLike.coe.{1, 1, 1}
                                (Equiv.{1, 1} (Fin s) (@Luce.Section6.CategoryCycleSlot.{0} (Fin q) r)) (Fin s)
                                (fun x => @Luce.Section6.CategoryCycleSlot.{0} (Fin q) r)
                                (@EquivLike.toFunLike.{1, 1, 1}
                                  (Equiv.{1, 1} (Fin s) (@Luce.Section6.CategoryCycleSlot.{0} (Fin q) r)) (Fin s)
                                  (@Luce.Section6.CategoryCycleSlot.{0} (Fin q) r)
                                  (@Equiv.instEquivLike.{1, 1} (Fin s)
                                    (@Luce.Section6.CategoryCycleSlot.{0} (Fin q) r)))
                                e a))).side)
                      fun a =>
                      (c
                          (@Sigma.fst.{0, 0} (Fin q) (fun i => Fin (r i))
                            (@DFunLike.coe.{1, 1, 1}
                              (Equiv.{1, 1} (Fin s) (@Luce.Section6.CategoryCycleSlot.{0} (Fin q) r)) (Fin s)
                              (fun x => @Luce.Section6.CategoryCycleSlot.{0} (Fin q) r)
                              (@EquivLike.toFunLike.{1, 1, 1}
                                (Equiv.{1, 1} (Fin s) (@Luce.Section6.CategoryCycleSlot.{0} (Fin q) r)) (Fin s)
                                (@Luce.Section6.CategoryCycleSlot.{0} (Fin q) r)
                                (@Equiv.instEquivLike.{1, 1} (Fin s) (@Luce.Section6.CategoryCycleSlot.{0} (Fin q) r)))
                              e a))).lengthIndex)
                    ((v : @Luce.Section6.CategoryCycleVertex.{0} (Fin q) (fun i => (c i).lengthIndex) r) →
                      Luce.Section6.CollisionCore n A B
                        (c
                            (@Sigma.fst.{0, 0} (Fin q) (fun i => Fin (r i))
                              (@Sigma.fst.{0, 0} (@Luce.Section6.CategoryCycleSlot.{0} (Fin q) r)
                                (fun b =>
                                  Fin
                                    (@HAdd.hAdd.{0, 0, 0} Nat Nat Nat (@instHAdd.{0} Nat instAddNat)
                                      ((fun i => (c i).lengthIndex) (@Sigma.fst.{0, 0} (Fin q) (fun i => Fin (r i)) b))
                                      (@OfNat.ofNat.{0} Nat (nat_lit 1) (instOfNatNat (nat_lit 1)))))
                                v))).side))
                  (@Luce.Section6.CollisionAssignment s n A B
                    (fun a =>
                      (c
                          (@Sigma.fst.{0, 0} (Fin q) (fun i => Fin (r i))
                            (@DFunLike.coe.{1, 1, 1}
                              (Equiv.{1, 1} (Fin s) (@Luce.Section6.CategoryCycleSlot.{0} (Fin q) r)) (Fin s)
                              (fun x => @Luce.Section6.CategoryCycleSlot.{0} (Fin q) r)
                              (@EquivLike.toFunLike.{1, 1, 1}
                                (Equiv.{1, 1} (Fin s) (@Luce.Section6.CategoryCycleSlot.{0} (Fin q) r)) (Fin s)
                                (@Luce.Section6.CategoryCycleSlot.{0} (Fin q) r)
                                (@Equiv.instEquivLike.{1, 1} (Fin s) (@Luce.Section6.CategoryCycleSlot.{0} (Fin q) r)))
                              e a))).side)
                    fun a =>
                    (c
                        (@Sigma.fst.{0, 0} (Fin q) (fun i => Fin (r i))
                          (@DFunLike.coe.{1, 1, 1}
                            (Equiv.{1, 1} (Fin s) (@Luce.Section6.CategoryCycleSlot.{0} (Fin q) r)) (Fin s)
                            (fun x => @Luce.Section6.CategoryCycleSlot.{0} (Fin q) r)
                            (@EquivLike.toFunLike.{1, 1, 1}
                              (Equiv.{1, 1} (Fin s) (@Luce.Section6.CategoryCycleSlot.{0} (Fin q) r)) (Fin s)
                              (@Luce.Section6.CategoryCycleSlot.{0} (Fin q) r)
                              (@Equiv.instEquivLike.{1, 1} (Fin s) (@Luce.Section6.CategoryCycleSlot.{0} (Fin q) r)))
                            e a))).lengthIndex)
                  ((v : @Luce.Section6.CategoryCycleVertex.{0} (Fin q) (fun i => (c i).lengthIndex) r) →
                    Luce.Section6.CollisionCore n A B
                      (c
                          (@Sigma.fst.{0, 0} (Fin q) (fun i => Fin (r i))
                            (@Sigma.fst.{0, 0} (@Luce.Section6.CategoryCycleSlot.{0} (Fin q) r)
                              (fun b =>
                                Fin
                                  (@HAdd.hAdd.{0, 0, 0} Nat Nat Nat (@instHAdd.{0} Nat instAddNat)
                                    ((fun i => (c i).lengthIndex) (@Sigma.fst.{0, 0} (Fin q) (fun i => Fin (r i)) b))
                                    (@OfNat.ofNat.{0} Nat (nat_lit 1) (instOfNatNat (nat_lit 1)))))
                              v))).side)
                  (@Equiv.instEquivLike.{1, 1}
                    (@Luce.Section6.CollisionAssignment s n A B
                      (fun a =>
                        (c
                            (@Sigma.fst.{0, 0} (Fin q) (fun i => Fin (r i))
                              (@DFunLike.coe.{1, 1, 1}
                                (Equiv.{1, 1} (Fin s) (@Luce.Section6.CategoryCycleSlot.{0} (Fin q) r)) (Fin s)
                                (fun x => @Luce.Section6.CategoryCycleSlot.{0} (Fin q) r)
                                (@EquivLike.toFunLike.{1, 1, 1}
                                  (Equiv.{1, 1} (Fin s) (@Luce.Section6.CategoryCycleSlot.{0} (Fin q) r)) (Fin s)
                                  (@Luce.Section6.CategoryCycleSlot.{0} (Fin q) r)
                                  (@Equiv.instEquivLike.{1, 1} (Fin s)
                                    (@Luce.Section6.CategoryCycleSlot.{0} (Fin q) r)))
                                e a))).side)
                      fun a =>
                      (c
                          (@Sigma.fst.{0, 0} (Fin q) (fun i => Fin (r i))
                            (@DFunLike.coe.{1, 1, 1}
                              (Equiv.{1, 1} (Fin s) (@Luce.Section6.CategoryCycleSlot.{0} (Fin q) r)) (Fin s)
                              (fun x => @Luce.Section6.CategoryCycleSlot.{0} (Fin q) r)
                              (@EquivLike.toFunLike.{1, 1, 1}
                                (Equiv.{1, 1} (Fin s) (@Luce.Section6.CategoryCycleSlot.{0} (Fin q) r)) (Fin s)
                                (@Luce.Section6.CategoryCycleSlot.{0} (Fin q) r)
                                (@Equiv.instEquivLike.{1, 1} (Fin s) (@Luce.Section6.CategoryCycleSlot.{0} (Fin q) r)))
                              e a))).lengthIndex)
                    ((v : @Luce.Section6.CategoryCycleVertex.{0} (Fin q) (fun i => (c i).lengthIndex) r) →
                      Luce.Section6.CollisionCore n A B
                        (c
                            (@Sigma.fst.{0, 0} (Fin q) (fun i => Fin (r i))
                              (@Sigma.fst.{0, 0} (@Luce.Section6.CategoryCycleSlot.{0} (Fin q) r)
                                (fun b =>
                                  Fin
                                    (@HAdd.hAdd.{0, 0, 0} Nat Nat Nat (@instHAdd.{0} Nat instAddNat)
                                      ((fun i => (c i).lengthIndex) (@Sigma.fst.{0, 0} (Fin q) (fun i => Fin (r i)) b))
                                      (@OfNat.ofNat.{0} Nat (nat_lit 1) (instOfNatNat (nat_lit 1)))))
                                v))).side)))
                (@Luce.Section6.categoryCoreFamilyEquiv q s n A B c r e) x v)))
          (@HAdd.hAdd.{0, 0, 0} Nat Nat Nat (@instHAdd.{0} Nat instAddNat)
            (@Fin.val n
              (@Subtype.val.{1} (Fin n)
                (fun v_1 =>
                  And
                    (@LE.le.{0} Nat instLENat A
                      (@Luce.Section6.cornerDistance
                        (c
                            (@Sigma.fst.{0, 0} (Fin q) (fun i => Fin (r i))
                              (@Sigma.fst.{0, 0} (@Luce.Section6.CategoryCycleSlot.{0} (Fin q) r)
                                (fun b =>
                                  Fin
                                    (@HAdd.hAdd.{0, 0, 0} Nat Nat Nat (@instHAdd.{0} Nat instAddNat)
                                      ((fun i => (c i).lengthIndex) (@Sigma.fst.{0, 0} (Fin q) (fun i => Fin (r i)) b))
                                      (@OfNat.ofNat.{0} Nat (nat_lit 1) (instOfNatNat (nat_lit 1)))))
                                (@DFunLike.coe.{1, 1, 1}
                                  (Equiv.Perm.{1}
                                    (@Luce.Section6.CategoryCycleVertex.{0} (Fin q) (fun i => (c i).lengthIndex) r))
                                  (@Luce.Section6.CategoryCycleVertex.{0} (Fin q) (fun i => (c i).lengthIndex) r)
                                  (fun x =>
                                    @Luce.Section6.CategoryCycleVertex.{0} (Fin q) (fun i => (c i).lengthIndex) r)
                                  (@EquivLike.toFunLike.{1, 1, 1}
                                    (Equiv.Perm.{1}
                                      (@Luce.Section6.CategoryCycleVertex.{0} (Fin q) (fun i => (c i).lengthIndex) r))
                                    (@Luce.Section6.CategoryCycleVertex.{0} (Fin q) (fun i => (c i).lengthIndex) r)
                                    (@Luce.Section6.CategoryCycleVertex.{0} (Fin q) (fun i => (c i).lengthIndex) r)
                                    (@Equiv.instEquivLike.{1, 1}
                                      (@Luce.Section6.CategoryCycleVertex.{0} (Fin q) (fun i => (c i).lengthIndex) r)
                                      (@Luce.Section6.CategoryCycleVertex.{0} (Fin q) (fun i => (c i).lengthIndex) r)))
                                  (@Luce.Section6.categoryBlockPermutation.{0} (Fin q) (fun i => (c i).lengthIndex) r)
                                  v)))).side
                        n v_1))
                    (@LE.le.{0} Nat instLENat
                      (@Luce.Section6.cornerDistance
                        (c
                            (@Sigma.fst.{0, 0} (Fin q) (fun i => Fin (r i))
                              (@Sigma.fst.{0, 0} (@Luce.Section6.CategoryCycleSlot.{0} (Fin q) r)
                                (fun b =>
                                  Fin
                                    (@HAdd.hAdd.{0, 0, 0} Nat Nat Nat (@instHAdd.{0} Nat instAddNat)
                                      ((fun i => (c i).lengthIndex) (@Sigma.fst.{0, 0} (Fin q) (fun i => Fin (r i)) b))
                                      (@OfNat.ofNat.{0} Nat (nat_lit 1) (instOfNatNat (nat_lit 1)))))
                                (@DFunLike.coe.{1, 1, 1}
                                  (Equiv.Perm.{1}
                                    (@Luce.Section6.CategoryCycleVertex.{0} (Fin q) (fun i => (c i).lengthIndex) r))
                                  (@Luce.Section6.CategoryCycleVertex.{0} (Fin q) (fun i => (c i).lengthIndex) r)
                                  (fun x =>
                                    @Luce.Section6.CategoryCycleVertex.{0} (Fin q) (fun i => (c i).lengthIndex) r)
                                  (@EquivLike.toFunLike.{1, 1, 1}
                                    (Equiv.Perm.{1}
                                      (@Luce.Section6.CategoryCycleVertex.{0} (Fin q) (fun i => (c i).lengthIndex) r))
                                    (@Luce.Section6.CategoryCycleVertex.{0} (Fin q) (fun i => (c i).lengthIndex) r)
                                    (@Luce.Section6.CategoryCycleVertex.{0} (Fin q) (fun i => (c i).lengthIndex) r)
                                    (@Equiv.instEquivLike.{1, 1}
                                      (@Luce.Section6.CategoryCycleVertex.{0} (Fin q) (fun i => (c i).lengthIndex) r)
                                      (@Luce.Section6.CategoryCycleVertex.{0} (Fin q) (fun i => (c i).lengthIndex) r)))
                                  (@Luce.Section6.categoryBlockPermutation.{0} (Fin q) (fun i => (c i).lengthIndex) r)
                                  v)))).side
                        n v_1)
                      B))
                (@DFunLike.coe.{1, 1, 1}
                  (Equiv.{1, 1}
                    (@Luce.Section6.CollisionAssignment s n A B
                      (fun a =>
                        (c
                            (@Sigma.fst.{0, 0} (Fin q) (fun i => Fin (r i))
                              (@DFunLike.coe.{1, 1, 1}
                                (Equiv.{1, 1} (Fin s) (@Luce.Section6.CategoryCycleSlot.{0} (Fin q) r)) (Fin s)
                                (fun x => @Luce.Section6.CategoryCycleSlot.{0} (Fin q) r)
                                (@EquivLike.toFunLike.{1, 1, 1}
                                  (Equiv.{1, 1} (Fin s) (@Luce.Section6.CategoryCycleSlot.{0} (Fin q) r)) (Fin s)
                                  (@Luce.Section6.CategoryCycleSlot.{0} (Fin q) r)
                                  (@Equiv.instEquivLike.{1, 1} (Fin s)
                                    (@Luce.Section6.CategoryCycleSlot.{0} (Fin q) r)))
                                e a))).side)
                      fun a =>
                      (c
                          (@Sigma.fst.{0, 0} (Fin q) (fun i => Fin (r i))
                            (@DFunLike.coe.{1, 1, 1}
                              (Equiv.{1, 1} (Fin s) (@Luce.Section6.CategoryCycleSlot.{0} (Fin q) r)) (Fin s)
                              (fun x => @Luce.Section6.CategoryCycleSlot.{0} (Fin q) r)
                              (@EquivLike.toFunLike.{1, 1, 1}
                                (Equiv.{1, 1} (Fin s) (@Luce.Section6.CategoryCycleSlot.{0} (Fin q) r)) (Fin s)
                                (@Luce.Section6.CategoryCycleSlot.{0} (Fin q) r)
                                (@Equiv.instEquivLike.{1, 1} (Fin s) (@Luce.Section6.CategoryCycleSlot.{0} (Fin q) r)))
                              e a))).lengthIndex)
                    ((v : @Luce.Section6.CategoryCycleVertex.{0} (Fin q) (fun i => (c i).lengthIndex) r) →
                      Luce.Section6.CollisionCore n A B
                        (c
                            (@Sigma.fst.{0, 0} (Fin q) (fun i => Fin (r i))
                              (@Sigma.fst.{0, 0} (@Luce.Section6.CategoryCycleSlot.{0} (Fin q) r)
                                (fun b =>
                                  Fin
                                    (@HAdd.hAdd.{0, 0, 0} Nat Nat Nat (@instHAdd.{0} Nat instAddNat)
                                      ((fun i => (c i).lengthIndex) (@Sigma.fst.{0, 0} (Fin q) (fun i => Fin (r i)) b))
                                      (@OfNat.ofNat.{0} Nat (nat_lit 1) (instOfNatNat (nat_lit 1)))))
                                v))).side))
                  (@Luce.Section6.CollisionAssignment s n A B
                    (fun a =>
                      (c
                          (@Sigma.fst.{0, 0} (Fin q) (fun i => Fin (r i))
                            (@DFunLike.coe.{1, 1, 1}
                              (Equiv.{1, 1} (Fin s) (@Luce.Section6.CategoryCycleSlot.{0} (Fin q) r)) (Fin s)
                              (fun x => @Luce.Section6.CategoryCycleSlot.{0} (Fin q) r)
                              (@EquivLike.toFunLike.{1, 1, 1}
                                (Equiv.{1, 1} (Fin s) (@Luce.Section6.CategoryCycleSlot.{0} (Fin q) r)) (Fin s)
                                (@Luce.Section6.CategoryCycleSlot.{0} (Fin q) r)
                                (@Equiv.instEquivLike.{1, 1} (Fin s) (@Luce.Section6.CategoryCycleSlot.{0} (Fin q) r)))
                              e a))).side)
                    fun a =>
                    (c
                        (@Sigma.fst.{0, 0} (Fin q) (fun i => Fin (r i))
                          (@DFunLike.coe.{1, 1, 1}
                            (Equiv.{1, 1} (Fin s) (@Luce.Section6.CategoryCycleSlot.{0} (Fin q) r)) (Fin s)
                            (fun x => @Luce.Section6.CategoryCycleSlot.{0} (Fin q) r)
                            (@EquivLike.toFunLike.{1, 1, 1}
                              (Equiv.{1, 1} (Fin s) (@Luce.Section6.CategoryCycleSlot.{0} (Fin q) r)) (Fin s)
                              (@Luce.Section6.CategoryCycleSlot.{0} (Fin q) r)
                              (@Equiv.instEquivLike.{1, 1} (Fin s) (@Luce.Section6.CategoryCycleSlot.{0} (Fin q) r)))
                            e a))).lengthIndex)
                  (fun x =>
                    (v : @Luce.Section6.CategoryCycleVertex.{0} (Fin q) (fun i => (c i).lengthIndex) r) →
                      Luce.Section6.CollisionCore n A B
                        (c
                            (@Sigma.fst.{0, 0} (Fin q) (fun i => Fin (r i))
                              (@Sigma.fst.{0, 0} (@Luce.Section6.CategoryCycleSlot.{0} (Fin q) r)
                                (fun b =>
                                  Fin
                                    (@HAdd.hAdd.{0, 0, 0} Nat Nat Nat (@instHAdd.{0} Nat instAddNat)
                                      ((fun i => (c i).lengthIndex) (@Sigma.fst.{0, 0} (Fin q) (fun i => Fin (r i)) b))
                                      (@OfNat.ofNat.{0} Nat (nat_lit 1) (instOfNatNat (nat_lit 1)))))
                                v))).side)
                  (@EquivLike.toFunLike.{1, 1, 1}
                    (Equiv.{1, 1}
                      (@Luce.Section6.CollisionAssignment s n A B
                        (fun a =>
                          (c
                              (@Sigma.fst.{0, 0} (Fin q) (fun i => Fin (r i))
                                (@DFunLike.coe.{1, 1, 1}
                                  (Equiv.{1, 1} (Fin s) (@Luce.Section6.CategoryCycleSlot.{0} (Fin q) r)) (Fin s)
                                  (fun x => @Luce.Section6.CategoryCycleSlot.{0} (Fin q) r)
                                  (@EquivLike.toFunLike.{1, 1, 1}
                                    (Equiv.{1, 1} (Fin s) (@Luce.Section6.CategoryCycleSlot.{0} (Fin q) r)) (Fin s)
                                    (@Luce.Section6.CategoryCycleSlot.{0} (Fin q) r)
                                    (@Equiv.instEquivLike.{1, 1} (Fin s)
                                      (@Luce.Section6.CategoryCycleSlot.{0} (Fin q) r)))
                                  e a))).side)
                        fun a =>
                        (c
                            (@Sigma.fst.{0, 0} (Fin q) (fun i => Fin (r i))
                              (@DFunLike.coe.{1, 1, 1}
                                (Equiv.{1, 1} (Fin s) (@Luce.Section6.CategoryCycleSlot.{0} (Fin q) r)) (Fin s)
                                (fun x => @Luce.Section6.CategoryCycleSlot.{0} (Fin q) r)
                                (@EquivLike.toFunLike.{1, 1, 1}
                                  (Equiv.{1, 1} (Fin s) (@Luce.Section6.CategoryCycleSlot.{0} (Fin q) r)) (Fin s)
                                  (@Luce.Section6.CategoryCycleSlot.{0} (Fin q) r)
                                  (@Equiv.instEquivLike.{1, 1} (Fin s)
                                    (@Luce.Section6.CategoryCycleSlot.{0} (Fin q) r)))
                                e a))).lengthIndex)
                      ((v : @Luce.Section6.CategoryCycleVertex.{0} (Fin q) (fun i => (c i).lengthIndex) r) →
                        Luce.Section6.CollisionCore n A B
                          (c
                              (@Sigma.fst.{0, 0} (Fin q) (fun i => Fin (r i))
                                (@Sigma.fst.{0, 0} (@Luce.Section6.CategoryCycleSlot.{0} (Fin q) r)
                                  (fun b =>
                                    Fin
                                      (@HAdd.hAdd.{0, 0, 0} Nat Nat Nat (@instHAdd.{0} Nat instAddNat)
                                        ((fun i => (c i).lengthIndex)
                                          (@Sigma.fst.{0, 0} (Fin q) (fun i => Fin (r i)) b))
                                        (@OfNat.ofNat.{0} Nat (nat_lit 1) (instOfNatNat (nat_lit 1)))))
                                  v))).side))
                    (@Luce.Section6.CollisionAssignment s n A B
                      (fun a =>
                        (c
                            (@Sigma.fst.{0, 0} (Fin q) (fun i => Fin (r i))
                              (@DFunLike.coe.{1, 1, 1}
                                (Equiv.{1, 1} (Fin s) (@Luce.Section6.CategoryCycleSlot.{0} (Fin q) r)) (Fin s)
                                (fun x => @Luce.Section6.CategoryCycleSlot.{0} (Fin q) r)
                                (@EquivLike.toFunLike.{1, 1, 1}
                                  (Equiv.{1, 1} (Fin s) (@Luce.Section6.CategoryCycleSlot.{0} (Fin q) r)) (Fin s)
                                  (@Luce.Section6.CategoryCycleSlot.{0} (Fin q) r)
                                  (@Equiv.instEquivLike.{1, 1} (Fin s)
                                    (@Luce.Section6.CategoryCycleSlot.{0} (Fin q) r)))
                                e a))).side)
                      fun a =>
                      (c
                          (@Sigma.fst.{0, 0} (Fin q) (fun i => Fin (r i))
                            (@DFunLike.coe.{1, 1, 1}
                              (Equiv.{1, 1} (Fin s) (@Luce.Section6.CategoryCycleSlot.{0} (Fin q) r)) (Fin s)
                              (fun x => @Luce.Section6.CategoryCycleSlot.{0} (Fin q) r)
                              (@EquivLike.toFunLike.{1, 1, 1}
                                (Equiv.{1, 1} (Fin s) (@Luce.Section6.CategoryCycleSlot.{0} (Fin q) r)) (Fin s)
                                (@Luce.Section6.CategoryCycleSlot.{0} (Fin q) r)
                                (@Equiv.instEquivLike.{1, 1} (Fin s) (@Luce.Section6.CategoryCycleSlot.{0} (Fin q) r)))
                              e a))).lengthIndex)
                    ((v : @Luce.Section6.CategoryCycleVertex.{0} (Fin q) (fun i => (c i).lengthIndex) r) →
                      Luce.Section6.CollisionCore n A B
                        (c
                            (@Sigma.fst.{0, 0} (Fin q) (fun i => Fin (r i))
                              (@Sigma.fst.{0, 0} (@Luce.Section6.CategoryCycleSlot.{0} (Fin q) r)
                                (fun b =>
                                  Fin
                                    (@HAdd.hAdd.{0, 0, 0} Nat Nat Nat (@instHAdd.{0} Nat instAddNat)
                                      ((fun i => (c i).lengthIndex) (@Sigma.fst.{0, 0} (Fin q) (fun i => Fin (r i)) b))
                                      (@OfNat.ofNat.{0} Nat (nat_lit 1) (instOfNatNat (nat_lit 1)))))
                                v))).side)
                    (@Equiv.instEquivLike.{1, 1}
                      (@Luce.Section6.CollisionAssignment s n A B
                        (fun a =>
                          (c
                              (@Sigma.fst.{0, 0} (Fin q) (fun i => Fin (r i))
                                (@DFunLike.coe.{1, 1, 1}
                                  (Equiv.{1, 1} (Fin s) (@Luce.Section6.CategoryCycleSlot.{0} (Fin q) r)) (Fin s)
                                  (fun x => @Luce.Section6.CategoryCycleSlot.{0} (Fin q) r)
                                  (@EquivLike.toFunLike.{1, 1, 1}
                                    (Equiv.{1, 1} (Fin s) (@Luce.Section6.CategoryCycleSlot.{0} (Fin q) r)) (Fin s)
                                    (@Luce.Section6.CategoryCycleSlot.{0} (Fin q) r)
                                    (@Equiv.instEquivLike.{1, 1} (Fin s)
                                      (@Luce.Section6.CategoryCycleSlot.{0} (Fin q) r)))
                                  e a))).side)
                        fun a =>
                        (c
                            (@Sigma.fst.{0, 0} (Fin q) (fun i => Fin (r i))
                              (@DFunLike.coe.{1, 1, 1}
                                (Equiv.{1, 1} (Fin s) (@Luce.Section6.CategoryCycleSlot.{0} (Fin q) r)) (Fin s)
                                (fun x => @Luce.Section6.CategoryCycleSlot.{0} (Fin q) r)
                                (@EquivLike.toFunLike.{1, 1, 1}
                                  (Equiv.{1, 1} (Fin s) (@Luce.Section6.CategoryCycleSlot.{0} (Fin q) r)) (Fin s)
                                  (@Luce.Section6.CategoryCycleSlot.{0} (Fin q) r)
                                  (@Equiv.instEquivLike.{1, 1} (Fin s)
                                    (@Luce.Section6.CategoryCycleSlot.{0} (Fin q) r)))
                                e a))).lengthIndex)
                      ((v : @Luce.Section6.CategoryCycleVertex.{0} (Fin q) (fun i => (c i).lengthIndex) r) →
                        Luce.Section6.CollisionCore n A B
                          (c
                              (@Sigma.fst.{0, 0} (Fin q) (fun i => Fin (r i))
                                (@Sigma.fst.{0, 0} (@Luce.Section6.CategoryCycleSlot.{0} (Fin q) r)
                                  (fun b =>
                                    Fin
                                      (@HAdd.hAdd.{0, 0, 0} Nat Nat Nat (@instHAdd.{0} Nat instAddNat)
                                        ((fun i => (c i).lengthIndex)
                                          (@Sigma.fst.{0, 0} (Fin q) (fun i => Fin (r i)) b))
                                        (@OfNat.ofNat.{0} Nat (nat_lit 1) (instOfNatNat (nat_lit 1)))))
                                  v))).side)))
                  (@Luce.Section6.categoryCoreFamilyEquiv q s n A B c r e) x
                  (@DFunLike.coe.{1, 1, 1}
                    (Equiv.Perm.{1} (@Luce.Section6.CategoryCycleVertex.{0} (Fin q) (fun i => (c i).lengthIndex) r))
                    (@Luce.Section6.CategoryCycleVertex.{0} (Fin q) (fun i => (c i).lengthIndex) r)
                    (fun x => @Luce.Section6.CategoryCycleVertex.{0} (Fin q) (fun i => (c i).lengthIndex) r)
                    (@EquivLike.toFunLike.{1, 1, 1}
                      (Equiv.Perm.{1} (@Luce.Section6.CategoryCycleVertex.{0} (Fin q) (fun i => (c i).lengthIndex) r))
                      (@Luce.Section6.CategoryCycleVertex.{0} (Fin q) (fun i => (c i).lengthIndex) r)
                      (@Luce.Section6.CategoryCycleVertex.{0} (Fin q) (fun i => (c i).lengthIndex) r)
                      (@Equiv.instEquivLike.{1, 1}
                        (@Luce.Section6.CategoryCycleVertex.{0} (Fin q) (fun i => (c i).lengthIndex) r)
                        (@Luce.Section6.CategoryCycleVertex.{0} (Fin q) (fun i => (c i).lengthIndex) r)))
                    (@Luce.Section6.categoryBlockPermutation.{0} (Fin q) (fun i => (c i).lengthIndex) r) v))))
            (@OfNat.ofNat.{0} Nat (nat_lit 1) (instOfNatNat (nat_lit 1)))))
    (@Set.ofPred.{0} (Fin n → Real) fun clocks =>
      ∀
        (p :
          @Luce.Section6.CollisionSlot s fun a =>
            (c
                (@Sigma.fst.{0, 0} (Fin q) (fun i => Fin (r i))
                  (@DFunLike.coe.{1, 1, 1} (Equiv.{1, 1} (Fin s) (@Luce.Section6.CategoryCycleSlot.{0} (Fin q) r))
                    (Fin s) (fun x => @Luce.Section6.CategoryCycleSlot.{0} (Fin q) r)
                    (@EquivLike.toFunLike.{1, 1, 1}
                      (Equiv.{1, 1} (Fin s) (@Luce.Section6.CategoryCycleSlot.{0} (Fin q) r)) (Fin s)
                      (@Luce.Section6.CategoryCycleSlot.{0} (Fin q) r)
                      (@Equiv.instEquivLike.{1, 1} (Fin s) (@Luce.Section6.CategoryCycleSlot.{0} (Fin q) r)))
                    e a))).lengthIndex),
        @Eq.{1} Nat
          (@Luce.raceRank n clocks
            (@Luce.Section6.collisionLabel s n A B
              (fun a =>
                (c
                    (@Sigma.fst.{0, 0} (Fin q) (fun i => Fin (r i))
                      (@DFunLike.coe.{1, 1, 1} (Equiv.{1, 1} (Fin s) (@Luce.Section6.CategoryCycleSlot.{0} (Fin q) r))
                        (Fin s) (fun x => @Luce.Section6.CategoryCycleSlot.{0} (Fin q) r)
                        (@EquivLike.toFunLike.{1, 1, 1}
                          (Equiv.{1, 1} (Fin s) (@Luce.Section6.CategoryCycleSlot.{0} (Fin q) r)) (Fin s)
                          (@Luce.Section6.CategoryCycleSlot.{0} (Fin q) r)
                          (@Equiv.instEquivLike.{1, 1} (Fin s) (@Luce.Section6.CategoryCycleSlot.{0} (Fin q) r)))
                        e a))).side)
              (fun a =>
                (c
                    (@Sigma.fst.{0, 0} (Fin q) (fun i => Fin (r i))
                      (@DFunLike.coe.{1, 1, 1} (Equiv.{1, 1} (Fin s) (@Luce.Section6.CategoryCycleSlot.{0} (Fin q) r))
                        (Fin s) (fun x => @Luce.Section6.CategoryCycleSlot.{0} (Fin q) r)
                        (@EquivLike.toFunLike.{1, 1, 1}
                          (Equiv.{1, 1} (Fin s) (@Luce.Section6.CategoryCycleSlot.{0} (Fin q) r)) (Fin s)
                          (@Luce.Section6.CategoryCycleSlot.{0} (Fin q) r)
                          (@Equiv.instEquivLike.{1, 1} (Fin s) (@Luce.Section6.CategoryCycleSlot.{0} (Fin q) r)))
                        e a))).lengthIndex)
              x p))
          (@HAdd.hAdd.{0, 0, 0} Nat Nat Nat (@instHAdd.{0} Nat instAddNat)
            (@Fin.val n
              (@Luce.Section6.collisionLabel s n A B
                (fun a =>
                  (c
                      (@Sigma.fst.{0, 0} (Fin q) (fun i => Fin (r i))
                        (@DFunLike.coe.{1, 1, 1} (Equiv.{1, 1} (Fin s) (@Luce.Section6.CategoryCycleSlot.{0} (Fin q) r))
                          (Fin s) (fun x => @Luce.Section6.CategoryCycleSlot.{0} (Fin q) r)
                          (@EquivLike.toFunLike.{1, 1, 1}
                            (Equiv.{1, 1} (Fin s) (@Luce.Section6.CategoryCycleSlot.{0} (Fin q) r)) (Fin s)
                            (@Luce.Section6.CategoryCycleSlot.{0} (Fin q) r)
                            (@Equiv.instEquivLike.{1, 1} (Fin s) (@Luce.Section6.CategoryCycleSlot.{0} (Fin q) r)))
                          e a))).side)
                (fun a =>
                  (c
                      (@Sigma.fst.{0, 0} (Fin q) (fun i => Fin (r i))
                        (@DFunLike.coe.{1, 1, 1} (Equiv.{1, 1} (Fin s) (@Luce.Section6.CategoryCycleSlot.{0} (Fin q) r))
                          (Fin s) (fun x => @Luce.Section6.CategoryCycleSlot.{0} (Fin q) r)
                          (@EquivLike.toFunLike.{1, 1, 1}
                            (Equiv.{1, 1} (Fin s) (@Luce.Section6.CategoryCycleSlot.{0} (Fin q) r)) (Fin s)
                            (@Luce.Section6.CategoryCycleSlot.{0} (Fin q) r)
                            (@Equiv.instEquivLike.{1, 1} (Fin s) (@Luce.Section6.CategoryCycleSlot.{0} (Fin q) r)))
                          e a))).lengthIndex)
                x
                (@DFunLike.coe.{1, 1, 1}
                  (Equiv.Perm.{1}
                    (@Luce.Section6.CollisionSlot s fun a =>
                      (c
                          (@Sigma.fst.{0, 0} (Fin q) (fun i => Fin (r i))
                            (@DFunLike.coe.{1, 1, 1}
                              (Equiv.{1, 1} (Fin s) (@Luce.Section6.CategoryCycleSlot.{0} (Fin q) r)) (Fin s)
                              (fun x => @Luce.Section6.CategoryCycleSlot.{0} (Fin q) r)
                              (@EquivLike.toFunLike.{1, 1, 1}
                                (Equiv.{1, 1} (Fin s) (@Luce.Section6.CategoryCycleSlot.{0} (Fin q) r)) (Fin s)
                                (@Luce.Section6.CategoryCycleSlot.{0} (Fin q) r)
                                (@Equiv.instEquivLike.{1, 1} (Fin s) (@Luce.Section6.CategoryCycleSlot.{0} (Fin q) r)))
                              e a))).lengthIndex))
                  (@Luce.Section6.CollisionSlot s fun a =>
                    (c
                        (@Sigma.fst.{0, 0} (Fin q) (fun i => Fin (r i))
                          (@DFunLike.coe.{1, 1, 1}
                            (Equiv.{1, 1} (Fin s) (@Luce.Section6.CategoryCycleSlot.{0} (Fin q) r)) (Fin s)
                            (fun x => @Luce.Section6.CategoryCycleSlot.{0} (Fin q) r)
                            (@EquivLike.toFunLike.{1, 1, 1}
                              (Equiv.{1, 1} (Fin s) (@Luce.Section6.CategoryCycleSlot.{0} (Fin q) r)) (Fin s)
                              (@Luce.Section6.CategoryCycleSlot.{0} (Fin q) r)
                              (@Equiv.instEquivLike.{1, 1} (Fin s) (@Luce.Section6.CategoryCycleSlot.{0} (Fin q) r)))
                            e a))).lengthIndex)
                  (fun x =>
                    @Luce.Section6.CollisionSlot s fun a =>
                      (c
                          (@Sigma.fst.{0, 0} (Fin q) (fun i => Fin (r i))
                            (@DFunLike.coe.{1, 1, 1}
                              (Equiv.{1, 1} (Fin s) (@Luce.Section6.CategoryCycleSlot.{0} (Fin q) r)) (Fin s)
                              (fun x => @Luce.Section6.CategoryCycleSlot.{0} (Fin q) r)
                              (@EquivLike.toFunLike.{1, 1, 1}
                                (Equiv.{1, 1} (Fin s) (@Luce.Section6.CategoryCycleSlot.{0} (Fin q) r)) (Fin s)
                                (@Luce.Section6.CategoryCycleSlot.{0} (Fin q) r)
                                (@Equiv.instEquivLike.{1, 1} (Fin s) (@Luce.Section6.CategoryCycleSlot.{0} (Fin q) r)))
                              e a))).lengthIndex)
                  (@EquivLike.toFunLike.{1, 1, 1}
                    (Equiv.Perm.{1}
                      (@Luce.Section6.CollisionSlot s fun a =>
                        (c
                            (@Sigma.fst.{0, 0} (Fin q) (fun i => Fin (r i))
                              (@DFunLike.coe.{1, 1, 1}
                                (Equiv.{1, 1} (Fin s) (@Luce.Section6.CategoryCycleSlot.{0} (Fin q) r)) (Fin s)
                                (fun x => @Luce.Section6.CategoryCycleSlot.{0} (Fin q) r)
                                (@EquivLike.toFunLike.{1, 1, 1}
                                  (Equiv.{1, 1} (Fin s) (@Luce.Section6.CategoryCycleSlot.{0} (Fin q) r)) (Fin s)
                                  (@Luce.Section6.CategoryCycleSlot.{0} (Fin q) r)
                                  (@Equiv.instEquivLike.{1, 1} (Fin s)
                                    (@Luce.Section6.CategoryCycleSlot.{0} (Fin q) r)))
                                e a))).lengthIndex))
                    (@Luce.Section6.CollisionSlot s fun a =>
                      (c
                          (@Sigma.fst.{0, 0} (Fin q) (fun i => Fin (r i))
                            (@DFunLike.coe.{1, 1, 1}
                              (Equiv.{1, 1} (Fin s) (@Luce.Section6.CategoryCycleSlot.{0} (Fin q) r)) (Fin s)
                              (fun x => @Luce.Section6.CategoryCycleSlot.{0} (Fin q) r)
                              (@EquivLike.toFunLike.{1, 1, 1}
                                (Equiv.{1, 1} (Fin s) (@Luce.Section6.CategoryCycleSlot.{0} (Fin q) r)) (Fin s)
                                (@Luce.Section6.CategoryCycleSlot.{0} (Fin q) r)
                                (@Equiv.instEquivLike.{1, 1} (Fin s) (@Luce.Section6.CategoryCycleSlot.{0} (Fin q) r)))
                              e a))).lengthIndex)
                    (@Luce.Section6.CollisionSlot s fun a =>
                      (c
                          (@Sigma.fst.{0, 0} (Fin q) (fun i => Fin (r i))
                            (@DFunLike.coe.{1, 1, 1}
                              (Equiv.{1, 1} (Fin s) (@Luce.Section6.CategoryCycleSlot.{0} (Fin q) r)) (Fin s)
                              (fun x => @Luce.Section6.CategoryCycleSlot.{0} (Fin q) r)
                              (@EquivLike.toFunLike.{1, 1, 1}
                                (Equiv.{1, 1} (Fin s) (@Luce.Section6.CategoryCycleSlot.{0} (Fin q) r)) (Fin s)
                                (@Luce.Section6.CategoryCycleSlot.{0} (Fin q) r)
                                (@Equiv.instEquivLike.{1, 1} (Fin s) (@Luce.Section6.CategoryCycleSlot.{0} (Fin q) r)))
                              e a))).lengthIndex)
                    (@Equiv.instEquivLike.{1, 1}
                      (@Luce.Section6.CollisionSlot s fun a =>
                        (c
                            (@Sigma.fst.{0, 0} (Fin q) (fun i => Fin (r i))
                              (@DFunLike.coe.{1, 1, 1}
                                (Equiv.{1, 1} (Fin s) (@Luce.Section6.CategoryCycleSlot.{0} (Fin q) r)) (Fin s)
                                (fun x => @Luce.Section6.CategoryCycleSlot.{0} (Fin q) r)
                                (@EquivLike.toFunLike.{1, 1, 1}
                                  (Equiv.{1, 1} (Fin s) (@Luce.Section6.CategoryCycleSlot.{0} (Fin q) r)) (Fin s)
                                  (@Luce.Section6.CategoryCycleSlot.{0} (Fin q) r)
                                  (@Equiv.instEquivLike.{1, 1} (Fin s)
                                    (@Luce.Section6.CategoryCycleSlot.{0} (Fin q) r)))
                                e a))).lengthIndex)
                      (@Luce.Section6.CollisionSlot s fun a =>
                        (c
                            (@Sigma.fst.{0, 0} (Fin q) (fun i => Fin (r i))
                              (@DFunLike.coe.{1, 1, 1}
                                (Equiv.{1, 1} (Fin s) (@Luce.Section6.CategoryCycleSlot.{0} (Fin q) r)) (Fin s)
                                (fun x => @Luce.Section6.CategoryCycleSlot.{0} (Fin q) r)
                                (@EquivLike.toFunLike.{1, 1, 1}
                                  (Equiv.{1, 1} (Fin s) (@Luce.Section6.CategoryCycleSlot.{0} (Fin q) r)) (Fin s)
                                  (@Luce.Section6.CategoryCycleSlot.{0} (Fin q) r)
                                  (@Equiv.instEquivLike.{1, 1} (Fin s)
                                    (@Luce.Section6.CategoryCycleSlot.{0} (Fin q) r)))
                                e a))).lengthIndex)))
                  (@Luce.Section6.collisionBlockPermutation s fun a =>
                    (c
                        (@Sigma.fst.{0, 0} (Fin q) (fun i => Fin (r i))
                          (@DFunLike.coe.{1, 1, 1}
                            (Equiv.{1, 1} (Fin s) (@Luce.Section6.CategoryCycleSlot.{0} (Fin q) r)) (Fin s)
                            (fun x => @Luce.Section6.CategoryCycleSlot.{0} (Fin q) r)
                            (@EquivLike.toFunLike.{1, 1, 1}
                              (Equiv.{1, 1} (Fin s) (@Luce.Section6.CategoryCycleSlot.{0} (Fin q) r)) (Fin s)
                              (@Luce.Section6.CategoryCycleSlot.{0} (Fin q) r)
                              (@Equiv.instEquivLike.{1, 1} (Fin s) (@Luce.Section6.CategoryCycleSlot.{0} (Fin q) r)))
                            e a))).lengthIndex)
                  p)))
            (@OfNat.ofNat.{0} Nat (nat_lit 1) (instOfNatNat (nat_lit 1))))) :=
⋯
'Luce.Section6.category_core_enumeration_rank_event' depends on axioms: [propext, Classical.choice.{u}, Quot.sound.{u}]
theorem Luce.Section6.finite_indicator_sum_eq_subtype.{u_1} : ∀ {α : Type u_1} [inst : Fintype.{u_1} α] (P : α → Prop)
  (f : α → Real) [inst_1 : @DecidablePred.{u_1 + 1} α P],
  @Eq.{1} Real
    (∑ x,
      @ite.{1} Real (P x) (inst_1 x) (f x) (@OfNat.ofNat.{0} Real (nat_lit 0) (@Zero.toOfNat0.{0} Real Real.instZero)))
    (∑ x, f (@Subtype.val.{u_1 + 1} α (fun x => P x) x)) :=
⋯
'Luce.Section6.finite_indicator_sum_eq_subtype' depends on axioms: [propext, Classical.choice.{u}, Quot.sound.{u}]
theorem Luce.Section6.restricted_embedding_sum.{u_1, u_2} : ∀ {α : Type u_1} {ν : Type u_2} [inst : Fintype.{u_1} α]
  [inst_1 : Fintype.{u_2} ν] [inst_2 : DecidableEq.{u_1 + 1} α] [inst_3 : DecidableEq.{u_2 + 1} ν] (Q : ν → α → Prop)
  (P : (ν → α) → Prop),
  (∀ (x : ν → α), P x → ∀ (v : ν), Q v (x v)) →
    ∀ (f : (ν → α) → Real) [inst_4 : @DecidablePred.{max (u_1 + 1) (u_2 + 1)} (ν → α) P]
      [inst_5 : (v : ν) → @DecidablePred.{u_1 + 1} α (Q v)],
      @Eq.{1} Real
        (∑ e,
          @ite.{1} Real
            (P
              (@DFunLike.coe.{max (u_1 + 1) (u_2 + 1), u_2 + 1, u_1 + 1} (Function.Embedding.{u_2 + 1, u_1 + 1} ν α) ν
                (fun x => α) (@Function.instFunLikeEmbedding.{u_2 + 1, u_1 + 1} ν α) e))
            (inst_4
              (@DFunLike.coe.{max (u_1 + 1) (u_2 + 1), u_2 + 1, u_1 + 1} (Function.Embedding.{u_2 + 1, u_1 + 1} ν α) ν
                (fun x => α) (@Function.instFunLikeEmbedding.{u_2 + 1, u_1 + 1} ν α) e))
            (f
              (@DFunLike.coe.{max (u_1 + 1) (u_2 + 1), u_2 + 1, u_1 + 1} (Function.Embedding.{u_2 + 1, u_1 + 1} ν α) ν
                (fun x => α) (@Function.instFunLikeEmbedding.{u_2 + 1, u_1 + 1} ν α) e))
            (@OfNat.ofNat.{0} Real (nat_lit 0) (@Zero.toOfNat0.{0} Real Real.instZero)))
        (∑ x,
          @ite.{1} Real
            (And (@Function.Injective.{u_2 + 1, u_1 + 1} ν α fun v => @Subtype.val.{u_1 + 1} α (fun a => Q v a) (x v))
              (P fun v => @Subtype.val.{u_1 + 1} α (fun a => Q v a) (x v)))
            (@instDecidableAnd
              (@Function.Injective.{u_2 + 1, u_1 + 1} ν α fun v => @Subtype.val.{u_1 + 1} α (fun a => Q v a) (x v))
              (P fun v => @Subtype.val.{u_1 + 1} α (fun a => Q v a) (x v))
              (@Fintype.decidableInjectiveFintype.{u_2, u_1} ν α inst_2 inst_1 fun v =>
                @Subtype.val.{u_1 + 1} α (fun a => Q v a) (x v))
              (inst_4 fun v => @Subtype.val.{u_1 + 1} α (fun a => Q v a) (x v)))
            (f fun v => @Subtype.val.{u_1 + 1} α (fun a => Q v a) (x v))
            (@OfNat.ofNat.{0} Real (nat_lit 0) (@Zero.toOfNat0.{0} Real Real.instZero))) :=
⋯
'Luce.Section6.restricted_embedding_sum' depends on axioms: [propext, Classical.choice.{u}, Quot.sound.{u}]
theorem Luce.Section6.category_core_actual_sum_reindex : ∀ {q s n A B : Nat}
  (c : Fin q → Luce.Section6.CoreCycleCategory) (r : Fin q → Nat)
  (e : Equiv.{1, 1} (Fin s) (@Luce.Section6.CategoryCycleSlot.{0} (Fin q) r)) (w : Luce.Weights n),
  @Eq.{1} Real
    (∑ t,
      @ite.{1} Real
        (∀ (b : @Luce.Section6.CategoryCycleSlot.{0} (Fin q) r),
          @Luce.Section6.CategoryAdmissible n A B (c (@Sigma.fst.{0, 0} (Fin q) (fun i => Fin (r i)) b))
            (@Luce.Section6.categoryBlockVertexSet.{0, 0} (Fin n) (Fin q) (instDecidableEqFin n)
              (fun i => (c i).lengthIndex) r
              (@DFunLike.coe.{1, 1, 1}
                (Function.Embedding.{1, 1}
                  (@Luce.Section6.CategoryCycleVertex.{0} (Fin q) (fun i => (c i).lengthIndex) r) (Fin n))
                (@Luce.Section6.CategoryCycleVertex.{0} (Fin q) (fun i => (c i).lengthIndex) r) (fun x => Fin n)
                (@Function.instFunLikeEmbedding.{1, 1}
                  (@Luce.Section6.CategoryCycleVertex.{0} (Fin q) (fun i => (c i).lengthIndex) r) (Fin n))
                t)
              b))
        (@Fintype.decidableForallFintype.{0} (@Luce.Section6.CategoryCycleSlot.{0} (Fin q) r)
          (fun b =>
            @Luce.Section6.CategoryAdmissible n A B (c (@Sigma.fst.{0, 0} (Fin q) (fun i => Fin (r i)) b))
              (@Luce.Section6.categoryBlockVertexSet.{0, 0} (Fin n) (Fin q) (instDecidableEqFin n)
                (fun i => (c i).lengthIndex) r
                (@DFunLike.coe.{1, 1, 1}
                  (Function.Embedding.{1, 1}
                    (@Luce.Section6.CategoryCycleVertex.{0} (Fin q) (fun i => (c i).lengthIndex) r) (Fin n))
                  (@Luce.Section6.CategoryCycleVertex.{0} (Fin q) (fun i => (c i).lengthIndex) r) (fun x => Fin n)
                  (@Function.instFunLikeEmbedding.{1, 1}
                    (@Luce.Section6.CategoryCycleVertex.{0} (Fin q) (fun i => (c i).lengthIndex) r) (Fin n))
                  t)
                b))
          (fun a =>
            Classical.propDecidable
              (@Luce.Section6.CategoryAdmissible n A B (c (@Sigma.fst.{0, 0} (Fin q) (fun i => Fin (r i)) a))
                (@Luce.Section6.categoryBlockVertexSet.{0, 0} (Fin n) (Fin q) (instDecidableEqFin n)
                  (fun i => (c i).lengthIndex) r
                  (@DFunLike.coe.{1, 1, 1}
                    (Function.Embedding.{1, 1}
                      (@Luce.Section6.CategoryCycleVertex.{0} (Fin q) (fun i => (c i).lengthIndex) r) (Fin n))
                    (@Luce.Section6.CategoryCycleVertex.{0} (Fin q) (fun i => (c i).lengthIndex) r) (fun x => Fin n)
                    (@Function.instFunLikeEmbedding.{1, 1}
                      (@Luce.Section6.CategoryCycleVertex.{0} (Fin q) (fun i => (c i).lengthIndex) r) (Fin n))
                    t)
                  a)))
          (@Sigma.instFintype.{0, 0} (Fin q) (fun i => Fin (r i)) (fun i => Fin.fintype (r i)) (Fin.fintype q)))
        (@MeasureTheory.Measure.real.{0} (Fin n → Real)
          (@MeasurableSpace.pi.{0, 0} (Fin n) (fun a => Real) fun a => Real.measurableSpace) (@Luce.exponentialRace n w)
          (@Set.ofPred.{0} (Fin n → Real) fun z =>
            ∀ (v : @Luce.Section6.CategoryCycleVertex.{0} (Fin q) (fun i => (c i).lengthIndex) r),
              @Eq.{1} Nat
                (@Luce.raceRank n z
                  (@DFunLike.coe.{1, 1, 1}
                    (Function.Embedding.{1, 1}
                      (@Luce.Section6.CategoryCycleVertex.{0} (Fin q) (fun i => (c i).lengthIndex) r) (Fin n))
                    (@Luce.Section6.CategoryCycleVertex.{0} (Fin q) (fun i => (c i).lengthIndex) r) (fun x => Fin n)
                    (@Function.instFunLikeEmbedding.{1, 1}
                      (@Luce.Section6.CategoryCycleVertex.{0} (Fin q) (fun i => (c i).lengthIndex) r) (Fin n))
                    t v))
                (@HAdd.hAdd.{0, 0, 0} Nat Nat Nat (@instHAdd.{0} Nat instAddNat)
                  (@Fin.val n
                    (@DFunLike.coe.{1, 1, 1}
                      (Function.Embedding.{1, 1}
                        (@Luce.Section6.CategoryCycleVertex.{0} (Fin q) (fun i => (c i).lengthIndex) r) (Fin n))
                      (@Luce.Section6.CategoryCycleVertex.{0} (Fin q) (fun i => (c i).lengthIndex) r) (fun x => Fin n)
                      (@Function.instFunLikeEmbedding.{1, 1}
                        (@Luce.Section6.CategoryCycleVertex.{0} (Fin q) (fun i => (c i).lengthIndex) r) (Fin n))
                      t
                      (@DFunLike.coe.{1, 1, 1}
                        (Equiv.Perm.{1} (@Luce.Section6.CategoryCycleVertex.{0} (Fin q) (fun i => (c i).lengthIndex) r))
                        (@Luce.Section6.CategoryCycleVertex.{0} (Fin q) (fun i => (c i).lengthIndex) r)
                        (fun x => @Luce.Section6.CategoryCycleVertex.{0} (Fin q) (fun i => (c i).lengthIndex) r)
                        (@EquivLike.toFunLike.{1, 1, 1}
                          (Equiv.Perm.{1}
                            (@Luce.Section6.CategoryCycleVertex.{0} (Fin q) (fun i => (c i).lengthIndex) r))
                          (@Luce.Section6.CategoryCycleVertex.{0} (Fin q) (fun i => (c i).lengthIndex) r)
                          (@Luce.Section6.CategoryCycleVertex.{0} (Fin q) (fun i => (c i).lengthIndex) r)
                          (@Equiv.instEquivLike.{1, 1}
                            (@Luce.Section6.CategoryCycleVertex.{0} (Fin q) (fun i => (c i).lengthIndex) r)
                            (@Luce.Section6.CategoryCycleVertex.{0} (Fin q) (fun i => (c i).lengthIndex) r)))
                        (@Luce.Section6.categoryBlockPermutation.{0} (Fin q) (fun i => (c i).lengthIndex) r) v)))
                  (@OfNat.ofNat.{0} Nat (nat_lit 1) (instOfNatNat (nat_lit 1))))))
        (@OfNat.ofNat.{0} Real (nat_lit 0) (@Zero.toOfNat0.{0} Real Real.instZero)))
    (∑ x,
      @Luce.Section6.coreFamilyActualWeight s n A B
        (fun a =>
          (c
              (@Sigma.fst.{0, 0} (Fin q) (fun i => Fin (r i))
                (@DFunLike.coe.{1, 1, 1} (Equiv.{1, 1} (Fin s) (@Luce.Section6.CategoryCycleSlot.{0} (Fin q) r)) (Fin s)
                  (fun x => @Luce.Section6.CategoryCycleSlot.{0} (Fin q) r)
                  (@EquivLike.toFunLike.{1, 1, 1}
                    (Equiv.{1, 1} (Fin s) (@Luce.Section6.CategoryCycleSlot.{0} (Fin q) r)) (Fin s)
                    (@Luce.Section6.CategoryCycleSlot.{0} (Fin q) r)
                    (@Equiv.instEquivLike.{1, 1} (Fin s) (@Luce.Section6.CategoryCycleSlot.{0} (Fin q) r)))
                  e a))).side)
        (fun a =>
          (c
              (@Sigma.fst.{0, 0} (Fin q) (fun i => Fin (r i))
                (@DFunLike.coe.{1, 1, 1} (Equiv.{1, 1} (Fin s) (@Luce.Section6.CategoryCycleSlot.{0} (Fin q) r)) (Fin s)
                  (fun x => @Luce.Section6.CategoryCycleSlot.{0} (Fin q) r)
                  (@EquivLike.toFunLike.{1, 1, 1}
                    (Equiv.{1, 1} (Fin s) (@Luce.Section6.CategoryCycleSlot.{0} (Fin q) r)) (Fin s)
                    (@Luce.Section6.CategoryCycleSlot.{0} (Fin q) r)
                    (@Equiv.instEquivLike.{1, 1} (Fin s) (@Luce.Section6.CategoryCycleSlot.{0} (Fin q) r)))
                  e a))).lengthIndex)
        (@Luce.Section6.categoryFamilyRestriction q s n c r e) w x) :=
⋯
'Luce.Section6.category_core_actual_sum_reindex' depends on axioms: [propext, Classical.choice.{u}, Quot.sound.{u}]
theorem Luce.Section6.core_category_expectation_eq_family_sum : ∀ {q s n : Nat},
  @LE.le.{0} Nat instLENat (@OfNat.ofNat.{0} Nat (nat_lit 2) (instOfNatNat (nat_lit 2))) n →
    @LT.lt.{0} Nat instLTNat
        (@HMul.hMul.{0, 0, 0} Nat Nat Nat (@instHMul.{0} Nat instMulNat)
          (@OfNat.ofNat.{0} Nat (nat_lit 2) (instOfNatNat (nat_lit 2))) (Luce.Section6.idealCoreUpper n))
        (@HAdd.hAdd.{0, 0, 0} Nat Nat Nat (@instHAdd.{0} Nat instAddNat) n
          (@OfNat.ofNat.{0} Nat (nat_lit 1) (instOfNatNat (nat_lit 1)))) →
      ∀ (c : Fin q → Luce.Section6.CoreCycleCategory),
        @Luce.Section6.CoreCategoriesDisjoint q c →
          ∀ (r : Fin q → Nat) (e : Equiv.{1, 1} (Fin s) (@Luce.Section6.CategoryCycleSlot.{0} (Fin q) r))
            (w : Luce.Weights n),
            @Eq.{1} Real
              (@MeasureTheory.integral.{0, 0} (Fin n → Real) Real Real.normedAddCommGroup
                (@InnerProductSpace.toNormedSpace.{0, 0} Real Real Real.instRCLike
                  (@NormedAddCommGroup.toSeminormedAddCommGroup.{0} Real Real.normedAddCommGroup)
                  (@RCLike.toInnerProductSpaceReal.{0} Real Real.instRCLike))
                (@MeasurableSpace.pi.{0, 0} (Fin n) (fun a => Real) fun a => Real.measurableSpace)
                (@Luce.exponentialRace n w) fun z =>
                ∏ i,
                  @Nat.cast.{0} Real Real.instNatCast
                    ((@Luce.Section6.coreCategoryCount n (@Luce.raceRankPermutation n z) (c i)).descFactorial (r i)))
              (@HDiv.hDiv.{0, 0, 0} Real Real Real
                (@instHDiv.{0} Real (@DivInvMonoid.toDiv.{0} Real Real.instDivInvMonoid))
                (∑ x,
                  @Luce.Section6.coreFamilyActualWeight s n (Luce.Section6.idealCoreLower n)
                    (Luce.Section6.idealCoreUpper n)
                    (fun a =>
                      (c
                          (@Sigma.fst.{0, 0} (Fin q) (fun i => Fin (r i))
                            (@DFunLike.coe.{1, 1, 1}
                              (Equiv.{1, 1} (Fin s) (@Luce.Section6.CategoryCycleSlot.{0} (Fin q) r)) (Fin s)
                              (fun x => @Luce.Section6.CategoryCycleSlot.{0} (Fin q) r)
                              (@EquivLike.toFunLike.{1, 1, 1}
                                (Equiv.{1, 1} (Fin s) (@Luce.Section6.CategoryCycleSlot.{0} (Fin q) r)) (Fin s)
                                (@Luce.Section6.CategoryCycleSlot.{0} (Fin q) r)
                                (@Equiv.instEquivLike.{1, 1} (Fin s) (@Luce.Section6.CategoryCycleSlot.{0} (Fin q) r)))
                              e a))).side)
                    (fun a =>
                      (c
                          (@Sigma.fst.{0, 0} (Fin q) (fun i => Fin (r i))
                            (@DFunLike.coe.{1, 1, 1}
                              (Equiv.{1, 1} (Fin s) (@Luce.Section6.CategoryCycleSlot.{0} (Fin q) r)) (Fin s)
                              (fun x => @Luce.Section6.CategoryCycleSlot.{0} (Fin q) r)
                              (@EquivLike.toFunLike.{1, 1, 1}
                                (Equiv.{1, 1} (Fin s) (@Luce.Section6.CategoryCycleSlot.{0} (Fin q) r)) (Fin s)
                                (@Luce.Section6.CategoryCycleSlot.{0} (Fin q) r)
                                (@Equiv.instEquivLike.{1, 1} (Fin s) (@Luce.Section6.CategoryCycleSlot.{0} (Fin q) r)))
                              e a))).lengthIndex)
                    (@Luce.Section6.categoryFamilyRestriction q s n c r e) w x)
                (∏ i,
                  @HPow.hPow.{0, 0, 0} Real Nat Real
                    (@instHPow.{0, 0} Real Nat (@NPow.toPow.{0} Real (@Monoid.toNPow.{0} Real Real.instMonoid)))
                    (@Nat.cast.{0} Real Real.instNatCast
                      (@HAdd.hAdd.{0, 0, 0} Nat Nat Nat (@instHAdd.{0} Nat instAddNat) (c i).lengthIndex
                        (@OfNat.ofNat.{0} Nat (nat_lit 1) (instOfNatNat (nat_lit 1)))))
                    (r i))) :=
⋯
'Luce.Section6.core_category_expectation_eq_family_sum' depends on axioms: [propext,
 Classical.choice.{u},
 Quot.sound.{u}]
theorem Luce.Section6.category_slot_product : ∀ {q s : Nat} (r : Fin q → Nat)
  (e : Equiv.{1, 1} (Fin s) (@Luce.Section6.CategoryCycleSlot.{0} (Fin q) r)) (f : Fin q → Real),
  @Eq.{1} Real
    (∏ a,
      f
        (@Sigma.fst.{0, 0} (Fin q) (fun i => Fin (r i))
          (@DFunLike.coe.{1, 1, 1} (Equiv.{1, 1} (Fin s) (@Luce.Section6.CategoryCycleSlot.{0} (Fin q) r)) (Fin s)
            (fun x => @Luce.Section6.CategoryCycleSlot.{0} (Fin q) r)
            (@EquivLike.toFunLike.{1, 1, 1} (Equiv.{1, 1} (Fin s) (@Luce.Section6.CategoryCycleSlot.{0} (Fin q) r))
              (Fin s) (@Luce.Section6.CategoryCycleSlot.{0} (Fin q) r)
              (@Equiv.instEquivLike.{1, 1} (Fin s) (@Luce.Section6.CategoryCycleSlot.{0} (Fin q) r)))
            e a)))
    (∏ i,
      @HPow.hPow.{0, 0, 0} Real Nat Real
        (@instHPow.{0, 0} Real Nat (@NPow.toPow.{0} Real (@Monoid.toNPow.{0} Real Real.instMonoid))) (f i) (r i)) :=
⋯
'Luce.Section6.category_slot_product' depends on axioms: [propext, Classical.choice.{u}, Quot.sound.{u}]
theorem Luce.Section6.category_rotation_factor_ge_one : ∀ {q : Nat} (c : Fin q → Luce.Section6.CoreCycleCategory)
  (r : Fin q → Nat),
  @LE.le.{0} Real Real.instLE (@OfNat.ofNat.{0} Real (nat_lit 1) (@One.toOfNat1.{0} Real Real.instOne))
    (∏ i,
      @HPow.hPow.{0, 0, 0} Real Nat Real
        (@instHPow.{0, 0} Real Nat (@NPow.toPow.{0} Real (@Monoid.toNPow.{0} Real Real.instMonoid)))
        (@Nat.cast.{0} Real Real.instNatCast
          (@HAdd.hAdd.{0, 0, 0} Nat Nat Nat (@instHAdd.{0} Nat instAddNat) (c i).lengthIndex
            (@OfNat.ofNat.{0} Nat (nat_lit 1) (instOfNatNat (nat_lit 1)))))
        (r i)) :=
⋯
'Luce.Section6.category_rotation_factor_ge_one' depends on axioms: [propext, Classical.choice.{u}, Quot.sound.{u}]
theorem Luce.Section6.core_category_ideal_product_eq_family_sum : ∀ {q s n : Nat},
  @LE.le.{0} Nat instLENat (@OfNat.ofNat.{0} Nat (nat_lit 1) (instOfNatNat (nat_lit 1)))
      (Luce.Section6.idealCoreLower n) →
    @LE.le.{0} Nat instLENat (Luce.Section6.idealCoreUpper n) n →
      ∀ (left right : Luce.Section6.EndpointBehavior) (c : Fin q → Luce.Section6.CoreCycleCategory) (r : Fin q → Nat)
        (e : Equiv.{1, 1} (Fin s) (@Luce.Section6.CategoryCycleSlot.{0} (Fin q) r)),
        @Eq.{1} Real
          (∏ i,
            @HPow.hPow.{0, 0, 0} Real Nat Real
              (@instHPow.{0, 0} Real Nat (@NPow.toPow.{0} Real (@Monoid.toNPow.{0} Real Real.instMonoid)))
              (Luce.Section6.coreCategoryIdealMean left right n (c i)) (r i))
          (@HDiv.hDiv.{0, 0, 0} Real Real Real (@instHDiv.{0} Real (@DivInvMonoid.toDiv.{0} Real Real.instDivInvMonoid))
            (∑ x,
              @Luce.Section6.coreFamilyIdealWeight s n (Luce.Section6.idealCoreLower n) (Luce.Section6.idealCoreUpper n)
                (fun a =>
                  (c
                      (@Sigma.fst.{0, 0} (Fin q) (fun i => Fin (r i))
                        (@DFunLike.coe.{1, 1, 1} (Equiv.{1, 1} (Fin s) (@Luce.Section6.CategoryCycleSlot.{0} (Fin q) r))
                          (Fin s) (fun x => @Luce.Section6.CategoryCycleSlot.{0} (Fin q) r)
                          (@EquivLike.toFunLike.{1, 1, 1}
                            (Equiv.{1, 1} (Fin s) (@Luce.Section6.CategoryCycleSlot.{0} (Fin q) r)) (Fin s)
                            (@Luce.Section6.CategoryCycleSlot.{0} (Fin q) r)
                            (@Equiv.instEquivLike.{1, 1} (Fin s) (@Luce.Section6.CategoryCycleSlot.{0} (Fin q) r)))
                          e a))).side)
                (fun a =>
                  Luce.Section6.cornerBehavior left right
                    (c
                        (@Sigma.fst.{0, 0} (Fin q) (fun i => Fin (r i))
                          (@DFunLike.coe.{1, 1, 1}
                            (Equiv.{1, 1} (Fin s) (@Luce.Section6.CategoryCycleSlot.{0} (Fin q) r)) (Fin s)
                            (fun x => @Luce.Section6.CategoryCycleSlot.{0} (Fin q) r)
                            (@EquivLike.toFunLike.{1, 1, 1}
                              (Equiv.{1, 1} (Fin s) (@Luce.Section6.CategoryCycleSlot.{0} (Fin q) r)) (Fin s)
                              (@Luce.Section6.CategoryCycleSlot.{0} (Fin q) r)
                              (@Equiv.instEquivLike.{1, 1} (Fin s) (@Luce.Section6.CategoryCycleSlot.{0} (Fin q) r)))
                            e a))).side)
                (fun a =>
                  (c
                      (@Sigma.fst.{0, 0} (Fin q) (fun i => Fin (r i))
                        (@DFunLike.coe.{1, 1, 1} (Equiv.{1, 1} (Fin s) (@Luce.Section6.CategoryCycleSlot.{0} (Fin q) r))
                          (Fin s) (fun x => @Luce.Section6.CategoryCycleSlot.{0} (Fin q) r)
                          (@EquivLike.toFunLike.{1, 1, 1}
                            (Equiv.{1, 1} (Fin s) (@Luce.Section6.CategoryCycleSlot.{0} (Fin q) r)) (Fin s)
                            (@Luce.Section6.CategoryCycleSlot.{0} (Fin q) r)
                            (@Equiv.instEquivLike.{1, 1} (Fin s) (@Luce.Section6.CategoryCycleSlot.{0} (Fin q) r)))
                          e a))).lengthIndex)
                (@Luce.Section6.categoryFamilyRestriction q s n c r e) x)
            (∏ i,
              @HPow.hPow.{0, 0, 0} Real Nat Real
                (@instHPow.{0, 0} Real Nat (@NPow.toPow.{0} Real (@Monoid.toNPow.{0} Real Real.instMonoid)))
                (@Nat.cast.{0} Real Real.instNatCast
                  (@HAdd.hAdd.{0, 0, 0} Nat Nat Nat (@instHAdd.{0} Nat instAddNat) (c i).lengthIndex
                    (@OfNat.ofNat.{0} Nat (nat_lit 1) (instOfNatNat (nat_lit 1)))))
                (r i))) :=
⋯
'Luce.Section6.core_category_ideal_product_eq_family_sum' depends on axioms: [propext,
 Classical.choice.{u},
 Quot.sound.{u}]
theorem Luce.Section6.proposition610 : Luce.Section6.Proposition610Contract.proposition610 :=
⋯
'Luce.Section6.proposition610' depends on axioms: [propext, Classical.choice.{u}, Quot.sound.{u}]
theorem Luce.Section6.proposition610_contractCheck : Luce.Section6.Proposition610Contract.proposition610 :=
Luce.Section6.proposition610
'Luce.Section6.proposition610_contractCheck' depends on axioms: [propext, Classical.choice.{u}, Quot.sound.{u}]
