def ShellMigrationContract.section4.{u} : Prop :=
∀ (Ω : Nat → Type u) (mΩ : (n : Nat) → MeasurableSpace.{u} (Ω n))
  (P : (n : Nat) → @MeasureTheory.Measure.{u} (Ω n) (mΩ n))
  (hP : ∀ (n : Nat), @MeasureTheory.IsProbabilityMeasure.{u} (Ω n) (mΩ n) (P n)) (w : Luce.WeightArray)
  (f : Real → Real),
  Luce.NormalizedWeights w →
    Luce.ProfileLimit w f →
      @Filter.Tendsto.{0, 0} Nat ENNReal
          (fun (J : Nat) =>
            @Filter.limsup.{0, 0} ENNReal Nat
              (@ConditionallyCompleteLinearOrder.toConditionallyCompleteLattice.{0} ENNReal
                (@ConditionallyCompleteLinearOrderBot.toConditionallyCompleteLinearOrder.{0} ENNReal
                  (@CompleteLinearOrder.toConditionallyCompleteLinearOrderBot.{0} ENNReal
                    ENNReal.instCompleteLinearOrder)))
              (fun (n : Nat) =>
                @tsum.{0, 0} ENNReal Nat ENNReal.instAddCommMonoid ENNReal.instTopologicalSpace
                  (fun (j : Nat) =>
                    @ite.{1} ENNReal (@LE.le.{0} Nat instLENat J j) (Nat.decLe J j) (Luce.shellCost w n j)
                      (@OfNat.ofNat.{0} ENNReal (nat_lit 0) (@Zero.toOfNat0.{0} ENNReal ENNReal.instZero)))
                  (SummationFilter.unconditional.{0} Nat))
              (@Filter.atTop.{0} Nat Nat.instPreorder))
          (@Filter.atTop.{0} Nat Nat.instPreorder)
          (@nhds.{0} ENNReal ENNReal.instTopologicalSpace
            (@OfNat.ofNat.{0} ENNReal (nat_lit 0) (@Zero.toOfNat0.{0} ENNReal ENNReal.instZero))) →
        ∀ (π : (n : Nat) → Ω n → Equiv.Perm.{1} (Fin n))
          (hπ :
            ∀ (n : Nat),
              @Measurable.{u, 0} (Ω n) (Equiv.Perm.{1} (Fin n)) (mΩ n)
                (@Top.top.{0} (MeasurableSpace.{0} (Equiv.Perm.{1} (Fin n)))
                  (@OrderTop.toTop.{0} (MeasurableSpace.{0} (Equiv.Perm.{1} (Fin n)))
                    (@Preorder.toLE.{0} (MeasurableSpace.{0} (Equiv.Perm.{1} (Fin n)))
                      (@PartialOrder.toPreorder.{0} (MeasurableSpace.{0} (Equiv.Perm.{1} (Fin n)))
                        (@SemilatticeSup.toPartialOrder.{0} (MeasurableSpace.{0} (Equiv.Perm.{1} (Fin n)))
                          (@Lattice.toSemilatticeSup.{0} (MeasurableSpace.{0} (Equiv.Perm.{1} (Fin n)))
                            (@CompleteLattice.toLattice.{0} (MeasurableSpace.{0} (Equiv.Perm.{1} (Fin n)))
                              (@MeasurableSpace.instCompleteLattice.{0} (Equiv.Perm.{1} (Fin n))))))))
                    (@BoundedOrder.toOrderTop.{0} (MeasurableSpace.{0} (Equiv.Perm.{1} (Fin n)))
                      (@Preorder.toLE.{0} (MeasurableSpace.{0} (Equiv.Perm.{1} (Fin n)))
                        (@PartialOrder.toPreorder.{0} (MeasurableSpace.{0} (Equiv.Perm.{1} (Fin n)))
                          (@SemilatticeSup.toPartialOrder.{0} (MeasurableSpace.{0} (Equiv.Perm.{1} (Fin n)))
                            (@Lattice.toSemilatticeSup.{0} (MeasurableSpace.{0} (Equiv.Perm.{1} (Fin n)))
                              (@CompleteLattice.toLattice.{0} (MeasurableSpace.{0} (Equiv.Perm.{1} (Fin n)))
                                (@MeasurableSpace.instCompleteLattice.{0} (Equiv.Perm.{1} (Fin n))))))))
                      (@CompleteLattice.toBoundedOrder.{0} (MeasurableSpace.{0} (Equiv.Perm.{1} (Fin n)))
                        (@MeasurableSpace.instCompleteLattice.{0} (Equiv.Perm.{1} (Fin n)))))))
                (π n)),
          (∀ (n : Nat) (σ : Equiv.Perm.{1} (Fin n)),
              @Eq.{1} Real
                (@MeasureTheory.Measure.real.{u} (Ω n) (mΩ n) (P n)
                  (@Set.ofPred.{u} (Ω n) fun (ω : Ω n) => @Eq.{1} (Equiv.Perm.{1} (Fin n)) (π n ω) σ))
                (@Luce.Weights.mass n (w n) σ)) →
            And
              (@MeasureTheory.Integrable.{0, 0} Real
                (@UniformSpace.toTopologicalSpace.{0} Real
                  (@PseudoMetricSpace.toUniformSpace.{0} Real Real.pseudoMetricSpace))
                (@SeminormedAddGroup.toContinuousENorm.{0} Real
                  (@SeminormedAddCommGroup.toSeminormedAddGroup.{0} Real
                    (@NonUnitalSeminormedRing.toSeminormedAddCommGroup.{0} Real
                      (@NonUnitalSeminormedCommRing.toNonUnitalSeminormedRing.{0} Real
                        (@SeminormedCommRing.toNonUnitalSeminormedCommRing.{0} Real
                          (@NormedCommRing.toSeminormedCommRing.{0} Real Real.normedCommRing))))))
                Real (@MeasureTheory.MeasureSpace.toMeasurableSpace.{0} Real Real.measureSpace) (Luce.profileDiagonal f)
                (@MeasureTheory.Measure.restrict.{0} Real
                  (@MeasureTheory.MeasureSpace.toMeasurableSpace.{0} Real Real.measureSpace)
                  (@MeasureTheory.MeasureSpace.volume.{0} Real Real.measureSpace)
                  (@Set.Ioo.{0} Real Real.instPreorder
                    (@OfNat.ofNat.{0} Real (nat_lit 0) (@Zero.toOfNat0.{0} Real Real.instZero))
                    (@OfNat.ofNat.{0} Real (nat_lit 1) (@One.toOfNat1.{0} Real Real.instOne)))))
              (@Exists.{1}
                (@MeasureTheory.FiniteMeasure.{0}
                  (@Set.Elem.{0} Real
                    (@Set.Icc.{0} Real Real.instPreorder
                      (@OfNat.ofNat.{0} Real (nat_lit 0) (@Zero.toOfNat0.{0} Real Real.instZero))
                      (@OfNat.ofNat.{0} Real (nat_lit 1) (@One.toOfNat1.{0} Real Real.instOne))))
                  (@Subtype.instMeasurableSpace.{0} Real
                    (fun (x : Real) =>
                      @Membership.mem.{0, 0} Real (Set.{0} Real) (@Set.instMembership.{0} Real)
                        (@Set.Icc.{0} Real Real.instPreorder
                          (@OfNat.ofNat.{0} Real (nat_lit 0) (@Zero.toOfNat0.{0} Real Real.instZero))
                          (@OfNat.ofNat.{0} Real (nat_lit 1) (@One.toOfNat1.{0} Real Real.instOne)))
                        x)
                    Real.measurableSpace))
                fun
                  (ν :
                    @MeasureTheory.FiniteMeasure.{0}
                      (@Set.Elem.{0} Real
                        (@Set.Icc.{0} Real Real.instPreorder
                          (@OfNat.ofNat.{0} Real (nat_lit 0) (@Zero.toOfNat0.{0} Real Real.instZero))
                          (@OfNat.ofNat.{0} Real (nat_lit 1) (@One.toOfNat1.{0} Real Real.instOne))))
                      (@Subtype.instMeasurableSpace.{0} Real
                        (fun (x : Real) =>
                          @Membership.mem.{0, 0} Real (Set.{0} Real) (@Set.instMembership.{0} Real)
                            (@Set.Icc.{0} Real Real.instPreorder
                              (@OfNat.ofNat.{0} Real (nat_lit 0) (@Zero.toOfNat0.{0} Real Real.instZero))
                              (@OfNat.ofNat.{0} Real (nat_lit 1) (@One.toOfNat1.{0} Real Real.instOne)))
                            x)
                        Real.measurableSpace)) =>
                And
                  (@Eq.{1}
                    (@MeasureTheory.Measure.{0}
                      (@Set.Elem.{0} Real
                        (@Set.Icc.{0} Real Real.instPreorder
                          (@OfNat.ofNat.{0} Real (nat_lit 0) (@Zero.toOfNat0.{0} Real Real.instZero))
                          (@OfNat.ofNat.{0} Real (nat_lit 1) (@One.toOfNat1.{0} Real Real.instOne))))
                      (@Subtype.instMeasurableSpace.{0} Real
                        (fun (x : Real) =>
                          @Membership.mem.{0, 0} Real (Set.{0} Real) (@Set.instMembership.{0} Real)
                            (@Set.Icc.{0} Real Real.instPreorder
                              (@OfNat.ofNat.{0} Real (nat_lit 0) (@Zero.toOfNat0.{0} Real Real.instZero))
                              (@OfNat.ofNat.{0} Real (nat_lit 1) (@One.toOfNat1.{0} Real Real.instOne)))
                            x)
                        Real.measurableSpace))
                    (@MeasureTheory.FiniteMeasure.toMeasure.{0}
                      (@Set.Elem.{0} Real
                        (@Set.Icc.{0} Real Real.instPreorder
                          (@OfNat.ofNat.{0} Real (nat_lit 0) (@Zero.toOfNat0.{0} Real Real.instZero))
                          (@OfNat.ofNat.{0} Real (nat_lit 1) (@One.toOfNat1.{0} Real Real.instOne))))
                      (@Subtype.instMeasurableSpace.{0} Real
                        (fun (x : Real) =>
                          @Membership.mem.{0, 0} Real (Set.{0} Real) (@Set.instMembership.{0} Real)
                            (@Set.Icc.{0} Real Real.instPreorder
                              (@OfNat.ofNat.{0} Real (nat_lit 0) (@Zero.toOfNat0.{0} Real Real.instZero))
                              (@OfNat.ofNat.{0} Real (nat_lit 1) (@One.toOfNat1.{0} Real Real.instOne)))
                            x)
                        Real.measurableSpace)
                      ν)
                    (@MeasureTheory.Measure.map.{0, 0} Real
                      (@Set.Elem.{0} Real
                        (@Set.Icc.{0} Real
                          (@PartialOrder.toPreorder.{0} Real
                            (@SemilatticeInf.toPartialOrder.{0} Real
                              (@Lattice.toSemilatticeInf.{0} Real
                                (@DistribLattice.toLattice.{0} Real
                                  (@instDistribLatticeOfLinearOrder.{0} Real Real.linearOrder)))))
                          (@OfNat.ofNat.{0} Real (nat_lit 0) (@Zero.toOfNat0.{0} Real Real.instZero))
                          (@OfNat.ofNat.{0} Real (nat_lit 1) (@One.toOfNat1.{0} Real Real.instOne))))
                      Real.measurableSpace
                      (@Subtype.instMeasurableSpace.{0} Real
                        (fun (x : Real) =>
                          @Membership.mem.{0, 0} Real (Set.{0} Real) (@Set.instMembership.{0} Real)
                            (@Set.Icc.{0} Real
                              (@PartialOrder.toPreorder.{0} Real
                                (@SemilatticeInf.toPartialOrder.{0} Real
                                  (@Lattice.toSemilatticeInf.{0} Real
                                    (@DistribLattice.toLattice.{0} Real
                                      (@instDistribLatticeOfLinearOrder.{0} Real Real.linearOrder)))))
                              (@OfNat.ofNat.{0} Real (nat_lit 0) (@Zero.toOfNat0.{0} Real Real.instZero))
                              (@OfNat.ofNat.{0} Real (nat_lit 1) (@One.toOfNat1.{0} Real Real.instOne)))
                            x)
                        Real.measurableSpace)
                      (@Set.projIcc.{0} Real Real.linearOrder
                        (@OfNat.ofNat.{0} Real (nat_lit 0) (@Zero.toOfNat0.{0} Real Real.instZero))
                        (@OfNat.ofNat.{0} Real (nat_lit 1) (@One.toOfNat1.{0} Real Real.instOne))
                        ShellMigrationContract.section4._proof_1)
                      (Luce.interiorDensityMeasure f
                        (@OfNat.ofNat.{0} Real (nat_lit 1) (@One.toOfNat1.{0} Real Real.instOne)))))
                  (And
                    (∀
                      (F :
                        @BoundedContinuousFunction.{0, 0}
                          (@Luce.FinitePointMeasure.{0}
                            (@Set.Elem.{0} Real
                              (@Set.Icc.{0} Real Real.instPreorder
                                (@OfNat.ofNat.{0} Real (nat_lit 0) (@Zero.toOfNat0.{0} Real Real.instZero))
                                (@OfNat.ofNat.{0} Real (nat_lit 1) (@One.toOfNat1.{0} Real Real.instOne))))
                            (@Subtype.instMeasurableSpace.{0} Real
                              (fun (x : Real) =>
                                @Membership.mem.{0, 0} Real (Set.{0} Real) (@Set.instMembership.{0} Real)
                                  (@Set.Icc.{0} Real Real.instPreorder
                                    (@OfNat.ofNat.{0} Real (nat_lit 0) (@Zero.toOfNat0.{0} Real Real.instZero))
                                    (@OfNat.ofNat.{0} Real (nat_lit 1) (@One.toOfNat1.{0} Real Real.instOne)))
                                  x)
                              Real.measurableSpace))
                          Real
                          (@Luce.FinitePointMeasure.instTopologicalSpace.{0}
                            (@Set.Elem.{0} Real
                              (@Set.Icc.{0} Real Real.instPreorder
                                (@OfNat.ofNat.{0} Real (nat_lit 0) (@Zero.toOfNat0.{0} Real Real.instZero))
                                (@OfNat.ofNat.{0} Real (nat_lit 1) (@One.toOfNat1.{0} Real Real.instOne))))
                            (@Subtype.instMeasurableSpace.{0} Real
                              (fun (x : Real) =>
                                @Membership.mem.{0, 0} Real (Set.{0} Real) (@Set.instMembership.{0} Real)
                                  (@Set.Icc.{0} Real Real.instPreorder
                                    (@OfNat.ofNat.{0} Real (nat_lit 0) (@Zero.toOfNat0.{0} Real Real.instZero))
                                    (@OfNat.ofNat.{0} Real (nat_lit 1) (@One.toOfNat1.{0} Real Real.instOne)))
                                  x)
                              Real.measurableSpace)
                            (@instTopologicalSpaceSubtype.{0} Real
                              (fun (x : Real) =>
                                @Membership.mem.{0, 0} Real (Set.{0} Real) (@Set.instMembership.{0} Real)
                                  (@Set.Icc.{0} Real Real.instPreorder
                                    (@OfNat.ofNat.{0} Real (nat_lit 0) (@Zero.toOfNat0.{0} Real Real.instZero))
                                    (@OfNat.ofNat.{0} Real (nat_lit 1) (@One.toOfNat1.{0} Real Real.instOne)))
                                  x)
                              (@UniformSpace.toTopologicalSpace.{0} Real
                                (@PseudoMetricSpace.toUniformSpace.{0} Real Real.pseudoMetricSpace)))
                            ShellMigrationContract.section4._proof_2)
                          Real.pseudoMetricSpace),
                      @Filter.Tendsto.{0, 0} Nat Real
                        (fun (n : Nat) =>
                          @MeasureTheory.integral.{u, 0} (Ω n) Real Real.normedAddCommGroup
                            (@InnerProductSpace.toNormedSpace.{0, 0} Real Real Real.instRCLike
                              (@NormedAddCommGroup.toSeminormedAddCommGroup.{0} Real Real.normedAddCommGroup)
                              (@RCLike.toInnerProductSpaceReal.{0} Real Real.instRCLike))
                            (mΩ n) (P n) fun (ω : Ω n) =>
                            @DFunLike.coe.{1, 1, 1}
                              (@BoundedContinuousFunction.{0, 0}
                                (@Luce.FinitePointMeasure.{0}
                                  (@Set.Elem.{0} Real
                                    (@Set.Icc.{0} Real Real.instPreorder
                                      (@OfNat.ofNat.{0} Real (nat_lit 0) (@Zero.toOfNat0.{0} Real Real.instZero))
                                      (@OfNat.ofNat.{0} Real (nat_lit 1) (@One.toOfNat1.{0} Real Real.instOne))))
                                  (@Subtype.instMeasurableSpace.{0} Real
                                    (fun (x : Real) =>
                                      @Membership.mem.{0, 0} Real (Set.{0} Real) (@Set.instMembership.{0} Real)
                                        (@Set.Icc.{0} Real Real.instPreorder
                                          (@OfNat.ofNat.{0} Real (nat_lit 0) (@Zero.toOfNat0.{0} Real Real.instZero))
                                          (@OfNat.ofNat.{0} Real (nat_lit 1) (@One.toOfNat1.{0} Real Real.instOne)))
                                        x)
                                    Real.measurableSpace))
                                Real
                                (@Luce.FinitePointMeasure.instTopologicalSpace.{0}
                                  (@Set.Elem.{0} Real
                                    (@Set.Icc.{0} Real Real.instPreorder
                                      (@OfNat.ofNat.{0} Real (nat_lit 0) (@Zero.toOfNat0.{0} Real Real.instZero))
                                      (@OfNat.ofNat.{0} Real (nat_lit 1) (@One.toOfNat1.{0} Real Real.instOne))))
                                  (@Subtype.instMeasurableSpace.{0} Real
                                    (fun (x : Real) =>
                                      @Membership.mem.{0, 0} Real (Set.{0} Real) (@Set.instMembership.{0} Real)
                                        (@Set.Icc.{0} Real Real.instPreorder
                                          (@OfNat.ofNat.{0} Real (nat_lit 0) (@Zero.toOfNat0.{0} Real Real.instZero))
                                          (@OfNat.ofNat.{0} Real (nat_lit 1) (@One.toOfNat1.{0} Real Real.instOne)))
                                        x)
                                    Real.measurableSpace)
                                  (@instTopologicalSpaceSubtype.{0} Real
                                    (fun (x : Real) =>
                                      @Membership.mem.{0, 0} Real (Set.{0} Real) (@Set.instMembership.{0} Real)
                                        (@Set.Icc.{0} Real Real.instPreorder
                                          (@OfNat.ofNat.{0} Real (nat_lit 0) (@Zero.toOfNat0.{0} Real Real.instZero))
                                          (@OfNat.ofNat.{0} Real (nat_lit 1) (@One.toOfNat1.{0} Real Real.instOne)))
                                        x)
                                    (@UniformSpace.toTopologicalSpace.{0} Real
                                      (@PseudoMetricSpace.toUniformSpace.{0} Real Real.pseudoMetricSpace)))
                                  ShellMigrationContract.section4._proof_2)
                                Real.pseudoMetricSpace)
                              (@Luce.FinitePointMeasure.{0}
                                (@Set.Elem.{0} Real
                                  (@Set.Icc.{0} Real Real.instPreorder
                                    (@OfNat.ofNat.{0} Real (nat_lit 0) (@Zero.toOfNat0.{0} Real Real.instZero))
                                    (@OfNat.ofNat.{0} Real (nat_lit 1) (@One.toOfNat1.{0} Real Real.instOne))))
                                (@Subtype.instMeasurableSpace.{0} Real
                                  (fun (x : Real) =>
                                    @Membership.mem.{0, 0} Real (Set.{0} Real) (@Set.instMembership.{0} Real)
                                      (@Set.Icc.{0} Real Real.instPreorder
                                        (@OfNat.ofNat.{0} Real (nat_lit 0) (@Zero.toOfNat0.{0} Real Real.instZero))
                                        (@OfNat.ofNat.{0} Real (nat_lit 1) (@One.toOfNat1.{0} Real Real.instOne)))
                                      x)
                                  Real.measurableSpace))
                              (fun
                                  (x :
                                    @Luce.FinitePointMeasure.{0}
                                      (@Set.Elem.{0} Real
                                        (@Set.Icc.{0} Real Real.instPreorder
                                          (@OfNat.ofNat.{0} Real (nat_lit 0) (@Zero.toOfNat0.{0} Real Real.instZero))
                                          (@OfNat.ofNat.{0} Real (nat_lit 1) (@One.toOfNat1.{0} Real Real.instOne))))
                                      (@Subtype.instMeasurableSpace.{0} Real
                                        (fun (x : Real) =>
                                          @Membership.mem.{0, 0} Real (Set.{0} Real) (@Set.instMembership.{0} Real)
                                            (@Set.Icc.{0} Real Real.instPreorder
                                              (@OfNat.ofNat.{0} Real (nat_lit 0)
                                                (@Zero.toOfNat0.{0} Real Real.instZero))
                                              (@OfNat.ofNat.{0} Real (nat_lit 1) (@One.toOfNat1.{0} Real Real.instOne)))
                                            x)
                                        Real.measurableSpace)) =>
                                Real)
                              (@BoundedContinuousFunction.instFunLike.{0, 0}
                                (@Luce.FinitePointMeasure.{0}
                                  (@Set.Elem.{0} Real
                                    (@Set.Icc.{0} Real Real.instPreorder
                                      (@OfNat.ofNat.{0} Real (nat_lit 0) (@Zero.toOfNat0.{0} Real Real.instZero))
                                      (@OfNat.ofNat.{0} Real (nat_lit 1) (@One.toOfNat1.{0} Real Real.instOne))))
                                  (@Subtype.instMeasurableSpace.{0} Real
                                    (fun (x : Real) =>
                                      @Membership.mem.{0, 0} Real (Set.{0} Real) (@Set.instMembership.{0} Real)
                                        (@Set.Icc.{0} Real Real.instPreorder
                                          (@OfNat.ofNat.{0} Real (nat_lit 0) (@Zero.toOfNat0.{0} Real Real.instZero))
                                          (@OfNat.ofNat.{0} Real (nat_lit 1) (@One.toOfNat1.{0} Real Real.instOne)))
                                        x)
                                    Real.measurableSpace))
                                Real
                                (@Luce.FinitePointMeasure.instTopologicalSpace.{0}
                                  (@Set.Elem.{0} Real
                                    (@Set.Icc.{0} Real Real.instPreorder
                                      (@OfNat.ofNat.{0} Real (nat_lit 0) (@Zero.toOfNat0.{0} Real Real.instZero))
                                      (@OfNat.ofNat.{0} Real (nat_lit 1) (@One.toOfNat1.{0} Real Real.instOne))))
                                  (@Subtype.instMeasurableSpace.{0} Real
                                    (fun (x : Real) =>
                                      @Membership.mem.{0, 0} Real (Set.{0} Real) (@Set.instMembership.{0} Real)
                                        (@Set.Icc.{0} Real Real.instPreorder
                                          (@OfNat.ofNat.{0} Real (nat_lit 0) (@Zero.toOfNat0.{0} Real Real.instZero))
                                          (@OfNat.ofNat.{0} Real (nat_lit 1) (@One.toOfNat1.{0} Real Real.instOne)))
                                        x)
                                    Real.measurableSpace)
                                  (@instTopologicalSpaceSubtype.{0} Real
                                    (fun (x : Real) =>
                                      @Membership.mem.{0, 0} Real (Set.{0} Real) (@Set.instMembership.{0} Real)
                                        (@Set.Icc.{0} Real Real.instPreorder
                                          (@OfNat.ofNat.{0} Real (nat_lit 0) (@Zero.toOfNat0.{0} Real Real.instZero))
                                          (@OfNat.ofNat.{0} Real (nat_lit 1) (@One.toOfNat1.{0} Real Real.instOne)))
                                        x)
                                    (@UniformSpace.toTopologicalSpace.{0} Real
                                      (@PseudoMetricSpace.toUniformSpace.{0} Real Real.pseudoMetricSpace)))
                                  ShellMigrationContract.section4._proof_2)
                                Real.pseudoMetricSpace)
                              F (@Luce.fixedPoints n (π n ω)))
                        (@Filter.atTop.{0} Nat Nat.instPreorder)
                        (@nhds.{0} Real
                          (@UniformSpace.toTopologicalSpace.{0} Real
                            (@PseudoMetricSpace.toUniformSpace.{0} Real Real.pseudoMetricSpace))
                          (@MeasureTheory.integral.{0, 0}
                            (@Luce.FinitePointMeasure.{0}
                              (@Set.Elem.{0} Real
                                (@Set.Icc.{0} Real Real.instPreorder
                                  (@OfNat.ofNat.{0} Real (nat_lit 0) (@Zero.toOfNat0.{0} Real Real.instZero))
                                  (@OfNat.ofNat.{0} Real (nat_lit 1) (@One.toOfNat1.{0} Real Real.instOne))))
                              (@Subtype.instMeasurableSpace.{0} Real
                                (fun (x : Real) =>
                                  @Membership.mem.{0, 0} Real (Set.{0} Real) (@Set.instMembership.{0} Real)
                                    (@Set.Icc.{0} Real Real.instPreorder
                                      (@OfNat.ofNat.{0} Real (nat_lit 0) (@Zero.toOfNat0.{0} Real Real.instZero))
                                      (@OfNat.ofNat.{0} Real (nat_lit 1) (@One.toOfNat1.{0} Real Real.instOne)))
                                    x)
                                Real.measurableSpace))
                            Real Real.normedAddCommGroup
                            (@InnerProductSpace.toNormedSpace.{0, 0} Real Real Real.instRCLike
                              (@NormedAddCommGroup.toSeminormedAddCommGroup.{0} Real Real.normedAddCommGroup)
                              (@RCLike.toInnerProductSpaceReal.{0} Real Real.instRCLike))
                            (@Luce.FinitePointMeasure.instMeasurableSpace.{0}
                              (@Set.Elem.{0} Real
                                (@Set.Icc.{0} Real Real.instPreorder
                                  (@OfNat.ofNat.{0} Real (nat_lit 0) (@Zero.toOfNat0.{0} Real Real.instZero))
                                  (@OfNat.ofNat.{0} Real (nat_lit 1) (@One.toOfNat1.{0} Real Real.instOne))))
                              (@Subtype.instMeasurableSpace.{0} Real
                                (fun (x : Real) =>
                                  @Membership.mem.{0, 0} Real (Set.{0} Real) (@Set.instMembership.{0} Real)
                                    (@Set.Icc.{0} Real Real.instPreorder
                                      (@OfNat.ofNat.{0} Real (nat_lit 0) (@Zero.toOfNat0.{0} Real Real.instZero))
                                      (@OfNat.ofNat.{0} Real (nat_lit 1) (@One.toOfNat1.{0} Real Real.instOne)))
                                    x)
                                Real.measurableSpace))
                            (@Luce.finitePoissonLaw.{0}
                              (@Set.Elem.{0} Real
                                (@Set.Icc.{0} Real Real.instPreorder
                                  (@OfNat.ofNat.{0} Real (nat_lit 0) (@Zero.toOfNat0.{0} Real Real.instZero))
                                  (@OfNat.ofNat.{0} Real (nat_lit 1) (@One.toOfNat1.{0} Real Real.instOne))))
                              (@Subtype.instMeasurableSpace.{0} Real
                                (fun (x : Real) =>
                                  @Membership.mem.{0, 0} Real (Set.{0} Real) (@Set.instMembership.{0} Real)
                                    (@Set.Icc.{0} Real Real.instPreorder
                                      (@OfNat.ofNat.{0} Real (nat_lit 0) (@Zero.toOfNat0.{0} Real Real.instZero))
                                      (@OfNat.ofNat.{0} Real (nat_lit 1) (@One.toOfNat1.{0} Real Real.instOne)))
                                    x)
                                Real.measurableSpace)
                              ν)
                            fun
                              (ξ :
                                @Luce.FinitePointMeasure.{0}
                                  (@Set.Elem.{0} Real
                                    (@Set.Icc.{0} Real Real.instPreorder
                                      (@OfNat.ofNat.{0} Real (nat_lit 0) (@Zero.toOfNat0.{0} Real Real.instZero))
                                      (@OfNat.ofNat.{0} Real (nat_lit 1) (@One.toOfNat1.{0} Real Real.instOne))))
                                  (@Subtype.instMeasurableSpace.{0} Real
                                    (fun (x : Real) =>
                                      @Membership.mem.{0, 0} Real (Set.{0} Real) (@Set.instMembership.{0} Real)
                                        (@Set.Icc.{0} Real Real.instPreorder
                                          (@OfNat.ofNat.{0} Real (nat_lit 0) (@Zero.toOfNat0.{0} Real Real.instZero))
                                          (@OfNat.ofNat.{0} Real (nat_lit 1) (@One.toOfNat1.{0} Real Real.instOne)))
                                        x)
                                    Real.measurableSpace)) =>
                            @DFunLike.coe.{1, 1, 1}
                              (@BoundedContinuousFunction.{0, 0}
                                (@Luce.FinitePointMeasure.{0}
                                  (@Set.Elem.{0} Real
                                    (@Set.Icc.{0} Real Real.instPreorder
                                      (@OfNat.ofNat.{0} Real (nat_lit 0) (@Zero.toOfNat0.{0} Real Real.instZero))
                                      (@OfNat.ofNat.{0} Real (nat_lit 1) (@One.toOfNat1.{0} Real Real.instOne))))
                                  (@Subtype.instMeasurableSpace.{0} Real
                                    (fun (x : Real) =>
                                      @Membership.mem.{0, 0} Real (Set.{0} Real) (@Set.instMembership.{0} Real)
                                        (@Set.Icc.{0} Real Real.instPreorder
                                          (@OfNat.ofNat.{0} Real (nat_lit 0) (@Zero.toOfNat0.{0} Real Real.instZero))
                                          (@OfNat.ofNat.{0} Real (nat_lit 1) (@One.toOfNat1.{0} Real Real.instOne)))
                                        x)
                                    Real.measurableSpace))
                                Real
                                (@Luce.FinitePointMeasure.instTopologicalSpace.{0}
                                  (@Set.Elem.{0} Real
                                    (@Set.Icc.{0} Real Real.instPreorder
                                      (@OfNat.ofNat.{0} Real (nat_lit 0) (@Zero.toOfNat0.{0} Real Real.instZero))
                                      (@OfNat.ofNat.{0} Real (nat_lit 1) (@One.toOfNat1.{0} Real Real.instOne))))
                                  (@Subtype.instMeasurableSpace.{0} Real
                                    (fun (x : Real) =>
                                      @Membership.mem.{0, 0} Real (Set.{0} Real) (@Set.instMembership.{0} Real)
                                        (@Set.Icc.{0} Real Real.instPreorder
                                          (@OfNat.ofNat.{0} Real (nat_lit 0) (@Zero.toOfNat0.{0} Real Real.instZero))
                                          (@OfNat.ofNat.{0} Real (nat_lit 1) (@One.toOfNat1.{0} Real Real.instOne)))
                                        x)
                                    Real.measurableSpace)
                                  (@instTopologicalSpaceSubtype.{0} Real
                                    (fun (x : Real) =>
                                      @Membership.mem.{0, 0} Real (Set.{0} Real) (@Set.instMembership.{0} Real)
                                        (@Set.Icc.{0} Real Real.instPreorder
                                          (@OfNat.ofNat.{0} Real (nat_lit 0) (@Zero.toOfNat0.{0} Real Real.instZero))
                                          (@OfNat.ofNat.{0} Real (nat_lit 1) (@One.toOfNat1.{0} Real Real.instOne)))
                                        x)
                                    (@UniformSpace.toTopologicalSpace.{0} Real
                                      (@PseudoMetricSpace.toUniformSpace.{0} Real Real.pseudoMetricSpace)))
                                  ShellMigrationContract.section4._proof_2)
                                Real.pseudoMetricSpace)
                              (@Luce.FinitePointMeasure.{0}
                                (@Set.Elem.{0} Real
                                  (@Set.Icc.{0} Real Real.instPreorder
                                    (@OfNat.ofNat.{0} Real (nat_lit 0) (@Zero.toOfNat0.{0} Real Real.instZero))
                                    (@OfNat.ofNat.{0} Real (nat_lit 1) (@One.toOfNat1.{0} Real Real.instOne))))
                                (@Subtype.instMeasurableSpace.{0} Real
                                  (fun (x : Real) =>
                                    @Membership.mem.{0, 0} Real (Set.{0} Real) (@Set.instMembership.{0} Real)
                                      (@Set.Icc.{0} Real Real.instPreorder
                                        (@OfNat.ofNat.{0} Real (nat_lit 0) (@Zero.toOfNat0.{0} Real Real.instZero))
                                        (@OfNat.ofNat.{0} Real (nat_lit 1) (@One.toOfNat1.{0} Real Real.instOne)))
                                      x)
                                  Real.measurableSpace))
                              (fun
                                  (x :
                                    @Luce.FinitePointMeasure.{0}
                                      (@Set.Elem.{0} Real
                                        (@Set.Icc.{0} Real Real.instPreorder
                                          (@OfNat.ofNat.{0} Real (nat_lit 0) (@Zero.toOfNat0.{0} Real Real.instZero))
                                          (@OfNat.ofNat.{0} Real (nat_lit 1) (@One.toOfNat1.{0} Real Real.instOne))))
                                      (@Subtype.instMeasurableSpace.{0} Real
                                        (fun (x : Real) =>
                                          @Membership.mem.{0, 0} Real (Set.{0} Real) (@Set.instMembership.{0} Real)
                                            (@Set.Icc.{0} Real Real.instPreorder
                                              (@OfNat.ofNat.{0} Real (nat_lit 0)
                                                (@Zero.toOfNat0.{0} Real Real.instZero))
                                              (@OfNat.ofNat.{0} Real (nat_lit 1) (@One.toOfNat1.{0} Real Real.instOne)))
                                            x)
                                        Real.measurableSpace)) =>
                                Real)
                              (@BoundedContinuousFunction.instFunLike.{0, 0}
                                (@Luce.FinitePointMeasure.{0}
                                  (@Set.Elem.{0} Real
                                    (@Set.Icc.{0} Real Real.instPreorder
                                      (@OfNat.ofNat.{0} Real (nat_lit 0) (@Zero.toOfNat0.{0} Real Real.instZero))
                                      (@OfNat.ofNat.{0} Real (nat_lit 1) (@One.toOfNat1.{0} Real Real.instOne))))
                                  (@Subtype.instMeasurableSpace.{0} Real
                                    (fun (x : Real) =>
                                      @Membership.mem.{0, 0} Real (Set.{0} Real) (@Set.instMembership.{0} Real)
                                        (@Set.Icc.{0} Real Real.instPreorder
                                          (@OfNat.ofNat.{0} Real (nat_lit 0) (@Zero.toOfNat0.{0} Real Real.instZero))
                                          (@OfNat.ofNat.{0} Real (nat_lit 1) (@One.toOfNat1.{0} Real Real.instOne)))
                                        x)
                                    Real.measurableSpace))
                                Real
                                (@Luce.FinitePointMeasure.instTopologicalSpace.{0}
                                  (@Set.Elem.{0} Real
                                    (@Set.Icc.{0} Real Real.instPreorder
                                      (@OfNat.ofNat.{0} Real (nat_lit 0) (@Zero.toOfNat0.{0} Real Real.instZero))
                                      (@OfNat.ofNat.{0} Real (nat_lit 1) (@One.toOfNat1.{0} Real Real.instOne))))
                                  (@Subtype.instMeasurableSpace.{0} Real
                                    (fun (x : Real) =>
                                      @Membership.mem.{0, 0} Real (Set.{0} Real) (@Set.instMembership.{0} Real)
                                        (@Set.Icc.{0} Real Real.instPreorder
                                          (@OfNat.ofNat.{0} Real (nat_lit 0) (@Zero.toOfNat0.{0} Real Real.instZero))
                                          (@OfNat.ofNat.{0} Real (nat_lit 1) (@One.toOfNat1.{0} Real Real.instOne)))
                                        x)
                                    Real.measurableSpace)
                                  (@instTopologicalSpaceSubtype.{0} Real
                                    (fun (x : Real) =>
                                      @Membership.mem.{0, 0} Real (Set.{0} Real) (@Set.instMembership.{0} Real)
                                        (@Set.Icc.{0} Real Real.instPreorder
                                          (@OfNat.ofNat.{0} Real (nat_lit 0) (@Zero.toOfNat0.{0} Real Real.instZero))
                                          (@OfNat.ofNat.{0} Real (nat_lit 1) (@One.toOfNat1.{0} Real Real.instOne)))
                                        x)
                                    (@UniformSpace.toTopologicalSpace.{0} Real
                                      (@PseudoMetricSpace.toUniformSpace.{0} Real Real.pseudoMetricSpace)))
                                  ShellMigrationContract.section4._proof_2)
                                Real.pseudoMetricSpace)
                              F ξ)))
                    (@Filter.Tendsto.{0, 0} Nat Real
                      (fun (n : Nat) =>
                        Luce.probabilityTotalVariation
                          (@Luce.fixedPointCountLaw.{u} n (Ω n) (mΩ n) (P n) (hP n) (π n) (hπ n))
                          (Luce.poissonProbabilityMeasure
                            (Real.toNNReal
                              (@MeasureTheory.integral.{0, 0} Real Real Real.normedAddCommGroup
                                (@InnerProductSpace.toNormedSpace.{0, 0} Real Real Real.instRCLike
                                  (@NormedAddCommGroup.toSeminormedAddCommGroup.{0} Real Real.normedAddCommGroup)
                                  (@RCLike.toInnerProductSpaceReal.{0} Real Real.instRCLike))
                                (@MeasureTheory.MeasureSpace.toMeasurableSpace.{0} Real Real.measureSpace)
                                (@MeasureTheory.Measure.restrict.{0} Real
                                  (@MeasureTheory.MeasureSpace.toMeasurableSpace.{0} Real Real.measureSpace)
                                  (@MeasureTheory.MeasureSpace.volume.{0} Real Real.measureSpace)
                                  (@Set.Ioo.{0} Real Real.instPreorder
                                    (@OfNat.ofNat.{0} Real (nat_lit 0) (@Zero.toOfNat0.{0} Real Real.instZero))
                                    (@OfNat.ofNat.{0} Real (nat_lit 1) (@One.toOfNat1.{0} Real Real.instOne))))
                                fun (x : Real) => Luce.profileDiagonal f x))))
                      (@Filter.atTop.{0} Nat Nat.instPreorder)
                      (@nhds.{0} Real
                        (@UniformSpace.toTopologicalSpace.{0} Real
                          (@PseudoMetricSpace.toUniformSpace.{0} Real Real.pseudoMetricSpace))
                        (@OfNat.ofNat.{0} Real (nat_lit 0) (@Zero.toOfNat0.{0} Real Real.instZero))))))
structure Luce.Weights (n : ℕ) : Type
number of parameters: 1
fields:
  Luce.Weights.rate : Fin n → ℝ
  Luce.Weights.positive : ∀ (i : Fin n), 0 < self.rate i
constructor:
  Luce.Weights.mk {n : ℕ} (rate : Fin n → ℝ) (positive : ∀ (i : Fin n), 0 < rate i) : Luce.Weights n
@[reducible] def Luce.WeightArray : Type :=
(n : ℕ) → Luce.Weights n
def Luce.NormalizedWeights : Luce.WeightArray → Prop :=
fun w => ∀ (n : ℕ), 0 < n → 1 / ↑n * ∑ i, (w n).rate i = 1
def Luce.ProfileLimit : Luce.WeightArray → (ℝ → ℝ) → Prop :=
fun w f =>
  MeasureTheory.NullMeasurable f Luce.profileMeasure ∧ (∀ x ∈ Set.Ioo 0 1, 0 < f x) ∧ Luce.ProfileL1Convergence w f
def Luce.ProfileL1Convergence : Luce.WeightArray → (ℝ → ℝ) → Prop :=
fun w f =>
  Filter.Tendsto (fun n => MeasureTheory.eLpNorm (fun x => Luce.stepProfile w n x - f x) 1 Luce.profileMeasure)
    Filter.atTop (nhds 0)
def Luce.profileMeasure : MeasureTheory.Measure ℝ :=
MeasureTheory.volume.restrict (Set.Ioo 0 1)
def Luce.stepProfile : Luce.WeightArray → ℕ → ℝ → ℝ :=
fun w n x => ∑ i, if ↑↑i / ↑n < x ∧ x ≤ (↑↑i + 1) / ↑n then (w n).rate i else 0
@[reducible] def Luce.UniformEndpointAssumption : Luce.WeightArray → Prop :=
Luce.EndpointAssumption
def Luce.EndpointAssumption : Luce.WeightArray → Prop :=
fun w => ∃ γ ε₀ n₀, 0 < γ ∧ 0 < ε₀ ∧ ∀ (n : ℕ), n₀ ≤ n → ∀ (k : Fin n), (1 - ε₀) * ↑n ≤ ↑↑k + 1 → γ ≤ (w n).rate k
def Luce.terminalDepth : {n : ℕ} → Fin n → ℕ :=
fun {n} k => n - ↑k
def Luce.terminalShell : (n : ℕ) → ℕ → Finset (Fin n) :=
fun n j => {k | 1 ≤ j ∧ ↑j ≤ Real.log (↑n / ↑(Luce.terminalDepth k)) ∧ Real.log (↑n / ↑(Luce.terminalDepth k)) < ↑j + 1}
def Luce.shellFloor : Luce.WeightArray → (n j : ℕ) → (Luce.terminalShell n j).Nonempty → ℝ :=
fun w n j h => (Finset.image (w n).rate (Luce.terminalShell n j)).min' ⋯
def Luce.shellCost : Luce.WeightArray → ℕ → ℕ → ENNReal :=
fun w n j =>
  if h : (Luce.terminalShell n j).Nonempty then ENNReal.ofReal (Real.exp (-Luce.shellFloor w n j h * ↑j)) else 0
def Luce.shellTailCost : Luce.WeightArray → ℕ → ℕ → ENNReal :=
fun w n J => ∑' (j : ℕ), if J ≤ j then Luce.shellCost w n j else 0
def Luce.EndpointShellAssumption : Luce.WeightArray → Prop :=
fun w => Filter.Tendsto (fun J => Filter.limsup (fun n => Luce.shellTailCost w n J) Filter.atTop) Filter.atTop (nhds 0)
def Luce.Weights.mass : {n : ℕ} → Luce.Weights n → Equiv.Perm (Fin n) → ℝ :=
fun {n} w π => ∏ r, w.rate (π r) / ∑ j with r ≤ j, w.rate (π j)
def Luce.profileQuantile.{u_1} : {Ω : Type u_1} →
  [inst : MeasurableSpace Ω] → MeasureTheory.Measure Ω → (Ω → ℝ) → ℝ → ℝ :=
fun {Ω} [MeasurableSpace Ω] μ f x => Function.invFunOn (Luce.profileF μ f) (Set.Ici 0) x
def Luce.profileDiagonal : (ℝ → ℝ) → ℝ → ℝ :=
fun f x =>
  Luce.rateKernel (Luce.profileQuantile Luce.profileMeasure f x) (f x) /
    Luce.profileD Luce.profileMeasure f (Luce.profileQuantile Luce.profileMeasure f x)
def Luce.profileF.{u_1} : {Ω : Type u_1} → [inst : MeasurableSpace Ω] → MeasureTheory.Measure Ω → (Ω → ℝ) → ℝ → ℝ :=
fun {Ω} [MeasurableSpace Ω] μ f t => 1 - Luce.profileH μ f t
def Luce.profileH.{u_1} : {Ω : Type u_1} → [inst : MeasurableSpace Ω] → MeasureTheory.Measure Ω → (Ω → ℝ) → ℝ → ℝ :=
fun {Ω} [MeasurableSpace Ω] μ f t => ∫ (x : Ω), Luce.survivalKernel t (f x) ∂μ
def Luce.profileD.{u_1} : {Ω : Type u_1} → [inst : MeasurableSpace Ω] → MeasureTheory.Measure Ω → (Ω → ℝ) → ℝ → ℝ :=
fun {Ω} [MeasurableSpace Ω] μ f t => ∫ (x : Ω), Luce.rateKernel t (f x) ∂μ
def Luce.rateKernel : ℝ → ℝ → ℝ :=
fun t a => a * Luce.survivalKernel t a
def Luce.survivalKernel : ℝ → ℝ → ℝ :=
fun t a => Real.exp (-t * a)
def Luce.interiorDensityMeasure : (ℝ → ℝ) → ℝ → MeasureTheory.Measure ℝ :=
fun f α => (MeasureTheory.volume.restrict (Set.Ioc 0 α)).withDensity fun x => ENNReal.ofReal (Luce.profileDiagonal f x)
def Luce.FinitePointMeasure.{u_2} : (X : Type u_2) → [MeasurableSpace X] → Type (max 0 u_2) :=
fun X [MeasurableSpace X] => { μ // ∃ m x, Luce.pointMeasureOfFin x = μ }
@[reducible] def Luce.fixedPoints : {n : ℕ} → Equiv.Perm (Fin n) → Luce.FinitePointMeasure ↑(Set.Icc 0 1) :=
fun {n} π => Luce.interiorFixedPoints 1 π
def Luce.interiorFixedPoints : {n : ℕ} → ℝ → Equiv.Perm (Fin n) → Luce.FinitePointMeasure ↑(Set.Icc 0 1) :=
fun {n} α π =>
  Luce.observedPointMeasure (Luce.section3Location n) fun k => decide ((↑↑k + 1) / ↑n ≤ α ∧ (Equiv.symm π) k = k)
def Luce.observedPointMeasure.{u_1} : {X : Type u_1} →
  [inst : MeasurableSpace X] → {n : ℕ} → (Fin n → X) → (Fin n → Bool) → Luce.FinitePointMeasure X :=
fun {X} [MeasurableSpace X] {n} x b =>
  have s := {k | b k = true};
  Luce.FinitePointMeasure.ofFin fun j => x ↑(s.equivFin.symm j)
def Luce.section3Location : (n : ℕ) → Fin n → ↑(Set.Icc 0 1) :=
fun n k => ⟨(↑↑k + 1) / ↑n, ⋯⟩
def Luce.fixedPointCount : {n : ℕ} → Equiv.Perm (Fin n) → ℕ :=
fun {n} π => (Luce.fixedPoints π).count Set.univ
def Luce.fixedPointCountLaw.{u_1} : {n : ℕ} →
  {Ω : Type u_1} →
    [mΩ : MeasurableSpace Ω] →
      (P : MeasureTheory.Measure Ω) →
        [MeasureTheory.IsProbabilityMeasure P] →
          (π : Ω → Equiv.Perm (Fin n)) → Measurable π → MeasureTheory.ProbabilityMeasure ℕ :=
fun {n} {Ω} [MeasurableSpace Ω] P [MeasureTheory.IsProbabilityMeasure P] π hπ =>
  ⟨MeasureTheory.Measure.map (fun ω => Luce.fixedPointCount (π ω)) P, ⋯⟩
def Luce.poissonProbabilityMeasure : NNReal → MeasureTheory.ProbabilityMeasure ℕ :=
fun r => ⟨ProbabilityTheory.poissonMeasure r, ⋯⟩
def Luce.probabilityTotalVariation : MeasureTheory.ProbabilityMeasure ℕ → MeasureTheory.ProbabilityMeasure ℕ → ℝ :=
fun μ ν => sSup (Set.range fun A => |(↑μ).real A - (↑ν).real A|)
def Luce.finitePoissonLaw.{u_1} : {X : Type u_1} →
  [inst : MeasurableSpace X] → MeasureTheory.FiniteMeasure X → MeasureTheory.Measure (Luce.FinitePointMeasure X) :=
fun {X} [MeasurableSpace X] ν =>
  if hν : ν = 0 then MeasureTheory.Measure.dirac 0 else Luce.poissonMixture ν.mass (Luce.iidPointLaw ν.normalize)
def Luce.poissonMixture.{u_1} : {E : Type u_1} →
  [inst : MeasurableSpace E] → NNReal → (ℕ → MeasureTheory.Measure E) → MeasureTheory.Measure E :=
fun {E} [MeasurableSpace E] r Q => (ProbabilityTheory.poissonMeasure r).bind Q
def Luce.iidPointLaw.{u_1} : {X : Type u_1} →
  [inst : MeasurableSpace X] →
    MeasureTheory.ProbabilityMeasure X → ℕ → MeasureTheory.Measure (Luce.FinitePointMeasure X) :=
fun {X} [MeasurableSpace X] p m =>
  MeasureTheory.Measure.map Luce.FinitePointMeasure.ofFin (MeasureTheory.Measure.pi fun x => ↑p)
'ShellMigrationContract.old_fullIntensity_underlying' depends on axioms: [propext, Classical.choice, Quot.sound]
'Luce.shell_index_le_row' depends on axioms: [propext, Classical.choice, Quot.sound]
'Luce.shellFloor_attained' depends on axioms: [propext, Classical.choice, Quot.sound]
'Luce.shellTailCost_eq_sum' depends on axioms: [propext, Classical.choice, Quot.sound]
'Luce.shellTailCost_ne_top' depends on axioms: [propext, Classical.choice, Quot.sound]
'Luce.endpointShellAssumption_iff_eventually' depends on axioms: [propext, Classical.choice, Quot.sound]
'Luce.meanSurvivors_jensen' depends on axioms: [propext, Classical.choice, Quot.sound]
'Luce.NormalizedWeights.meanSurvivors_jensen' depends on axioms: [propext, Classical.choice, Quot.sound]
theorem Luce.block_endpoint_capacity : ∀ {n : Nat}
  (w :
    Luce.Weights
      (@HAdd.hAdd.{0, 0, 0} Nat Nat Nat (@instHAdd.{0} Nat instAddNat) n
        (@OfNat.ofNat.{0} Nat (nat_lit 1) (instOfNatNat (nat_lit 1)))))
  (block :
    Finset.{0}
      (Fin
        (@HAdd.hAdd.{0, 0, 0} Nat Nat Nat (@instHAdd.{0} Nat instAddNat) n
          (@OfNat.ofNat.{0} Nat (nat_lit 1) (instOfNatNat (nat_lit 1))))))
  (hb :
    @Finset.Nonempty.{0}
      (Fin
        (@HAdd.hAdd.{0, 0, 0} Nat Nat Nat (@instHAdd.{0} Nat instAddNat) n
          (@OfNat.ofNat.{0} Nat (nat_lit 1) (instOfNatNat (nat_lit 1)))))
      block)
  (s : Real)
  (hs : @LT.lt.{0} Real Real.instLT (@OfNat.ofNat.{0} Real (nat_lit 0) (@Zero.toOfNat0.{0} Real Real.instZero)) s)
  (hcut :
    @LT.lt.{0} Real Real.instLT
      (@Nat.cast.{0} Real Real.instNatCast
        (@Finset.max'.{0} Nat Nat.instLinearOrder
          (@Finset.image.{0, 0}
            (Fin
              (@HAdd.hAdd.{0, 0, 0} Nat Nat Nat (@instHAdd.{0} Nat instAddNat) n
                (@OfNat.ofNat.{0} Nat (nat_lit 1) (instOfNatNat (nat_lit 1)))))
            Nat instDecidableEqNat
            (@Luce.terminalDepth
              (@HAdd.hAdd.{0, 0, 0} Nat Nat Nat (@instHAdd.{0} Nat instAddNat) n
                (@OfNat.ofNat.{0} Nat (nat_lit 1) (instOfNatNat (nat_lit 1)))))
            block)
          (@Finset.Nonempty.image.{0, 0}
            (Fin
              (@HAdd.hAdd.{0, 0, 0} Nat Nat Nat (@instHAdd.{0} Nat instAddNat) n
                (@OfNat.ofNat.{0} Nat (nat_lit 1) (instOfNatNat (nat_lit 1)))))
            Nat instDecidableEqNat block hb
            (@Luce.terminalDepth
              (@HAdd.hAdd.{0, 0, 0} Nat Nat Nat (@instHAdd.{0} Nat instAddNat) n
                (@OfNat.ofNat.{0} Nat (nat_lit 1) (instOfNatNat (nat_lit 1))))))))
      (@HSub.hSub.{0, 0, 0} Real Real Real (@instHSub.{0} Real Real.instSub)
        (@Luce.meanSurvivors
          (@HAdd.hAdd.{0, 0, 0} Nat Nat Nat (@instHAdd.{0} Nat instAddNat) n
            (@OfNat.ofNat.{0} Nat (nat_lit 1) (instOfNatNat (nat_lit 1))))
          (@Luce.Weights.rate
            (@HAdd.hAdd.{0, 0, 0} Nat Nat Nat (@instHAdd.{0} Nat instAddNat) n
              (@OfNat.ofNat.{0} Nat (nat_lit 1) (instOfNatNat (nat_lit 1))))
            w)
          s)
        (@OfNat.ofNat.{0} Real (nat_lit 1) (@One.toOfNat1.{0} Real Real.instOne)))),
  @LE.le.{0} Real Real.instLE
    (@MeasureTheory.integral.{0, 0}
      (Fin
          (@HAdd.hAdd.{0, 0, 0} Nat Nat Nat (@instHAdd.{0} Nat instAddNat) n
            (@OfNat.ofNat.{0} Nat (nat_lit 1) (instOfNatNat (nat_lit 1)))) →
        Real)
      Real Real.normedAddCommGroup
      (@InnerProductSpace.toNormedSpace.{0, 0} Real Real Real.instRCLike
        (@NormedAddCommGroup.toSeminormedAddCommGroup.{0} Real Real.normedAddCommGroup)
        (@RCLike.toInnerProductSpaceReal.{0} Real Real.instRCLike))
      (@MeasurableSpace.pi.{0, 0}
        (Fin
          (@HAdd.hAdd.{0, 0, 0} Nat Nat Nat (@instHAdd.{0} Nat instAddNat) n
            (@OfNat.ofNat.{0} Nat (nat_lit 1) (instOfNatNat (nat_lit 1)))))
        (fun
            (a :
              Fin
                (@HAdd.hAdd.{0, 0, 0} Nat Nat Nat (@instHAdd.{0} Nat instAddNat) n
                  (@OfNat.ofNat.{0} Nat (nat_lit 1) (instOfNatNat (nat_lit 1))))) =>
          Real)
        fun
          (a :
            Fin
              (@HAdd.hAdd.{0, 0, 0} Nat Nat Nat (@instHAdd.{0} Nat instAddNat) n
                (@OfNat.ofNat.{0} Nat (nat_lit 1) (instOfNatNat (nat_lit 1))))) =>
        Real.measurableSpace)
      (@Luce.exponentialRace
        (@HAdd.hAdd.{0, 0, 0} Nat Nat Nat (@instHAdd.{0} Nat instAddNat) n
          (@OfNat.ofNat.{0} Nat (nat_lit 1) (instOfNatNat (nat_lit 1))))
        w)
      fun
        (e :
          Fin
              (@HAdd.hAdd.{0, 0, 0} Nat Nat Nat (@instHAdd.{0} Nat instAddNat) n
                (@OfNat.ofNat.{0} Nat (nat_lit 1) (instOfNatNat (nat_lit 1)))) →
            Real) =>
      @Nat.cast.{0} Real Real.instNatCast
        (@Finset.card.{0}
          (Fin
            (@HAdd.hAdd.{0, 0, 0} Nat Nat Nat (@instHAdd.{0} Nat instAddNat) n
              (@OfNat.ofNat.{0} Nat (nat_lit 1) (instOfNatNat (nat_lit 1)))))
          (@Finset.filter.{0}
            (Fin
              (@HAdd.hAdd.{0, 0, 0} Nat Nat Nat (@instHAdd.{0} Nat instAddNat) n
                (@OfNat.ofNat.{0} Nat (nat_lit 1) (instOfNatNat (nat_lit 1)))))
            (fun
                (i :
                  Fin
                    (@HAdd.hAdd.{0, 0, 0} Nat Nat Nat (@instHAdd.{0} Nat instAddNat) n
                      (@OfNat.ofNat.{0} Nat (nat_lit 1) (instOfNatNat (nat_lit 1))))) =>
              @Eq.{1} Nat
                (@Luce.raceRank
                  (@HAdd.hAdd.{0, 0, 0} Nat Nat Nat (@instHAdd.{0} Nat instAddNat) n
                    (@OfNat.ofNat.{0} Nat (nat_lit 1) (instOfNatNat (nat_lit 1))))
                  e i)
                (@HAdd.hAdd.{0, 0, 0} Nat Nat Nat (@instHAdd.{0} Nat instAddNat)
                  (@Fin.val
                    (@HAdd.hAdd.{0, 0, 0} Nat Nat Nat (@instHAdd.{0} Nat instAddNat) n
                      (@OfNat.ofNat.{0} Nat (nat_lit 1) (instOfNatNat (nat_lit 1))))
                    i)
                  (@OfNat.ofNat.{0} Nat (nat_lit 1) (instOfNatNat (nat_lit 1)))))
            (fun
                (a :
                  Fin
                    (@HAdd.hAdd.{0, 0, 0} Nat Nat Nat (@instHAdd.{0} Nat instAddNat) n
                      (@OfNat.ofNat.{0} Nat (nat_lit 1) (instOfNatNat (nat_lit 1))))) =>
              instDecidableEqNat
                (@Luce.raceRank
                  (@HAdd.hAdd.{0, 0, 0} Nat Nat Nat (@instHAdd.{0} Nat instAddNat) n
                    (@OfNat.ofNat.{0} Nat (nat_lit 1) (instOfNatNat (nat_lit 1))))
                  e a)
                (@HAdd.hAdd.{0, 0, 0} Nat Nat Nat (@instHAdd.{0} Nat instAddNat)
                  (@Fin.val
                    (@HAdd.hAdd.{0, 0, 0} Nat Nat Nat (@instHAdd.{0} Nat instAddNat) n
                      (@OfNat.ofNat.{0} Nat (nat_lit 1) (instOfNatNat (nat_lit 1))))
                    a)
                  (@OfNat.ofNat.{0} Nat (nat_lit 1) (instOfNatNat (nat_lit 1)))))
            block)))
    (@HAdd.hAdd.{0, 0, 0} Real Real Real (@instHAdd.{0} Real Real.instAdd)
      (@HMul.hMul.{0, 0, 0} Real Real Real (@instHMul.{0} Real Real.instMul)
        (@Nat.cast.{0} Real Real.instNatCast
          (@Finset.card.{0}
            (Fin
              (@HAdd.hAdd.{0, 0, 0} Nat Nat Nat (@instHAdd.{0} Nat instAddNat) n
                (@OfNat.ofNat.{0} Nat (nat_lit 1) (instOfNatNat (nat_lit 1)))))
            block))
        (Real.exp
          (@Neg.neg.{0} Real Real.instNeg
            (@HDiv.hDiv.{0, 0, 0} Real Real Real
              (@instHDiv.{0} Real (@DivInvMonoid.toDiv.{0} Real Real.instDivInvMonoid))
              (@HPow.hPow.{0, 0, 0} Real Nat Real
                (@instHPow.{0, 0} Real Nat (@NPow.toPow.{0} Real (@Monoid.toNPow.{0} Real Real.instMonoid)))
                (@HSub.hSub.{0, 0, 0} Real Real Real (@instHSub.{0} Real Real.instSub)
                  (@HSub.hSub.{0, 0, 0} Real Real Real (@instHSub.{0} Real Real.instSub)
                    (@Luce.meanSurvivors
                      (@HAdd.hAdd.{0, 0, 0} Nat Nat Nat (@instHAdd.{0} Nat instAddNat) n
                        (@OfNat.ofNat.{0} Nat (nat_lit 1) (instOfNatNat (nat_lit 1))))
                      (@Luce.Weights.rate
                        (@HAdd.hAdd.{0, 0, 0} Nat Nat Nat (@instHAdd.{0} Nat instAddNat) n
                          (@OfNat.ofNat.{0} Nat (nat_lit 1) (instOfNatNat (nat_lit 1))))
                        w)
                      s)
                    (@OfNat.ofNat.{0} Real (nat_lit 1) (@One.toOfNat1.{0} Real Real.instOne)))
                  (@Nat.cast.{0} Real Real.instNatCast
                    (@Finset.max'.{0} Nat Nat.instLinearOrder
                      (@Finset.image.{0, 0}
                        (Fin
                          (@HAdd.hAdd.{0, 0, 0} Nat Nat Nat (@instHAdd.{0} Nat instAddNat) n
                            (@OfNat.ofNat.{0} Nat (nat_lit 1) (instOfNatNat (nat_lit 1)))))
                        Nat instDecidableEqNat
                        (@Luce.terminalDepth
                          (@HAdd.hAdd.{0, 0, 0} Nat Nat Nat (@instHAdd.{0} Nat instAddNat) n
                            (@OfNat.ofNat.{0} Nat (nat_lit 1) (instOfNatNat (nat_lit 1)))))
                        block)
                      (@Finset.Nonempty.image.{0, 0}
                        (Fin
                          (@HAdd.hAdd.{0, 0, 0} Nat Nat Nat (@instHAdd.{0} Nat instAddNat) n
                            (@OfNat.ofNat.{0} Nat (nat_lit 1) (instOfNatNat (nat_lit 1)))))
                        Nat instDecidableEqNat block hb
                        (@Luce.terminalDepth
                          (@HAdd.hAdd.{0, 0, 0} Nat Nat Nat (@instHAdd.{0} Nat instAddNat) n
                            (@OfNat.ofNat.{0} Nat (nat_lit 1) (instOfNatNat (nat_lit 1)))))))))
                (@OfNat.ofNat.{0} Nat (nat_lit 2) (instOfNatNat (nat_lit 2))))
              (@HMul.hMul.{0, 0, 0} Real Real Real (@instHMul.{0} Real Real.instMul)
                (@OfNat.ofNat.{0} Real (nat_lit 2)
                  (@instOfNatAtLeastTwo.{0} Real (nat_lit 2) Real.instNatCast
                    (@Nat.instAtLeastTwoHAddOfNat (@OfNat.ofNat.{0} Nat (nat_lit 1) (instOfNatNat (nat_lit 1)))
                      (@Nat.instNeZeroSucc (@OfNat.ofNat.{0} Nat (nat_lit 0) (instOfNatNat (nat_lit 0)))))))
                (@HSub.hSub.{0, 0, 0} Real Real Real (@instHSub.{0} Real Real.instSub)
                  (@Luce.meanSurvivors
                    (@HAdd.hAdd.{0, 0, 0} Nat Nat Nat (@instHAdd.{0} Nat instAddNat) n
                      (@OfNat.ofNat.{0} Nat (nat_lit 1) (instOfNatNat (nat_lit 1))))
                    (@Luce.Weights.rate
                      (@HAdd.hAdd.{0, 0, 0} Nat Nat Nat (@instHAdd.{0} Nat instAddNat) n
                        (@OfNat.ofNat.{0} Nat (nat_lit 1) (instOfNatNat (nat_lit 1))))
                      w)
                    s)
                  (@OfNat.ofNat.{0} Real (nat_lit 1) (@One.toOfNat1.{0} Real Real.instOne))))))))
      (Luce.endpointQ
        (@HMul.hMul.{0, 0, 0} Real Real Real (@instHMul.{0} Real Real.instMul)
          (@Finset.min'.{0} Real Real.linearOrder
            (@Finset.image.{0, 0}
              (Fin
                (@HAdd.hAdd.{0, 0, 0} Nat Nat Nat (@instHAdd.{0} Nat instAddNat) n
                  (@OfNat.ofNat.{0} Nat (nat_lit 1) (instOfNatNat (nat_lit 1)))))
              Real Real.decidableEq
              (@Luce.Weights.rate
                (@HAdd.hAdd.{0, 0, 0} Nat Nat Nat (@instHAdd.{0} Nat instAddNat) n
                  (@OfNat.ofNat.{0} Nat (nat_lit 1) (instOfNatNat (nat_lit 1))))
                w)
              block)
            (@Finset.Nonempty.image.{0, 0}
              (Fin
                (@HAdd.hAdd.{0, 0, 0} Nat Nat Nat (@instHAdd.{0} Nat instAddNat) n
                  (@OfNat.ofNat.{0} Nat (nat_lit 1) (instOfNatNat (nat_lit 1)))))
              Real Real.decidableEq block hb
              (@Luce.Weights.rate
                (@HAdd.hAdd.{0, 0, 0} Nat Nat Nat (@instHAdd.{0} Nat instAddNat) n
                  (@OfNat.ofNat.{0} Nat (nat_lit 1) (instOfNatNat (nat_lit 1))))
                w)))
          s))) :=
fun {n : ⋯} (w : ⋯) (block : ⋯) (hb : ⋯) (s : ⋯) (hs : ⋯) (hcut : ⋯) =>
  @Eq.mpr.{0}
    (@LE.le.{0} Real Real.instLE
      (@MeasureTheory.integral.{0, 0}
        (Fin
            (@HAdd.hAdd.{0, 0, 0} Nat Nat Nat (@instHAdd.{0} Nat instAddNat) n
              (@OfNat.ofNat.{0} Nat (nat_lit 1) (instOfNatNat (nat_lit 1)))) →
          Real)
        Real Real.normedAddCommGroup
        (@InnerProductSpace.toNormedSpace.{0, 0} Real Real Real.instRCLike
          (@NormedAddCommGroup.toSeminormedAddCommGroup.{0} Real Real.normedAddCommGroup)
          (@RCLike.toInnerProductSpaceReal.{0} Real Real.instRCLike))
        (@MeasurableSpace.pi.{0, 0}
          (Fin
            (@HAdd.hAdd.{0, 0, 0} Nat Nat Nat (@instHAdd.{0} Nat instAddNat) n
              (@OfNat.ofNat.{0} Nat (nat_lit 1) (instOfNatNat (nat_lit 1)))))
          (fun
              (a :
                Fin
                  (@HAdd.hAdd.{0, 0, 0} Nat Nat Nat (@instHAdd.{0} Nat instAddNat) n
                    (@OfNat.ofNat.{0} Nat (nat_lit 1) (instOfNatNat (nat_lit 1))))) =>
            Real)
          fun
            (a :
              Fin
                (@HAdd.hAdd.{0, 0, 0} Nat Nat Nat (@instHAdd.{0} Nat instAddNat) n
                  (@OfNat.ofNat.{0} Nat (nat_lit 1) (instOfNatNat (nat_lit 1))))) =>
          Real.measurableSpace)
        (@Luce.exponentialRace
          (@HAdd.hAdd.{0, 0, 0} Nat Nat Nat (@instHAdd.{0} Nat instAddNat) n
            (@OfNat.ofNat.{0} Nat (nat_lit 1) (instOfNatNat (nat_lit 1))))
          w)
        fun
          (e :
            Fin
                (@HAdd.hAdd.{0, 0, 0} Nat Nat Nat (@instHAdd.{0} Nat instAddNat) n
                  (@OfNat.ofNat.{0} Nat (nat_lit 1) (instOfNatNat (nat_lit 1)))) →
              Real) =>
        @Nat.cast.{0} Real Real.instNatCast
          (@Finset.card.{0}
            (Fin
              (@HAdd.hAdd.{0, 0, 0} Nat Nat Nat (@instHAdd.{0} Nat instAddNat) n
                (@OfNat.ofNat.{0} Nat (nat_lit 1) (instOfNatNat (nat_lit 1)))))
            (@Finset.filter.{0}
              (Fin
                (@HAdd.hAdd.{0, 0, 0} Nat Nat Nat (@instHAdd.{0} Nat instAddNat) n
                  (@OfNat.ofNat.{0} Nat (nat_lit 1) (instOfNatNat (nat_lit 1)))))
              (fun
                  (i :
                    Fin
                      (@HAdd.hAdd.{0, 0, 0} Nat Nat Nat (@instHAdd.{0} Nat instAddNat) n
                        (@OfNat.ofNat.{0} Nat (nat_lit 1) (instOfNatNat (nat_lit 1))))) =>
                @Eq.{1} Nat
                  (@Luce.raceRank
                    (@HAdd.hAdd.{0, 0, 0} Nat Nat Nat (@instHAdd.{0} Nat instAddNat) n
                      (@OfNat.ofNat.{0} Nat (nat_lit 1) (instOfNatNat (nat_lit 1))))
                    e i)
                  (@HAdd.hAdd.{0, 0, 0} Nat Nat Nat (@instHAdd.{0} Nat instAddNat)
                    (@Fin.val
                      (@HAdd.hAdd.{0, 0, 0} Nat Nat Nat (@instHAdd.{0} Nat instAddNat) n
                        (@OfNat.ofNat.{0} Nat (nat_lit 1) (instOfNatNat (nat_lit 1))))
                      i)
                    (@OfNat.ofNat.{0} Nat (nat_lit 1) (instOfNatNat (nat_lit 1)))))
              (fun
                  (a :
                    Fin
                      (@HAdd.hAdd.{0, 0, 0} Nat Nat Nat (@instHAdd.{0} Nat instAddNat) n
                        (@OfNat.ofNat.{0} Nat (nat_lit 1) (instOfNatNat (nat_lit 1))))) =>
                instDecidableEqNat
                  (@Luce.raceRank
                    (@HAdd.hAdd.{0, 0, 0} Nat Nat Nat (@instHAdd.{0} Nat instAddNat) n
                      (@OfNat.ofNat.{0} Nat (nat_lit 1) (instOfNatNat (nat_lit 1))))
                    e a)
                  (@HAdd.hAdd.{0, 0, 0} Nat Nat Nat (@instHAdd.{0} Nat instAddNat)
                    (@Fin.val
                      (@HAdd.hAdd.{0, 0, 0} Nat Nat Nat (@instHAdd.{0} Nat instAddNat) n
                        (@OfNat.ofNat.{0} Nat (nat_lit 1) (instOfNatNat (nat_lit 1))))
                      a)
                    (@OfNat.ofNat.{0} Nat (nat_lit 1) (instOfNatNat (nat_lit 1)))))
              block)))
      (@HAdd.hAdd.{0, 0, 0} Real Real Real (@instHAdd.{0} Real Real.instAdd)
        (@HMul.hMul.{0, 0, 0} Real Real Real (@instHMul.{0} Real Real.instMul)
          (@Nat.cast.{0} Real Real.instNatCast
            (@Finset.card.{0}
              (Fin
                (@HAdd.hAdd.{0, 0, 0} Nat Nat Nat (@instHAdd.{0} Nat instAddNat) n
                  (@OfNat.ofNat.{0} Nat (nat_lit 1) (instOfNatNat (nat_lit 1)))))
              block))
          (Real.exp
            (@Neg.neg.{0} Real Real.instNeg
              (@HDiv.hDiv.{0, 0, 0} Real Real Real
                (@instHDiv.{0} Real (@DivInvMonoid.toDiv.{0} Real Real.instDivInvMonoid))
                (@HPow.hPow.{0, 0, 0} Real Nat Real
                  (@instHPow.{0, 0} Real Nat (@NPow.toPow.{0} Real (@Monoid.toNPow.{0} Real Real.instMonoid)))
                  (@HSub.hSub.{0, 0, 0} Real Real Real (@instHSub.{0} Real Real.instSub)
                    (@HSub.hSub.{0, 0, 0} Real Real Real (@instHSub.{0} Real Real.instSub)
                      (@Luce.meanSurvivors
                        (@HAdd.hAdd.{0, 0, 0} Nat Nat Nat (@instHAdd.{0} Nat instAddNat) n
                          (@OfNat.ofNat.{0} Nat (nat_lit 1) (instOfNatNat (nat_lit 1))))
                        (@Luce.Weights.rate
                          (@HAdd.hAdd.{0, 0, 0} Nat Nat Nat (@instHAdd.{0} Nat instAddNat) n
                            (@OfNat.ofNat.{0} Nat (nat_lit 1) (instOfNatNat (nat_lit 1))))
                          w)
                        s)
                      (@OfNat.ofNat.{0} Real (nat_lit 1) (@One.toOfNat1.{0} Real Real.instOne)))
                    (@Nat.cast.{0} Real Real.instNatCast
                      (@Finset.max'.{0} Nat Nat.instLinearOrder
                        (@Finset.image.{0, 0}
                          (Fin
                            (@HAdd.hAdd.{0, 0, 0} Nat Nat Nat (@instHAdd.{0} Nat instAddNat) n
                              (@OfNat.ofNat.{0} Nat (nat_lit 1) (instOfNatNat (nat_lit 1)))))
                          Nat instDecidableEqNat
                          (@Luce.terminalDepth
                            (@HAdd.hAdd.{0, 0, 0} Nat Nat Nat (@instHAdd.{0} Nat instAddNat) n
                              (@OfNat.ofNat.{0} Nat (nat_lit 1) (instOfNatNat (nat_lit 1)))))
                          block)
                        (@Finset.Nonempty.image.{0, 0}
                          (Fin
                            (@HAdd.hAdd.{0, 0, 0} Nat Nat Nat (@instHAdd.{0} Nat instAddNat) n
                              (@OfNat.ofNat.{0} Nat (nat_lit 1) (instOfNatNat (nat_lit 1)))))
                          Nat instDecidableEqNat block hb
                          (@Luce.terminalDepth
                            (@HAdd.hAdd.{0, 0, 0} Nat Nat Nat (@instHAdd.{0} Nat instAddNat) n
                              (@OfNat.ofNat.{0} Nat (nat_lit 1) (instOfNatNat (nat_lit 1)))))))))
                  (@OfNat.ofNat.{0} Nat (nat_lit 2) (instOfNatNat (nat_lit 2))))
                (@HMul.hMul.{0, 0, 0} Real Real Real (@instHMul.{0} Real Real.instMul)
                  (@OfNat.ofNat.{0} Real (nat_lit 2)
                    (@instOfNatAtLeastTwo.{0} Real (nat_lit 2) Real.instNatCast
                      (@Nat.instAtLeastTwoHAddOfNat (@OfNat.ofNat.{0} Nat (nat_lit 1) (instOfNatNat (nat_lit 1)))
                        (@Nat.instNeZeroSucc (@OfNat.ofNat.{0} Nat (nat_lit 0) (instOfNatNat (nat_lit 0)))))))
                  (@HSub.hSub.{0, 0, 0} Real Real Real (@instHSub.{0} Real Real.instSub)
                    (@Luce.meanSurvivors
                      (@HAdd.hAdd.{0, 0, 0} Nat Nat Nat (@instHAdd.{0} Nat instAddNat) n
                        (@OfNat.ofNat.{0} Nat (nat_lit 1) (instOfNatNat (nat_lit 1))))
                      (@Luce.Weights.rate
                        (@HAdd.hAdd.{0, 0, 0} Nat Nat Nat (@instHAdd.{0} Nat instAddNat) n
                          (@OfNat.ofNat.{0} Nat (nat_lit 1) (instOfNatNat (nat_lit 1))))
                        w)
                      s)
                    (@OfNat.ofNat.{0} Real (nat_lit 1) (@One.toOfNat1.{0} Real Real.instOne))))))))
        (Luce.endpointQ
          (@HMul.hMul.{0, 0, 0} Real Real Real (@instHMul.{0} Real Real.instMul)
            (@Finset.min'.{0} Real Real.linearOrder
              (@Finset.image.{0, 0}
                (Fin
                  (@HAdd.hAdd.{0, 0, 0} Nat Nat Nat (@instHAdd.{0} Nat instAddNat) n
                    (@OfNat.ofNat.{0} Nat (nat_lit 1) (instOfNatNat (nat_lit 1)))))
                Real Real.decidableEq
                (@Luce.Weights.rate
                  (@HAdd.hAdd.{0, 0, 0} Nat Nat Nat (@instHAdd.{0} Nat instAddNat) n
                    (@OfNat.ofNat.{0} Nat (nat_lit 1) (instOfNatNat (nat_lit 1))))
                  w)
                block)
              (@Finset.Nonempty.image.{0, 0}
                (Fin
                  (@HAdd.hAdd.{0, 0, 0} Nat Nat Nat (@instHAdd.{0} Nat instAddNat) n
                    (@OfNat.ofNat.{0} Nat (nat_lit 1) (instOfNatNat (nat_lit 1)))))
                Real Real.decidableEq block hb
                (@Luce.Weights.rate
                  (@HAdd.hAdd.{0, 0, 0} Nat Nat Nat (@instHAdd.{0} Nat instAddNat) n
                    (@OfNat.ofNat.{0} Nat (nat_lit 1) (instOfNatNat (nat_lit 1))))
                  w)))
            s))))
    (@LE.le.{0} Real Real.instLE
      (@Finset.sum.{0, 0}
        (Fin
          (@HAdd.hAdd.{0, 0, 0} Nat Nat Nat (@instHAdd.{0} Nat instAddNat) n
            (@OfNat.ofNat.{0} Nat (nat_lit 1) (instOfNatNat (nat_lit 1)))))
        Real Real.instAddCommMonoid block
        fun
          (i :
            Fin
              (@HAdd.hAdd.{0, 0, 0} Nat Nat Nat (@instHAdd.{0} Nat instAddNat) n
                (@OfNat.ofNat.{0} Nat (nat_lit 1) (instOfNatNat (nat_lit 1))))) =>
        @MeasureTheory.Measure.real.{0}
          (Fin
              (@HAdd.hAdd.{0, 0, 0} Nat Nat Nat (@instHAdd.{0} Nat instAddNat) n
                (@OfNat.ofNat.{0} Nat (nat_lit 1) (instOfNatNat (nat_lit 1)))) →
            Real)
          (@MeasurableSpace.pi.{0, 0}
            (Fin
              (@HAdd.hAdd.{0, 0, 0} Nat Nat Nat (@instHAdd.{0} Nat instAddNat) n
                (@OfNat.ofNat.{0} Nat (nat_lit 1) (instOfNatNat (nat_lit 1)))))
            (fun
                (a :
                  Fin
                    (@HAdd.hAdd.{0, 0, 0} Nat Nat Nat (@instHAdd.{0} Nat instAddNat) n
                      (@OfNat.ofNat.{0} Nat (nat_lit 1) (instOfNatNat (nat_lit 1))))) =>
              Real)
            fun
              (a :
                Fin
                  (@HAdd.hAdd.{0, 0, 0} Nat Nat Nat (@instHAdd.{0} Nat instAddNat) n
                    (@OfNat.ofNat.{0} Nat (nat_lit 1) (instOfNatNat (nat_lit 1))))) =>
            Real.measurableSpace)
          (@Luce.exponentialRace
            (@HAdd.hAdd.{0, 0, 0} Nat Nat Nat (@instHAdd.{0} Nat instAddNat) n
              (@OfNat.ofNat.{0} Nat (nat_lit 1) (instOfNatNat (nat_lit 1))))
            w)
          (@Set.ofPred.{0}
            (Fin
                (@HAdd.hAdd.{0, 0, 0} Nat Nat Nat (@instHAdd.{0} Nat instAddNat) n
                  (@OfNat.ofNat.{0} Nat (nat_lit 1) (instOfNatNat (nat_lit 1)))) →
              Real)
            fun
              (e :
                Fin
                    (@HAdd.hAdd.{0, 0, 0} Nat Nat Nat (@instHAdd.{0} Nat instAddNat) n
                      (@OfNat.ofNat.{0} Nat (nat_lit 1) (instOfNatNat (nat_lit 1)))) →
                  Real) =>
            @Eq.{1} Nat
              (@Luce.raceRank
                (@HAdd.hAdd.{0, 0, 0} Nat Nat Nat (@instHAdd.{0} Nat instAddNat) n
                  (@OfNat.ofNat.{0} Nat (nat_lit 1) (instOfNatNat (nat_lit 1))))
                e i)
              (@HAdd.hAdd.{0, 0, 0} Nat Nat Nat (@instHAdd.{0} Nat instAddNat)
                (@Fin.val
                  (@HAdd.hAdd.{0, 0, 0} Nat Nat Nat (@instHAdd.{0} Nat instAddNat) n
                    (@OfNat.ofNat.{0} Nat (nat_lit 1) (instOfNatNat (nat_lit 1))))
                  i)
                (@OfNat.ofNat.{0} Nat (nat_lit 1) (instOfNatNat (nat_lit 1))))))
      (@HAdd.hAdd.{0, 0, 0} Real Real Real (@instHAdd.{0} Real Real.instAdd)
        (@HMul.hMul.{0, 0, 0} Real Real Real (@instHMul.{0} Real Real.instMul)
          (@Nat.cast.{0} Real Real.instNatCast
            (@Finset.card.{0}
              (Fin
                (@HAdd.hAdd.{0, 0, 0} Nat Nat Nat (@instHAdd.{0} Nat instAddNat) n
                  (@OfNat.ofNat.{0} Nat (nat_lit 1) (instOfNatNat (nat_lit 1)))))
              block))
          (Real.exp
            (@Neg.neg.{0} Real Real.instNeg
              (@HDiv.hDiv.{0, 0, 0} Real Real Real
                (@instHDiv.{0} Real (@DivInvMonoid.toDiv.{0} Real Real.instDivInvMonoid))
                (@HPow.hPow.{0, 0, 0} Real Nat Real
                  (@instHPow.{0, 0} Real Nat (@NPow.toPow.{0} Real (@Monoid.toNPow.{0} Real Real.instMonoid)))
                  (@HSub.hSub.{0, 0, 0} Real Real Real (@instHSub.{0} Real Real.instSub)
                    (@HSub.hSub.{0, 0, 0} Real Real Real (@instHSub.{0} Real Real.instSub)
                      (@Luce.meanSurvivors
                        (@HAdd.hAdd.{0, 0, 0} Nat Nat Nat (@instHAdd.{0} Nat instAddNat) n
                          (@OfNat.ofNat.{0} Nat (nat_lit 1) (instOfNatNat (nat_lit 1))))
                        (@Luce.Weights.rate
                          (@HAdd.hAdd.{0, 0, 0} Nat Nat Nat (@instHAdd.{0} Nat instAddNat) n
                            (@OfNat.ofNat.{0} Nat (nat_lit 1) (instOfNatNat (nat_lit 1))))
                          w)
                        s)
                      (@OfNat.ofNat.{0} Real (nat_lit 1) (@One.toOfNat1.{0} Real Real.instOne)))
                    (@Nat.cast.{0} Real Real.instNatCast
                      (@Finset.max'.{0} Nat Nat.instLinearOrder
                        (@Finset.image.{0, 0}
                          (Fin
                            (@HAdd.hAdd.{0, 0, 0} Nat Nat Nat (@instHAdd.{0} Nat instAddNat) n
                              (@OfNat.ofNat.{0} Nat (nat_lit 1) (instOfNatNat (nat_lit 1)))))
                          Nat instDecidableEqNat
                          (@Luce.terminalDepth
                            (@HAdd.hAdd.{0, 0, 0} Nat Nat Nat (@instHAdd.{0} Nat instAddNat) n
                              (@OfNat.ofNat.{0} Nat (nat_lit 1) (instOfNatNat (nat_lit 1)))))
                          block)
                        (@Finset.Nonempty.image.{0, 0}
                          (Fin
                            (@HAdd.hAdd.{0, 0, 0} Nat Nat Nat (@instHAdd.{0} Nat instAddNat) n
                              (@OfNat.ofNat.{0} Nat (nat_lit 1) (instOfNatNat (nat_lit 1)))))
                          Nat instDecidableEqNat block hb
                          (@Luce.terminalDepth
                            (@HAdd.hAdd.{0, 0, 0} Nat Nat Nat (@instHAdd.{0} Nat instAddNat) n
                              (@OfNat.ofNat.{0} Nat (nat_lit 1) (instOfNatNat (nat_lit 1)))))))))
                  (@OfNat.ofNat.{0} Nat (nat_lit 2) (instOfNatNat (nat_lit 2))))
                (@HMul.hMul.{0, 0, 0} Real Real Real (@instHMul.{0} Real Real.instMul)
                  (@OfNat.ofNat.{0} Real (nat_lit 2)
                    (@instOfNatAtLeastTwo.{0} Real (nat_lit 2) Real.instNatCast
                      (@Nat.instAtLeastTwoHAddOfNat (@OfNat.ofNat.{0} Nat (nat_lit 1) (instOfNatNat (nat_lit 1)))
                        (@Nat.instNeZeroSucc (@OfNat.ofNat.{0} Nat (nat_lit 0) (instOfNatNat (nat_lit 0)))))))
                  (@HSub.hSub.{0, 0, 0} Real Real Real (@instHSub.{0} Real Real.instSub)
                    (@Luce.meanSurvivors
                      (@HAdd.hAdd.{0, 0, 0} Nat Nat Nat (@instHAdd.{0} Nat instAddNat) n
                        (@OfNat.ofNat.{0} Nat (nat_lit 1) (instOfNatNat (nat_lit 1))))
                      (@Luce.Weights.rate
                        (@HAdd.hAdd.{0, 0, 0} Nat Nat Nat (@instHAdd.{0} Nat instAddNat) n
                          (@OfNat.ofNat.{0} Nat (nat_lit 1) (instOfNatNat (nat_lit 1))))
                        w)
                      s)
                    (@OfNat.ofNat.{0} Real (nat_lit 1) (@One.toOfNat1.{0} Real Real.instOne))))))))
        (Luce.endpointQ
          (@HMul.hMul.{0, 0, 0} Real Real Real (@instHMul.{0} Real Real.instMul)
            (@Finset.min'.{0} Real Real.linearOrder
              (@Finset.image.{0, 0}
                (Fin
                  (@HAdd.hAdd.{0, 0, 0} Nat Nat Nat (@instHAdd.{0} Nat instAddNat) n
                    (@OfNat.ofNat.{0} Nat (nat_lit 1) (instOfNatNat (nat_lit 1)))))
                Real Real.decidableEq
                (@Luce.Weights.rate
                  (@HAdd.hAdd.{0, 0, 0} Nat Nat Nat (@instHAdd.{0} Nat instAddNat) n
                    (@OfNat.ofNat.{0} Nat (nat_lit 1) (instOfNatNat (nat_lit 1))))
                  w)
                block)
              (@Finset.Nonempty.image.{0, 0}
                (Fin
                  (@HAdd.hAdd.{0, 0, 0} Nat Nat Nat (@instHAdd.{0} Nat instAddNat) n
                    (@OfNat.ofNat.{0} Nat (nat_lit 1) (instOfNatNat (nat_lit 1)))))
                Real Real.decidableEq block hb
                (@Luce.Weights.rate
                  (@HAdd.hAdd.{0, 0, 0} Nat Nat Nat (@instHAdd.{0} Nat instAddNat) n
                    (@OfNat.ofNat.{0} Nat (nat_lit 1) (instOfNatNat (nat_lit 1))))
                  w)))
            s))))
    (@id.{0}
      (@Eq.{1} Prop
        (@LE.le.{0} Real Real.instLE
          (@MeasureTheory.integral.{0, 0}
            (Fin
                (@HAdd.hAdd.{0, 0, 0} Nat Nat Nat (@instHAdd.{0} Nat instAddNat) n
                  (@OfNat.ofNat.{0} Nat (nat_lit 1) (instOfNatNat (nat_lit 1)))) →
              Real)
            Real Real.normedAddCommGroup
            (@InnerProductSpace.toNormedSpace.{0, 0} Real Real Real.instRCLike
              (@NormedAddCommGroup.toSeminormedAddCommGroup.{0} Real Real.normedAddCommGroup)
              (@RCLike.toInnerProductSpaceReal.{0} Real Real.instRCLike))
            (@MeasurableSpace.pi.{0, 0}
              (Fin
                (@HAdd.hAdd.{0, 0, 0} Nat Nat Nat (@instHAdd.{0} Nat instAddNat) n
                  (@OfNat.ofNat.{0} Nat (nat_lit 1) (instOfNatNat (nat_lit 1)))))
              (fun
                  (a :
                    Fin
                      (@HAdd.hAdd.{0, 0, 0} Nat Nat Nat (@instHAdd.{0} Nat instAddNat) n
                        (@OfNat.ofNat.{0} Nat (nat_lit 1) (instOfNatNat (nat_lit 1))))) =>
                Real)
              fun
                (a :
                  Fin
                    (@HAdd.hAdd.{0, 0, 0} Nat Nat Nat (@instHAdd.{0} Nat instAddNat) n
                      (@OfNat.ofNat.{0} Nat (nat_lit 1) (instOfNatNat (nat_lit 1))))) =>
              Real.measurableSpace)
            (@Luce.exponentialRace
              (@HAdd.hAdd.{0, 0, 0} Nat Nat Nat (@instHAdd.{0} Nat instAddNat) n
                (@OfNat.ofNat.{0} Nat (nat_lit 1) (instOfNatNat (nat_lit 1))))
              w)
            fun
              (e :
                Fin
                    (@HAdd.hAdd.{0, 0, 0} Nat Nat Nat (@instHAdd.{0} Nat instAddNat) n
                      (@OfNat.ofNat.{0} Nat (nat_lit 1) (instOfNatNat (nat_lit 1)))) →
                  Real) =>
            @Nat.cast.{0} Real Real.instNatCast
              (@Finset.card.{0}
                (Fin
                  (@HAdd.hAdd.{0, 0, 0} Nat Nat Nat (@instHAdd.{0} Nat instAddNat) n
                    (@OfNat.ofNat.{0} Nat (nat_lit 1) (instOfNatNat (nat_lit 1)))))
                (@Finset.filter.{0}
                  (Fin
                    (@HAdd.hAdd.{0, 0, 0} Nat Nat Nat (@instHAdd.{0} Nat instAddNat) n
                      (@OfNat.ofNat.{0} Nat (nat_lit 1) (instOfNatNat (nat_lit 1)))))
                  (fun
                      (i :
                        Fin
                          (@HAdd.hAdd.{0, 0, 0} Nat Nat Nat (@instHAdd.{0} Nat instAddNat) n
                            (@OfNat.ofNat.{0} Nat (nat_lit 1) (instOfNatNat (nat_lit 1))))) =>
                    @Eq.{1} Nat
                      (@Luce.raceRank
                        (@HAdd.hAdd.{0, 0, 0} Nat Nat Nat (@instHAdd.{0} Nat instAddNat) n
                          (@OfNat.ofNat.{0} Nat (nat_lit 1) (instOfNatNat (nat_lit 1))))
                        e i)
                      (@HAdd.hAdd.{0, 0, 0} Nat Nat Nat (@instHAdd.{0} Nat instAddNat)
                        (@Fin.val
                          (@HAdd.hAdd.{0, 0, 0} Nat Nat Nat (@instHAdd.{0} Nat instAddNat) n
                            (@OfNat.ofNat.{0} Nat (nat_lit 1) (instOfNatNat (nat_lit 1))))
                          i)
                        (@OfNat.ofNat.{0} Nat (nat_lit 1) (instOfNatNat (nat_lit 1)))))
                  (fun
                      (a :
                        Fin
                          (@HAdd.hAdd.{0, 0, 0} Nat Nat Nat (@instHAdd.{0} Nat instAddNat) n
                            (@OfNat.ofNat.{0} Nat (nat_lit 1) (instOfNatNat (nat_lit 1))))) =>
                    instDecidableEqNat
                      (@Luce.raceRank
                        (@HAdd.hAdd.{0, 0, 0} Nat Nat Nat (@instHAdd.{0} Nat instAddNat) n
                          (@OfNat.ofNat.{0} Nat (nat_lit 1) (instOfNatNat (nat_lit 1))))
                        e a)
                      (@HAdd.hAdd.{0, 0, 0} Nat Nat Nat (@instHAdd.{0} Nat instAddNat)
                        (@Fin.val
                          (@HAdd.hAdd.{0, 0, 0} Nat Nat Nat (@instHAdd.{0} Nat instAddNat) n
                            (@OfNat.ofNat.{0} Nat (nat_lit 1) (instOfNatNat (nat_lit 1))))
                          a)
                        (@OfNat.ofNat.{0} Nat (nat_lit 1) (instOfNatNat (nat_lit 1)))))
                  block)))
          (@HAdd.hAdd.{0, 0, 0} Real Real Real (@instHAdd.{0} Real Real.instAdd)
            (@HMul.hMul.{0, 0, 0} Real Real Real (@instHMul.{0} Real Real.instMul)
              (@Nat.cast.{0} Real Real.instNatCast
                (@Finset.card.{0}
                  (Fin
                    (@HAdd.hAdd.{0, 0, 0} Nat Nat Nat (@instHAdd.{0} Nat instAddNat) n
                      (@OfNat.ofNat.{0} Nat (nat_lit 1) (instOfNatNat (nat_lit 1)))))
                  block))
              (Real.exp
                (@Neg.neg.{0} Real Real.instNeg
                  (@HDiv.hDiv.{0, 0, 0} Real Real Real
                    (@instHDiv.{0} Real (@DivInvMonoid.toDiv.{0} Real Real.instDivInvMonoid))
                    (@HPow.hPow.{0, 0, 0} Real Nat Real
                      (@instHPow.{0, 0} Real Nat (@NPow.toPow.{0} Real (@Monoid.toNPow.{0} Real Real.instMonoid)))
                      (@HSub.hSub.{0, 0, 0} Real Real Real (@instHSub.{0} Real Real.instSub)
                        (@HSub.hSub.{0, 0, 0} Real Real Real (@instHSub.{0} Real Real.instSub)
                          (@Luce.meanSurvivors
                            (@HAdd.hAdd.{0, 0, 0} Nat Nat Nat (@instHAdd.{0} Nat instAddNat) n
                              (@OfNat.ofNat.{0} Nat (nat_lit 1) (instOfNatNat (nat_lit 1))))
                            (@Luce.Weights.rate
                              (@HAdd.hAdd.{0, 0, 0} Nat Nat Nat (@instHAdd.{0} Nat instAddNat) n
                                (@OfNat.ofNat.{0} Nat (nat_lit 1) (instOfNatNat (nat_lit 1))))
                              w)
                            s)
                          (@OfNat.ofNat.{0} Real (nat_lit 1) (@One.toOfNat1.{0} Real Real.instOne)))
                        (@Nat.cast.{0} Real Real.instNatCast
                          (@Finset.max'.{0} Nat Nat.instLinearOrder
                            (@Finset.image.{0, 0}
                              (Fin
                                (@HAdd.hAdd.{0, 0, 0} Nat Nat Nat (@instHAdd.{0} Nat instAddNat) n
                                  (@OfNat.ofNat.{0} Nat (nat_lit 1) (instOfNatNat (nat_lit 1)))))
                              Nat instDecidableEqNat
                              (@Luce.terminalDepth
                                (@HAdd.hAdd.{0, 0, 0} Nat Nat Nat (@instHAdd.{0} Nat instAddNat) n
                                  (@OfNat.ofNat.{0} Nat (nat_lit 1) (instOfNatNat (nat_lit 1)))))
                              block)
                            (@Finset.Nonempty.image.{0, 0}
                              (Fin
                                (@HAdd.hAdd.{0, 0, 0} Nat Nat Nat (@instHAdd.{0} Nat instAddNat) n
                                  (@OfNat.ofNat.{0} Nat (nat_lit 1) (instOfNatNat (nat_lit 1)))))
                              Nat instDecidableEqNat block hb
                              (@Luce.terminalDepth
                                (@HAdd.hAdd.{0, 0, 0} Nat Nat Nat (@instHAdd.{0} Nat instAddNat) n
                                  (@OfNat.ofNat.{0} Nat (nat_lit 1) (instOfNatNat (nat_lit 1)))))))))
                      (@OfNat.ofNat.{0} Nat (nat_lit 2) (instOfNatNat (nat_lit 2))))
                    (@HMul.hMul.{0, 0, 0} Real Real Real (@instHMul.{0} Real Real.instMul)
                      (@OfNat.ofNat.{0} Real (nat_lit 2)
                        (@instOfNatAtLeastTwo.{0} Real (nat_lit 2) Real.instNatCast
                          (@Nat.instAtLeastTwoHAddOfNat (@OfNat.ofNat.{0} Nat (nat_lit 1) (instOfNatNat (nat_lit 1)))
                            (@Nat.instNeZeroSucc (@OfNat.ofNat.{0} Nat (nat_lit 0) (instOfNatNat (nat_lit 0)))))))
                      (@HSub.hSub.{0, 0, 0} Real Real Real (@instHSub.{0} Real Real.instSub)
                        (@Luce.meanSurvivors
                          (@HAdd.hAdd.{0, 0, 0} Nat Nat Nat (@instHAdd.{0} Nat instAddNat) n
                            (@OfNat.ofNat.{0} Nat (nat_lit 1) (instOfNatNat (nat_lit 1))))
                          (@Luce.Weights.rate
                            (@HAdd.hAdd.{0, 0, 0} Nat Nat Nat (@instHAdd.{0} Nat instAddNat) n
                              (@OfNat.ofNat.{0} Nat (nat_lit 1) (instOfNatNat (nat_lit 1))))
                            w)
                          s)
                        (@OfNat.ofNat.{0} Real (nat_lit 1) (@One.toOfNat1.{0} Real Real.instOne))))))))
            (Luce.endpointQ
              (@HMul.hMul.{0, 0, 0} Real Real Real (@instHMul.{0} Real Real.instMul)
                (@Finset.min'.{0} Real Real.linearOrder
                  (@Finset.image.{0, 0}
                    (Fin
                      (@HAdd.hAdd.{0, 0, 0} Nat Nat Nat (@instHAdd.{0} Nat instAddNat) n
                        (@OfNat.ofNat.{0} Nat (nat_lit 1) (instOfNatNat (nat_lit 1)))))
                    Real Real.decidableEq
                    (@Luce.Weights.rate
                      (@HAdd.hAdd.{0, 0, 0} Nat Nat Nat (@instHAdd.{0} Nat instAddNat) n
                        (@OfNat.ofNat.{0} Nat (nat_lit 1) (instOfNatNat (nat_lit 1))))
                      w)
                    block)
                  (@Finset.Nonempty.image.{0, 0}
                    (Fin
                      (@HAdd.hAdd.{0, 0, 0} Nat Nat Nat (@instHAdd.{0} Nat instAddNat) n
                        (@OfNat.ofNat.{0} Nat (nat_lit 1) (instOfNatNat (nat_lit 1)))))
                    Real Real.decidableEq block hb
                    (@Luce.Weights.rate
                      (@HAdd.hAdd.{0, 0, 0} Nat Nat Nat (@instHAdd.{0} Nat instAddNat) n
                        (@OfNat.ofNat.{0} Nat (nat_lit 1) (instOfNatNat (nat_lit 1))))
                      w)))
                s))))
        (@LE.le.{0} Real Real.instLE
          (@Finset.sum.{0, 0}
            (Fin
              (@HAdd.hAdd.{0, 0, 0} Nat Nat Nat (@instHAdd.{0} Nat instAddNat) n
                (@OfNat.ofNat.{0} Nat (nat_lit 1) (instOfNatNat (nat_lit 1)))))
            Real Real.instAddCommMonoid block
            fun
              (i :
                Fin
                  (@HAdd.hAdd.{0, 0, 0} Nat Nat Nat (@instHAdd.{0} Nat instAddNat) n
                    (@OfNat.ofNat.{0} Nat (nat_lit 1) (instOfNatNat (nat_lit 1))))) =>
            @MeasureTheory.Measure.real.{0}
              (Fin
                  (@HAdd.hAdd.{0, 0, 0} Nat Nat Nat (@instHAdd.{0} Nat instAddNat) n
                    (@OfNat.ofNat.{0} Nat (nat_lit 1) (instOfNatNat (nat_lit 1)))) →
                Real)
              (@MeasurableSpace.pi.{0, 0}
                (Fin
                  (@HAdd.hAdd.{0, 0, 0} Nat Nat Nat (@instHAdd.{0} Nat instAddNat) n
                    (@OfNat.ofNat.{0} Nat (nat_lit 1) (instOfNatNat (nat_lit 1)))))
                (fun
                    (a :
                      Fin
                        (@HAdd.hAdd.{0, 0, 0} Nat Nat Nat (@instHAdd.{0} Nat instAddNat) n
                          (@OfNat.ofNat.{0} Nat (nat_lit 1) (instOfNatNat (nat_lit 1))))) =>
                  Real)
                fun
                  (a :
                    Fin
                      (@HAdd.hAdd.{0, 0, 0} Nat Nat Nat (@instHAdd.{0} Nat instAddNat) n
                        (@OfNat.ofNat.{0} Nat (nat_lit 1) (instOfNatNat (nat_lit 1))))) =>
                Real.measurableSpace)
              (@Luce.exponentialRace
                (@HAdd.hAdd.{0, 0, 0} Nat Nat Nat (@instHAdd.{0} Nat instAddNat) n
                  (@OfNat.ofNat.{0} Nat (nat_lit 1) (instOfNatNat (nat_lit 1))))
                w)
              (@Set.ofPred.{0}
                (Fin
                    (@HAdd.hAdd.{0, 0, 0} Nat Nat Nat (@instHAdd.{0} Nat instAddNat) n
                      (@OfNat.ofNat.{0} Nat (nat_lit 1) (instOfNatNat (nat_lit 1)))) →
                  Real)
                fun
                  (e :
                    Fin
                        (@HAdd.hAdd.{0, 0, 0} Nat Nat Nat (@instHAdd.{0} Nat instAddNat) n
                          (@OfNat.ofNat.{0} Nat (nat_lit 1) (instOfNatNat (nat_lit 1)))) →
                      Real) =>
                @Eq.{1} Nat
                  (@Luce.raceRank
                    (@HAdd.hAdd.{0, 0, 0} Nat Nat Nat (@instHAdd.{0} Nat instAddNat) n
                      (@OfNat.ofNat.{0} Nat (nat_lit 1) (instOfNatNat (nat_lit 1))))
                    e i)
                  (@HAdd.hAdd.{0, 0, 0} Nat Nat Nat (@instHAdd.{0} Nat instAddNat)
                    (@Fin.val
                      (@HAdd.hAdd.{0, 0, 0} Nat Nat Nat (@instHAdd.{0} Nat instAddNat) n
                        (@OfNat.ofNat.{0} Nat (nat_lit 1) (instOfNatNat (nat_lit 1))))
                      i)
                    (@OfNat.ofNat.{0} Nat (nat_lit 1) (instOfNatNat (nat_lit 1))))))
          (@HAdd.hAdd.{0, 0, 0} Real Real Real (@instHAdd.{0} Real Real.instAdd)
            (@HMul.hMul.{0, 0, 0} Real Real Real (@instHMul.{0} Real Real.instMul)
              (@Nat.cast.{0} Real Real.instNatCast
                (@Finset.card.{0}
                  (Fin
                    (@HAdd.hAdd.{0, 0, 0} Nat Nat Nat (@instHAdd.{0} Nat instAddNat) n
                      (@OfNat.ofNat.{0} Nat (nat_lit 1) (instOfNatNat (nat_lit 1)))))
                  block))
              (Real.exp
                (@Neg.neg.{0} Real Real.instNeg
                  (@HDiv.hDiv.{0, 0, 0} Real Real Real
                    (@instHDiv.{0} Real (@DivInvMonoid.toDiv.{0} Real Real.instDivInvMonoid))
                    (@HPow.hPow.{0, 0, 0} Real Nat Real
                      (@instHPow.{0, 0} Real Nat (@NPow.toPow.{0} Real (@Monoid.toNPow.{0} Real Real.instMonoid)))
                      (@HSub.hSub.{0, 0, 0} Real Real Real (@instHSub.{0} Real Real.instSub)
                        (@HSub.hSub.{0, 0, 0} Real Real Real (@instHSub.{0} Real Real.instSub)
                          (@Luce.meanSurvivors
                            (@HAdd.hAdd.{0, 0, 0} Nat Nat Nat (@instHAdd.{0} Nat instAddNat) n
                              (@OfNat.ofNat.{0} Nat (nat_lit 1) (instOfNatNat (nat_lit 1))))
                            (@Luce.Weights.rate
                              (@HAdd.hAdd.{0, 0, 0} Nat Nat Nat (@instHAdd.{0} Nat instAddNat) n
                                (@OfNat.ofNat.{0} Nat (nat_lit 1) (instOfNatNat (nat_lit 1))))
                              w)
                            s)
                          (@OfNat.ofNat.{0} Real (nat_lit 1) (@One.toOfNat1.{0} Real Real.instOne)))
                        (@Nat.cast.{0} Real Real.instNatCast
                          (@Finset.max'.{0} Nat Nat.instLinearOrder
                            (@Finset.image.{0, 0}
                              (Fin
                                (@HAdd.hAdd.{0, 0, 0} Nat Nat Nat (@instHAdd.{0} Nat instAddNat) n
                                  (@OfNat.ofNat.{0} Nat (nat_lit 1) (instOfNatNat (nat_lit 1)))))
                              Nat instDecidableEqNat
                              (@Luce.terminalDepth
                                (@HAdd.hAdd.{0, 0, 0} Nat Nat Nat (@instHAdd.{0} Nat instAddNat) n
                                  (@OfNat.ofNat.{0} Nat (nat_lit 1) (instOfNatNat (nat_lit 1)))))
                              block)
                            (@Finset.Nonempty.image.{0, 0}
                              (Fin
                                (@HAdd.hAdd.{0, 0, 0} Nat Nat Nat (@instHAdd.{0} Nat instAddNat) n
                                  (@OfNat.ofNat.{0} Nat (nat_lit 1) (instOfNatNat (nat_lit 1)))))
                              Nat instDecidableEqNat block hb
                              (@Luce.terminalDepth
                                (@HAdd.hAdd.{0, 0, 0} Nat Nat Nat (@instHAdd.{0} Nat instAddNat) n
                                  (@OfNat.ofNat.{0} Nat (nat_lit 1) (instOfNatNat (nat_lit 1)))))))))
                      (@OfNat.ofNat.{0} Nat (nat_lit 2) (instOfNatNat (nat_lit 2))))
                    (@HMul.hMul.{0, 0, 0} Real Real Real (@instHMul.{0} Real Real.instMul)
                      (@OfNat.ofNat.{0} Real (nat_lit 2)
                        (@instOfNatAtLeastTwo.{0} Real (nat_lit 2) Real.instNatCast
                          (@Nat.instAtLeastTwoHAddOfNat (@OfNat.ofNat.{0} Nat (nat_lit 1) (instOfNatNat (nat_lit 1)))
                            (@Nat.instNeZeroSucc (@OfNat.ofNat.{0} Nat (nat_lit 0) (instOfNatNat (nat_lit 0)))))))
                      (@HSub.hSub.{0, 0, 0} Real Real Real (@instHSub.{0} Real Real.instSub)
                        (@Luce.meanSurvivors
                          (@HAdd.hAdd.{0, 0, 0} Nat Nat Nat (@instHAdd.{0} Nat instAddNat) n
                            (@OfNat.ofNat.{0} Nat (nat_lit 1) (instOfNatNat (nat_lit 1))))
                          (@Luce.Weights.rate
                            (@HAdd.hAdd.{0, 0, 0} Nat Nat Nat (@instHAdd.{0} Nat instAddNat) n
                              (@OfNat.ofNat.{0} Nat (nat_lit 1) (instOfNatNat (nat_lit 1))))
                            w)
                          s)
                        (@OfNat.ofNat.{0} Real (nat_lit 1) (@One.toOfNat1.{0} Real Real.instOne))))))))
            (Luce.endpointQ
              (@HMul.hMul.{0, 0, 0} Real Real Real (@instHMul.{0} Real Real.instMul)
                (@Finset.min'.{0} Real Real.linearOrder
                  (@Finset.image.{0, 0}
                    (Fin
                      (@HAdd.hAdd.{0, 0, 0} Nat Nat Nat (@instHAdd.{0} Nat instAddNat) n
                        (@OfNat.ofNat.{0} Nat (nat_lit 1) (instOfNatNat (nat_lit 1)))))
                    Real Real.decidableEq
                    (@Luce.Weights.rate
                      (@HAdd.hAdd.{0, 0, 0} Nat Nat Nat (@instHAdd.{0} Nat instAddNat) n
                        (@OfNat.ofNat.{0} Nat (nat_lit 1) (instOfNatNat (nat_lit 1))))
                      w)
                    block)
                  (@Finset.Nonempty.image.{0, 0}
                    (Fin
                      (@HAdd.hAdd.{0, 0, 0} Nat Nat Nat (@instHAdd.{0} Nat instAddNat) n
                        (@OfNat.ofNat.{0} Nat (nat_lit 1) (instOfNatNat (nat_lit 1)))))
                    Real Real.decidableEq block hb
                    (@Luce.Weights.rate
                      (@HAdd.hAdd.{0, 0, 0} Nat Nat Nat (@instHAdd.{0} Nat instAddNat) n
                        (@OfNat.ofNat.{0} Nat (nat_lit 1) (instOfNatNat (nat_lit 1))))
                      w)))
                s)))))
      (@congrArg.{1, 1} Real Prop
        (@MeasureTheory.integral.{0, 0}
          (Fin
              (@HAdd.hAdd.{0, 0, 0} Nat Nat Nat (@instHAdd.{0} Nat instAddNat) n
                (@OfNat.ofNat.{0} Nat (nat_lit 1) (instOfNatNat (nat_lit 1)))) →
            Real)
          Real Real.normedAddCommGroup
          (@InnerProductSpace.toNormedSpace.{0, 0} Real Real Real.instRCLike
            (@NormedAddCommGroup.toSeminormedAddCommGroup.{0} Real Real.normedAddCommGroup)
            (@RCLike.toInnerProductSpaceReal.{0} Real Real.instRCLike))
          (@MeasurableSpace.pi.{0, 0}
            (Fin
              (@HAdd.hAdd.{0, 0, 0} Nat Nat Nat (@instHAdd.{0} Nat instAddNat) n
                (@OfNat.ofNat.{0} Nat (nat_lit 1) (instOfNatNat (nat_lit 1)))))
            (fun
                (a :
                  Fin
                    (@HAdd.hAdd.{0, 0, 0} Nat Nat Nat (@instHAdd.{0} Nat instAddNat) n
                      (@OfNat.ofNat.{0} Nat (nat_lit 1) (instOfNatNat (nat_lit 1))))) =>
              Real)
            fun
              (a :
                Fin
                  (@HAdd.hAdd.{0, 0, 0} Nat Nat Nat (@instHAdd.{0} Nat instAddNat) n
                    (@OfNat.ofNat.{0} Nat (nat_lit 1) (instOfNatNat (nat_lit 1))))) =>
            Real.measurableSpace)
          (@Luce.exponentialRace
            (@HAdd.hAdd.{0, 0, 0} Nat Nat Nat (@instHAdd.{0} Nat instAddNat) n
              (@OfNat.ofNat.{0} Nat (nat_lit 1) (instOfNatNat (nat_lit 1))))
            w)
          fun
            (e :
              Fin
                  (@HAdd.hAdd.{0, 0, 0} Nat Nat Nat (@instHAdd.{0} Nat instAddNat) n
                    (@OfNat.ofNat.{0} Nat (nat_lit 1) (instOfNatNat (nat_lit 1)))) →
                Real) =>
          @Nat.cast.{0} Real Real.instNatCast
            (@Finset.card.{0}
              (Fin
                (@HAdd.hAdd.{0, 0, 0} Nat Nat Nat (@instHAdd.{0} Nat instAddNat) n
                  (@OfNat.ofNat.{0} Nat (nat_lit 1) (instOfNatNat (nat_lit 1)))))
              (@Finset.filter.{0}
                (Fin
                  (@HAdd.hAdd.{0, 0, 0} Nat Nat Nat (@instHAdd.{0} Nat instAddNat) n
                    (@OfNat.ofNat.{0} Nat (nat_lit 1) (instOfNatNat (nat_lit 1)))))
                (fun
                    (i :
                      Fin
                        (@HAdd.hAdd.{0, 0, 0} Nat Nat Nat (@instHAdd.{0} Nat instAddNat) n
                          (@OfNat.ofNat.{0} Nat (nat_lit 1) (instOfNatNat (nat_lit 1))))) =>
                  @Eq.{1} Nat
                    (@Luce.raceRank
                      (@HAdd.hAdd.{0, 0, 0} Nat Nat Nat (@instHAdd.{0} Nat instAddNat) n
                        (@OfNat.ofNat.{0} Nat (nat_lit 1) (instOfNatNat (nat_lit 1))))
                      e i)
                    (@HAdd.hAdd.{0, 0, 0} Nat Nat Nat (@instHAdd.{0} Nat instAddNat)
                      (@Fin.val
                        (@HAdd.hAdd.{0, 0, 0} Nat Nat Nat (@instHAdd.{0} Nat instAddNat) n
                          (@OfNat.ofNat.{0} Nat (nat_lit 1) (instOfNatNat (nat_lit 1))))
                        i)
                      (@OfNat.ofNat.{0} Nat (nat_lit 1) (instOfNatNat (nat_lit 1)))))
                (fun
                    (a :
                      Fin
                        (@HAdd.hAdd.{0, 0, 0} Nat Nat Nat (@instHAdd.{0} Nat instAddNat) n
                          (@OfNat.ofNat.{0} Nat (nat_lit 1) (instOfNatNat (nat_lit 1))))) =>
                  instDecidableEqNat
                    (@Luce.raceRank
                      (@HAdd.hAdd.{0, 0, 0} Nat Nat Nat (@instHAdd.{0} Nat instAddNat) n
                        (@OfNat.ofNat.{0} Nat (nat_lit 1) (instOfNatNat (nat_lit 1))))
                      e a)
                    (@HAdd.hAdd.{0, 0, 0} Nat Nat Nat (@instHAdd.{0} Nat instAddNat)
                      (@Fin.val
                        (@HAdd.hAdd.{0, 0, 0} Nat Nat Nat (@instHAdd.{0} Nat instAddNat) n
                          (@OfNat.ofNat.{0} Nat (nat_lit 1) (instOfNatNat (nat_lit 1))))
                        a)
                      (@OfNat.ofNat.{0} Nat (nat_lit 1) (instOfNatNat (nat_lit 1)))))
                block)))
        (@Finset.sum.{0, 0}
          (Fin
            (@HAdd.hAdd.{0, 0, 0} Nat Nat Nat (@instHAdd.{0} Nat instAddNat) n
              (@OfNat.ofNat.{0} Nat (nat_lit 1) (instOfNatNat (nat_lit 1)))))
          Real Real.instAddCommMonoid block
          fun
            (i :
              Fin
                (@HAdd.hAdd.{0, 0, 0} Nat Nat Nat (@instHAdd.{0} Nat instAddNat) n
                  (@OfNat.ofNat.{0} Nat (nat_lit 1) (instOfNatNat (nat_lit 1))))) =>
          @MeasureTheory.Measure.real.{0}
            (Fin
                (@HAdd.hAdd.{0, 0, 0} Nat Nat Nat (@instHAdd.{0} Nat instAddNat) n
                  (@OfNat.ofNat.{0} Nat (nat_lit 1) (instOfNatNat (nat_lit 1)))) →
              Real)
            (@MeasurableSpace.pi.{0, 0}
              (Fin
                (@HAdd.hAdd.{0, 0, 0} Nat Nat Nat (@instHAdd.{0} Nat instAddNat) n
                  (@OfNat.ofNat.{0} Nat (nat_lit 1) (instOfNatNat (nat_lit 1)))))
              (fun
                  (a :
                    Fin
                      (@HAdd.hAdd.{0, 0, 0} Nat Nat Nat (@instHAdd.{0} Nat instAddNat) n
                        (@OfNat.ofNat.{0} Nat (nat_lit 1) (instOfNatNat (nat_lit 1))))) =>
                Real)
              fun
                (a :
                  Fin
                    (@HAdd.hAdd.{0, 0, 0} Nat Nat Nat (@instHAdd.{0} Nat instAddNat) n
                      (@OfNat.ofNat.{0} Nat (nat_lit 1) (instOfNatNat (nat_lit 1))))) =>
              Real.measurableSpace)
            (@Luce.exponentialRace
              (@HAdd.hAdd.{0, 0, 0} Nat Nat Nat (@instHAdd.{0} Nat instAddNat) n
                (@OfNat.ofNat.{0} Nat (nat_lit 1) (instOfNatNat (nat_lit 1))))
              w)
            (@Set.ofPred.{0}
              (Fin
                  (@HAdd.hAdd.{0, 0, 0} Nat Nat Nat (@instHAdd.{0} Nat instAddNat) n
                    (@OfNat.ofNat.{0} Nat (nat_lit 1) (instOfNatNat (nat_lit 1)))) →
                Real)
              fun
                (e :
                  Fin
                      (@HAdd.hAdd.{0, 0, 0} Nat Nat Nat (@instHAdd.{0} Nat instAddNat) n
                        (@OfNat.ofNat.{0} Nat (nat_lit 1) (instOfNatNat (nat_lit 1)))) →
                    Real) =>
              @Eq.{1} Nat
                (@Luce.raceRank
                  (@HAdd.hAdd.{0, 0, 0} Nat Nat Nat (@instHAdd.{0} Nat instAddNat) n
                    (@OfNat.ofNat.{0} Nat (nat_lit 1) (instOfNatNat (nat_lit 1))))
                  e i)
                (@HAdd.hAdd.{0, 0, 0} Nat Nat Nat (@instHAdd.{0} Nat instAddNat)
                  (@Fin.val
                    (@HAdd.hAdd.{0, 0, 0} Nat Nat Nat (@instHAdd.{0} Nat instAddNat) n
                      (@OfNat.ofNat.{0} Nat (nat_lit 1) (instOfNatNat (nat_lit 1))))
                    i)
                  (@OfNat.ofNat.{0} Nat (nat_lit 1) (instOfNatNat (nat_lit 1))))))
        (fun (_a : Real) =>
          @LE.le.{0} Real Real.instLE _a
            (@HAdd.hAdd.{0, 0, 0} Real Real Real (@instHAdd.{0} Real Real.instAdd)
              (@HMul.hMul.{0, 0, 0} Real Real Real (@instHMul.{0} Real Real.instMul)
                (@Nat.cast.{0} Real Real.instNatCast
                  (@Finset.card.{0}
                    (Fin
                      (@HAdd.hAdd.{0, 0, 0} Nat Nat Nat (@instHAdd.{0} Nat instAddNat) n
                        (@OfNat.ofNat.{0} Nat (nat_lit 1) (instOfNatNat (nat_lit 1)))))
                    block))
                (Real.exp
                  (@Neg.neg.{0} Real Real.instNeg
                    (@HDiv.hDiv.{0, 0, 0} Real Real Real
                      (@instHDiv.{0} Real (@DivInvMonoid.toDiv.{0} Real Real.instDivInvMonoid))
                      (@HPow.hPow.{0, 0, 0} Real Nat Real
                        (@instHPow.{0, 0} Real Nat (@NPow.toPow.{0} Real (@Monoid.toNPow.{0} Real Real.instMonoid)))
                        (@HSub.hSub.{0, 0, 0} Real Real Real (@instHSub.{0} Real Real.instSub)
                          (@HSub.hSub.{0, 0, 0} Real Real Real (@instHSub.{0} Real Real.instSub)
                            (@Luce.meanSurvivors
                              (@HAdd.hAdd.{0, 0, 0} Nat Nat Nat (@instHAdd.{0} Nat instAddNat) n
                                (@OfNat.ofNat.{0} Nat (nat_lit 1) (instOfNatNat (nat_lit 1))))
                              (@Luce.Weights.rate
                                (@HAdd.hAdd.{0, 0, 0} Nat Nat Nat (@instHAdd.{0} Nat instAddNat) n
                                  (@OfNat.ofNat.{0} Nat (nat_lit 1) (instOfNatNat (nat_lit 1))))
                                w)
                              s)
                            (@OfNat.ofNat.{0} Real (nat_lit 1) (@One.toOfNat1.{0} Real Real.instOne)))
                          (@Nat.cast.{0} Real Real.instNatCast
                            (@Finset.max'.{0} Nat Nat.instLinearOrder
                              (@Finset.image.{0, 0}
                                (Fin
                                  (@HAdd.hAdd.{0, 0, 0} Nat Nat Nat (@instHAdd.{0} Nat instAddNat) n
                                    (@OfNat.ofNat.{0} Nat (nat_lit 1) (instOfNatNat (nat_lit 1)))))
                                Nat instDecidableEqNat
                                (@Luce.terminalDepth
                                  (@HAdd.hAdd.{0, 0, 0} Nat Nat Nat (@instHAdd.{0} Nat instAddNat) n
                                    (@OfNat.ofNat.{0} Nat (nat_lit 1) (instOfNatNat (nat_lit 1)))))
                                block)
                              (@Finset.Nonempty.image.{0, 0}
                                (Fin
                                  (@HAdd.hAdd.{0, 0, 0} Nat Nat Nat (@instHAdd.{0} Nat instAddNat) n
                                    (@OfNat.ofNat.{0} Nat (nat_lit 1) (instOfNatNat (nat_lit 1)))))
                                Nat instDecidableEqNat block hb
                                (@Luce.terminalDepth
                                  (@HAdd.hAdd.{0, 0, 0} Nat Nat Nat (@instHAdd.{0} Nat instAddNat) n
                                    (@OfNat.ofNat.{0} Nat (nat_lit 1) (instOfNatNat (nat_lit 1)))))))))
                        (@OfNat.ofNat.{0} Nat (nat_lit 2) (instOfNatNat (nat_lit 2))))
                      (@HMul.hMul.{0, 0, 0} Real Real Real (@instHMul.{0} Real Real.instMul)
                        (@OfNat.ofNat.{0} Real (nat_lit 2)
                          (@instOfNatAtLeastTwo.{0} Real (nat_lit 2) Real.instNatCast
                            (@Nat.instAtLeastTwoHAddOfNat (@OfNat.ofNat.{0} Nat (nat_lit 1) (instOfNatNat (nat_lit 1)))
                              (@Nat.instNeZeroSucc (@OfNat.ofNat.{0} Nat (nat_lit 0) (instOfNatNat (nat_lit 0)))))))
                        (@HSub.hSub.{0, 0, 0} Real Real Real (@instHSub.{0} Real Real.instSub)
                          (@Luce.meanSurvivors
                            (@HAdd.hAdd.{0, 0, 0} Nat Nat Nat (@instHAdd.{0} Nat instAddNat) n
                              (@OfNat.ofNat.{0} Nat (nat_lit 1) (instOfNatNat (nat_lit 1))))
                            (@Luce.Weights.rate
                              (@HAdd.hAdd.{0, 0, 0} Nat Nat Nat (@instHAdd.{0} Nat instAddNat) n
                                (@OfNat.ofNat.{0} Nat (nat_lit 1) (instOfNatNat (nat_lit 1))))
                              w)
                            s)
                          (@OfNat.ofNat.{0} Real (nat_lit 1) (@One.toOfNat1.{0} Real Real.instOne))))))))
              (Luce.endpointQ
                (@HMul.hMul.{0, 0, 0} Real Real Real (@instHMul.{0} Real Real.instMul)
                  (@Finset.min'.{0} Real Real.linearOrder
                    (@Finset.image.{0, 0}
                      (Fin
                        (@HAdd.hAdd.{0, 0, 0} Nat Nat Nat (@instHAdd.{0} Nat instAddNat) n
                          (@OfNat.ofNat.{0} Nat (nat_lit 1) (instOfNatNat (nat_lit 1)))))
                      Real Real.decidableEq
                      (@Luce.Weights.rate
                        (@HAdd.hAdd.{0, 0, 0} Nat Nat Nat (@instHAdd.{0} Nat instAddNat) n
                          (@OfNat.ofNat.{0} Nat (nat_lit 1) (instOfNatNat (nat_lit 1))))
                        w)
                      block)
                    (@Finset.Nonempty.image.{0, 0}
                      (Fin
                        (@HAdd.hAdd.{0, 0, 0} Nat Nat Nat (@instHAdd.{0} Nat instAddNat) n
                          (@OfNat.ofNat.{0} Nat (nat_lit 1) (instOfNatNat (nat_lit 1)))))
                      Real Real.decidableEq block hb
                      (@Luce.Weights.rate
                        (@HAdd.hAdd.{0, 0, 0} Nat Nat Nat (@instHAdd.{0} Nat instAddNat) n
                          (@OfNat.ofNat.{0} Nat (nat_lit 1) (instOfNatNat (nat_lit 1))))
                        w)))
                  s))))
        (@Luce.block_fixedPoint_expectation_eq
          (@HAdd.hAdd.{0, 0, 0} Nat Nat Nat (@instHAdd.{0} Nat instAddNat) n
            (@OfNat.ofNat.{0} Nat (nat_lit 1) (instOfNatNat (nat_lit 1))))
          w block)))
    (@Luce.exponentialRace_block_capacity n w block
      (@Finset.min'.{0} Real Real.linearOrder
        (@Finset.image.{0, 0}
          (Fin
            (@HAdd.hAdd.{0, 0, 0} Nat Nat Nat (@instHAdd.{0} Nat instAddNat) n
              (@OfNat.ofNat.{0} Nat (nat_lit 1) (instOfNatNat (nat_lit 1)))))
          Real Real.decidableEq
          (@Luce.Weights.rate
            (@HAdd.hAdd.{0, 0, 0} Nat Nat Nat (@instHAdd.{0} Nat instAddNat) n
              (@OfNat.ofNat.{0} Nat (nat_lit 1) (instOfNatNat (nat_lit 1))))
            w)
          block)
        (@Finset.Nonempty.image.{0, 0}
          (Fin
            (@HAdd.hAdd.{0, 0, 0} Nat Nat Nat (@instHAdd.{0} Nat instAddNat) n
              (@OfNat.ofNat.{0} Nat (nat_lit 1) (instOfNatNat (nat_lit 1)))))
          Real Real.decidableEq block hb
          (@Luce.Weights.rate
            (@HAdd.hAdd.{0, 0, 0} Nat Nat Nat (@instHAdd.{0} Nat instAddNat) n
              (@OfNat.ofNat.{0} Nat (nat_lit 1) (instOfNatNat (nat_lit 1))))
            w)))
      (@Nat.cast.{0} Real
        (@AddMonoidWithOne.toNatCast.{0} Real
          (@AddCommMonoidWithOne.toAddMonoidWithOne.{0} Real
            (@NonAssocSemiring.toAddCommMonoidWithOne.{0} Real (@Semiring.toNonAssocSemiring.{0} Real Real.semiring))))
        (@Finset.max'.{0} Nat Nat.instLinearOrder
          (@Finset.image.{0, 0}
            (Fin
              (@HAdd.hAdd.{0, 0, 0} Nat Nat Nat (@instHAdd.{0} Nat instAddNat) n
                (@OfNat.ofNat.{0} Nat (nat_lit 1) (instOfNatNat (nat_lit 1)))))
            Nat instDecidableEqNat
            (@Luce.terminalDepth
              (@HAdd.hAdd.{0, 0, 0} Nat Nat Nat (@instHAdd.{0} Nat instAddNat) n
                (@OfNat.ofNat.{0} Nat (nat_lit 1) (instOfNatNat (nat_lit 1)))))
            block)
          (@Finset.Nonempty.image.{0, 0}
            (Fin
              (@HAdd.hAdd.{0, 0, 0} Nat Nat Nat (@instHAdd.{0} Nat instAddNat) n
                (@OfNat.ofNat.{0} Nat (nat_lit 1) (instOfNatNat (nat_lit 1)))))
            Nat instDecidableEqNat block hb
            (@Luce.terminalDepth
              (@HAdd.hAdd.{0, 0, 0} Nat Nat Nat (@instHAdd.{0} Nat instAddNat) n
                (@OfNat.ofNat.{0} Nat (nat_lit 1) (instOfNatNat (nat_lit 1))))))))
      s
      (@Exists.casesOn.{1}
        (Fin
          (@HAdd.hAdd.{0, 0, 0} Nat Nat Nat (@instHAdd.{0} Nat instAddNat) n
            (@OfNat.ofNat.{0} Nat (nat_lit 1) (instOfNatNat (nat_lit 1)))))
        (fun
            (a :
              Fin
                (@HAdd.hAdd.{0, 0, 0} Nat Nat Nat (@instHAdd.{0} Nat instAddNat) n
                  (@OfNat.ofNat.{0} Nat (nat_lit 1) (instOfNatNat (nat_lit 1))))) =>
          And
            (@Membership.mem.{0, 0}
              (Fin
                (@HAdd.hAdd.{0, 0, 0} Nat Nat Nat (@instHAdd.{0} Nat instAddNat) n
                  (@OfNat.ofNat.{0} Nat (nat_lit 1) (instOfNatNat (nat_lit 1)))))
              (Finset.{0}
                (Fin
                  (@HAdd.hAdd.{0, 0, 0} Nat Nat Nat (@instHAdd.{0} Nat instAddNat) n
                    (@OfNat.ofNat.{0} Nat (nat_lit 1) (instOfNatNat (nat_lit 1))))))
              (@SetLike.instMembership.{0, 0}
                (Finset.{0}
                  (Fin
                    (@HAdd.hAdd.{0, 0, 0} Nat Nat Nat (@instHAdd.{0} Nat instAddNat) n
                      (@OfNat.ofNat.{0} Nat (nat_lit 1) (instOfNatNat (nat_lit 1))))))
                (Fin
                  (@HAdd.hAdd.{0, 0, 0} Nat Nat Nat (@instHAdd.{0} Nat instAddNat) n
                    (@OfNat.ofNat.{0} Nat (nat_lit 1) (instOfNatNat (nat_lit 1)))))
                (@Finset.instSetLike.{0}
                  (Fin
                    (@HAdd.hAdd.{0, 0, 0} Nat Nat Nat (@instHAdd.{0} Nat instAddNat) n
                      (@OfNat.ofNat.{0} Nat (nat_lit 1) (instOfNatNat (nat_lit 1)))))))
              block a)
            (@Eq.{1} Real
              (@Luce.Weights.rate
                (@HAdd.hAdd.{0, 0, 0} Nat Nat Nat (@instHAdd.{0} Nat instAddNat) n
                  (@OfNat.ofNat.{0} Nat (nat_lit 1) (instOfNatNat (nat_lit 1))))
                w a)
              (@Finset.min'.{0} Real Real.linearOrder
                (@Finset.image.{0, 0}
                  (Fin
                    (@HAdd.hAdd.{0, 0, 0} Nat Nat Nat (@instHAdd.{0} Nat instAddNat) n
                      (@OfNat.ofNat.{0} Nat (nat_lit 1) (instOfNatNat (nat_lit 1)))))
                  Real Real.decidableEq
                  (@Luce.Weights.rate
                    (@HAdd.hAdd.{0, 0, 0} Nat Nat Nat (@instHAdd.{0} Nat instAddNat) n
                      (@OfNat.ofNat.{0} Nat (nat_lit 1) (instOfNatNat (nat_lit 1))))
                    w)
                  block)
                (@Finset.Nonempty.image.{0, 0}
                  (Fin
                    (@HAdd.hAdd.{0, 0, 0} Nat Nat Nat (@instHAdd.{0} Nat instAddNat) n
                      (@OfNat.ofNat.{0} Nat (nat_lit 1) (instOfNatNat (nat_lit 1)))))
                  Real Real.decidableEq block hb
                  (@Luce.Weights.rate
                    (@HAdd.hAdd.{0, 0, 0} Nat Nat Nat (@instHAdd.{0} Nat instAddNat) n
                      (@OfNat.ofNat.{0} Nat (nat_lit 1) (instOfNatNat (nat_lit 1))))
                    w)))))
        (fun
            (x :
              @Exists.{1}
                (Fin
                  (@HAdd.hAdd.{0, 0, 0} Nat Nat Nat (@instHAdd.{0} Nat instAddNat) n
                    (@OfNat.ofNat.{0} Nat (nat_lit 1) (instOfNatNat (nat_lit 1)))))
                fun
                  (a :
                    Fin
                      (@HAdd.hAdd.{0, 0, 0} Nat Nat Nat (@instHAdd.{0} Nat instAddNat) n
                        (@OfNat.ofNat.{0} Nat (nat_lit 1) (instOfNatNat (nat_lit 1))))) =>
                And
                  (@Membership.mem.{0, 0}
                    (Fin
                      (@HAdd.hAdd.{0, 0, 0} Nat Nat Nat (@instHAdd.{0} Nat instAddNat) n
                        (@OfNat.ofNat.{0} Nat (nat_lit 1) (instOfNatNat (nat_lit 1)))))
                    (Finset.{0}
                      (Fin
                        (@HAdd.hAdd.{0, 0, 0} Nat Nat Nat (@instHAdd.{0} Nat instAddNat) n
                          (@OfNat.ofNat.{0} Nat (nat_lit 1) (instOfNatNat (nat_lit 1))))))
                    (@SetLike.instMembership.{0, 0}
                      (Finset.{0}
                        (Fin
                          (@HAdd.hAdd.{0, 0, 0} Nat Nat Nat (@instHAdd.{0} Nat instAddNat) n
                            (@OfNat.ofNat.{0} Nat (nat_lit 1) (instOfNatNat (nat_lit 1))))))
                      (Fin
                        (@HAdd.hAdd.{0, 0, 0} Nat Nat Nat (@instHAdd.{0} Nat instAddNat) n
                          (@OfNat.ofNat.{0} Nat (nat_lit 1) (instOfNatNat (nat_lit 1)))))
                      (@Finset.instSetLike.{0}
                        (Fin
                          (@HAdd.hAdd.{0, 0, 0} Nat Nat Nat (@instHAdd.{0} Nat instAddNat) n
                            (@OfNat.ofNat.{0} Nat (nat_lit 1) (instOfNatNat (nat_lit 1)))))))
                    block a)
                  (@Eq.{1} Real
                    (@Luce.Weights.rate
                      (@HAdd.hAdd.{0, 0, 0} Nat Nat Nat (@instHAdd.{0} Nat instAddNat) n
                        (@OfNat.ofNat.{0} Nat (nat_lit 1) (instOfNatNat (nat_lit 1))))
                      w a)
                    (@Finset.min'.{0} Real Real.linearOrder
                      (@Finset.image.{0, 0}
                        (Fin
                          (@HAdd.hAdd.{0, 0, 0} Nat Nat Nat (@instHAdd.{0} Nat instAddNat) n
                            (@OfNat.ofNat.{0} Nat (nat_lit 1) (instOfNatNat (nat_lit 1)))))
                        Real Real.decidableEq
                        (@Luce.Weights.rate
                          (@HAdd.hAdd.{0, 0, 0} Nat Nat Nat (@instHAdd.{0} Nat instAddNat) n
                            (@OfNat.ofNat.{0} Nat (nat_lit 1) (instOfNatNat (nat_lit 1))))
                          w)
                        block)
                      (@Finset.Nonempty.image.{0, 0}
                        (Fin
                          (@HAdd.hAdd.{0, 0, 0} Nat Nat Nat (@instHAdd.{0} Nat instAddNat) n
                            (@OfNat.ofNat.{0} Nat (nat_lit 1) (instOfNatNat (nat_lit 1)))))
                        Real Real.decidableEq block hb
                        (@Luce.Weights.rate
                          (@HAdd.hAdd.{0, 0, 0} Nat Nat Nat (@instHAdd.{0} Nat instAddNat) n
                            (@OfNat.ofNat.{0} Nat (nat_lit 1) (instOfNatNat (nat_lit 1))))
                          w))))) =>
          @LT.lt.{0} Real Real.instLT (@OfNat.ofNat.{0} Real (nat_lit 0) (@Zero.toOfNat0.{0} Real Real.instZero))
            (@Finset.min'.{0} Real Real.linearOrder
              (@Finset.image.{0, 0}
                (Fin
                  (@HAdd.hAdd.{0, 0, 0} Nat Nat Nat (@instHAdd.{0} Nat instAddNat) n
                    (@OfNat.ofNat.{0} Nat (nat_lit 1) (instOfNatNat (nat_lit 1)))))
                Real Real.decidableEq
                (@Luce.Weights.rate
                  (@HAdd.hAdd.{0, 0, 0} Nat Nat Nat (@instHAdd.{0} Nat instAddNat) n
                    (@OfNat.ofNat.{0} Nat (nat_lit 1) (instOfNatNat (nat_lit 1))))
                  w)
                block)
              (@Finset.Nonempty.image.{0, 0}
                (Fin
                  (@HAdd.hAdd.{0, 0, 0} Nat Nat Nat (@instHAdd.{0} Nat instAddNat) n
                    (@OfNat.ofNat.{0} Nat (nat_lit 1) (instOfNatNat (nat_lit 1)))))
                Real Real.decidableEq block hb
                (@Luce.Weights.rate
                  (@HAdd.hAdd.{0, 0, 0} Nat Nat Nat (@instHAdd.{0} Nat instAddNat) n
                    (@OfNat.ofNat.{0} Nat (nat_lit 1) (instOfNatNat (nat_lit 1))))
                  w))))
        (@Iff.mp
          (@Membership.mem.{0, 0} Real (Finset.{0} Real)
            (@SetLike.instMembership.{0, 0} (Finset.{0} Real) Real (@Finset.instSetLike.{0} Real))
            (@Finset.image.{0, 0}
              (Fin
                (@HAdd.hAdd.{0, 0, 0} Nat Nat Nat (@instHAdd.{0} Nat instAddNat) n
                  (@OfNat.ofNat.{0} Nat (nat_lit 1) (instOfNatNat (nat_lit 1)))))
              Real Real.decidableEq
              (@Luce.Weights.rate
                (@HAdd.hAdd.{0, 0, 0} Nat Nat Nat (@instHAdd.{0} Nat instAddNat) n
                  (@OfNat.ofNat.{0} Nat (nat_lit 1) (instOfNatNat (nat_lit 1))))
                w)
              block)
            (@Finset.min'.{0} Real Real.linearOrder
              (@Finset.image.{0, 0}
                (Fin
                  (@HAdd.hAdd.{0, 0, 0} Nat Nat Nat (@instHAdd.{0} Nat instAddNat) n
                    (@OfNat.ofNat.{0} Nat (nat_lit 1) (instOfNatNat (nat_lit 1)))))
                Real Real.decidableEq
                (@Luce.Weights.rate
                  (@HAdd.hAdd.{0, 0, 0} Nat Nat Nat (@instHAdd.{0} Nat instAddNat) n
                    (@OfNat.ofNat.{0} Nat (nat_lit 1) (instOfNatNat (nat_lit 1))))
                  w)
                block)
              (@Finset.Nonempty.image.{0, 0}
                (Fin
                  (@HAdd.hAdd.{0, 0, 0} Nat Nat Nat (@instHAdd.{0} Nat instAddNat) n
                    (@OfNat.ofNat.{0} Nat (nat_lit 1) (instOfNatNat (nat_lit 1)))))
                Real Real.decidableEq block hb
                (@Luce.Weights.rate
                  (@HAdd.hAdd.{0, 0, 0} Nat Nat Nat (@instHAdd.{0} Nat instAddNat) n
                    (@OfNat.ofNat.{0} Nat (nat_lit 1) (instOfNatNat (nat_lit 1))))
                  w))))
          (@Exists.{1}
            (Fin
              (@HAdd.hAdd.{0, 0, 0} Nat Nat Nat (@instHAdd.{0} Nat instAddNat) n
                (@OfNat.ofNat.{0} Nat (nat_lit 1) (instOfNatNat (nat_lit 1)))))
            fun
              (a :
                Fin
                  (@HAdd.hAdd.{0, 0, 0} Nat Nat Nat (@instHAdd.{0} Nat instAddNat) n
                    (@OfNat.ofNat.{0} Nat (nat_lit 1) (instOfNatNat (nat_lit 1))))) =>
            And
              (@Membership.mem.{0, 0}
                (Fin
                  (@HAdd.hAdd.{0, 0, 0} Nat Nat Nat (@instHAdd.{0} Nat instAddNat) n
                    (@OfNat.ofNat.{0} Nat (nat_lit 1) (instOfNatNat (nat_lit 1)))))
                (Finset.{0}
                  (Fin
                    (@HAdd.hAdd.{0, 0, 0} Nat Nat Nat (@instHAdd.{0} Nat instAddNat) n
                      (@OfNat.ofNat.{0} Nat (nat_lit 1) (instOfNatNat (nat_lit 1))))))
                (@SetLike.instMembership.{0, 0}
                  (Finset.{0}
                    (Fin
                      (@HAdd.hAdd.{0, 0, 0} Nat Nat Nat (@instHAdd.{0} Nat instAddNat) n
                        (@OfNat.ofNat.{0} Nat (nat_lit 1) (instOfNatNat (nat_lit 1))))))
                  (Fin
                    (@HAdd.hAdd.{0, 0, 0} Nat Nat Nat (@instHAdd.{0} Nat instAddNat) n
                      (@OfNat.ofNat.{0} Nat (nat_lit 1) (instOfNatNat (nat_lit 1)))))
                  (@Finset.instSetLike.{0}
                    (Fin
                      (@HAdd.hAdd.{0, 0, 0} Nat Nat Nat (@instHAdd.{0} Nat instAddNat) n
                        (@OfNat.ofNat.{0} Nat (nat_lit 1) (instOfNatNat (nat_lit 1)))))))
                block a)
              (@Eq.{1} Real
                (@Luce.Weights.rate
                  (@HAdd.hAdd.{0, 0, 0} Nat Nat Nat (@instHAdd.{0} Nat instAddNat) n
                    (@OfNat.ofNat.{0} Nat (nat_lit 1) (instOfNatNat (nat_lit 1))))
                  w a)
                (@Finset.min'.{0} Real Real.linearOrder
                  (@Finset.image.{0, 0}
                    (Fin
                      (@HAdd.hAdd.{0, 0, 0} Nat Nat Nat (@instHAdd.{0} Nat instAddNat) n
                        (@OfNat.ofNat.{0} Nat (nat_lit 1) (instOfNatNat (nat_lit 1)))))
                    Real Real.decidableEq
                    (@Luce.Weights.rate
                      (@HAdd.hAdd.{0, 0, 0} Nat Nat Nat (@instHAdd.{0} Nat instAddNat) n
                        (@OfNat.ofNat.{0} Nat (nat_lit 1) (instOfNatNat (nat_lit 1))))
                      w)
                    block)
                  (@Finset.Nonempty.image.{0, 0}
                    (Fin
                      (@HAdd.hAdd.{0, 0, 0} Nat Nat Nat (@instHAdd.{0} Nat instAddNat) n
                        (@OfNat.ofNat.{0} Nat (nat_lit 1) (instOfNatNat (nat_lit 1)))))
                    Real Real.decidableEq block hb
                    (@Luce.Weights.rate
                      (@HAdd.hAdd.{0, 0, 0} Nat Nat Nat (@instHAdd.{0} Nat instAddNat) n
                        (@OfNat.ofNat.{0} Nat (nat_lit 1) (instOfNatNat (nat_lit 1))))
                      w)))))
          (@Finset.mem_image.{0, 0}
            (Fin
              (@HAdd.hAdd.{0, 0, 0} Nat Nat Nat (@instHAdd.{0} Nat instAddNat) n
                (@OfNat.ofNat.{0} Nat (nat_lit 1) (instOfNatNat (nat_lit 1)))))
            Real Real.decidableEq
            (@Luce.Weights.rate
              (@HAdd.hAdd.{0, 0, 0} Nat Nat Nat (@instHAdd.{0} Nat instAddNat) n
                (@OfNat.ofNat.{0} Nat (nat_lit 1) (instOfNatNat (nat_lit 1))))
              w)
            block
            (@Finset.min'.{0} Real Real.linearOrder
              (@Finset.image.{0, 0}
                (Fin
                  (@HAdd.hAdd.{0, 0, 0} Nat Nat Nat (@instHAdd.{0} Nat instAddNat) n
                    (@OfNat.ofNat.{0} Nat (nat_lit 1) (instOfNatNat (nat_lit 1)))))
                Real Real.decidableEq
                (@Luce.Weights.rate
                  (@HAdd.hAdd.{0, 0, 0} Nat Nat Nat (@instHAdd.{0} Nat instAddNat) n
                    (@OfNat.ofNat.{0} Nat (nat_lit 1) (instOfNatNat (nat_lit 1))))
                  w)
                block)
              (@Finset.Nonempty.image.{0, 0}
                (Fin
                  (@HAdd.hAdd.{0, 0, 0} Nat Nat Nat (@instHAdd.{0} Nat instAddNat) n
                    (@OfNat.ofNat.{0} Nat (nat_lit 1) (instOfNatNat (nat_lit 1)))))
                Real Real.decidableEq block hb
                (@Luce.Weights.rate
                  (@HAdd.hAdd.{0, 0, 0} Nat Nat Nat (@instHAdd.{0} Nat instAddNat) n
                    (@OfNat.ofNat.{0} Nat (nat_lit 1) (instOfNatNat (nat_lit 1))))
                  w))))
          (@Finset.min'_mem.{0} Real Real.linearOrder
            (@Finset.image.{0, 0}
              (Fin
                (@HAdd.hAdd.{0, 0, 0} Nat Nat Nat (@instHAdd.{0} Nat instAddNat) n
                  (@OfNat.ofNat.{0} Nat (nat_lit 1) (instOfNatNat (nat_lit 1)))))
              Real Real.decidableEq
              (@Luce.Weights.rate
                (@HAdd.hAdd.{0, 0, 0} Nat Nat Nat (@instHAdd.{0} Nat instAddNat) n
                  (@OfNat.ofNat.{0} Nat (nat_lit 1) (instOfNatNat (nat_lit 1))))
                w)
              block)
            (@Finset.Nonempty.image.{0, 0}
              (Fin
                (@HAdd.hAdd.{0, 0, 0} Nat Nat Nat (@instHAdd.{0} Nat instAddNat) n
                  (@OfNat.ofNat.{0} Nat (nat_lit 1) (instOfNatNat (nat_lit 1)))))
              Real Real.decidableEq block hb
              (@Luce.Weights.rate
                (@HAdd.hAdd.{0, 0, 0} Nat Nat Nat (@instHAdd.{0} Nat instAddNat) n
                  (@OfNat.ofNat.{0} Nat (nat_lit 1) (instOfNatNat (nat_lit 1))))
                w))))
        fun (i : ⋯) (h : ⋯) =>
        @And.casesOn.{0}
          (@Membership.mem.{0, 0}
            (Fin
              (@HAdd.hAdd.{0, 0, 0} Nat Nat Nat (@instHAdd.{0} Nat instAddNat) n
                (@OfNat.ofNat.{0} Nat (nat_lit 1) (instOfNatNat (nat_lit 1)))))
            (Finset.{0}
              (Fin
                (@HAdd.hAdd.{0, 0, 0} Nat Nat Nat (@instHAdd.{0} Nat instAddNat) n
                  (@OfNat.ofNat.{0} Nat (nat_lit 1) (instOfNatNat (nat_lit 1))))))
            (@SetLike.instMembership.{0, 0}
              (Finset.{0}
                (Fin
                  (@HAdd.hAdd.{0, 0, 0} Nat Nat Nat (@instHAdd.{0} Nat instAddNat) n
                    (@OfNat.ofNat.{0} Nat (nat_lit 1) (instOfNatNat (nat_lit 1))))))
              (Fin
                (@HAdd.hAdd.{0, 0, 0} Nat Nat Nat (@instHAdd.{0} Nat instAddNat) n
                  (@OfNat.ofNat.{0} Nat (nat_lit 1) (instOfNatNat (nat_lit 1)))))
              (@Finset.instSetLike.{0}
                (Fin
                  (@HAdd.hAdd.{0, 0, 0} Nat Nat Nat (@instHAdd.{0} Nat instAddNat) n
                    (@OfNat.ofNat.{0} Nat (nat_lit 1) (instOfNatNat (nat_lit 1)))))))
            block i)
          (@Eq.{1} Real
            (@Luce.Weights.rate
              (@HAdd.hAdd.{0, 0, 0} Nat Nat Nat (@instHAdd.{0} Nat instAddNat) n
                (@OfNat.ofNat.{0} Nat (nat_lit 1) (instOfNatNat (nat_lit 1))))
              w i)
            (@Finset.min'.{0} Real Real.linearOrder
              (@Finset.image.{0, 0}
                (Fin
                  (@HAdd.hAdd.{0, 0, 0} Nat Nat Nat (@instHAdd.{0} Nat instAddNat) n
                    (@OfNat.ofNat.{0} Nat (nat_lit 1) (instOfNatNat (nat_lit 1)))))
                Real Real.decidableEq
                (@Luce.Weights.rate
                  (@HAdd.hAdd.{0, 0, 0} Nat Nat Nat (@instHAdd.{0} Nat instAddNat) n
                    (@OfNat.ofNat.{0} Nat (nat_lit 1) (instOfNatNat (nat_lit 1))))
                  w)
                block)
              (@Finset.Nonempty.image.{0, 0}
                (Fin
                  (@HAdd.hAdd.{0, 0, 0} Nat Nat Nat (@instHAdd.{0} Nat instAddNat) n
                    (@OfNat.ofNat.{0} Nat (nat_lit 1) (instOfNatNat (nat_lit 1)))))
                Real Real.decidableEq block hb
                (@Luce.Weights.rate
                  (@HAdd.hAdd.{0, 0, 0} Nat Nat Nat (@instHAdd.{0} Nat instAddNat) n
                    (@OfNat.ofNat.{0} Nat (nat_lit 1) (instOfNatNat (nat_lit 1))))
                  w))))
          (fun
              (x :
                And
                  (@Membership.mem.{0, 0}
                    (Fin
                      (@HAdd.hAdd.{0, 0, 0} Nat Nat Nat (@instHAdd.{0} Nat instAddNat) n
                        (@OfNat.ofNat.{0} Nat (nat_lit 1) (instOfNatNat (nat_lit 1)))))
                    (Finset.{0}
                      (Fin
                        (@HAdd.hAdd.{0, 0, 0} Nat Nat Nat (@instHAdd.{0} Nat instAddNat) n
                          (@OfNat.ofNat.{0} Nat (nat_lit 1) (instOfNatNat (nat_lit 1))))))
                    (@SetLike.instMembership.{0, 0}
                      (Finset.{0}
                        (Fin
                          (@HAdd.hAdd.{0, 0, 0} Nat Nat Nat (@instHAdd.{0} Nat instAddNat) n
                            (@OfNat.ofNat.{0} Nat (nat_lit 1) (instOfNatNat (nat_lit 1))))))
                      (Fin
                        (@HAdd.hAdd.{0, 0, 0} Nat Nat Nat (@instHAdd.{0} Nat instAddNat) n
                          (@OfNat.ofNat.{0} Nat (nat_lit 1) (instOfNatNat (nat_lit 1)))))
                      (@Finset.instSetLike.{0}
                        (Fin
                          (@HAdd.hAdd.{0, 0, 0} Nat Nat Nat (@instHAdd.{0} Nat instAddNat) n
                            (@OfNat.ofNat.{0} Nat (nat_lit 1) (instOfNatNat (nat_lit 1)))))))
                    block i)
                  (@Eq.{1} Real
                    (@Luce.Weights.rate
                      (@HAdd.hAdd.{0, 0, 0} Nat Nat Nat (@instHAdd.{0} Nat instAddNat) n
                        (@OfNat.ofNat.{0} Nat (nat_lit 1) (instOfNatNat (nat_lit 1))))
                      w i)
                    (@Finset.min'.{0} Real Real.linearOrder
                      (@Finset.image.{0, 0}
                        (Fin
                          (@HAdd.hAdd.{0, 0, 0} Nat Nat Nat (@instHAdd.{0} Nat instAddNat) n
                            (@OfNat.ofNat.{0} Nat (nat_lit 1) (instOfNatNat (nat_lit 1)))))
                        Real Real.decidableEq
                        (@Luce.Weights.rate
                          (@HAdd.hAdd.{0, 0, 0} Nat Nat Nat (@instHAdd.{0} Nat instAddNat) n
                            (@OfNat.ofNat.{0} Nat (nat_lit 1) (instOfNatNat (nat_lit 1))))
                          w)
                        block)
                      (@Finset.Nonempty.image.{0, 0}
                        (Fin
                          (@HAdd.hAdd.{0, 0, 0} Nat Nat Nat (@instHAdd.{0} Nat instAddNat) n
                            (@OfNat.ofNat.{0} Nat (nat_lit 1) (instOfNatNat (nat_lit 1)))))
                        Real Real.decidableEq block hb
                        (@Luce.Weights.rate
                          (@HAdd.hAdd.{0, 0, 0} Nat Nat Nat (@instHAdd.{0} Nat instAddNat) n
                            (@OfNat.ofNat.{0} Nat (nat_lit 1) (instOfNatNat (nat_lit 1))))
                          w))))) =>
            @LT.lt.{0} Real Real.instLT (@OfNat.ofNat.{0} Real (nat_lit 0) (@Zero.toOfNat0.{0} Real Real.instZero))
              (@Finset.min'.{0} Real Real.linearOrder
                (@Finset.image.{0, 0}
                  (Fin
                    (@HAdd.hAdd.{0, 0, 0} Nat Nat Nat (@instHAdd.{0} Nat instAddNat) n
                      (@OfNat.ofNat.{0} Nat (nat_lit 1) (instOfNatNat (nat_lit 1)))))
                  Real Real.decidableEq
                  (@Luce.Weights.rate
                    (@HAdd.hAdd.{0, 0, 0} Nat Nat Nat (@instHAdd.{0} Nat instAddNat) n
                      (@OfNat.ofNat.{0} Nat (nat_lit 1) (instOfNatNat (nat_lit 1))))
                    w)
                  block)
                (@Finset.Nonempty.image.{0, 0}
                  (Fin
                    (@HAdd.hAdd.{0, 0, 0} Nat Nat Nat (@instHAdd.{0} Nat instAddNat) n
                      (@OfNat.ofNat.{0} Nat (nat_lit 1) (instOfNatNat (nat_lit 1)))))
                  Real Real.decidableEq block hb
                  (@Luce.Weights.rate
                    (@HAdd.hAdd.{0, 0, 0} Nat Nat Nat (@instHAdd.{0} Nat instAddNat) n
                      (@OfNat.ofNat.{0} Nat (nat_lit 1) (instOfNatNat (nat_lit 1))))
                    w))))
          h fun (hi : ⋯) (heq : ⋯) =>
          @Eq.mpr.{0}
            (@LT.lt.{0} Real Real.instLT (@OfNat.ofNat.{0} Real (nat_lit 0) (@Zero.toOfNat0.{0} Real Real.instZero))
              (@Finset.min'.{0} Real Real.linearOrder
                (@Finset.image.{0, 0}
                  (Fin
                    (@HAdd.hAdd.{0, 0, 0} Nat Nat Nat (@instHAdd.{0} Nat instAddNat) n
                      (@OfNat.ofNat.{0} Nat (nat_lit 1) (instOfNatNat (nat_lit 1)))))
                  Real Real.decidableEq
                  (@Luce.Weights.rate
                    (@HAdd.hAdd.{0, 0, 0} Nat Nat Nat (@instHAdd.{0} Nat instAddNat) n
                      (@OfNat.ofNat.{0} Nat (nat_lit 1) (instOfNatNat (nat_lit 1))))
                    w)
                  block)
                (@Finset.Nonempty.image.{0, 0}
                  (Fin
                    (@HAdd.hAdd.{0, 0, 0} Nat Nat Nat (@instHAdd.{0} Nat instAddNat) n
                      (@OfNat.ofNat.{0} Nat (nat_lit 1) (instOfNatNat (nat_lit 1)))))
                  Real Real.decidableEq block hb
                  (@Luce.Weights.rate
                    (@HAdd.hAdd.{0, 0, 0} Nat Nat Nat (@instHAdd.{0} Nat instAddNat) n
                      (@OfNat.ofNat.{0} Nat (nat_lit 1) (instOfNatNat (nat_lit 1))))
                    w))))
            (@LT.lt.{0} Real Real.instLT (@OfNat.ofNat.{0} Real (nat_lit 0) (@Zero.toOfNat0.{0} Real Real.instZero))
              (@Luce.Weights.rate
                (@HAdd.hAdd.{0, 0, 0} Nat Nat Nat (@instHAdd.{0} Nat instAddNat) n
                  (@OfNat.ofNat.{0} Nat (nat_lit 1) (instOfNatNat (nat_lit 1))))
                w i))
            (@id.{0}
              (@Eq.{1} Prop
                (@LT.lt.{0} Real Real.instLT (@OfNat.ofNat.{0} Real (nat_lit 0) (@Zero.toOfNat0.{0} Real Real.instZero))
                  (@Finset.min'.{0} Real Real.linearOrder
                    (@Finset.image.{0, 0}
                      (Fin
                        (@HAdd.hAdd.{0, 0, 0} Nat Nat Nat (@instHAdd.{0} Nat instAddNat) n
                          (@OfNat.ofNat.{0} Nat (nat_lit 1) (instOfNatNat (nat_lit 1)))))
                      Real Real.decidableEq
                      (@Luce.Weights.rate
                        (@HAdd.hAdd.{0, 0, 0} Nat Nat Nat (@instHAdd.{0} Nat instAddNat) n
                          (@OfNat.ofNat.{0} Nat (nat_lit 1) (instOfNatNat (nat_lit 1))))
                        w)
                      block)
                    (@Finset.Nonempty.image.{0, 0}
                      (Fin
                        (@HAdd.hAdd.{0, 0, 0} Nat Nat Nat (@instHAdd.{0} Nat instAddNat) n
                          (@OfNat.ofNat.{0} Nat (nat_lit 1) (instOfNatNat (nat_lit 1)))))
                      Real Real.decidableEq block hb
                      (@Luce.Weights.rate
                        (@HAdd.hAdd.{0, 0, 0} Nat Nat Nat (@instHAdd.{0} Nat instAddNat) n
                          (@OfNat.ofNat.{0} Nat (nat_lit 1) (instOfNatNat (nat_lit 1))))
                        w))))
                (@LT.lt.{0} Real Real.instLT (@OfNat.ofNat.{0} Real (nat_lit 0) (@Zero.toOfNat0.{0} Real Real.instZero))
                  (@Luce.Weights.rate
                    (@HAdd.hAdd.{0, 0, 0} Nat Nat Nat (@instHAdd.{0} Nat instAddNat) n
                      (@OfNat.ofNat.{0} Nat (nat_lit 1) (instOfNatNat (nat_lit 1))))
                    w i)))
              (@congrArg.{1, 1} Real Prop
                (@Finset.min'.{0} Real Real.linearOrder
                  (@Finset.image.{0, 0}
                    (Fin
                      (@HAdd.hAdd.{0, 0, 0} Nat Nat Nat (@instHAdd.{0} Nat instAddNat) n
                        (@OfNat.ofNat.{0} Nat (nat_lit 1) (instOfNatNat (nat_lit 1)))))
                    Real Real.decidableEq
                    (@Luce.Weights.rate
                      (@HAdd.hAdd.{0, 0, 0} Nat Nat Nat (@instHAdd.{0} Nat instAddNat) n
                        (@OfNat.ofNat.{0} Nat (nat_lit 1) (instOfNatNat (nat_lit 1))))
                      w)
                    block)
                  (@Finset.Nonempty.image.{0, 0}
                    (Fin
                      (@HAdd.hAdd.{0, 0, 0} Nat Nat Nat (@instHAdd.{0} Nat instAddNat) n
                        (@OfNat.ofNat.{0} Nat (nat_lit 1) (instOfNatNat (nat_lit 1)))))
                    Real Real.decidableEq block hb
                    (@Luce.Weights.rate
                      (@HAdd.hAdd.{0, 0, 0} Nat Nat Nat (@instHAdd.{0} Nat instAddNat) n
                        (@OfNat.ofNat.{0} Nat (nat_lit 1) (instOfNatNat (nat_lit 1))))
                      w)))
                (@Luce.Weights.rate
                  (@HAdd.hAdd.{0, 0, 0} Nat Nat Nat (@instHAdd.{0} Nat instAddNat) n
                    (@OfNat.ofNat.{0} Nat (nat_lit 1) (instOfNatNat (nat_lit 1))))
                  w i)
                (fun (_a : Real) =>
                  @LT.lt.{0} Real Real.instLT
                    (@OfNat.ofNat.{0} Real (nat_lit 0) (@Zero.toOfNat0.{0} Real Real.instZero)) _a)
                (@Eq.symm.{1} Real
                  (@Luce.Weights.rate
                    (@HAdd.hAdd.{0, 0, 0} Nat Nat Nat (@instHAdd.{0} Nat instAddNat) n
                      (@OfNat.ofNat.{0} Nat (nat_lit 1) (instOfNatNat (nat_lit 1))))
                    w i)
                  (@Finset.min'.{0} Real Real.linearOrder
                    (@Finset.image.{0, 0}
                      (Fin
                        (@HAdd.hAdd.{0, 0, 0} Nat Nat Nat (@instHAdd.{0} Nat instAddNat) n
                          (@OfNat.ofNat.{0} Nat (nat_lit 1) (instOfNatNat (nat_lit 1)))))
                      Real Real.decidableEq
                      (@Luce.Weights.rate
                        (@HAdd.hAdd.{0, 0, 0} Nat Nat Nat (@instHAdd.{0} Nat instAddNat) n
                          (@OfNat.ofNat.{0} Nat (nat_lit 1) (instOfNatNat (nat_lit 1))))
                        w)
                      block)
                    (@Finset.Nonempty.image.{0, 0}
                      (Fin
                        (@HAdd.hAdd.{0, 0, 0} Nat Nat Nat (@instHAdd.{0} Nat instAddNat) n
                          (@OfNat.ofNat.{0} Nat (nat_lit 1) (instOfNatNat (nat_lit 1)))))
                      Real Real.decidableEq block hb
                      (@Luce.Weights.rate
                        (@HAdd.hAdd.{0, 0, 0} Nat Nat Nat (@instHAdd.{0} Nat instAddNat) n
                          (@OfNat.ofNat.{0} Nat (nat_lit 1) (instOfNatNat (nat_lit 1))))
                        w)))
                  heq)))
            (@Luce.Weights.positive
              (@HAdd.hAdd.{0, 0, 0} Nat Nat Nat (@instHAdd.{0} Nat instAddNat) n
                (@OfNat.ofNat.{0} Nat (nat_lit 1) (instOfNatNat (nat_lit 1))))
              w i))
      ⋯ ⋯ ⋯ ⋯ ⋯)
theorem Luce.EndpointShellAssumption.buffered_Q_raw : ∀ {w : Luce.WeightArray} (h : Luce.EndpointShellAssumption w),
  @Filter.Tendsto.{0, 0} Nat ENNReal
    (fun (J : Nat) =>
      @Filter.limsup.{0, 0} ENNReal Nat
        (@ConditionallyCompleteLinearOrder.toConditionallyCompleteLattice.{0} ENNReal
          (@ConditionallyCompleteLinearOrderBot.toConditionallyCompleteLinearOrder.{0} ENNReal
            (@CompleteLinearOrder.toConditionallyCompleteLinearOrderBot.{0} ENNReal ENNReal.instCompleteLinearOrder)))
        (fun (n : Nat) =>
          @tsum.{0, 0} ENNReal Nat ENNReal.instAddCommMonoid ENNReal.instTopologicalSpace
            (fun (j : Nat) =>
              @ite.{1} ENNReal (@LE.le.{0} Nat instLENat J j) (Nat.decLe J j)
                (@dite.{1} ENNReal (@Finset.Nonempty.{0} (Fin n) (Luce.terminalShell n j))
                  (@Finset.decidableNonempty.{0} (Fin n) (Luce.terminalShell n j))
                  (fun (hs : @Finset.Nonempty.{0} (Fin n) (Luce.terminalShell n j)) =>
                    ENNReal.ofReal
                      (Luce.endpointQ
                        (@HMul.hMul.{0, 0, 0} Real Real Real (@instHMul.{0} Real Real.instMul)
                          (Luce.shellFloor w n j hs)
                          (@HSub.hSub.{0, 0, 0} Real Real Real (@instHSub.{0} Real Real.instSub)
                            (@Nat.cast.{0} Real Real.instNatCast j)
                            (Real.sqrt (@Nat.cast.{0} Real Real.instNatCast j))))))
                  fun (hs : Not (@Finset.Nonempty.{0} (Fin n) (Luce.terminalShell n j))) =>
                  @OfNat.ofNat.{0} ENNReal (nat_lit 0) (@Zero.toOfNat0.{0} ENNReal ENNReal.instZero))
                (@OfNat.ofNat.{0} ENNReal (nat_lit 0) (@Zero.toOfNat0.{0} ENNReal ENNReal.instZero)))
            (SummationFilter.unconditional.{0} Nat))
        (@Filter.atTop.{0} Nat Nat.instPreorder))
    (@Filter.atTop.{0} Nat Nat.instPreorder)
    (@nhds.{0} ENNReal ENNReal.instTopologicalSpace
      (@OfNat.ofNat.{0} ENNReal (nat_lit 0) (@Zero.toOfNat0.{0} ENNReal ENNReal.instZero))) :=
fun {w : Luce.WeightArray} (h : Luce.EndpointShellAssumption w) =>
  (fun
        (hl :
          @Filter.EventuallyEq.{0, 0} Nat ENNReal (@Filter.atTop.{0} Nat Nat.instPreorder)
            (fun (J : Nat) =>
              @Filter.limsup.{0, 0} ENNReal Nat
                (@ConditionallyCompleteLinearOrder.toConditionallyCompleteLattice.{0} ENNReal
                  (@ConditionallyCompleteLinearOrderBot.toConditionallyCompleteLinearOrder.{0} ENNReal
                    (@CompleteLinearOrder.toConditionallyCompleteLinearOrderBot.{0} ENNReal
                      ENNReal.instCompleteLinearOrder)))
                (fun (n : Nat) => Luce.nonnegativeTail (Luce.bufferedShellQCost w) n J)
                (@Filter.atTop.{0} Nat Nat.instPreorder))
            fun (J : Nat) =>
            @Filter.limsup.{0, 0} ENNReal Nat
              (@ConditionallyCompleteLinearOrder.toConditionallyCompleteLattice.{0} ENNReal
                (@ConditionallyCompleteLinearOrderBot.toConditionallyCompleteLinearOrder.{0} ENNReal
                  (@CompleteLinearOrder.toConditionallyCompleteLinearOrderBot.{0} ENNReal
                    ENNReal.instCompleteLinearOrder)))
              (fun (n : Nat) =>
                @tsum.{0, 0} ENNReal Nat ENNReal.instAddCommMonoid ENNReal.instTopologicalSpace
                  (fun (j : Nat) =>
                    @ite.{1} ENNReal (@LE.le.{0} Nat instLENat J j) (Nat.decLe J j)
                      (@dite.{1} ENNReal (@Finset.Nonempty.{0} (Fin n) (Luce.terminalShell n j))
                        (@Finset.decidableNonempty.{0} (Fin n) (Luce.terminalShell n j))
                        (fun (hs : @Finset.Nonempty.{0} (Fin n) (Luce.terminalShell n j)) =>
                          ENNReal.ofReal
                            (Luce.endpointQ
                              (@HMul.hMul.{0, 0, 0} Real Real Real (@instHMul.{0} Real Real.instMul)
                                (Luce.shellFloor w n j hs)
                                (@HSub.hSub.{0, 0, 0} Real Real Real (@instHSub.{0} Real Real.instSub)
                                  (@Nat.cast.{0} Real Real.instNatCast j)
                                  (Real.sqrt (@Nat.cast.{0} Real Real.instNatCast j))))))
                        fun (hs : Not (@Finset.Nonempty.{0} (Fin n) (Luce.terminalShell n j))) =>
                        @OfNat.ofNat.{0} ENNReal (nat_lit 0) (@Zero.toOfNat0.{0} ENNReal ENNReal.instZero))
                      (@OfNat.ofNat.{0} ENNReal (nat_lit 0) (@Zero.toOfNat0.{0} ENNReal ENNReal.instZero)))
                  (SummationFilter.unconditional.{0} Nat))
              (@Filter.atTop.{0} Nat Nat.instPreorder)) =>
      @Filter.Tendsto.congr'.{0, 0} Nat ENNReal
        (fun (J : Nat) =>
          @Filter.limsup.{0, 0} ENNReal Nat
            (@ConditionallyCompleteLinearOrder.toConditionallyCompleteLattice.{0} ENNReal
              (@ConditionallyCompleteLinearOrderBot.toConditionallyCompleteLinearOrder.{0} ENNReal
                (@CompleteLinearOrder.toConditionallyCompleteLinearOrderBot.{0} ENNReal
                  ENNReal.instCompleteLinearOrder)))
            (fun (n : Nat) => Luce.nonnegativeTail (Luce.bufferedShellQCost w) n J)
            (@Filter.atTop.{0} Nat Nat.instPreorder))
        (fun (J : Nat) =>
          @Filter.limsup.{0, 0} ENNReal Nat
            (@ConditionallyCompleteLinearOrder.toConditionallyCompleteLattice.{0} ENNReal
              (@ConditionallyCompleteLinearOrderBot.toConditionallyCompleteLinearOrder.{0} ENNReal
                (@CompleteLinearOrder.toConditionallyCompleteLinearOrderBot.{0} ENNReal
                  ENNReal.instCompleteLinearOrder)))
            (fun (n : Nat) =>
              @tsum.{0, 0} ENNReal Nat ENNReal.instAddCommMonoid ENNReal.instTopologicalSpace
                (fun (j : Nat) =>
                  @ite.{1} ENNReal (@LE.le.{0} Nat instLENat J j) (Nat.decLe J j)
                    (@dite.{1} ENNReal (@Finset.Nonempty.{0} (Fin n) (Luce.terminalShell n j))
                      (@Finset.decidableNonempty.{0} (Fin n) (Luce.terminalShell n j))
                      (fun (hs : @Finset.Nonempty.{0} (Fin n) (Luce.terminalShell n j)) =>
                        ENNReal.ofReal
                          (Luce.endpointQ
                            (@HMul.hMul.{0, 0, 0} Real Real Real (@instHMul.{0} Real Real.instMul)
                              (Luce.shellFloor w n j hs)
                              (@HSub.hSub.{0, 0, 0} Real Real Real (@instHSub.{0} Real Real.instSub)
                                (@Nat.cast.{0} Real Real.instNatCast j)
                                (Real.sqrt (@Nat.cast.{0} Real Real.instNatCast j))))))
                      fun (hs : Not (@Finset.Nonempty.{0} (Fin n) (Luce.terminalShell n j))) =>
                      @OfNat.ofNat.{0} ENNReal (nat_lit 0) (@Zero.toOfNat0.{0} ENNReal ENNReal.instZero))
                    (@OfNat.ofNat.{0} ENNReal (nat_lit 0) (@Zero.toOfNat0.{0} ENNReal ENNReal.instZero)))
                (SummationFilter.unconditional.{0} Nat))
            (@Filter.atTop.{0} Nat Nat.instPreorder))
        (@Filter.atTop.{0} Nat Nat.instPreorder)
        (@nhds.{0} ENNReal ENNReal.instTopologicalSpace
          (@OfNat.ofNat.{0} ENNReal (nat_lit 0) (@Zero.toOfNat0.{0} ENNReal ENNReal.instZero)))
        hl (@Luce.EndpointShellAssumption.buffered_Q w h))
    (@Filter.mp_mem.{0} Nat (@Filter.atTop.{0} Nat Nat.instPreorder)
      (@Set.ofPred.{0} Nat fun (x : Nat) =>
        (fun (x : Nat) =>
            @LE.le.{0} Nat (@Preorder.toLE.{0} Nat Nat.instPreorder)
              (@OfNat.ofNat.{0} Nat (nat_lit 2) (instOfNatNat (nat_lit 2))) x)
          x)
      (@Set.ofPred.{0} Nat fun (x : Nat) =>
        (fun (x : Nat) =>
            @Eq.{1} ENNReal
              ((fun (J : Nat) =>
                  @Filter.limsup.{0, 0} ENNReal Nat
                    (@ConditionallyCompleteLinearOrder.toConditionallyCompleteLattice.{0} ENNReal
                      (@ConditionallyCompleteLinearOrderBot.toConditionallyCompleteLinearOrder.{0} ENNReal
                        (@CompleteLinearOrder.toConditionallyCompleteLinearOrderBot.{0} ENNReal
                          ENNReal.instCompleteLinearOrder)))
                    (fun (n : Nat) => Luce.nonnegativeTail (Luce.bufferedShellQCost w) n J)
                    (@Filter.atTop.{0} Nat Nat.instPreorder))
                x)
              ((fun (J : Nat) =>
                  @Filter.limsup.{0, 0} ENNReal Nat
                    (@ConditionallyCompleteLinearOrder.toConditionallyCompleteLattice.{0} ENNReal
                      (@ConditionallyCompleteLinearOrderBot.toConditionallyCompleteLinearOrder.{0} ENNReal
                        (@CompleteLinearOrder.toConditionallyCompleteLinearOrderBot.{0} ENNReal
                          ENNReal.instCompleteLinearOrder)))
                    (fun (n : Nat) =>
                      @tsum.{0, 0} ENNReal Nat ENNReal.instAddCommMonoid ENNReal.instTopologicalSpace
                        (fun (j : Nat) =>
                          @ite.{1} ENNReal (@LE.le.{0} Nat instLENat J j) (Nat.decLe J j)
                            (@dite.{1} ENNReal (@Finset.Nonempty.{0} (Fin n) (Luce.terminalShell n j))
                              (@Finset.decidableNonempty.{0} (Fin n) (Luce.terminalShell n j))
                              (fun (hs : @Finset.Nonempty.{0} (Fin n) (Luce.terminalShell n j)) =>
                                ENNReal.ofReal
                                  (Luce.endpointQ
                                    (@HMul.hMul.{0, 0, 0} Real Real Real (@instHMul.{0} Real Real.instMul)
                                      (Luce.shellFloor w n j hs)
                                      (@HSub.hSub.{0, 0, 0} Real Real Real (@instHSub.{0} Real Real.instSub)
                                        (@Nat.cast.{0} Real Real.instNatCast j)
                                        (Real.sqrt (@Nat.cast.{0} Real Real.instNatCast j))))))
                              fun (hs : Not (@Finset.Nonempty.{0} (Fin n) (Luce.terminalShell n j))) =>
                              @OfNat.ofNat.{0} ENNReal (nat_lit 0) (@Zero.toOfNat0.{0} ENNReal ENNReal.instZero))
                            (@OfNat.ofNat.{0} ENNReal (nat_lit 0) (@Zero.toOfNat0.{0} ENNReal ENNReal.instZero)))
                        (SummationFilter.unconditional.{0} Nat))
                    (@Filter.atTop.{0} Nat Nat.instPreorder))
                x))
          x)
      (@Filter.eventually_ge_atTop.{0} Nat Nat.instPreorder
        (@OfNat.ofNat.{0} Nat (nat_lit 2) (instOfNatNat (nat_lit 2))))
      (@Filter.univ_mem'.{0} Nat (@Filter.atTop.{0} Nat Nat.instPreorder)
        (@Set.ofPred.{0} Nat fun (x : Nat) =>
          @Membership.mem.{0, 0} Nat (Set.{0} Nat) (@Set.instMembership.{0} Nat)
              (@Set.ofPred.{0} Nat fun (x : Nat) =>
                (fun (x : Nat) =>
                    @LE.le.{0} Nat (@Preorder.toLE.{0} Nat Nat.instPreorder)
                      (@OfNat.ofNat.{0} Nat (nat_lit 2) (instOfNatNat (nat_lit 2))) x)
                  x)
              x →
            @Membership.mem.{0, 0} Nat (Set.{0} Nat) (@Set.instMembership.{0} Nat)
              (@Set.ofPred.{0} Nat fun (x : Nat) =>
                (fun (x : Nat) =>
                    @Eq.{1} ENNReal
                      ((fun (J : Nat) =>
                          @Filter.limsup.{0, 0} ENNReal Nat
                            (@ConditionallyCompleteLinearOrder.toConditionallyCompleteLattice.{0} ENNReal
                              (@ConditionallyCompleteLinearOrderBot.toConditionallyCompleteLinearOrder.{0} ENNReal
                                (@CompleteLinearOrder.toConditionallyCompleteLinearOrderBot.{0} ENNReal
                                  ENNReal.instCompleteLinearOrder)))
                            (fun (n : Nat) => Luce.nonnegativeTail (Luce.bufferedShellQCost w) n J)
                            (@Filter.atTop.{0} Nat Nat.instPreorder))
                        x)
                      ((fun (J : Nat) =>
                          @Filter.limsup.{0, 0} ENNReal Nat
                            (@ConditionallyCompleteLinearOrder.toConditionallyCompleteLattice.{0} ENNReal
                              (@ConditionallyCompleteLinearOrderBot.toConditionallyCompleteLinearOrder.{0} ENNReal
                                (@CompleteLinearOrder.toConditionallyCompleteLinearOrderBot.{0} ENNReal
                                  ENNReal.instCompleteLinearOrder)))
                            (fun (n : Nat) =>
                              @tsum.{0, 0} ENNReal Nat ENNReal.instAddCommMonoid ENNReal.instTopologicalSpace
                                (fun (j : Nat) =>
                                  @ite.{1} ENNReal (@LE.le.{0} Nat instLENat J j) (Nat.decLe J j)
                                    (@dite.{1} ENNReal (@Finset.Nonempty.{0} (Fin n) (Luce.terminalShell n j))
                                      (@Finset.decidableNonempty.{0} (Fin n) (Luce.terminalShell n j))
                                      (fun (hs : @Finset.Nonempty.{0} (Fin n) (Luce.terminalShell n j)) =>
                                        ENNReal.ofReal
                                          (Luce.endpointQ
                                            (@HMul.hMul.{0, 0, 0} Real Real Real (@instHMul.{0} Real Real.instMul)
                                              (Luce.shellFloor w n j hs)
                                              (@HSub.hSub.{0, 0, 0} Real Real Real (@instHSub.{0} Real Real.instSub)
                                                (@Nat.cast.{0} Real Real.instNatCast j)
                                                (Real.sqrt (@Nat.cast.{0} Real Real.instNatCast j))))))
                                      fun (hs : Not (@Finset.Nonempty.{0} (Fin n) (Luce.terminalShell n j))) =>
                                      @OfNat.ofNat.{0} ENNReal (nat_lit 0)
                                        (@Zero.toOfNat0.{0} ENNReal ENNReal.instZero))
                                    (@OfNat.ofNat.{0} ENNReal (nat_lit 0)
                                      (@Zero.toOfNat0.{0} ENNReal ENNReal.instZero)))
                                (SummationFilter.unconditional.{0} Nat))
                            (@Filter.atTop.{0} Nat Nat.instPreorder))
                        x))
                  x)
              x)
        (@id.{0}
          (∀ (a : Nat),
            @Membership.mem.{0, 0} Nat (Set.{0} Nat) (@Set.instMembership.{0} Nat)
              (@Set.ofPred.{0} Nat fun (x : Nat) =>
                @Membership.mem.{0, 0} Nat (Set.{0} Nat) (@Set.instMembership.{0} Nat)
                    (@Set.ofPred.{0} Nat fun (x : Nat) =>
                      (fun (x : Nat) =>
                          @LE.le.{0} Nat (@Preorder.toLE.{0} Nat Nat.instPreorder)
                            (@OfNat.ofNat.{0} Nat (nat_lit 2) (instOfNatNat (nat_lit 2))) x)
                        x)
                    x →
                  @Membership.mem.{0, 0} Nat (Set.{0} Nat) (@Set.instMembership.{0} Nat)
                    (@Set.ofPred.{0} Nat fun (x : Nat) =>
                      (fun (x : Nat) =>
                          @Eq.{1} ENNReal
                            ((fun (J : Nat) =>
                                @Filter.limsup.{0, 0} ENNReal Nat
                                  (@ConditionallyCompleteLinearOrder.toConditionallyCompleteLattice.{0} ENNReal
                                    (@ConditionallyCompleteLinearOrderBot.toConditionallyCompleteLinearOrder.{0} ENNReal
                                      (@CompleteLinearOrder.toConditionallyCompleteLinearOrderBot.{0} ENNReal
                                        ENNReal.instCompleteLinearOrder)))
                                  (fun (n : Nat) => Luce.nonnegativeTail (Luce.bufferedShellQCost w) n J)
                                  (@Filter.atTop.{0} Nat Nat.instPreorder))
                              x)
                            ((fun (J : Nat) =>
                                @Filter.limsup.{0, 0} ENNReal Nat
                                  (@ConditionallyCompleteLinearOrder.toConditionallyCompleteLattice.{0} ENNReal
                                    (@ConditionallyCompleteLinearOrderBot.toConditionallyCompleteLinearOrder.{0} ENNReal
                                      (@CompleteLinearOrder.toConditionallyCompleteLinearOrderBot.{0} ENNReal
                                        ENNReal.instCompleteLinearOrder)))
                                  (fun (n : Nat) =>
                                    @tsum.{0, 0} ENNReal Nat ENNReal.instAddCommMonoid ENNReal.instTopologicalSpace
                                      (fun (j : Nat) =>
                                        @ite.{1} ENNReal (@LE.le.{0} Nat instLENat J j) (Nat.decLe J j)
                                          (@dite.{1} ENNReal (@Finset.Nonempty.{0} (Fin n) (Luce.terminalShell n j))
                                            (@Finset.decidableNonempty.{0} (Fin n) (Luce.terminalShell n j))
                                            (fun (hs : @Finset.Nonempty.{0} (Fin n) (Luce.terminalShell n j)) =>
                                              ENNReal.ofReal
                                                (Luce.endpointQ
                                                  (@HMul.hMul.{0, 0, 0} Real Real Real (@instHMul.{0} Real Real.instMul)
                                                    (Luce.shellFloor w n j hs)
                                                    (@HSub.hSub.{0, 0, 0} Real Real Real
                                                      (@instHSub.{0} Real Real.instSub)
                                                      (@Nat.cast.{0} Real Real.instNatCast j)
                                                      (Real.sqrt (@Nat.cast.{0} Real Real.instNatCast j))))))
                                            fun (hs : Not (@Finset.Nonempty.{0} (Fin n) (Luce.terminalShell n j))) =>
                                            @OfNat.ofNat.{0} ENNReal (nat_lit 0)
                                              (@Zero.toOfNat0.{0} ENNReal ENNReal.instZero))
                                          (@OfNat.ofNat.{0} ENNReal (nat_lit 0)
                                            (@Zero.toOfNat0.{0} ENNReal ENNReal.instZero)))
                                      (SummationFilter.unconditional.{0} Nat))
                                  (@Filter.atTop.{0} Nat Nat.instPreorder))
                              x))
                        x)
                    x)
              a)
          fun (J : Nat)
            (hJ :
              @LE.le.{0} Nat (@Preorder.toLE.{0} Nat Nat.instPreorder)
                (@OfNat.ofNat.{0} Nat (nat_lit 2) (instOfNatNat (nat_lit 2))) J) =>
          (@fun {α β : Type} [inst : ConditionallyCompleteLattice.{0} α] (u u_1 : β → α)
                (e_u : @Eq.{1} (β → α) u u_1) =>
              @Eq.rec.{0, 1} (β → α) u
                (fun (u_2 : β → α) (e_u : @Eq.{1} (β → α) u u_2) =>
                  ∀ (f f_1 : Filter.{0} β) (e_f : @Eq.{1} (Filter.{0} β) f f_1),
                    @Eq.{1} α (@Filter.limsup.{0, 0} α β inst u f) (@Filter.limsup.{0, 0} α β inst u_2 f_1))
                (fun (f f_1 : Filter.{0} β) (e_f : @Eq.{1} (Filter.{0} β) f f_1) =>
                  @Eq.rec.{0, 1} (Filter.{0} β) f
                    (fun (f_2 : Filter.{0} β) (e_f : @Eq.{1} (Filter.{0} β) f f_2) =>
                      @Eq.{1} α (@Filter.limsup.{0, 0} α β inst u f) (@Filter.limsup.{0, 0} α β inst u f_2))
                    (@Eq.refl.{1} α (@Filter.limsup.{0, 0} α β inst u f)) f_1 e_f)
                u_1 e_u)
            ENNReal Nat
            (@ConditionallyCompleteLinearOrder.toConditionallyCompleteLattice.{0} ENNReal
              (@ConditionallyCompleteLinearOrderBot.toConditionallyCompleteLinearOrder.{0} ENNReal
                (@CompleteLinearOrder.toConditionallyCompleteLinearOrderBot.{0} ENNReal
                  ENNReal.instCompleteLinearOrder)))
            (fun (n : Nat) => Luce.nonnegativeTail (Luce.bufferedShellQCost w) n J)
            (fun (n : Nat) =>
              @tsum.{0, 0} ENNReal Nat ENNReal.instAddCommMonoid ENNReal.instTopologicalSpace
                (fun (j : Nat) =>
                  @ite.{1} ENNReal (@LE.le.{0} Nat instLENat J j) (Nat.decLe J j)
                    (@dite.{1} ENNReal (@Finset.Nonempty.{0} (Fin n) (Luce.terminalShell n j))
                      (@Finset.decidableNonempty.{0} (Fin n) (Luce.terminalShell n j))
                      (fun (hs : @Finset.Nonempty.{0} (Fin n) (Luce.terminalShell n j)) =>
                        ENNReal.ofReal
                          (Luce.endpointQ
                            (@HMul.hMul.{0, 0, 0} Real Real Real (@instHMul.{0} Real Real.instMul)
                              (Luce.shellFloor w n j hs)
                              (@HSub.hSub.{0, 0, 0} Real Real Real (@instHSub.{0} Real Real.instSub)
                                (@Nat.cast.{0} Real Real.instNatCast j)
                                (Real.sqrt (@Nat.cast.{0} Real Real.instNatCast j))))))
                      fun (hs : Not (@Finset.Nonempty.{0} (Fin n) (Luce.terminalShell n j))) =>
                      @OfNat.ofNat.{0} ENNReal (nat_lit 0) (@Zero.toOfNat0.{0} ENNReal ENNReal.instZero))
                    (@OfNat.ofNat.{0} ENNReal (nat_lit 0) (@Zero.toOfNat0.{0} ENNReal ENNReal.instZero)))
                (SummationFilter.unconditional.{0} Nat))
            (@funext.{1, 1} Nat (fun (x : Nat) => ENNReal)
              (fun (n : Nat) => Luce.nonnegativeTail (Luce.bufferedShellQCost w) n J)
              (fun (n : Nat) =>
                @tsum.{0, 0} ENNReal Nat ENNReal.instAddCommMonoid ENNReal.instTopologicalSpace
                  (fun (j : Nat) =>
                    @ite.{1} ENNReal (@LE.le.{0} Nat instLENat J j) (Nat.decLe J j)
                      (@dite.{1} ENNReal (@Finset.Nonempty.{0} (Fin n) (Luce.terminalShell n j))
                        (@Finset.decidableNonempty.{0} (Fin n) (Luce.terminalShell n j))
                        (fun (hs : @Finset.Nonempty.{0} (Fin n) (Luce.terminalShell n j)) =>
                          ENNReal.ofReal
                            (Luce.endpointQ
                              (@HMul.hMul.{0, 0, 0} Real Real Real (@instHMul.{0} Real Real.instMul)
                                (Luce.shellFloor w n j hs)
                                (@HSub.hSub.{0, 0, 0} Real Real Real (@instHSub.{0} Real Real.instSub)
                                  (@Nat.cast.{0} Real Real.instNatCast j)
                                  (Real.sqrt (@Nat.cast.{0} Real Real.instNatCast j))))))
                        fun (hs : Not (@Finset.Nonempty.{0} (Fin n) (Luce.terminalShell n j))) =>
                        @OfNat.ofNat.{0} ENNReal (nat_lit 0) (@Zero.toOfNat0.{0} ENNReal ENNReal.instZero))
                      (@OfNat.ofNat.{0} ENNReal (nat_lit 0) (@Zero.toOfNat0.{0} ENNReal ENNReal.instZero)))
                  (SummationFilter.unconditional.{0} Nat))
              fun (n : Nat) =>
              @tsum_congr.{0, 0} ENNReal Nat ENNReal.instAddCommMonoid ENNReal.instTopologicalSpace
                (SummationFilter.unconditional.{0} Nat)
                (fun (b : Nat) =>
                  @ite.{1} ENNReal (@LE.le.{0} Nat instLENat J b) (Nat.decLe J b) (Luce.bufferedShellQCost w n b)
                    (@OfNat.ofNat.{0} ENNReal (nat_lit 0) (@Zero.toOfNat0.{0} ENNReal ENNReal.instZero)))
                (fun (b : Nat) =>
                  @ite.{1} ENNReal (@LE.le.{0} Nat instLENat J b) (Nat.decLe J b)
                    (@dite.{1} ENNReal (@Finset.Nonempty.{0} (Fin n) (Luce.terminalShell n b))
                      (@Finset.decidableNonempty.{0} (Fin n) (Luce.terminalShell n b))
                      (fun (hs : @Finset.Nonempty.{0} (Fin n) (Luce.terminalShell n b)) =>
                        ENNReal.ofReal
                          (Luce.endpointQ
                            (@HMul.hMul.{0, 0, 0} Real Real Real (@instHMul.{0} Real Real.instMul)
                              (Luce.shellFloor w n b hs)
                              (@HSub.hSub.{0, 0, 0} Real Real Real (@instHSub.{0} Real Real.instSub)
                                (@Nat.cast.{0} Real Real.instNatCast b)
                                (Real.sqrt (@Nat.cast.{0} Real Real.instNatCast b))))))
                      fun (hs : Not (@Finset.Nonempty.{0} (Fin n) (Luce.terminalShell n b))) =>
                      @OfNat.ofNat.{0} ENNReal (nat_lit 0) (@Zero.toOfNat0.{0} ENNReal ENNReal.instZero))
                    (@OfNat.ofNat.{0} ENNReal (nat_lit 0) (@Zero.toOfNat0.{0} ENNReal ENNReal.instZero)))
                fun (j : Nat) =>
                @dite.{0}
                  (@Eq.{1} ENNReal
                    (@ite.{1} ENNReal (@LE.le.{0} Nat instLENat J j) (Nat.decLe J j) (Luce.bufferedShellQCost w n j)
                      (@OfNat.ofNat.{0} ENNReal (nat_lit 0) (@Zero.toOfNat0.{0} ENNReal ENNReal.instZero)))
                    (@ite.{1} ENNReal (@LE.le.{0} Nat instLENat J j) (Nat.decLe J j)
                      (@dite.{1} ENNReal (@Finset.Nonempty.{0} (Fin n) (Luce.terminalShell n j))
                        (@Finset.decidableNonempty.{0} (Fin n) (Luce.terminalShell n j))
                        (fun (hs : @Finset.Nonempty.{0} (Fin n) (Luce.terminalShell n j)) =>
                          ENNReal.ofReal
                            (Luce.endpointQ
                              (@HMul.hMul.{0, 0, 0} Real Real Real (@instHMul.{0} Real Real.instMul)
                                (Luce.shellFloor w n j hs)
                                (@HSub.hSub.{0, 0, 0} Real Real Real (@instHSub.{0} Real Real.instSub)
                                  (@Nat.cast.{0} Real Real.instNatCast j)
                                  (Real.sqrt (@Nat.cast.{0} Real Real.instNatCast j))))))
                        fun (hs : Not (@Finset.Nonempty.{0} (Fin n) (Luce.terminalShell n j))) =>
                        @OfNat.ofNat.{0} ENNReal (nat_lit 0) (@Zero.toOfNat0.{0} ENNReal ENNReal.instZero))
                      (@OfNat.ofNat.{0} ENNReal (nat_lit 0) (@Zero.toOfNat0.{0} ENNReal ENNReal.instZero))))
                  (@LE.le.{0} Nat instLENat J j) (Nat.decLe J j)
                  (fun (hj : @LE.le.{0} Nat instLENat J j) =>
                    @of_eq_true
                      (@Eq.{1} ENNReal
                        (@ite.{1} ENNReal (@LE.le.{0} Nat instLENat J j) (Nat.decLe J j) (Luce.bufferedShellQCost w n j)
                          (@OfNat.ofNat.{0} ENNReal (nat_lit 0) (@Zero.toOfNat0.{0} ENNReal ENNReal.instZero)))
                        (@ite.{1} ENNReal (@LE.le.{0} Nat instLENat J j) (Nat.decLe J j)
                          (@dite.{1} ENNReal (@Finset.Nonempty.{0} (Fin n) (Luce.terminalShell n j))
                            (@Finset.decidableNonempty.{0} (Fin n) (Luce.terminalShell n j))
                            (fun (hs : @Finset.Nonempty.{0} (Fin n) (Luce.terminalShell n j)) =>
                              ENNReal.ofReal
                                (Luce.endpointQ
                                  (@HMul.hMul.{0, 0, 0} Real Real Real (@instHMul.{0} Real Real.instMul)
                                    (Luce.shellFloor w n j hs)
                                    (@HSub.hSub.{0, 0, 0} Real Real Real (@instHSub.{0} Real Real.instSub)
                                      (@Nat.cast.{0} Real Real.instNatCast j)
                                      (Real.sqrt (@Nat.cast.{0} Real Real.instNatCast j))))))
                            fun (hs : Not (@Finset.Nonempty.{0} (Fin n) (Luce.terminalShell n j))) =>
                            @OfNat.ofNat.{0} ENNReal (nat_lit 0) (@Zero.toOfNat0.{0} ENNReal ENNReal.instZero))
                          (@OfNat.ofNat.{0} ENNReal (nat_lit 0) (@Zero.toOfNat0.{0} ENNReal ENNReal.instZero))))
                      (@Eq.trans.{1} Prop
                        (@Eq.{1} ENNReal
                          (@ite.{1} ENNReal (@LE.le.{0} Nat instLENat J j) (Nat.decLe J j)
                            (Luce.bufferedShellQCost w n j)
                            (@OfNat.ofNat.{0} ENNReal (nat_lit 0) (@Zero.toOfNat0.{0} ENNReal ENNReal.instZero)))
                          (@ite.{1} ENNReal (@LE.le.{0} Nat instLENat J j) (Nat.decLe J j)
                            (@dite.{1} ENNReal (@Finset.Nonempty.{0} (Fin n) (Luce.terminalShell n j))
                              (@Finset.decidableNonempty.{0} (Fin n) (Luce.terminalShell n j))
                              (fun (hs : @Finset.Nonempty.{0} (Fin n) (Luce.terminalShell n j)) =>
                                ENNReal.ofReal
                                  (Luce.endpointQ
                                    (@HMul.hMul.{0, 0, 0} Real Real Real (@instHMul.{0} Real Real.instMul)
                                      (Luce.shellFloor w n j hs)
                                      (@HSub.hSub.{0, 0, 0} Real Real Real (@instHSub.{0} Real Real.instSub)
                                        (@Nat.cast.{0} Real Real.instNatCast j)
                                        (Real.sqrt (@Nat.cast.{0} Real Real.instNatCast j))))))
                              fun (hs : Not (@Finset.Nonempty.{0} (Fin n) (Luce.terminalShell n j))) =>
                              @OfNat.ofNat.{0} ENNReal (nat_lit 0) (@Zero.toOfNat0.{0} ENNReal ENNReal.instZero))
                            (@OfNat.ofNat.{0} ENNReal (nat_lit 0) (@Zero.toOfNat0.{0} ENNReal ENNReal.instZero))))
                        (@Eq.{1} ENNReal
                          (@dite.{1} ENNReal (@Finset.Nonempty.{0} (Fin n) (Luce.terminalShell n j))
                            (@Finset.decidableNonempty.{0} (Fin n) (Luce.terminalShell n j))
                            (fun (h : @Finset.Nonempty.{0} (Fin n) (Luce.terminalShell n j)) =>
                              ENNReal.ofReal
                                (Luce.endpointQ
                                  (@HMul.hMul.{0, 0, 0} Real Real Real (@instHMul.{0} Real Real.instMul)
                                    (Luce.shellFloor w n j h)
                                    (@HSub.hSub.{0, 0, 0} Real Real Real (@instHSub.{0} Real Real.instSub)
                                      (@Nat.cast.{0} Real Real.instNatCast j)
                                      (Real.sqrt (@Nat.cast.{0} Real Real.instNatCast j))))))
                            fun (h : Not (@Finset.Nonempty.{0} (Fin n) (Luce.terminalShell n j))) =>
                            @OfNat.ofNat.{0} ENNReal (nat_lit 0) (@Zero.toOfNat0.{0} ENNReal ENNReal.instZero))
                          (@dite.{1} ENNReal (@Finset.Nonempty.{0} (Fin n) (Luce.terminalShell n j))
                            (@Finset.decidableNonempty.{0} (Fin n) (Luce.terminalShell n j))
                            (fun (h : @Finset.Nonempty.{0} (Fin n) (Luce.terminalShell n j)) =>
                              ENNReal.ofReal
                                (Luce.endpointQ
                                  (@HMul.hMul.{0, 0, 0} Real Real Real (@instHMul.{0} Real Real.instMul)
                                    (Luce.shellFloor w n j h)
                                    (@HSub.hSub.{0, 0, 0} Real Real Real (@instHSub.{0} Real Real.instSub)
                                      (@Nat.cast.{0} Real Real.instNatCast j)
                                      (Real.sqrt (@Nat.cast.{0} Real Real.instNatCast j))))))
                            fun (h : Not (@Finset.Nonempty.{0} (Fin n) (Luce.terminalShell n j))) =>
                            @OfNat.ofNat.{0} ENNReal (nat_lit 0) (@Zero.toOfNat0.{0} ENNReal ENNReal.instZero)))
                        True
                        (@congr.{1, 1} ENNReal Prop
                          (@Eq.{1} ENNReal
                            (@ite.{1} ENNReal (@LE.le.{0} Nat instLENat J j) (Nat.decLe J j)
                              (Luce.bufferedShellQCost w n j)
                              (@OfNat.ofNat.{0} ENNReal (nat_lit 0) (@Zero.toOfNat0.{0} ENNReal ENNReal.instZero))))
                          (@Eq.{1} ENNReal
                            (@dite.{1} ENNReal (@Finset.Nonempty.{0} (Fin n) (Luce.terminalShell n j))
                              (@Finset.decidableNonempty.{0} (Fin n) (Luce.terminalShell n j))
                              (fun (h : @Finset.Nonempty.{0} (Fin n) (Luce.terminalShell n j)) =>
                                ENNReal.ofReal
                                  (Luce.endpointQ
                                    (@HMul.hMul.{0, 0, 0} Real Real Real (@instHMul.{0} Real Real.instMul)
                                      (Luce.shellFloor w n j h)
                                      (@HSub.hSub.{0, 0, 0} Real Real Real (@instHSub.{0} Real Real.instSub)
                                        (@Nat.cast.{0} Real Real.instNatCast j)
                                        (Real.sqrt (@Nat.cast.{0} Real Real.instNatCast j))))))
                              fun (h : Not (@Finset.Nonempty.{0} (Fin n) (Luce.terminalShell n j))) =>
                              @OfNat.ofNat.{0} ENNReal (nat_lit 0) (@Zero.toOfNat0.{0} ENNReal ENNReal.instZero)))
                          (@ite.{1} ENNReal (@LE.le.{0} Nat instLENat J j) (Nat.decLe J j)
                            (@dite.{1} ENNReal (@Finset.Nonempty.{0} (Fin n) (Luce.terminalShell n j))
                              (@Finset.decidableNonempty.{0} (Fin n) (Luce.terminalShell n j))
                              (fun (hs : @Finset.Nonempty.{0} (Fin n) (Luce.terminalShell n j)) =>
                                ENNReal.ofReal
                                  (Luce.endpointQ
                                    (@HMul.hMul.{0, 0, 0} Real Real Real (@instHMul.{0} Real Real.instMul)
                                      (Luce.shellFloor w n j hs)
                                      (@HSub.hSub.{0, 0, 0} Real Real Real (@instHSub.{0} Real Real.instSub)
                                        (@Nat.cast.{0} Real Real.instNatCast j)
                                        (Real.sqrt (@Nat.cast.{0} Real Real.instNatCast j))))))
                              fun (hs : Not (@Finset.Nonempty.{0} (Fin n) (Luce.terminalShell n j))) =>
                              @OfNat.ofNat.{0} ENNReal (nat_lit 0) (@Zero.toOfNat0.{0} ENNReal ENNReal.instZero))
                            (@OfNat.ofNat.{0} ENNReal (nat_lit 0) (@Zero.toOfNat0.{0} ENNReal ENNReal.instZero)))
                          (@dite.{1} ENNReal (@Finset.Nonempty.{0} (Fin n) (Luce.terminalShell n j))
                            (@Finset.decidableNonempty.{0} (Fin n) (Luce.terminalShell n j))
                            (fun (h : @Finset.Nonempty.{0} (Fin n) (Luce.terminalShell n j)) =>
                              ENNReal.ofReal
                                (Luce.endpointQ
                                  (@HMul.hMul.{0, 0, 0} Real Real Real (@instHMul.{0} Real Real.instMul)
                                    (Luce.shellFloor w n j h)
                                    (@HSub.hSub.{0, 0, 0} Real Real Real (@instHSub.{0} Real Real.instSub)
                                      (@Nat.cast.{0} Real Real.instNatCast j)
                                      (Real.sqrt (@Nat.cast.{0} Real Real.instNatCast j))))))
                            fun (h : Not (@Finset.Nonempty.{0} (Fin n) (Luce.terminalShell n j))) =>
                            @OfNat.ofNat.{0} ENNReal (nat_lit 0) (@Zero.toOfNat0.{0} ENNReal ENNReal.instZero))
                          (@congrArg.{1, 1} ENNReal (ENNReal → Prop)
                            (@ite.{1} ENNReal (@LE.le.{0} Nat instLENat J j) (Nat.decLe J j)
                              (Luce.bufferedShellQCost w n j)
                              (@OfNat.ofNat.{0} ENNReal (nat_lit 0) (@Zero.toOfNat0.{0} ENNReal ENNReal.instZero)))
                            (@dite.{1} ENNReal (@Finset.Nonempty.{0} (Fin n) (Luce.terminalShell n j))
                              (@Finset.decidableNonempty.{0} (Fin n) (Luce.terminalShell n j))
                              (fun (h : @Finset.Nonempty.{0} (Fin n) (Luce.terminalShell n j)) =>
                                ENNReal.ofReal
                                  (Luce.endpointQ
                                    (@HMul.hMul.{0, 0, 0} Real Real Real (@instHMul.{0} Real Real.instMul)
                                      (Luce.shellFloor w n j h)
                                      (@HSub.hSub.{0, 0, 0} Real Real Real (@instHSub.{0} Real Real.instSub)
                                        (@Nat.cast.{0} Real Real.instNatCast j)
                                        (Real.sqrt (@Nat.cast.{0} Real Real.instNatCast j))))))
                              fun (h : Not (@Finset.Nonempty.{0} (Fin n) (Luce.terminalShell n j))) =>
                              @OfNat.ofNat.{0} ENNReal (nat_lit 0) (@Zero.toOfNat0.{0} ENNReal ENNReal.instZero))
                            (@Eq.{1} ENNReal)
                            (@Eq.trans.{1} ENNReal
                              (@ite.{1} ENNReal (@LE.le.{0} Nat instLENat J j) (Nat.decLe J j)
                                (Luce.bufferedShellQCost w n j)
                                (@OfNat.ofNat.{0} ENNReal (nat_lit 0) (@Zero.toOfNat0.{0} ENNReal ENNReal.instZero)))
                              (@ite.{1} ENNReal (@LE.le.{0} Nat instLENat J j) (Nat.decLe J j)
                                (@dite.{1} ENNReal (@Finset.Nonempty.{0} (Fin n) (Luce.terminalShell n j))
                                  (@Finset.decidableNonempty.{0} (Fin n) (Luce.terminalShell n j))
                                  (fun (h : @Finset.Nonempty.{0} (Fin n) (Luce.terminalShell n j)) =>
                                    ENNReal.ofReal
                                      (Luce.endpointQ
                                        (@HMul.hMul.{0, 0, 0} Real Real Real (@instHMul.{0} Real Real.instMul)
                                          (Luce.shellFloor w n j h)
                                          (@HSub.hSub.{0, 0, 0} Real Real Real (@instHSub.{0} Real Real.instSub)
                                            (@Nat.cast.{0} Real Real.instNatCast j)
                                            (Real.sqrt (@Nat.cast.{0} Real Real.instNatCast j))))))
                                  fun (h : Not (@Finset.Nonempty.{0} (Fin n) (Luce.terminalShell n j))) =>
                                  @OfNat.ofNat.{0} ENNReal (nat_lit 0) (@Zero.toOfNat0.{0} ENNReal ENNReal.instZero))
                                (@OfNat.ofNat.{0} ENNReal (nat_lit 0) (@Zero.toOfNat0.{0} ENNReal ENNReal.instZero)))
                              (@dite.{1} ENNReal (@Finset.Nonempty.{0} (Fin n) (Luce.terminalShell n j))
                                (@Finset.decidableNonempty.{0} (Fin n) (Luce.terminalShell n j))
                                (fun (h : @Finset.Nonempty.{0} (Fin n) (Luce.terminalShell n j)) =>
                                  ENNReal.ofReal
                                    (Luce.endpointQ
                                      (@HMul.hMul.{0, 0, 0} Real Real Real (@instHMul.{0} Real Real.instMul)
                                        (Luce.shellFloor w n j h)
                                        (@HSub.hSub.{0, 0, 0} Real Real Real (@instHSub.{0} Real Real.instSub)
                                          (@Nat.cast.{0} Real Real.instNatCast j)
                                          (Real.sqrt (@Nat.cast.{0} Real Real.instNatCast j))))))
                                fun (h : Not (@Finset.Nonempty.{0} (Fin n) (Luce.terminalShell n j))) =>
                                @OfNat.ofNat.{0} ENNReal (nat_lit 0) (@Zero.toOfNat0.{0} ENNReal ENNReal.instZero))
                              (@ite.congr_simp.{1} ENNReal (@LE.le.{0} Nat instLENat J j) (@LE.le.{0} Nat instLENat J j)
                                (@Eq.refl.{1} Prop (@LE.le.{0} Nat instLENat J j)) (Nat.decLe J j) (Nat.decLe J j)
                                (Luce.bufferedShellQCost w n j)
                                (@dite.{1} ENNReal (@Finset.Nonempty.{0} (Fin n) (Luce.terminalShell n j))
                                  (@Finset.decidableNonempty.{0} (Fin n) (Luce.terminalShell n j))
                                  (fun (h : @Finset.Nonempty.{0} (Fin n) (Luce.terminalShell n j)) =>
                                    ENNReal.ofReal
                                      (Luce.endpointQ
                                        (@HMul.hMul.{0, 0, 0} Real Real Real (@instHMul.{0} Real Real.instMul)
                                          (Luce.shellFloor w n j h)
                                          (@HSub.hSub.{0, 0, 0} Real Real Real (@instHSub.{0} Real Real.instSub)
                                            (@Nat.cast.{0} Real Real.instNatCast j)
                                            (Real.sqrt (@Nat.cast.{0} Real Real.instNatCast j))))))
                                  fun (h : Not (@Finset.Nonempty.{0} (Fin n) (Luce.terminalShell n j))) =>
                                  @OfNat.ofNat.{0} ENNReal (nat_lit 0) (@Zero.toOfNat0.{0} ENNReal ENNReal.instZero))
                                ((fun
                                      (x_0 :
                                        Decidable
                                          (@LE.le.{0} Nat (@Preorder.toLE.{0} Nat Nat.instPreorder)
                                            (@OfNat.ofNat.{0} Nat (nat_lit 2) (instOfNatNat (nat_lit 2))) j))
                                      (x_1 : Type)
                                      (x_2 :
                                        @LE.le.{0} Nat (@Preorder.toLE.{0} Nat Nat.instPreorder)
                                            (@OfNat.ofNat.{0} Nat (nat_lit 2) (instOfNatNat (nat_lit 2))) j →
                                          x_1)
                                      (x_3 :
                                        Not
                                            (@LE.le.{0} Nat (@Preorder.toLE.{0} Nat Nat.instPreorder)
                                              (@OfNat.ofNat.{0} Nat (nat_lit 2) (instOfNatNat (nat_lit 2))) j) →
                                          x_1) =>
                                    (fun
                                          (x_0 :
                                            Decidable
                                              (@LE.le.{0} Nat (@Preorder.toLE.{0} Nat Nat.instPreorder)
                                                (@OfNat.ofNat.{0} Nat (nat_lit 2) (instOfNatNat (nat_lit 2))) j))
                                          (x_1 : Type)
                                          (x_2 :
                                            @LE.le.{0} Nat (@Preorder.toLE.{0} Nat Nat.instPreorder)
                                                (@OfNat.ofNat.{0} Nat (nat_lit 2) (instOfNatNat (nat_lit 2))) j →
                                              x_1)
                                          (x_3 :
                                            Not
                                                (@LE.le.{0} Nat (@Preorder.toLE.{0} Nat Nat.instPreorder)
                                                  (@OfNat.ofNat.{0} Nat (nat_lit 2) (instOfNatNat (nat_lit 2))) j) →
                                              x_1) =>
                                        @dif_pos.{1}
                                          (@LE.le.{0} Nat (@Preorder.toLE.{0} Nat Nat.instPreorder)
                                            (@OfNat.ofNat.{0} Nat (nat_lit 2) (instOfNatNat (nat_lit 2))) j)
                                          x_0
                                          (@LE.le.trans.{0} Nat Nat.instPreorder
                                            (@OfNat.ofNat.{0} Nat (nat_lit 2) (instOfNatNat (nat_lit 2))) J j hJ hj)
                                          x_1 x_2 x_3)
                                      x_0 x_1 x_2 x_3)
                                  (Nat.decLe (@OfNat.ofNat.{0} Nat (nat_lit 2) (instOfNatNat (nat_lit 2))) j) ENNReal
                                  (fun
                                      (hj :
                                        @LE.le.{0} Nat instLENat
                                          (@OfNat.ofNat.{0} Nat (nat_lit 2) (instOfNatNat (nat_lit 2))) j) =>
                                    @dite.{1} ENNReal (@Finset.Nonempty.{0} (Fin n) (Luce.terminalShell n j))
                                      (@Finset.decidableNonempty.{0} (Fin n) (Luce.terminalShell n j))
                                      (fun (h : @Finset.Nonempty.{0} (Fin n) (Luce.terminalShell n j)) =>
                                        ENNReal.ofReal
                                          (Luce.endpointQ
                                            (@HMul.hMul.{0, 0, 0} Real Real Real (@instHMul.{0} Real Real.instMul)
                                              (Luce.shellFloor w n j h)
                                              (@HSub.hSub.{0, 0, 0} Real Real Real (@instHSub.{0} Real Real.instSub)
                                                (@Nat.cast.{0} Real Real.instNatCast j)
                                                (Real.sqrt (@Nat.cast.{0} Real Real.instNatCast j))))))
                                      fun (h : Not (@Finset.Nonempty.{0} (Fin n) (Luce.terminalShell n j))) =>
                                      @OfNat.ofNat.{0} ENNReal (nat_lit 0)
                                        (@Zero.toOfNat0.{0} ENNReal ENNReal.instZero))
                                  fun
                                    (hj :
                                      Not
                                        (@LE.le.{0} Nat instLENat
                                          (@OfNat.ofNat.{0} Nat (nat_lit 2) (instOfNatNat (nat_lit 2))) j)) =>
                                  @OfNat.ofNat.{0} ENNReal (nat_lit 0) (@Zero.toOfNat0.{0} ENNReal ENNReal.instZero))
                                (@OfNat.ofNat.{0} ENNReal (nat_lit 0) (@Zero.toOfNat0.{0} ENNReal ENNReal.instZero))
                                (@OfNat.ofNat.{0} ENNReal (nat_lit 0) (@Zero.toOfNat0.{0} ENNReal ENNReal.instZero))
                                (@Eq.refl.{1} ENNReal
                                  (@OfNat.ofNat.{0} ENNReal (nat_lit 0) (@Zero.toOfNat0.{0} ENNReal ENNReal.instZero))))
                              ((fun (x_0 : Decidable (@LE.le.{0} Nat instLENat J j)) (x_1 : Type) (x_2 x_3 : x_1) =>
                                  (fun (x_0 : Decidable (@LE.le.{0} Nat instLENat J j)) (x_1 : Type) (x_2 x_3 : x_1) =>
                                      @if_pos.{1} (@LE.le.{0} Nat instLENat J j) x_0 hj x_1 x_2 x_3)
                                    x_0 x_1 x_2 x_3)
                                (Nat.decLe J j) ENNReal
                                (@dite.{1} ENNReal (@Finset.Nonempty.{0} (Fin n) (Luce.terminalShell n j))
                                  (@Finset.decidableNonempty.{0} (Fin n) (Luce.terminalShell n j))
                                  (fun (h : @Finset.Nonempty.{0} (Fin n) (Luce.terminalShell n j)) =>
                                    ENNReal.ofReal
                                      (Luce.endpointQ
                                        (@HMul.hMul.{0, 0, 0} Real Real Real (@instHMul.{0} Real Real.instMul)
                                          (Luce.shellFloor w n j h)
                                          (@HSub.hSub.{0, 0, 0} Real Real Real (@instHSub.{0} Real Real.instSub)
                                            (@Nat.cast.{0} Real Real.instNatCast j)
                                            (Real.sqrt (@Nat.cast.{0} Real Real.instNatCast j))))))
                                  fun (h : Not (@Finset.Nonempty.{0} (Fin n) (Luce.terminalShell n j))) =>
                                  @OfNat.ofNat.{0} ENNReal (nat_lit 0) (@Zero.toOfNat0.{0} ENNReal ENNReal.instZero))
                                (@OfNat.ofNat.{0} ENNReal (nat_lit 0) (@Zero.toOfNat0.{0} ENNReal ENNReal.instZero)))))
                          ((fun (x_0 : Decidable (@LE.le.{0} Nat instLENat J j)) (x_1 : Type) (x_2 x_3 : x_1) =>
                              (fun (x_0 : Decidable (@LE.le.{0} Nat instLENat J j)) (x_1 : Type) (x_2 x_3 : x_1) =>
                                  @if_pos.{1} (@LE.le.{0} Nat instLENat J j) x_0 hj x_1 x_2 x_3)
                                x_0 x_1 x_2 x_3)
                            (Nat.decLe J j) ENNReal
                            (@dite.{1} ENNReal (@Finset.Nonempty.{0} (Fin n) (Luce.terminalShell n j))
                              (@Finset.decidableNonempty.{0} (Fin n) (Luce.terminalShell n j))
                              (fun (hs : @Finset.Nonempty.{0} (Fin n) (Luce.terminalShell n j)) =>
                                ENNReal.ofReal
                                  (Luce.endpointQ
                                    (@HMul.hMul.{0, 0, 0} Real Real Real (@instHMul.{0} Real Real.instMul)
                                      (Luce.shellFloor w n j hs)
                                      (@HSub.hSub.{0, 0, 0} Real Real Real (@instHSub.{0} Real Real.instSub)
                                        (@Nat.cast.{0} Real Real.instNatCast j)
                                        (Real.sqrt (@Nat.cast.{0} Real Real.instNatCast j))))))
                              fun (hs : Not (@Finset.Nonempty.{0} (Fin n) (Luce.terminalShell n j))) =>
                              @OfNat.ofNat.{0} ENNReal (nat_lit 0) (@Zero.toOfNat0.{0} ENNReal ENNReal.instZero))
                            (@OfNat.ofNat.{0} ENNReal (nat_lit 0) (@Zero.toOfNat0.{0} ENNReal ENNReal.instZero))))
                        (@eq_self.{1} ENNReal
                          (@dite.{1} ENNReal (@Finset.Nonempty.{0} (Fin n) (Luce.terminalShell n j))
                            (@Finset.decidableNonempty.{0} (Fin n) (Luce.terminalShell n j))
                            (fun (h : @Finset.Nonempty.{0} (Fin n) (Luce.terminalShell n j)) =>
                              ENNReal.ofReal
                                (Luce.endpointQ
                                  (@HMul.hMul.{0, 0, 0} Real Real Real (@instHMul.{0} Real Real.instMul)
                                    (Luce.shellFloor w n j h)
                                    (@HSub.hSub.{0, 0, 0} Real Real Real (@instHSub.{0} Real Real.instSub)
                                      (@Nat.cast.{0} Real Real.instNatCast j)
                                      (Real.sqrt (@Nat.cast.{0} Real Real.instNatCast j))))))
                            fun (h : Not (@Finset.Nonempty.{0} (Fin n) (Luce.terminalShell n j))) =>
                            @OfNat.ofNat.{0} ENNReal (nat_lit 0) (@Zero.toOfNat0.{0} ENNReal ENNReal.instZero)))))
                  fun (hj : Not (@LE.le.{0} Nat instLENat J j)) =>
                  @of_eq_true
                    (@Eq.{1} ENNReal
                      (@ite.{1} ENNReal (@LE.le.{0} Nat instLENat J j) (Nat.decLe J j) (Luce.bufferedShellQCost w n j)
                        (@OfNat.ofNat.{0} ENNReal (nat_lit 0) (@Zero.toOfNat0.{0} ENNReal ENNReal.instZero)))
                      (@ite.{1} ENNReal (@LE.le.{0} Nat instLENat J j) (Nat.decLe J j)
                        (@dite.{1} ENNReal (@Finset.Nonempty.{0} (Fin n) (Luce.terminalShell n j))
                          (@Finset.decidableNonempty.{0} (Fin n) (Luce.terminalShell n j))
                          (fun (hs : @Finset.Nonempty.{0} (Fin n) (Luce.terminalShell n j)) =>
                            ENNReal.ofReal
                              (Luce.endpointQ
                                (@HMul.hMul.{0, 0, 0} Real Real Real (@instHMul.{0} Real Real.instMul)
                                  (Luce.shellFloor w n j hs)
                                  (@HSub.hSub.{0, 0, 0} Real Real Real (@instHSub.{0} Real Real.instSub)
                                    (@Nat.cast.{0} Real Real.instNatCast j)
                                    (Real.sqrt (@Nat.cast.{0} Real Real.instNatCast j))))))
                          fun (hs : Not (@Finset.Nonempty.{0} (Fin n) (Luce.terminalShell n j))) =>
                          @OfNat.ofNat.{0} ENNReal (nat_lit 0) (@Zero.toOfNat0.{0} ENNReal ENNReal.instZero))
                        (@OfNat.ofNat.{0} ENNReal (nat_lit 0) (@Zero.toOfNat0.{0} ENNReal ENNReal.instZero))))
                    (@Eq.trans.{1} Prop
                      (@Eq.{1} ENNReal
                        (@ite.{1} ENNReal (@LE.le.{0} Nat instLENat J j) (Nat.decLe J j) (Luce.bufferedShellQCost w n j)
                          (@OfNat.ofNat.{0} ENNReal (nat_lit 0) (@Zero.toOfNat0.{0} ENNReal ENNReal.instZero)))
                        (@ite.{1} ENNReal (@LE.le.{0} Nat instLENat J j) (Nat.decLe J j)
                          (@dite.{1} ENNReal (@Finset.Nonempty.{0} (Fin n) (Luce.terminalShell n j))
                            (@Finset.decidableNonempty.{0} (Fin n) (Luce.terminalShell n j))
                            (fun (hs : @Finset.Nonempty.{0} (Fin n) (Luce.terminalShell n j)) =>
                              ENNReal.ofReal
                                (Luce.endpointQ
                                  (@HMul.hMul.{0, 0, 0} Real Real Real (@instHMul.{0} Real Real.instMul)
                                    (Luce.shellFloor w n j hs)
                                    (@HSub.hSub.{0, 0, 0} Real Real Real (@instHSub.{0} Real Real.instSub)
                                      (@Nat.cast.{0} Real Real.instNatCast j)
                                      (Real.sqrt (@Nat.cast.{0} Real Real.instNatCast j))))))
                            fun (hs : Not (@Finset.Nonempty.{0} (Fin n) (Luce.terminalShell n j))) =>
                            @OfNat.ofNat.{0} ENNReal (nat_lit 0) (@Zero.toOfNat0.{0} ENNReal ENNReal.instZero))
                          (@OfNat.ofNat.{0} ENNReal (nat_lit 0) (@Zero.toOfNat0.{0} ENNReal ENNReal.instZero))))
                      (@Eq.{1} ENNReal
                        (@OfNat.ofNat.{0} ENNReal (nat_lit 0) (@Zero.toOfNat0.{0} ENNReal ENNReal.instZero))
                        (@OfNat.ofNat.{0} ENNReal (nat_lit 0) (@Zero.toOfNat0.{0} ENNReal ENNReal.instZero)))
                      True
                      (@congr.{1, 1} ENNReal Prop
                        (@Eq.{1} ENNReal
                          (@ite.{1} ENNReal (@LE.le.{0} Nat instLENat J j) (Nat.decLe J j)
                            (Luce.bufferedShellQCost w n j)
                            (@OfNat.ofNat.{0} ENNReal (nat_lit 0) (@Zero.toOfNat0.{0} ENNReal ENNReal.instZero))))
                        (@Eq.{1} ENNReal
                          (@OfNat.ofNat.{0} ENNReal (nat_lit 0) (@Zero.toOfNat0.{0} ENNReal ENNReal.instZero)))
                        (@ite.{1} ENNReal (@LE.le.{0} Nat instLENat J j) (Nat.decLe J j)
                          (@dite.{1} ENNReal (@Finset.Nonempty.{0} (Fin n) (Luce.terminalShell n j))
                            (@Finset.decidableNonempty.{0} (Fin n) (Luce.terminalShell n j))
                            (fun (hs : @Finset.Nonempty.{0} (Fin n) (Luce.terminalShell n j)) =>
                              ENNReal.ofReal
                                (Luce.endpointQ
                                  (@HMul.hMul.{0, 0, 0} Real Real Real (@instHMul.{0} Real Real.instMul)
                                    (Luce.shellFloor w n j hs)
                                    (@HSub.hSub.{0, 0, 0} Real Real Real (@instHSub.{0} Real Real.instSub)
                                      (@Nat.cast.{0} Real Real.instNatCast j)
                                      (Real.sqrt (@Nat.cast.{0} Real Real.instNatCast j))))))
                            fun (hs : Not (@Finset.Nonempty.{0} (Fin n) (Luce.terminalShell n j))) =>
                            @OfNat.ofNat.{0} ENNReal (nat_lit 0) (@Zero.toOfNat0.{0} ENNReal ENNReal.instZero))
                          (@OfNat.ofNat.{0} ENNReal (nat_lit 0) (@Zero.toOfNat0.{0} ENNReal ENNReal.instZero)))
                        (@OfNat.ofNat.{0} ENNReal (nat_lit 0) (@Zero.toOfNat0.{0} ENNReal ENNReal.instZero))
                        (@congrArg.{1, 1} ENNReal (ENNReal → Prop)
                          (@ite.{1} ENNReal (@LE.le.{0} Nat instLENat J j) (Nat.decLe J j)
                            (Luce.bufferedShellQCost w n j)
                            (@OfNat.ofNat.{0} ENNReal (nat_lit 0) (@Zero.toOfNat0.{0} ENNReal ENNReal.instZero)))
                          (@OfNat.ofNat.{0} ENNReal (nat_lit 0) (@Zero.toOfNat0.{0} ENNReal ENNReal.instZero))
                          (@Eq.{1} ENNReal)
                          ((fun (x_0 : Decidable (@LE.le.{0} Nat instLENat J j)) (x_1 : Type) (x_2 x_3 : x_1) =>
                              (fun (x_0 : Decidable (@LE.le.{0} Nat instLENat J j)) (x_1 : Type) (x_2 x_3 : x_1) =>
                                  @if_neg.{1} (@LE.le.{0} Nat instLENat J j) x_0 hj x_1 x_2 x_3)
                                x_0 x_1 x_2 x_3)
                            (Nat.decLe J j) ENNReal (Luce.bufferedShellQCost w n j)
                            (@OfNat.ofNat.{0} ENNReal (nat_lit 0) (@Zero.toOfNat0.{0} ENNReal ENNReal.instZero))))
                        ((fun (x_0 : Decidable (@LE.le.{0} Nat instLENat J j)) (x_1 : Type) (x_2 x_3 : x_1) =>
                            (fun (x_0 : Decidable (@LE.le.{0} Nat instLENat J j)) (x_1 : Type) (x_2 x_3 : x_1) =>
                                @if_neg.{1} (@LE.le.{0} Nat instLENat J j) x_0 hj x_1 x_2 x_3)
                              x_0 x_1 x_2 x_3)
                          (Nat.decLe J j) ENNReal
                          (@dite.{1} ENNReal (@Finset.Nonempty.{0} (Fin n) (Luce.terminalShell n j))
                            (@Finset.decidableNonempty.{0} (Fin n) (Luce.terminalShell n j))
                            (fun (hs : @Finset.Nonempty.{0} (Fin n) (Luce.terminalShell n j)) =>
                              ENNReal.ofReal
                                (Luce.endpointQ
                                  (@HMul.hMul.{0, 0, 0} Real Real Real (@instHMul.{0} Real Real.instMul)
                                    (Luce.shellFloor w n j hs)
                                    (@HSub.hSub.{0, 0, 0} Real Real Real (@instHSub.{0} Real Real.instSub)
                                      (@Nat.cast.{0} Real Real.instNatCast j)
                                      (Real.sqrt (@Nat.cast.{0} Real Real.instNatCast j))))))
                            fun (hs : Not (@Finset.Nonempty.{0} (Fin n) (Luce.terminalShell n j))) =>
                            @OfNat.ofNat.{0} ENNReal (nat_lit 0) (@Zero.toOfNat0.{0} ENNReal ENNReal.instZero))
                          (@OfNat.ofNat.{0} ENNReal (nat_lit 0) (@Zero.toOfNat0.{0} ENNReal ENNReal.instZero))))
                      (@eq_self.{1} ENNReal
                        (@OfNat.ofNat.{0} ENNReal (nat_lit 0) (@Zero.toOfNat0.{0} ENNReal ENNReal.instZero)))))
            (@Filter.atTop.{0} Nat Nat.instPreorder) (@Filter.atTop.{0} Nat Nat.instPreorder)
            (@Eq.refl.{1} (Filter.{0} Nat) (@Filter.atTop.{0} Nat Nat.instPreorder)))))
theorem Luce.section4_count_poisson_general.{u_1} : ∀ (Ω : Nat → Type u_1)
  [mΩ : (n : Nat) → MeasurableSpace.{u_1} (Ω n)] (P : (n : Nat) → @MeasureTheory.Measure.{u_1} (Ω n) (mΩ n))
  [inst : ∀ (n : Nat), @MeasureTheory.IsProbabilityMeasure.{u_1} (Ω n) (mΩ n) (P n)] (w : Luce.WeightArray)
  (f : Real → Real) (hnorm : Luce.NormalizedWeights w) (hf : Luce.ProfileLimit w f) (hend : Luce.EndpointAssumption w)
  (π : (n : Nat) → Ω n → Equiv.Perm.{1} (Fin n))
  (hπ :
    ∀ (n : Nat),
      @Measurable.{u_1, 0} (Ω n) (Equiv.Perm.{1} (Fin n)) (mΩ n)
        (@Top.top.{0} (MeasurableSpace.{0} (Equiv.Perm.{1} (Fin n)))
          (@OrderTop.toTop.{0} (MeasurableSpace.{0} (Equiv.Perm.{1} (Fin n)))
            (@Preorder.toLE.{0} (MeasurableSpace.{0} (Equiv.Perm.{1} (Fin n)))
              (@PartialOrder.toPreorder.{0} (MeasurableSpace.{0} (Equiv.Perm.{1} (Fin n)))
                (@SemilatticeSup.toPartialOrder.{0} (MeasurableSpace.{0} (Equiv.Perm.{1} (Fin n)))
                  (@Lattice.toSemilatticeSup.{0} (MeasurableSpace.{0} (Equiv.Perm.{1} (Fin n)))
                    (@CompleteLattice.toLattice.{0} (MeasurableSpace.{0} (Equiv.Perm.{1} (Fin n)))
                      (@MeasurableSpace.instCompleteLattice.{0} (Equiv.Perm.{1} (Fin n))))))))
            (@BoundedOrder.toOrderTop.{0} (MeasurableSpace.{0} (Equiv.Perm.{1} (Fin n)))
              (@Preorder.toLE.{0} (MeasurableSpace.{0} (Equiv.Perm.{1} (Fin n)))
                (@PartialOrder.toPreorder.{0} (MeasurableSpace.{0} (Equiv.Perm.{1} (Fin n)))
                  (@SemilatticeSup.toPartialOrder.{0} (MeasurableSpace.{0} (Equiv.Perm.{1} (Fin n)))
                    (@Lattice.toSemilatticeSup.{0} (MeasurableSpace.{0} (Equiv.Perm.{1} (Fin n)))
                      (@CompleteLattice.toLattice.{0} (MeasurableSpace.{0} (Equiv.Perm.{1} (Fin n)))
                        (@MeasurableSpace.instCompleteLattice.{0} (Equiv.Perm.{1} (Fin n))))))))
              (@CompleteLattice.toBoundedOrder.{0} (MeasurableSpace.{0} (Equiv.Perm.{1} (Fin n)))
                (@MeasurableSpace.instCompleteLattice.{0} (Equiv.Perm.{1} (Fin n)))))))
        (π n))
  (hMass :
    ∀ (n : Nat) (σ : Equiv.Perm.{1} (Fin n)),
      @Eq.{1} Real
        (@MeasureTheory.Measure.real.{u_1} (Ω n) (mΩ n) (P n)
          (@Set.ofPred.{u_1} (Ω n) fun (ω : Ω n) => @Eq.{1} (Equiv.Perm.{1} (Fin n)) (π n ω) σ))
        (@Luce.Weights.mass n (w n) σ)),
  @Filter.Tendsto.{0, 0} Nat Real
    (fun (n : Nat) =>
      Luce.probabilityTotalVariation (@Luce.fixedPointCountLaw.{u_1} n (Ω n) (mΩ n) (P n) (inst n) (π n) (hπ n))
        (Luce.poissonProbabilityMeasure
          (Real.toNNReal
            (@MeasureTheory.integral.{0, 0} Real Real Real.normedAddCommGroup
              (@InnerProductSpace.toNormedSpace.{0, 0} Real Real Real.instRCLike
                (@NormedAddCommGroup.toSeminormedAddCommGroup.{0} Real Real.normedAddCommGroup)
                (@RCLike.toInnerProductSpaceReal.{0} Real Real.instRCLike))
              (@MeasureTheory.MeasureSpace.toMeasurableSpace.{0} Real Real.measureSpace)
              (@MeasureTheory.Measure.restrict.{0} Real
                (@MeasureTheory.MeasureSpace.toMeasurableSpace.{0} Real Real.measureSpace)
                (@MeasureTheory.MeasureSpace.volume.{0} Real Real.measureSpace)
                (@Set.Ioo.{0} Real Real.instPreorder
                  (@OfNat.ofNat.{0} Real (nat_lit 0) (@Zero.toOfNat0.{0} Real Real.instZero))
                  (@OfNat.ofNat.{0} Real (nat_lit 1) (@One.toOfNat1.{0} Real Real.instOne))))
              fun (x : Real) => Luce.profileDiagonal f x))))
    (@Filter.atTop.{0} Nat Nat.instPreorder)
    (@nhds.{0} Real
      (@UniformSpace.toTopologicalSpace.{0} Real (@PseudoMetricSpace.toUniformSpace.{0} Real Real.pseudoMetricSpace))
      (@OfNat.ofNat.{0} Real (nat_lit 0) (@Zero.toOfNat0.{0} Real Real.instZero))) :=
fun (Ω : Nat → Type u_1) [mΩ : (n : Nat) → MeasurableSpace.{u_1} (Ω n)]
    (P : (n : Nat) → @MeasureTheory.Measure.{u_1} (Ω n) (mΩ n))
    [inst : ∀ (n : Nat), @MeasureTheory.IsProbabilityMeasure.{u_1} (Ω n) (mΩ n) (P n)] (w : Luce.WeightArray)
    (f : Real → Real) (hnorm : Luce.NormalizedWeights w) (hf : Luce.ProfileLimit w f) (hend : Luce.EndpointAssumption w)
    (π : (n : Nat) → Ω n → Equiv.Perm.{1} (Fin n))
    (hπ :
      ∀ (n : Nat),
        @Measurable.{u_1, 0} (Ω n) (Equiv.Perm.{1} (Fin n)) (mΩ n)
          (@Top.top.{0} (MeasurableSpace.{0} (Equiv.Perm.{1} (Fin n)))
            (@OrderTop.toTop.{0} (MeasurableSpace.{0} (Equiv.Perm.{1} (Fin n)))
              (@Preorder.toLE.{0} (MeasurableSpace.{0} (Equiv.Perm.{1} (Fin n)))
                (@PartialOrder.toPreorder.{0} (MeasurableSpace.{0} (Equiv.Perm.{1} (Fin n)))
                  (@SemilatticeSup.toPartialOrder.{0} (MeasurableSpace.{0} (Equiv.Perm.{1} (Fin n)))
                    (@Lattice.toSemilatticeSup.{0} (MeasurableSpace.{0} (Equiv.Perm.{1} (Fin n)))
                      (@CompleteLattice.toLattice.{0} (MeasurableSpace.{0} (Equiv.Perm.{1} (Fin n)))
                        (@MeasurableSpace.instCompleteLattice.{0} (Equiv.Perm.{1} (Fin n))))))))
              (@BoundedOrder.toOrderTop.{0} (MeasurableSpace.{0} (Equiv.Perm.{1} (Fin n)))
                (@Preorder.toLE.{0} (MeasurableSpace.{0} (Equiv.Perm.{1} (Fin n)))
                  (@PartialOrder.toPreorder.{0} (MeasurableSpace.{0} (Equiv.Perm.{1} (Fin n)))
                    (@SemilatticeSup.toPartialOrder.{0} (MeasurableSpace.{0} (Equiv.Perm.{1} (Fin n)))
                      (@Lattice.toSemilatticeSup.{0} (MeasurableSpace.{0} (Equiv.Perm.{1} (Fin n)))
                        (@CompleteLattice.toLattice.{0} (MeasurableSpace.{0} (Equiv.Perm.{1} (Fin n)))
                          (@MeasurableSpace.instCompleteLattice.{0} (Equiv.Perm.{1} (Fin n))))))))
                (@CompleteLattice.toBoundedOrder.{0} (MeasurableSpace.{0} (Equiv.Perm.{1} (Fin n)))
                  (@MeasurableSpace.instCompleteLattice.{0} (Equiv.Perm.{1} (Fin n)))))))
          (π n))
    (hMass :
      ∀ (n : Nat) (σ : Equiv.Perm.{1} (Fin n)),
        @Eq.{1} Real
          (@MeasureTheory.Measure.real.{u_1} (Ω n) (mΩ n) (P n)
            (@Set.ofPred.{u_1} (Ω n) fun (ω : Ω n) => @Eq.{1} (Equiv.Perm.{1} (Fin n)) (π n ω) σ))
          (@Luce.Weights.mass n (w n) σ)) =>
  have h :
    @Filter.Tendsto.{0, 0} Nat Real
      (fun (n : Nat) =>
        Luce.probabilityTotalVariation (@Luce.fixedPointCountLaw.{u_1} n (Ω n) (mΩ n) (P n) (inst n) (π n) (hπ n))
          (Luce.poissonProbabilityMeasure
            (@MeasureTheory.FiniteMeasure.mass.{0}
              (@Set.Elem.{0} Real
                (@Set.Icc.{0} Real Real.instPreorder
                  (@OfNat.ofNat.{0} Real (nat_lit 0) (@Zero.toOfNat0.{0} Real Real.instZero))
                  (@OfNat.ofNat.{0} Real (nat_lit 1) (@One.toOfNat1.{0} Real Real.instOne))))
              (@Subtype.instMeasurableSpace.{0} Real
                (fun (x : Real) =>
                  @Membership.mem.{0, 0} Real (Set.{0} Real) (@Set.instMembership.{0} Real)
                    (@Set.Icc.{0} Real Real.instPreorder
                      (@OfNat.ofNat.{0} Real (nat_lit 0) (@Zero.toOfNat0.{0} Real Real.instZero))
                      (@OfNat.ofNat.{0} Real (nat_lit 1) (@One.toOfNat1.{0} Real Real.instOne)))
                    x)
                Real.measurableSpace)
              (Luce.fullIntensity w f hnorm hf hend))))
      (@Filter.atTop.{0} Nat Nat.instPreorder)
      (@nhds.{0} Real
        (@UniformSpace.toTopologicalSpace.{0} Real (@PseudoMetricSpace.toUniformSpace.{0} Real Real.pseudoMetricSpace))
        (@OfNat.ofNat.{0} Real (nat_lit 0) (@Zero.toOfNat0.{0} Real Real.instZero))) :=
    @Luce.fixedPointCountLaw_totalVariation_of_pointProcess.{u_1} Ω mΩ P inst π hπ
      (Luce.fullIntensity w f hnorm hf hend)
      (@Luce.section4_full_poisson_general.{u_1} Ω mΩ P inst w f hnorm hf hend π hπ hMass);
  @Eq.mp.{0}
    (@Filter.Tendsto.{0, 0} Nat Real
      (fun (n : Nat) =>
        Luce.probabilityTotalVariation (@Luce.fixedPointCountLaw.{u_1} n (Ω n) (mΩ n) (P n) (inst n) (π n) (hπ n))
          (Luce.poissonProbabilityMeasure
            (@MeasureTheory.FiniteMeasure.mass.{0}
              (@Set.Elem.{0} Real
                (@Set.Icc.{0} Real Real.instPreorder
                  (@OfNat.ofNat.{0} Real (nat_lit 0) (@Zero.toOfNat0.{0} Real Real.instZero))
                  (@OfNat.ofNat.{0} Real (nat_lit 1) (@One.toOfNat1.{0} Real Real.instOne))))
              (@Subtype.instMeasurableSpace.{0} Real
                (fun (x : Real) =>
                  @Membership.mem.{0, 0} Real (Set.{0} Real) (@Set.instMembership.{0} Real)
                    (@Set.Icc.{0} Real Real.instPreorder
                      (@OfNat.ofNat.{0} Real (nat_lit 0) (@Zero.toOfNat0.{0} Real Real.instZero))
                      (@OfNat.ofNat.{0} Real (nat_lit 1) (@One.toOfNat1.{0} Real Real.instOne)))
                    x)
                Real.measurableSpace)
              (Luce.fullIntensity w f hnorm hf hend))))
      (@Filter.atTop.{0} Nat Nat.instPreorder)
      (@nhds.{0} Real
        (@UniformSpace.toTopologicalSpace.{0} Real (@PseudoMetricSpace.toUniformSpace.{0} Real Real.pseudoMetricSpace))
        (@OfNat.ofNat.{0} Real (nat_lit 0) (@Zero.toOfNat0.{0} Real Real.instZero))))
    (@Filter.Tendsto.{0, 0} Nat Real
      (fun (n : Nat) =>
        Luce.probabilityTotalVariation (@Luce.fixedPointCountLaw.{u_1} n (Ω n) (mΩ n) (P n) (inst n) (π n) (hπ n))
          (Luce.poissonProbabilityMeasure
            (Real.toNNReal
              (@MeasureTheory.integral.{0, 0} Real Real Real.normedAddCommGroup
                (@InnerProductSpace.toNormedSpace.{0, 0} Real Real Real.instRCLike
                  (@NormedAddCommGroup.toSeminormedAddCommGroup.{0} Real Real.normedAddCommGroup)
                  (@RCLike.toInnerProductSpaceReal.{0} Real Real.instRCLike))
                (@MeasureTheory.MeasureSpace.toMeasurableSpace.{0} Real Real.measureSpace)
                (@MeasureTheory.Measure.restrict.{0} Real
                  (@MeasureTheory.MeasureSpace.toMeasurableSpace.{0} Real Real.measureSpace)
                  (@MeasureTheory.MeasureSpace.volume.{0} Real Real.measureSpace)
                  (@Set.Ioo.{0} Real Real.instPreorder
                    (@OfNat.ofNat.{0} Real (nat_lit 0) (@Zero.toOfNat0.{0} Real Real.instZero))
                    (@OfNat.ofNat.{0} Real (nat_lit 1) (@One.toOfNat1.{0} Real Real.instOne))))
                fun (x : Real) => Luce.profileDiagonal f x))))
      (@Filter.atTop.{0} Nat Nat.instPreorder)
      (@nhds.{0} Real
        (@UniformSpace.toTopologicalSpace.{0} Real (@PseudoMetricSpace.toUniformSpace.{0} Real Real.pseudoMetricSpace))
        (@OfNat.ofNat.{0} Real (nat_lit 0) (@Zero.toOfNat0.{0} Real Real.instZero))))
    (@congrArg.{1, 1} NNReal Prop
      (@MeasureTheory.FiniteMeasure.mass.{0}
        (@Set.Elem.{0} Real
          (@Set.Icc.{0} Real Real.instPreorder
            (@OfNat.ofNat.{0} Real (nat_lit 0) (@Zero.toOfNat0.{0} Real Real.instZero))
            (@OfNat.ofNat.{0} Real (nat_lit 1) (@One.toOfNat1.{0} Real Real.instOne))))
        (@Subtype.instMeasurableSpace.{0} Real
          (fun (x : Real) =>
            @Membership.mem.{0, 0} Real (Set.{0} Real) (@Set.instMembership.{0} Real)
              (@Set.Icc.{0} Real Real.instPreorder
                (@OfNat.ofNat.{0} Real (nat_lit 0) (@Zero.toOfNat0.{0} Real Real.instZero))
                (@OfNat.ofNat.{0} Real (nat_lit 1) (@One.toOfNat1.{0} Real Real.instOne)))
              x)
          Real.measurableSpace)
        (Luce.fullIntensity w f hnorm hf hend))
      (Real.toNNReal
        (@MeasureTheory.integral.{0, 0} Real Real Real.normedAddCommGroup
          (@InnerProductSpace.toNormedSpace.{0, 0} Real Real Real.instRCLike
            (@NormedAddCommGroup.toSeminormedAddCommGroup.{0} Real Real.normedAddCommGroup)
            (@RCLike.toInnerProductSpaceReal.{0} Real Real.instRCLike))
          (@MeasureTheory.MeasureSpace.toMeasurableSpace.{0} Real Real.measureSpace)
          (@MeasureTheory.Measure.restrict.{0} Real
            (@MeasureTheory.MeasureSpace.toMeasurableSpace.{0} Real Real.measureSpace)
            (@MeasureTheory.MeasureSpace.volume.{0} Real Real.measureSpace)
            (@Set.Ioo.{0} Real Real.instPreorder
              (@OfNat.ofNat.{0} Real (nat_lit 0) (@Zero.toOfNat0.{0} Real Real.instZero))
              (@OfNat.ofNat.{0} Real (nat_lit 1) (@One.toOfNat1.{0} Real Real.instOne))))
          fun (x : Real) => Luce.profileDiagonal f x))
      (fun (_a : NNReal) =>
        @Filter.Tendsto.{0, 0} Nat Real
          (fun (n : Nat) =>
            Luce.probabilityTotalVariation (@Luce.fixedPointCountLaw.{u_1} n (Ω n) (mΩ n) (P n) (inst n) (π n) (hπ n))
              (Luce.poissonProbabilityMeasure _a))
          (@Filter.atTop.{0} Nat Nat.instPreorder)
          (@nhds.{0} Real
            (@UniformSpace.toTopologicalSpace.{0} Real
              (@PseudoMetricSpace.toUniformSpace.{0} Real Real.pseudoMetricSpace))
            (@OfNat.ofNat.{0} Real (nat_lit 0) (@Zero.toOfNat0.{0} Real Real.instZero))))
      (Luce.fullIntensity_mass_eq_toNNReal_integral w f hnorm hf hend))
    h
'Luce.UniformEndpointAssumption.shell' depends on axioms: [propext, Classical.choice, Quot.sound]
'Luce.integral_capacity_kernel' depends on axioms: [propext, Classical.choice, Quot.sound]
'Luce.integrable_capacity_kernel' depends on axioms: [propext, Classical.choice, Quot.sound]
'Luce.capacity_kernel_antitone' depends on axioms: [propext, Classical.choice, Quot.sound]
'Luce.bernoulli_block_lower_tail' depends on axioms: [propext, Classical.choice, Quot.sound]
'Luce.removed_survivor_probability_le' depends on axioms: [propext, Classical.choice, Quot.sound]
'Luce.sum_fullSurvivorProbability_le_one' depends on axioms: [propext, Classical.choice, Quot.sound]
'Luce.exponentialRace_block_capacity' depends on axioms: [propext, Classical.choice, Quot.sound]
'Luce.block_fixedPoint_expectation_eq' depends on axioms: [propext, Classical.choice, Quot.sound]
'Luce.block_endpoint_capacity' depends on axioms: [propext, Classical.choice, Quot.sound]
'Luce.EndpointShellAssumption.buffered_exp' depends on axioms: [propext, Classical.choice, Quot.sound]
'Luce.EndpointShellAssumption.buffered_Q' depends on axioms: [propext, Classical.choice, Quot.sound]
'Luce.EndpointShellAssumption.buffered_Q_raw' depends on axioms: [propext, Classical.choice, Quot.sound]
'Luce.section4_full_poisson_general' depends on axioms: [propext, Classical.choice, Quot.sound]
'Luce.section4_count_poisson_general' depends on axioms: [propext, Classical.choice, Quot.sound]
theorem Luce.section4_main_poisson_general.{u_1} : ∀ (Ω : Nat → Type u_1) [mΩ : (n : Nat) → MeasurableSpace.{u_1} (Ω n)]
  (P : (n : Nat) → @MeasureTheory.Measure.{u_1} (Ω n) (mΩ n))
  [inst : ∀ (n : Nat), @MeasureTheory.IsProbabilityMeasure.{u_1} (Ω n) (mΩ n) (P n)] (w : Luce.WeightArray)
  (f : Real → Real) (hnorm : Luce.NormalizedWeights w) (hf : Luce.ProfileLimit w f) (hend : Luce.EndpointAssumption w)
  (π : (n : Nat) → Ω n → Equiv.Perm.{1} (Fin n))
  (hπ :
    ∀ (n : Nat),
      @Measurable.{u_1, 0} (Ω n) (Equiv.Perm.{1} (Fin n)) (mΩ n)
        (@Top.top.{0} (MeasurableSpace.{0} (Equiv.Perm.{1} (Fin n)))
          (@OrderTop.toTop.{0} (MeasurableSpace.{0} (Equiv.Perm.{1} (Fin n)))
            (@Preorder.toLE.{0} (MeasurableSpace.{0} (Equiv.Perm.{1} (Fin n)))
              (@PartialOrder.toPreorder.{0} (MeasurableSpace.{0} (Equiv.Perm.{1} (Fin n)))
                (@SemilatticeSup.toPartialOrder.{0} (MeasurableSpace.{0} (Equiv.Perm.{1} (Fin n)))
                  (@Lattice.toSemilatticeSup.{0} (MeasurableSpace.{0} (Equiv.Perm.{1} (Fin n)))
                    (@CompleteLattice.toLattice.{0} (MeasurableSpace.{0} (Equiv.Perm.{1} (Fin n)))
                      (@MeasurableSpace.instCompleteLattice.{0} (Equiv.Perm.{1} (Fin n))))))))
            (@BoundedOrder.toOrderTop.{0} (MeasurableSpace.{0} (Equiv.Perm.{1} (Fin n)))
              (@Preorder.toLE.{0} (MeasurableSpace.{0} (Equiv.Perm.{1} (Fin n)))
                (@PartialOrder.toPreorder.{0} (MeasurableSpace.{0} (Equiv.Perm.{1} (Fin n)))
                  (@SemilatticeSup.toPartialOrder.{0} (MeasurableSpace.{0} (Equiv.Perm.{1} (Fin n)))
                    (@Lattice.toSemilatticeSup.{0} (MeasurableSpace.{0} (Equiv.Perm.{1} (Fin n)))
                      (@CompleteLattice.toLattice.{0} (MeasurableSpace.{0} (Equiv.Perm.{1} (Fin n)))
                        (@MeasurableSpace.instCompleteLattice.{0} (Equiv.Perm.{1} (Fin n))))))))
              (@CompleteLattice.toBoundedOrder.{0} (MeasurableSpace.{0} (Equiv.Perm.{1} (Fin n)))
                (@MeasurableSpace.instCompleteLattice.{0} (Equiv.Perm.{1} (Fin n)))))))
        (π n))
  (hMass :
    ∀ (n : Nat) (σ : Equiv.Perm.{1} (Fin n)),
      @Eq.{1} Real
        (@MeasureTheory.Measure.real.{u_1} (Ω n) (mΩ n) (P n)
          (@Set.ofPred.{u_1} (Ω n) fun (ω : Ω n) => @Eq.{1} (Equiv.Perm.{1} (Fin n)) (π n ω) σ))
        (@Luce.Weights.mass n (w n) σ)),
  And
    (@MeasureTheory.Integrable.{0, 0} Real
      (@UniformSpace.toTopologicalSpace.{0} Real (@PseudoMetricSpace.toUniformSpace.{0} Real Real.pseudoMetricSpace))
      (@SeminormedAddGroup.toContinuousENorm.{0} Real
        (@SeminormedAddCommGroup.toSeminormedAddGroup.{0} Real
          (@NonUnitalSeminormedRing.toSeminormedAddCommGroup.{0} Real
            (@NonUnitalSeminormedCommRing.toNonUnitalSeminormedRing.{0} Real
              (@SeminormedCommRing.toNonUnitalSeminormedCommRing.{0} Real
                (@NormedCommRing.toSeminormedCommRing.{0} Real Real.normedCommRing))))))
      Real (@MeasureTheory.MeasureSpace.toMeasurableSpace.{0} Real Real.measureSpace) (Luce.profileDiagonal f)
      (@MeasureTheory.Measure.restrict.{0} Real
        (@MeasureTheory.MeasureSpace.toMeasurableSpace.{0} Real Real.measureSpace)
        (@MeasureTheory.MeasureSpace.volume.{0} Real Real.measureSpace)
        (@Set.Ioo.{0} Real Real.instPreorder (@OfNat.ofNat.{0} Real (nat_lit 0) (@Zero.toOfNat0.{0} Real Real.instZero))
          (@OfNat.ofNat.{0} Real (nat_lit 1) (@One.toOfNat1.{0} Real Real.instOne)))))
    (And
      (∀
        (F :
          @BoundedContinuousFunction.{0, 0}
            (@Luce.FinitePointMeasure.{0}
              (@Set.Elem.{0} Real
                (@Set.Icc.{0} Real Real.instPreorder
                  (@OfNat.ofNat.{0} Real (nat_lit 0) (@Zero.toOfNat0.{0} Real Real.instZero))
                  (@OfNat.ofNat.{0} Real (nat_lit 1) (@One.toOfNat1.{0} Real Real.instOne))))
              (@Subtype.instMeasurableSpace.{0} Real
                (fun (x : Real) =>
                  @Membership.mem.{0, 0} Real (Set.{0} Real) (@Set.instMembership.{0} Real)
                    (@Set.Icc.{0} Real Real.instPreorder
                      (@OfNat.ofNat.{0} Real (nat_lit 0) (@Zero.toOfNat0.{0} Real Real.instZero))
                      (@OfNat.ofNat.{0} Real (nat_lit 1) (@One.toOfNat1.{0} Real Real.instOne)))
                    x)
                Real.measurableSpace))
            Real
            (@Luce.FinitePointMeasure.instTopologicalSpace.{0}
              (@Set.Elem.{0} Real
                (@Set.Icc.{0} Real Real.instPreorder
                  (@OfNat.ofNat.{0} Real (nat_lit 0) (@Zero.toOfNat0.{0} Real Real.instZero))
                  (@OfNat.ofNat.{0} Real (nat_lit 1) (@One.toOfNat1.{0} Real Real.instOne))))
              (@Subtype.instMeasurableSpace.{0} Real
                (fun (x : Real) =>
                  @Membership.mem.{0, 0} Real (Set.{0} Real) (@Set.instMembership.{0} Real)
                    (@Set.Icc.{0} Real Real.instPreorder
                      (@OfNat.ofNat.{0} Real (nat_lit 0) (@Zero.toOfNat0.{0} Real Real.instZero))
                      (@OfNat.ofNat.{0} Real (nat_lit 1) (@One.toOfNat1.{0} Real Real.instOne)))
                    x)
                Real.measurableSpace)
              (@instTopologicalSpaceSubtype.{0} Real
                (fun (x : Real) =>
                  @Membership.mem.{0, 0} Real (Set.{0} Real) (@Set.instMembership.{0} Real)
                    (@Set.Icc.{0} Real Real.instPreorder
                      (@OfNat.ofNat.{0} Real (nat_lit 0) (@Zero.toOfNat0.{0} Real Real.instZero))
                      (@OfNat.ofNat.{0} Real (nat_lit 1) (@One.toOfNat1.{0} Real Real.instOne)))
                    x)
                (@UniformSpace.toTopologicalSpace.{0} Real
                  (@PseudoMetricSpace.toUniformSpace.{0} Real Real.pseudoMetricSpace)))
              (@Subtype.opensMeasurableSpace.{0} Real
                (@UniformSpace.toTopologicalSpace.{0} Real
                  (@PseudoMetricSpace.toUniformSpace.{0} Real Real.pseudoMetricSpace))
                Real.measurableSpace
                (@BorelSpace.opensMeasurable.{0} Real
                  (@UniformSpace.toTopologicalSpace.{0} Real
                    (@PseudoMetricSpace.toUniformSpace.{0} Real Real.pseudoMetricSpace))
                  Real.measurableSpace Real.borelSpace)
                fun (x : Real) =>
                @Membership.mem.{0, 0} Real (Set.{0} Real) (@Set.instMembership.{0} Real)
                  (@Set.Icc.{0} Real Real.instPreorder
                    (@OfNat.ofNat.{0} Real (nat_lit 0) (@Zero.toOfNat0.{0} Real Real.instZero))
                    (@OfNat.ofNat.{0} Real (nat_lit 1) (@One.toOfNat1.{0} Real Real.instOne)))
                  x))
            Real.pseudoMetricSpace),
        @Filter.Tendsto.{0, 0} Nat Real
          (fun (n : Nat) =>
            @MeasureTheory.integral.{u_1, 0} (Ω n) Real Real.normedAddCommGroup
              (@InnerProductSpace.toNormedSpace.{0, 0} Real Real Real.instRCLike
                (@NormedAddCommGroup.toSeminormedAddCommGroup.{0} Real Real.normedAddCommGroup)
                (@RCLike.toInnerProductSpaceReal.{0} Real Real.instRCLike))
              (mΩ n) (P n) fun (ω : Ω n) =>
              @DFunLike.coe.{1, 1, 1}
                (@BoundedContinuousFunction.{0, 0}
                  (@Luce.FinitePointMeasure.{0}
                    (@Set.Elem.{0} Real
                      (@Set.Icc.{0} Real Real.instPreorder
                        (@OfNat.ofNat.{0} Real (nat_lit 0) (@Zero.toOfNat0.{0} Real Real.instZero))
                        (@OfNat.ofNat.{0} Real (nat_lit 1) (@One.toOfNat1.{0} Real Real.instOne))))
                    (@Subtype.instMeasurableSpace.{0} Real
                      (fun (x : Real) =>
                        @Membership.mem.{0, 0} Real (Set.{0} Real) (@Set.instMembership.{0} Real)
                          (@Set.Icc.{0} Real Real.instPreorder
                            (@OfNat.ofNat.{0} Real (nat_lit 0) (@Zero.toOfNat0.{0} Real Real.instZero))
                            (@OfNat.ofNat.{0} Real (nat_lit 1) (@One.toOfNat1.{0} Real Real.instOne)))
                          x)
                      Real.measurableSpace))
                  Real
                  (@Luce.FinitePointMeasure.instTopologicalSpace.{0}
                    (@Set.Elem.{0} Real
                      (@Set.Icc.{0} Real Real.instPreorder
                        (@OfNat.ofNat.{0} Real (nat_lit 0) (@Zero.toOfNat0.{0} Real Real.instZero))
                        (@OfNat.ofNat.{0} Real (nat_lit 1) (@One.toOfNat1.{0} Real Real.instOne))))
                    (@Subtype.instMeasurableSpace.{0} Real
                      (fun (x : Real) =>
                        @Membership.mem.{0, 0} Real (Set.{0} Real) (@Set.instMembership.{0} Real)
                          (@Set.Icc.{0} Real Real.instPreorder
                            (@OfNat.ofNat.{0} Real (nat_lit 0) (@Zero.toOfNat0.{0} Real Real.instZero))
                            (@OfNat.ofNat.{0} Real (nat_lit 1) (@One.toOfNat1.{0} Real Real.instOne)))
                          x)
                      Real.measurableSpace)
                    (@instTopologicalSpaceSubtype.{0} Real
                      (fun (x : Real) =>
                        @Membership.mem.{0, 0} Real (Set.{0} Real) (@Set.instMembership.{0} Real)
                          (@Set.Icc.{0} Real Real.instPreorder
                            (@OfNat.ofNat.{0} Real (nat_lit 0) (@Zero.toOfNat0.{0} Real Real.instZero))
                            (@OfNat.ofNat.{0} Real (nat_lit 1) (@One.toOfNat1.{0} Real Real.instOne)))
                          x)
                      (@UniformSpace.toTopologicalSpace.{0} Real
                        (@PseudoMetricSpace.toUniformSpace.{0} Real Real.pseudoMetricSpace)))
                    (@Subtype.opensMeasurableSpace.{0} Real
                      (@UniformSpace.toTopologicalSpace.{0} Real
                        (@PseudoMetricSpace.toUniformSpace.{0} Real Real.pseudoMetricSpace))
                      Real.measurableSpace
                      (@BorelSpace.opensMeasurable.{0} Real
                        (@UniformSpace.toTopologicalSpace.{0} Real
                          (@PseudoMetricSpace.toUniformSpace.{0} Real Real.pseudoMetricSpace))
                        Real.measurableSpace Real.borelSpace)
                      fun (x : Real) =>
                      @Membership.mem.{0, 0} Real (Set.{0} Real) (@Set.instMembership.{0} Real)
                        (@Set.Icc.{0} Real Real.instPreorder
                          (@OfNat.ofNat.{0} Real (nat_lit 0) (@Zero.toOfNat0.{0} Real Real.instZero))
                          (@OfNat.ofNat.{0} Real (nat_lit 1) (@One.toOfNat1.{0} Real Real.instOne)))
                        x))
                  Real.pseudoMetricSpace)
                (@Luce.FinitePointMeasure.{0}
                  (@Set.Elem.{0} Real
                    (@Set.Icc.{0} Real Real.instPreorder
                      (@OfNat.ofNat.{0} Real (nat_lit 0) (@Zero.toOfNat0.{0} Real Real.instZero))
                      (@OfNat.ofNat.{0} Real (nat_lit 1) (@One.toOfNat1.{0} Real Real.instOne))))
                  (@Subtype.instMeasurableSpace.{0} Real
                    (fun (x : Real) =>
                      @Membership.mem.{0, 0} Real (Set.{0} Real) (@Set.instMembership.{0} Real)
                        (@Set.Icc.{0} Real Real.instPreorder
                          (@OfNat.ofNat.{0} Real (nat_lit 0) (@Zero.toOfNat0.{0} Real Real.instZero))
                          (@OfNat.ofNat.{0} Real (nat_lit 1) (@One.toOfNat1.{0} Real Real.instOne)))
                        x)
                    Real.measurableSpace))
                (fun
                    (x :
                      @Luce.FinitePointMeasure.{0}
                        (@Set.Elem.{0} Real
                          (@Set.Icc.{0} Real Real.instPreorder
                            (@OfNat.ofNat.{0} Real (nat_lit 0) (@Zero.toOfNat0.{0} Real Real.instZero))
                            (@OfNat.ofNat.{0} Real (nat_lit 1) (@One.toOfNat1.{0} Real Real.instOne))))
                        (@Subtype.instMeasurableSpace.{0} Real
                          (fun (x : Real) =>
                            @Membership.mem.{0, 0} Real (Set.{0} Real) (@Set.instMembership.{0} Real)
                              (@Set.Icc.{0} Real Real.instPreorder
                                (@OfNat.ofNat.{0} Real (nat_lit 0) (@Zero.toOfNat0.{0} Real Real.instZero))
                                (@OfNat.ofNat.{0} Real (nat_lit 1) (@One.toOfNat1.{0} Real Real.instOne)))
                              x)
                          Real.measurableSpace)) =>
                  Real)
                (@BoundedContinuousFunction.instFunLike.{0, 0}
                  (@Luce.FinitePointMeasure.{0}
                    (@Set.Elem.{0} Real
                      (@Set.Icc.{0} Real Real.instPreorder
                        (@OfNat.ofNat.{0} Real (nat_lit 0) (@Zero.toOfNat0.{0} Real Real.instZero))
                        (@OfNat.ofNat.{0} Real (nat_lit 1) (@One.toOfNat1.{0} Real Real.instOne))))
                    (@Subtype.instMeasurableSpace.{0} Real
                      (fun (x : Real) =>
                        @Membership.mem.{0, 0} Real (Set.{0} Real) (@Set.instMembership.{0} Real)
                          (@Set.Icc.{0} Real Real.instPreorder
                            (@OfNat.ofNat.{0} Real (nat_lit 0) (@Zero.toOfNat0.{0} Real Real.instZero))
                            (@OfNat.ofNat.{0} Real (nat_lit 1) (@One.toOfNat1.{0} Real Real.instOne)))
                          x)
                      Real.measurableSpace))
                  Real
                  (@Luce.FinitePointMeasure.instTopologicalSpace.{0}
                    (@Set.Elem.{0} Real
                      (@Set.Icc.{0} Real Real.instPreorder
                        (@OfNat.ofNat.{0} Real (nat_lit 0) (@Zero.toOfNat0.{0} Real Real.instZero))
                        (@OfNat.ofNat.{0} Real (nat_lit 1) (@One.toOfNat1.{0} Real Real.instOne))))
                    (@Subtype.instMeasurableSpace.{0} Real
                      (fun (x : Real) =>
                        @Membership.mem.{0, 0} Real (Set.{0} Real) (@Set.instMembership.{0} Real)
                          (@Set.Icc.{0} Real Real.instPreorder
                            (@OfNat.ofNat.{0} Real (nat_lit 0) (@Zero.toOfNat0.{0} Real Real.instZero))
                            (@OfNat.ofNat.{0} Real (nat_lit 1) (@One.toOfNat1.{0} Real Real.instOne)))
                          x)
                      Real.measurableSpace)
                    (@instTopologicalSpaceSubtype.{0} Real
                      (fun (x : Real) =>
                        @Membership.mem.{0, 0} Real (Set.{0} Real) (@Set.instMembership.{0} Real)
                          (@Set.Icc.{0} Real Real.instPreorder
                            (@OfNat.ofNat.{0} Real (nat_lit 0) (@Zero.toOfNat0.{0} Real Real.instZero))
                            (@OfNat.ofNat.{0} Real (nat_lit 1) (@One.toOfNat1.{0} Real Real.instOne)))
                          x)
                      (@UniformSpace.toTopologicalSpace.{0} Real
                        (@PseudoMetricSpace.toUniformSpace.{0} Real Real.pseudoMetricSpace)))
                    (@Subtype.opensMeasurableSpace.{0} Real
                      (@UniformSpace.toTopologicalSpace.{0} Real
                        (@PseudoMetricSpace.toUniformSpace.{0} Real Real.pseudoMetricSpace))
                      Real.measurableSpace
                      (@BorelSpace.opensMeasurable.{0} Real
                        (@UniformSpace.toTopologicalSpace.{0} Real
                          (@PseudoMetricSpace.toUniformSpace.{0} Real Real.pseudoMetricSpace))
                        Real.measurableSpace Real.borelSpace)
                      fun (x : Real) =>
                      @Membership.mem.{0, 0} Real (Set.{0} Real) (@Set.instMembership.{0} Real)
                        (@Set.Icc.{0} Real Real.instPreorder
                          (@OfNat.ofNat.{0} Real (nat_lit 0) (@Zero.toOfNat0.{0} Real Real.instZero))
                          (@OfNat.ofNat.{0} Real (nat_lit 1) (@One.toOfNat1.{0} Real Real.instOne)))
                        x))
                  Real.pseudoMetricSpace)
                F (@Luce.fixedPoints n (π n ω)))
          (@Filter.atTop.{0} Nat Nat.instPreorder)
          (@nhds.{0} Real
            (@UniformSpace.toTopologicalSpace.{0} Real
              (@PseudoMetricSpace.toUniformSpace.{0} Real Real.pseudoMetricSpace))
            (@MeasureTheory.integral.{0, 0}
              (@Luce.FinitePointMeasure.{0}
                (@Set.Elem.{0} Real
                  (@Set.Icc.{0} Real Real.instPreorder
                    (@OfNat.ofNat.{0} Real (nat_lit 0) (@Zero.toOfNat0.{0} Real Real.instZero))
                    (@OfNat.ofNat.{0} Real (nat_lit 1) (@One.toOfNat1.{0} Real Real.instOne))))
                (@Subtype.instMeasurableSpace.{0} Real
                  (fun (x : Real) =>
                    @Membership.mem.{0, 0} Real (Set.{0} Real) (@Set.instMembership.{0} Real)
                      (@Set.Icc.{0} Real Real.instPreorder
                        (@OfNat.ofNat.{0} Real (nat_lit 0) (@Zero.toOfNat0.{0} Real Real.instZero))
                        (@OfNat.ofNat.{0} Real (nat_lit 1) (@One.toOfNat1.{0} Real Real.instOne)))
                      x)
                  Real.measurableSpace))
              Real Real.normedAddCommGroup
              (@InnerProductSpace.toNormedSpace.{0, 0} Real Real Real.instRCLike
                (@NormedAddCommGroup.toSeminormedAddCommGroup.{0} Real Real.normedAddCommGroup)
                (@RCLike.toInnerProductSpaceReal.{0} Real Real.instRCLike))
              (@Luce.FinitePointMeasure.instMeasurableSpace.{0}
                (@Set.Elem.{0} Real
                  (@Set.Icc.{0} Real Real.instPreorder
                    (@OfNat.ofNat.{0} Real (nat_lit 0) (@Zero.toOfNat0.{0} Real Real.instZero))
                    (@OfNat.ofNat.{0} Real (nat_lit 1) (@One.toOfNat1.{0} Real Real.instOne))))
                (@Subtype.instMeasurableSpace.{0} Real
                  (fun (x : Real) =>
                    @Membership.mem.{0, 0} Real (Set.{0} Real) (@Set.instMembership.{0} Real)
                      (@Set.Icc.{0} Real Real.instPreorder
                        (@OfNat.ofNat.{0} Real (nat_lit 0) (@Zero.toOfNat0.{0} Real Real.instZero))
                        (@OfNat.ofNat.{0} Real (nat_lit 1) (@One.toOfNat1.{0} Real Real.instOne)))
                      x)
                  Real.measurableSpace))
              (@Luce.finitePoissonLaw.{0}
                (@Set.Elem.{0} Real
                  (@Set.Icc.{0} Real Real.instPreorder
                    (@OfNat.ofNat.{0} Real (nat_lit 0) (@Zero.toOfNat0.{0} Real Real.instZero))
                    (@OfNat.ofNat.{0} Real (nat_lit 1) (@One.toOfNat1.{0} Real Real.instOne))))
                (@Subtype.instMeasurableSpace.{0} Real
                  (fun (x : Real) =>
                    @Membership.mem.{0, 0} Real (Set.{0} Real) (@Set.instMembership.{0} Real)
                      (@Set.Icc.{0} Real Real.instPreorder
                        (@OfNat.ofNat.{0} Real (nat_lit 0) (@Zero.toOfNat0.{0} Real Real.instZero))
                        (@OfNat.ofNat.{0} Real (nat_lit 1) (@One.toOfNat1.{0} Real Real.instOne)))
                      x)
                  Real.measurableSpace)
                (Luce.fullIntensity w f hnorm hf hend))
              fun
                (ξ :
                  @Luce.FinitePointMeasure.{0}
                    (@Set.Elem.{0} Real
                      (@Set.Icc.{0} Real Real.instPreorder
                        (@OfNat.ofNat.{0} Real (nat_lit 0) (@Zero.toOfNat0.{0} Real Real.instZero))
                        (@OfNat.ofNat.{0} Real (nat_lit 1) (@One.toOfNat1.{0} Real Real.instOne))))
                    (@Subtype.instMeasurableSpace.{0} Real
                      (fun (x : Real) =>
                        @Membership.mem.{0, 0} Real (Set.{0} Real) (@Set.instMembership.{0} Real)
                          (@Set.Icc.{0} Real Real.instPreorder
                            (@OfNat.ofNat.{0} Real (nat_lit 0) (@Zero.toOfNat0.{0} Real Real.instZero))
                            (@OfNat.ofNat.{0} Real (nat_lit 1) (@One.toOfNat1.{0} Real Real.instOne)))
                          x)
                      Real.measurableSpace)) =>
              @DFunLike.coe.{1, 1, 1}
                (@BoundedContinuousFunction.{0, 0}
                  (@Luce.FinitePointMeasure.{0}
                    (@Set.Elem.{0} Real
                      (@Set.Icc.{0} Real Real.instPreorder
                        (@OfNat.ofNat.{0} Real (nat_lit 0) (@Zero.toOfNat0.{0} Real Real.instZero))
                        (@OfNat.ofNat.{0} Real (nat_lit 1) (@One.toOfNat1.{0} Real Real.instOne))))
                    (@Subtype.instMeasurableSpace.{0} Real
                      (fun (x : Real) =>
                        @Membership.mem.{0, 0} Real (Set.{0} Real) (@Set.instMembership.{0} Real)
                          (@Set.Icc.{0} Real Real.instPreorder
                            (@OfNat.ofNat.{0} Real (nat_lit 0) (@Zero.toOfNat0.{0} Real Real.instZero))
                            (@OfNat.ofNat.{0} Real (nat_lit 1) (@One.toOfNat1.{0} Real Real.instOne)))
                          x)
                      Real.measurableSpace))
                  Real
                  (@Luce.FinitePointMeasure.instTopologicalSpace.{0}
                    (@Set.Elem.{0} Real
                      (@Set.Icc.{0} Real Real.instPreorder
                        (@OfNat.ofNat.{0} Real (nat_lit 0) (@Zero.toOfNat0.{0} Real Real.instZero))
                        (@OfNat.ofNat.{0} Real (nat_lit 1) (@One.toOfNat1.{0} Real Real.instOne))))
                    (@Subtype.instMeasurableSpace.{0} Real
                      (fun (x : Real) =>
                        @Membership.mem.{0, 0} Real (Set.{0} Real) (@Set.instMembership.{0} Real)
                          (@Set.Icc.{0} Real Real.instPreorder
                            (@OfNat.ofNat.{0} Real (nat_lit 0) (@Zero.toOfNat0.{0} Real Real.instZero))
                            (@OfNat.ofNat.{0} Real (nat_lit 1) (@One.toOfNat1.{0} Real Real.instOne)))
                          x)
                      Real.measurableSpace)
                    (@instTopologicalSpaceSubtype.{0} Real
                      (fun (x : Real) =>
                        @Membership.mem.{0, 0} Real (Set.{0} Real) (@Set.instMembership.{0} Real)
                          (@Set.Icc.{0} Real Real.instPreorder
                            (@OfNat.ofNat.{0} Real (nat_lit 0) (@Zero.toOfNat0.{0} Real Real.instZero))
                            (@OfNat.ofNat.{0} Real (nat_lit 1) (@One.toOfNat1.{0} Real Real.instOne)))
                          x)
                      (@UniformSpace.toTopologicalSpace.{0} Real
                        (@PseudoMetricSpace.toUniformSpace.{0} Real Real.pseudoMetricSpace)))
                    (@Subtype.opensMeasurableSpace.{0} Real
                      (@UniformSpace.toTopologicalSpace.{0} Real
                        (@PseudoMetricSpace.toUniformSpace.{0} Real Real.pseudoMetricSpace))
                      Real.measurableSpace
                      (@BorelSpace.opensMeasurable.{0} Real
                        (@UniformSpace.toTopologicalSpace.{0} Real
                          (@PseudoMetricSpace.toUniformSpace.{0} Real Real.pseudoMetricSpace))
                        Real.measurableSpace Real.borelSpace)
                      fun (x : Real) =>
                      @Membership.mem.{0, 0} Real (Set.{0} Real) (@Set.instMembership.{0} Real)
                        (@Set.Icc.{0} Real Real.instPreorder
                          (@OfNat.ofNat.{0} Real (nat_lit 0) (@Zero.toOfNat0.{0} Real Real.instZero))
                          (@OfNat.ofNat.{0} Real (nat_lit 1) (@One.toOfNat1.{0} Real Real.instOne)))
                        x))
                  Real.pseudoMetricSpace)
                (@Luce.FinitePointMeasure.{0}
                  (@Set.Elem.{0} Real
                    (@Set.Icc.{0} Real Real.instPreorder
                      (@OfNat.ofNat.{0} Real (nat_lit 0) (@Zero.toOfNat0.{0} Real Real.instZero))
                      (@OfNat.ofNat.{0} Real (nat_lit 1) (@One.toOfNat1.{0} Real Real.instOne))))
                  (@Subtype.instMeasurableSpace.{0} Real
                    (fun (x : Real) =>
                      @Membership.mem.{0, 0} Real (Set.{0} Real) (@Set.instMembership.{0} Real)
                        (@Set.Icc.{0} Real Real.instPreorder
                          (@OfNat.ofNat.{0} Real (nat_lit 0) (@Zero.toOfNat0.{0} Real Real.instZero))
                          (@OfNat.ofNat.{0} Real (nat_lit 1) (@One.toOfNat1.{0} Real Real.instOne)))
                        x)
                    Real.measurableSpace))
                (fun
                    (x :
                      @Luce.FinitePointMeasure.{0}
                        (@Set.Elem.{0} Real
                          (@Set.Icc.{0} Real Real.instPreorder
                            (@OfNat.ofNat.{0} Real (nat_lit 0) (@Zero.toOfNat0.{0} Real Real.instZero))
                            (@OfNat.ofNat.{0} Real (nat_lit 1) (@One.toOfNat1.{0} Real Real.instOne))))
                        (@Subtype.instMeasurableSpace.{0} Real
                          (fun (x : Real) =>
                            @Membership.mem.{0, 0} Real (Set.{0} Real) (@Set.instMembership.{0} Real)
                              (@Set.Icc.{0} Real Real.instPreorder
                                (@OfNat.ofNat.{0} Real (nat_lit 0) (@Zero.toOfNat0.{0} Real Real.instZero))
                                (@OfNat.ofNat.{0} Real (nat_lit 1) (@One.toOfNat1.{0} Real Real.instOne)))
                              x)
                          Real.measurableSpace)) =>
                  Real)
                (@BoundedContinuousFunction.instFunLike.{0, 0}
                  (@Luce.FinitePointMeasure.{0}
                    (@Set.Elem.{0} Real
                      (@Set.Icc.{0} Real Real.instPreorder
                        (@OfNat.ofNat.{0} Real (nat_lit 0) (@Zero.toOfNat0.{0} Real Real.instZero))
                        (@OfNat.ofNat.{0} Real (nat_lit 1) (@One.toOfNat1.{0} Real Real.instOne))))
                    (@Subtype.instMeasurableSpace.{0} Real
                      (fun (x : Real) =>
                        @Membership.mem.{0, 0} Real (Set.{0} Real) (@Set.instMembership.{0} Real)
                          (@Set.Icc.{0} Real Real.instPreorder
                            (@OfNat.ofNat.{0} Real (nat_lit 0) (@Zero.toOfNat0.{0} Real Real.instZero))
                            (@OfNat.ofNat.{0} Real (nat_lit 1) (@One.toOfNat1.{0} Real Real.instOne)))
                          x)
                      Real.measurableSpace))
                  Real
                  (@Luce.FinitePointMeasure.instTopologicalSpace.{0}
                    (@Set.Elem.{0} Real
                      (@Set.Icc.{0} Real Real.instPreorder
                        (@OfNat.ofNat.{0} Real (nat_lit 0) (@Zero.toOfNat0.{0} Real Real.instZero))
                        (@OfNat.ofNat.{0} Real (nat_lit 1) (@One.toOfNat1.{0} Real Real.instOne))))
                    (@Subtype.instMeasurableSpace.{0} Real
                      (fun (x : Real) =>
                        @Membership.mem.{0, 0} Real (Set.{0} Real) (@Set.instMembership.{0} Real)
                          (@Set.Icc.{0} Real Real.instPreorder
                            (@OfNat.ofNat.{0} Real (nat_lit 0) (@Zero.toOfNat0.{0} Real Real.instZero))
                            (@OfNat.ofNat.{0} Real (nat_lit 1) (@One.toOfNat1.{0} Real Real.instOne)))
                          x)
                      Real.measurableSpace)
                    (@instTopologicalSpaceSubtype.{0} Real
                      (fun (x : Real) =>
                        @Membership.mem.{0, 0} Real (Set.{0} Real) (@Set.instMembership.{0} Real)
                          (@Set.Icc.{0} Real Real.instPreorder
                            (@OfNat.ofNat.{0} Real (nat_lit 0) (@Zero.toOfNat0.{0} Real Real.instZero))
                            (@OfNat.ofNat.{0} Real (nat_lit 1) (@One.toOfNat1.{0} Real Real.instOne)))
                          x)
                      (@UniformSpace.toTopologicalSpace.{0} Real
                        (@PseudoMetricSpace.toUniformSpace.{0} Real Real.pseudoMetricSpace)))
                    (@Subtype.opensMeasurableSpace.{0} Real
                      (@UniformSpace.toTopologicalSpace.{0} Real
                        (@PseudoMetricSpace.toUniformSpace.{0} Real Real.pseudoMetricSpace))
                      Real.measurableSpace
                      (@BorelSpace.opensMeasurable.{0} Real
                        (@UniformSpace.toTopologicalSpace.{0} Real
                          (@PseudoMetricSpace.toUniformSpace.{0} Real Real.pseudoMetricSpace))
                        Real.measurableSpace Real.borelSpace)
                      fun (x : Real) =>
                      @Membership.mem.{0, 0} Real (Set.{0} Real) (@Set.instMembership.{0} Real)
                        (@Set.Icc.{0} Real Real.instPreorder
                          (@OfNat.ofNat.{0} Real (nat_lit 0) (@Zero.toOfNat0.{0} Real Real.instZero))
                          (@OfNat.ofNat.{0} Real (nat_lit 1) (@One.toOfNat1.{0} Real Real.instOne)))
                        x))
                  Real.pseudoMetricSpace)
                F ξ)))
      (@Filter.Tendsto.{0, 0} Nat Real
        (fun (n : Nat) =>
          Luce.probabilityTotalVariation (@Luce.fixedPointCountLaw.{u_1} n (Ω n) (mΩ n) (P n) (inst n) (π n) (hπ n))
            (Luce.poissonProbabilityMeasure
              (Real.toNNReal
                (@MeasureTheory.integral.{0, 0} Real Real Real.normedAddCommGroup
                  (@InnerProductSpace.toNormedSpace.{0, 0} Real Real Real.instRCLike
                    (@NormedAddCommGroup.toSeminormedAddCommGroup.{0} Real Real.normedAddCommGroup)
                    (@RCLike.toInnerProductSpaceReal.{0} Real Real.instRCLike))
                  (@MeasureTheory.MeasureSpace.toMeasurableSpace.{0} Real Real.measureSpace)
                  (@MeasureTheory.Measure.restrict.{0} Real
                    (@MeasureTheory.MeasureSpace.toMeasurableSpace.{0} Real Real.measureSpace)
                    (@MeasureTheory.MeasureSpace.volume.{0} Real Real.measureSpace)
                    (@Set.Ioo.{0} Real Real.instPreorder
                      (@OfNat.ofNat.{0} Real (nat_lit 0) (@Zero.toOfNat0.{0} Real Real.instZero))
                      (@OfNat.ofNat.{0} Real (nat_lit 1) (@One.toOfNat1.{0} Real Real.instOne))))
                  fun (x : Real) => Luce.profileDiagonal f x))))
        (@Filter.atTop.{0} Nat Nat.instPreorder)
        (@nhds.{0} Real
          (@UniformSpace.toTopologicalSpace.{0} Real
            (@PseudoMetricSpace.toUniformSpace.{0} Real Real.pseudoMetricSpace))
          (@OfNat.ofNat.{0} Real (nat_lit 0) (@Zero.toOfNat0.{0} Real Real.instZero))))) :=
fun (Ω : Nat → Type u_1) [mΩ : (n : Nat) → MeasurableSpace.{u_1} (Ω n)]
    (P : (n : Nat) → @MeasureTheory.Measure.{u_1} (Ω n) (mΩ n))
    [inst : ∀ (n : Nat), @MeasureTheory.IsProbabilityMeasure.{u_1} (Ω n) (mΩ n) (P n)] (w : Luce.WeightArray)
    (f : Real → Real) (hnorm : Luce.NormalizedWeights w) (hf : Luce.ProfileLimit w f) (hend : Luce.EndpointAssumption w)
    (π : (n : Nat) → Ω n → Equiv.Perm.{1} (Fin n))
    (hπ :
      ∀ (n : Nat),
        @Measurable.{u_1, 0} (Ω n) (Equiv.Perm.{1} (Fin n)) (mΩ n)
          (@Top.top.{0} (MeasurableSpace.{0} (Equiv.Perm.{1} (Fin n)))
            (@OrderTop.toTop.{0} (MeasurableSpace.{0} (Equiv.Perm.{1} (Fin n)))
              (@Preorder.toLE.{0} (MeasurableSpace.{0} (Equiv.Perm.{1} (Fin n)))
                (@PartialOrder.toPreorder.{0} (MeasurableSpace.{0} (Equiv.Perm.{1} (Fin n)))
                  (@SemilatticeSup.toPartialOrder.{0} (MeasurableSpace.{0} (Equiv.Perm.{1} (Fin n)))
                    (@Lattice.toSemilatticeSup.{0} (MeasurableSpace.{0} (Equiv.Perm.{1} (Fin n)))
                      (@CompleteLattice.toLattice.{0} (MeasurableSpace.{0} (Equiv.Perm.{1} (Fin n)))
                        (@MeasurableSpace.instCompleteLattice.{0} (Equiv.Perm.{1} (Fin n))))))))
              (@BoundedOrder.toOrderTop.{0} (MeasurableSpace.{0} (Equiv.Perm.{1} (Fin n)))
                (@Preorder.toLE.{0} (MeasurableSpace.{0} (Equiv.Perm.{1} (Fin n)))
                  (@PartialOrder.toPreorder.{0} (MeasurableSpace.{0} (Equiv.Perm.{1} (Fin n)))
                    (@SemilatticeSup.toPartialOrder.{0} (MeasurableSpace.{0} (Equiv.Perm.{1} (Fin n)))
                      (@Lattice.toSemilatticeSup.{0} (MeasurableSpace.{0} (Equiv.Perm.{1} (Fin n)))
                        (@CompleteLattice.toLattice.{0} (MeasurableSpace.{0} (Equiv.Perm.{1} (Fin n)))
                          (@MeasurableSpace.instCompleteLattice.{0} (Equiv.Perm.{1} (Fin n))))))))
                (@CompleteLattice.toBoundedOrder.{0} (MeasurableSpace.{0} (Equiv.Perm.{1} (Fin n)))
                  (@MeasurableSpace.instCompleteLattice.{0} (Equiv.Perm.{1} (Fin n)))))))
          (π n))
    (hMass :
      ∀ (n : Nat) (σ : Equiv.Perm.{1} (Fin n)),
        @Eq.{1} Real
          (@MeasureTheory.Measure.real.{u_1} (Ω n) (mΩ n) (P n)
            (@Set.ofPred.{u_1} (Ω n) fun (ω : Ω n) => @Eq.{1} (Equiv.Perm.{1} (Fin n)) (π n ω) σ))
          (@Luce.Weights.mass n (w n) σ)) =>
  @And.intro
    (@MeasureTheory.Integrable.{0, 0} Real
      (@UniformSpace.toTopologicalSpace.{0} Real (@PseudoMetricSpace.toUniformSpace.{0} Real Real.pseudoMetricSpace))
      (@SeminormedAddGroup.toContinuousENorm.{0} Real
        (@SeminormedAddCommGroup.toSeminormedAddGroup.{0} Real
          (@NonUnitalSeminormedRing.toSeminormedAddCommGroup.{0} Real
            (@NonUnitalSeminormedCommRing.toNonUnitalSeminormedRing.{0} Real
              (@SeminormedCommRing.toNonUnitalSeminormedCommRing.{0} Real
                (@NormedCommRing.toSeminormedCommRing.{0} Real Real.normedCommRing))))))
      Real (@MeasureTheory.MeasureSpace.toMeasurableSpace.{0} Real Real.measureSpace) (Luce.profileDiagonal f)
      (@MeasureTheory.Measure.restrict.{0} Real
        (@MeasureTheory.MeasureSpace.toMeasurableSpace.{0} Real Real.measureSpace)
        (@MeasureTheory.MeasureSpace.volume.{0} Real Real.measureSpace)
        (@Set.Ioo.{0} Real Real.instPreorder (@OfNat.ofNat.{0} Real (nat_lit 0) (@Zero.toOfNat0.{0} Real Real.instZero))
          (@OfNat.ofNat.{0} Real (nat_lit 1) (@One.toOfNat1.{0} Real Real.instOne)))))
    (And
      (∀
        (F :
          @BoundedContinuousFunction.{0, 0}
            (@Luce.FinitePointMeasure.{0}
              (@Set.Elem.{0} Real
                (@Set.Icc.{0} Real Real.instPreorder
                  (@OfNat.ofNat.{0} Real (nat_lit 0) (@Zero.toOfNat0.{0} Real Real.instZero))
                  (@OfNat.ofNat.{0} Real (nat_lit 1) (@One.toOfNat1.{0} Real Real.instOne))))
              (@Subtype.instMeasurableSpace.{0} Real
                (fun (x : Real) =>
                  @Membership.mem.{0, 0} Real (Set.{0} Real) (@Set.instMembership.{0} Real)
                    (@Set.Icc.{0} Real Real.instPreorder
                      (@OfNat.ofNat.{0} Real (nat_lit 0) (@Zero.toOfNat0.{0} Real Real.instZero))
                      (@OfNat.ofNat.{0} Real (nat_lit 1) (@One.toOfNat1.{0} Real Real.instOne)))
                    x)
                Real.measurableSpace))
            Real
            (@Luce.FinitePointMeasure.instTopologicalSpace.{0}
              (@Set.Elem.{0} Real
                (@Set.Icc.{0} Real Real.instPreorder
                  (@OfNat.ofNat.{0} Real (nat_lit 0) (@Zero.toOfNat0.{0} Real Real.instZero))
                  (@OfNat.ofNat.{0} Real (nat_lit 1) (@One.toOfNat1.{0} Real Real.instOne))))
              (@Subtype.instMeasurableSpace.{0} Real
                (fun (x : Real) =>
                  @Membership.mem.{0, 0} Real (Set.{0} Real) (@Set.instMembership.{0} Real)
                    (@Set.Icc.{0} Real Real.instPreorder
                      (@OfNat.ofNat.{0} Real (nat_lit 0) (@Zero.toOfNat0.{0} Real Real.instZero))
                      (@OfNat.ofNat.{0} Real (nat_lit 1) (@One.toOfNat1.{0} Real Real.instOne)))
                    x)
                Real.measurableSpace)
              (@instTopologicalSpaceSubtype.{0} Real
                (fun (x : Real) =>
                  @Membership.mem.{0, 0} Real (Set.{0} Real) (@Set.instMembership.{0} Real)
                    (@Set.Icc.{0} Real Real.instPreorder
                      (@OfNat.ofNat.{0} Real (nat_lit 0) (@Zero.toOfNat0.{0} Real Real.instZero))
                      (@OfNat.ofNat.{0} Real (nat_lit 1) (@One.toOfNat1.{0} Real Real.instOne)))
                    x)
                (@UniformSpace.toTopologicalSpace.{0} Real
                  (@PseudoMetricSpace.toUniformSpace.{0} Real Real.pseudoMetricSpace)))
              (@Subtype.opensMeasurableSpace.{0} Real
                (@UniformSpace.toTopologicalSpace.{0} Real
                  (@PseudoMetricSpace.toUniformSpace.{0} Real Real.pseudoMetricSpace))
                Real.measurableSpace
                (@BorelSpace.opensMeasurable.{0} Real
                  (@UniformSpace.toTopologicalSpace.{0} Real
                    (@PseudoMetricSpace.toUniformSpace.{0} Real Real.pseudoMetricSpace))
                  Real.measurableSpace Real.borelSpace)
                fun (x : Real) =>
                @Membership.mem.{0, 0} Real (Set.{0} Real) (@Set.instMembership.{0} Real)
                  (@Set.Icc.{0} Real Real.instPreorder
                    (@OfNat.ofNat.{0} Real (nat_lit 0) (@Zero.toOfNat0.{0} Real Real.instZero))
                    (@OfNat.ofNat.{0} Real (nat_lit 1) (@One.toOfNat1.{0} Real Real.instOne)))
                  x))
            Real.pseudoMetricSpace),
        @Filter.Tendsto.{0, 0} Nat Real
          (fun (n : Nat) =>
            @MeasureTheory.integral.{u_1, 0} (Ω n) Real Real.normedAddCommGroup
              (@InnerProductSpace.toNormedSpace.{0, 0} Real Real Real.instRCLike
                (@NormedAddCommGroup.toSeminormedAddCommGroup.{0} Real Real.normedAddCommGroup)
                (@RCLike.toInnerProductSpaceReal.{0} Real Real.instRCLike))
              (mΩ n) (P n) fun (ω : Ω n) =>
              @DFunLike.coe.{1, 1, 1}
                (@BoundedContinuousFunction.{0, 0}
                  (@Luce.FinitePointMeasure.{0}
                    (@Set.Elem.{0} Real
                      (@Set.Icc.{0} Real Real.instPreorder
                        (@OfNat.ofNat.{0} Real (nat_lit 0) (@Zero.toOfNat0.{0} Real Real.instZero))
                        (@OfNat.ofNat.{0} Real (nat_lit 1) (@One.toOfNat1.{0} Real Real.instOne))))
                    (@Subtype.instMeasurableSpace.{0} Real
                      (fun (x : Real) =>
                        @Membership.mem.{0, 0} Real (Set.{0} Real) (@Set.instMembership.{0} Real)
                          (@Set.Icc.{0} Real Real.instPreorder
                            (@OfNat.ofNat.{0} Real (nat_lit 0) (@Zero.toOfNat0.{0} Real Real.instZero))
                            (@OfNat.ofNat.{0} Real (nat_lit 1) (@One.toOfNat1.{0} Real Real.instOne)))
                          x)
                      Real.measurableSpace))
                  Real
                  (@Luce.FinitePointMeasure.instTopologicalSpace.{0}
                    (@Set.Elem.{0} Real
                      (@Set.Icc.{0} Real Real.instPreorder
                        (@OfNat.ofNat.{0} Real (nat_lit 0) (@Zero.toOfNat0.{0} Real Real.instZero))
                        (@OfNat.ofNat.{0} Real (nat_lit 1) (@One.toOfNat1.{0} Real Real.instOne))))
                    (@Subtype.instMeasurableSpace.{0} Real
                      (fun (x : Real) =>
                        @Membership.mem.{0, 0} Real (Set.{0} Real) (@Set.instMembership.{0} Real)
                          (@Set.Icc.{0} Real Real.instPreorder
                            (@OfNat.ofNat.{0} Real (nat_lit 0) (@Zero.toOfNat0.{0} Real Real.instZero))
                            (@OfNat.ofNat.{0} Real (nat_lit 1) (@One.toOfNat1.{0} Real Real.instOne)))
                          x)
                      Real.measurableSpace)
                    (@instTopologicalSpaceSubtype.{0} Real
                      (fun (x : Real) =>
                        @Membership.mem.{0, 0} Real (Set.{0} Real) (@Set.instMembership.{0} Real)
                          (@Set.Icc.{0} Real Real.instPreorder
                            (@OfNat.ofNat.{0} Real (nat_lit 0) (@Zero.toOfNat0.{0} Real Real.instZero))
                            (@OfNat.ofNat.{0} Real (nat_lit 1) (@One.toOfNat1.{0} Real Real.instOne)))
                          x)
                      (@UniformSpace.toTopologicalSpace.{0} Real
                        (@PseudoMetricSpace.toUniformSpace.{0} Real Real.pseudoMetricSpace)))
                    (@Subtype.opensMeasurableSpace.{0} Real
                      (@UniformSpace.toTopologicalSpace.{0} Real
                        (@PseudoMetricSpace.toUniformSpace.{0} Real Real.pseudoMetricSpace))
                      Real.measurableSpace
                      (@BorelSpace.opensMeasurable.{0} Real
                        (@UniformSpace.toTopologicalSpace.{0} Real
                          (@PseudoMetricSpace.toUniformSpace.{0} Real Real.pseudoMetricSpace))
                        Real.measurableSpace Real.borelSpace)
                      fun (x : Real) =>
                      @Membership.mem.{0, 0} Real (Set.{0} Real) (@Set.instMembership.{0} Real)
                        (@Set.Icc.{0} Real Real.instPreorder
                          (@OfNat.ofNat.{0} Real (nat_lit 0) (@Zero.toOfNat0.{0} Real Real.instZero))
                          (@OfNat.ofNat.{0} Real (nat_lit 1) (@One.toOfNat1.{0} Real Real.instOne)))
                        x))
                  Real.pseudoMetricSpace)
                (@Luce.FinitePointMeasure.{0}
                  (@Set.Elem.{0} Real
                    (@Set.Icc.{0} Real Real.instPreorder
                      (@OfNat.ofNat.{0} Real (nat_lit 0) (@Zero.toOfNat0.{0} Real Real.instZero))
                      (@OfNat.ofNat.{0} Real (nat_lit 1) (@One.toOfNat1.{0} Real Real.instOne))))
                  (@Subtype.instMeasurableSpace.{0} Real
                    (fun (x : Real) =>
                      @Membership.mem.{0, 0} Real (Set.{0} Real) (@Set.instMembership.{0} Real)
                        (@Set.Icc.{0} Real Real.instPreorder
                          (@OfNat.ofNat.{0} Real (nat_lit 0) (@Zero.toOfNat0.{0} Real Real.instZero))
                          (@OfNat.ofNat.{0} Real (nat_lit 1) (@One.toOfNat1.{0} Real Real.instOne)))
                        x)
                    Real.measurableSpace))
                (fun
                    (x :
                      @Luce.FinitePointMeasure.{0}
                        (@Set.Elem.{0} Real
                          (@Set.Icc.{0} Real Real.instPreorder
                            (@OfNat.ofNat.{0} Real (nat_lit 0) (@Zero.toOfNat0.{0} Real Real.instZero))
                            (@OfNat.ofNat.{0} Real (nat_lit 1) (@One.toOfNat1.{0} Real Real.instOne))))
                        (@Subtype.instMeasurableSpace.{0} Real
                          (fun (x : Real) =>
                            @Membership.mem.{0, 0} Real (Set.{0} Real) (@Set.instMembership.{0} Real)
                              (@Set.Icc.{0} Real Real.instPreorder
                                (@OfNat.ofNat.{0} Real (nat_lit 0) (@Zero.toOfNat0.{0} Real Real.instZero))
                                (@OfNat.ofNat.{0} Real (nat_lit 1) (@One.toOfNat1.{0} Real Real.instOne)))
                              x)
                          Real.measurableSpace)) =>
                  Real)
                (@BoundedContinuousFunction.instFunLike.{0, 0}
                  (@Luce.FinitePointMeasure.{0}
                    (@Set.Elem.{0} Real
                      (@Set.Icc.{0} Real Real.instPreorder
                        (@OfNat.ofNat.{0} Real (nat_lit 0) (@Zero.toOfNat0.{0} Real Real.instZero))
                        (@OfNat.ofNat.{0} Real (nat_lit 1) (@One.toOfNat1.{0} Real Real.instOne))))
                    (@Subtype.instMeasurableSpace.{0} Real
                      (fun (x : Real) =>
                        @Membership.mem.{0, 0} Real (Set.{0} Real) (@Set.instMembership.{0} Real)
                          (@Set.Icc.{0} Real Real.instPreorder
                            (@OfNat.ofNat.{0} Real (nat_lit 0) (@Zero.toOfNat0.{0} Real Real.instZero))
                            (@OfNat.ofNat.{0} Real (nat_lit 1) (@One.toOfNat1.{0} Real Real.instOne)))
                          x)
                      Real.measurableSpace))
                  Real
                  (@Luce.FinitePointMeasure.instTopologicalSpace.{0}
                    (@Set.Elem.{0} Real
                      (@Set.Icc.{0} Real Real.instPreorder
                        (@OfNat.ofNat.{0} Real (nat_lit 0) (@Zero.toOfNat0.{0} Real Real.instZero))
                        (@OfNat.ofNat.{0} Real (nat_lit 1) (@One.toOfNat1.{0} Real Real.instOne))))
                    (@Subtype.instMeasurableSpace.{0} Real
                      (fun (x : Real) =>
                        @Membership.mem.{0, 0} Real (Set.{0} Real) (@Set.instMembership.{0} Real)
                          (@Set.Icc.{0} Real Real.instPreorder
                            (@OfNat.ofNat.{0} Real (nat_lit 0) (@Zero.toOfNat0.{0} Real Real.instZero))
                            (@OfNat.ofNat.{0} Real (nat_lit 1) (@One.toOfNat1.{0} Real Real.instOne)))
                          x)
                      Real.measurableSpace)
                    (@instTopologicalSpaceSubtype.{0} Real
                      (fun (x : Real) =>
                        @Membership.mem.{0, 0} Real (Set.{0} Real) (@Set.instMembership.{0} Real)
                          (@Set.Icc.{0} Real Real.instPreorder
                            (@OfNat.ofNat.{0} Real (nat_lit 0) (@Zero.toOfNat0.{0} Real Real.instZero))
                            (@OfNat.ofNat.{0} Real (nat_lit 1) (@One.toOfNat1.{0} Real Real.instOne)))
                          x)
                      (@UniformSpace.toTopologicalSpace.{0} Real
                        (@PseudoMetricSpace.toUniformSpace.{0} Real Real.pseudoMetricSpace)))
                    (@Subtype.opensMeasurableSpace.{0} Real
                      (@UniformSpace.toTopologicalSpace.{0} Real
                        (@PseudoMetricSpace.toUniformSpace.{0} Real Real.pseudoMetricSpace))
                      Real.measurableSpace
                      (@BorelSpace.opensMeasurable.{0} Real
                        (@UniformSpace.toTopologicalSpace.{0} Real
                          (@PseudoMetricSpace.toUniformSpace.{0} Real Real.pseudoMetricSpace))
                        Real.measurableSpace Real.borelSpace)
                      fun (x : Real) =>
                      @Membership.mem.{0, 0} Real (Set.{0} Real) (@Set.instMembership.{0} Real)
                        (@Set.Icc.{0} Real Real.instPreorder
                          (@OfNat.ofNat.{0} Real (nat_lit 0) (@Zero.toOfNat0.{0} Real Real.instZero))
                          (@OfNat.ofNat.{0} Real (nat_lit 1) (@One.toOfNat1.{0} Real Real.instOne)))
                        x))
                  Real.pseudoMetricSpace)
                F (@Luce.fixedPoints n (π n ω)))
          (@Filter.atTop.{0} Nat Nat.instPreorder)
          (@nhds.{0} Real
            (@UniformSpace.toTopologicalSpace.{0} Real
              (@PseudoMetricSpace.toUniformSpace.{0} Real Real.pseudoMetricSpace))
            (@MeasureTheory.integral.{0, 0}
              (@Luce.FinitePointMeasure.{0}
                (@Set.Elem.{0} Real
                  (@Set.Icc.{0} Real Real.instPreorder
                    (@OfNat.ofNat.{0} Real (nat_lit 0) (@Zero.toOfNat0.{0} Real Real.instZero))
                    (@OfNat.ofNat.{0} Real (nat_lit 1) (@One.toOfNat1.{0} Real Real.instOne))))
                (@Subtype.instMeasurableSpace.{0} Real
                  (fun (x : Real) =>
                    @Membership.mem.{0, 0} Real (Set.{0} Real) (@Set.instMembership.{0} Real)
                      (@Set.Icc.{0} Real Real.instPreorder
                        (@OfNat.ofNat.{0} Real (nat_lit 0) (@Zero.toOfNat0.{0} Real Real.instZero))
                        (@OfNat.ofNat.{0} Real (nat_lit 1) (@One.toOfNat1.{0} Real Real.instOne)))
                      x)
                  Real.measurableSpace))
              Real Real.normedAddCommGroup
              (@InnerProductSpace.toNormedSpace.{0, 0} Real Real Real.instRCLike
                (@NormedAddCommGroup.toSeminormedAddCommGroup.{0} Real Real.normedAddCommGroup)
                (@RCLike.toInnerProductSpaceReal.{0} Real Real.instRCLike))
              (@Luce.FinitePointMeasure.instMeasurableSpace.{0}
                (@Set.Elem.{0} Real
                  (@Set.Icc.{0} Real Real.instPreorder
                    (@OfNat.ofNat.{0} Real (nat_lit 0) (@Zero.toOfNat0.{0} Real Real.instZero))
                    (@OfNat.ofNat.{0} Real (nat_lit 1) (@One.toOfNat1.{0} Real Real.instOne))))
                (@Subtype.instMeasurableSpace.{0} Real
                  (fun (x : Real) =>
                    @Membership.mem.{0, 0} Real (Set.{0} Real) (@Set.instMembership.{0} Real)
                      (@Set.Icc.{0} Real Real.instPreorder
                        (@OfNat.ofNat.{0} Real (nat_lit 0) (@Zero.toOfNat0.{0} Real Real.instZero))
                        (@OfNat.ofNat.{0} Real (nat_lit 1) (@One.toOfNat1.{0} Real Real.instOne)))
                      x)
                  Real.measurableSpace))
              (@Luce.finitePoissonLaw.{0}
                (@Set.Elem.{0} Real
                  (@Set.Icc.{0} Real Real.instPreorder
                    (@OfNat.ofNat.{0} Real (nat_lit 0) (@Zero.toOfNat0.{0} Real Real.instZero))
                    (@OfNat.ofNat.{0} Real (nat_lit 1) (@One.toOfNat1.{0} Real Real.instOne))))
                (@Subtype.instMeasurableSpace.{0} Real
                  (fun (x : Real) =>
                    @Membership.mem.{0, 0} Real (Set.{0} Real) (@Set.instMembership.{0} Real)
                      (@Set.Icc.{0} Real Real.instPreorder
                        (@OfNat.ofNat.{0} Real (nat_lit 0) (@Zero.toOfNat0.{0} Real Real.instZero))
                        (@OfNat.ofNat.{0} Real (nat_lit 1) (@One.toOfNat1.{0} Real Real.instOne)))
                      x)
                  Real.measurableSpace)
                (Luce.fullIntensity w f hnorm hf hend))
              fun
                (ξ :
                  @Luce.FinitePointMeasure.{0}
                    (@Set.Elem.{0} Real
                      (@Set.Icc.{0} Real Real.instPreorder
                        (@OfNat.ofNat.{0} Real (nat_lit 0) (@Zero.toOfNat0.{0} Real Real.instZero))
                        (@OfNat.ofNat.{0} Real (nat_lit 1) (@One.toOfNat1.{0} Real Real.instOne))))
                    (@Subtype.instMeasurableSpace.{0} Real
                      (fun (x : Real) =>
                        @Membership.mem.{0, 0} Real (Set.{0} Real) (@Set.instMembership.{0} Real)
                          (@Set.Icc.{0} Real Real.instPreorder
                            (@OfNat.ofNat.{0} Real (nat_lit 0) (@Zero.toOfNat0.{0} Real Real.instZero))
                            (@OfNat.ofNat.{0} Real (nat_lit 1) (@One.toOfNat1.{0} Real Real.instOne)))
                          x)
                      Real.measurableSpace)) =>
              @DFunLike.coe.{1, 1, 1}
                (@BoundedContinuousFunction.{0, 0}
                  (@Luce.FinitePointMeasure.{0}
                    (@Set.Elem.{0} Real
                      (@Set.Icc.{0} Real Real.instPreorder
                        (@OfNat.ofNat.{0} Real (nat_lit 0) (@Zero.toOfNat0.{0} Real Real.instZero))
                        (@OfNat.ofNat.{0} Real (nat_lit 1) (@One.toOfNat1.{0} Real Real.instOne))))
                    (@Subtype.instMeasurableSpace.{0} Real
                      (fun (x : Real) =>
                        @Membership.mem.{0, 0} Real (Set.{0} Real) (@Set.instMembership.{0} Real)
                          (@Set.Icc.{0} Real Real.instPreorder
                            (@OfNat.ofNat.{0} Real (nat_lit 0) (@Zero.toOfNat0.{0} Real Real.instZero))
                            (@OfNat.ofNat.{0} Real (nat_lit 1) (@One.toOfNat1.{0} Real Real.instOne)))
                          x)
                      Real.measurableSpace))
                  Real
                  (@Luce.FinitePointMeasure.instTopologicalSpace.{0}
                    (@Set.Elem.{0} Real
                      (@Set.Icc.{0} Real Real.instPreorder
                        (@OfNat.ofNat.{0} Real (nat_lit 0) (@Zero.toOfNat0.{0} Real Real.instZero))
                        (@OfNat.ofNat.{0} Real (nat_lit 1) (@One.toOfNat1.{0} Real Real.instOne))))
                    (@Subtype.instMeasurableSpace.{0} Real
                      (fun (x : Real) =>
                        @Membership.mem.{0, 0} Real (Set.{0} Real) (@Set.instMembership.{0} Real)
                          (@Set.Icc.{0} Real Real.instPreorder
                            (@OfNat.ofNat.{0} Real (nat_lit 0) (@Zero.toOfNat0.{0} Real Real.instZero))
                            (@OfNat.ofNat.{0} Real (nat_lit 1) (@One.toOfNat1.{0} Real Real.instOne)))
                          x)
                      Real.measurableSpace)
                    (@instTopologicalSpaceSubtype.{0} Real
                      (fun (x : Real) =>
                        @Membership.mem.{0, 0} Real (Set.{0} Real) (@Set.instMembership.{0} Real)
                          (@Set.Icc.{0} Real Real.instPreorder
                            (@OfNat.ofNat.{0} Real (nat_lit 0) (@Zero.toOfNat0.{0} Real Real.instZero))
                            (@OfNat.ofNat.{0} Real (nat_lit 1) (@One.toOfNat1.{0} Real Real.instOne)))
                          x)
                      (@UniformSpace.toTopologicalSpace.{0} Real
                        (@PseudoMetricSpace.toUniformSpace.{0} Real Real.pseudoMetricSpace)))
                    (@Subtype.opensMeasurableSpace.{0} Real
                      (@UniformSpace.toTopologicalSpace.{0} Real
                        (@PseudoMetricSpace.toUniformSpace.{0} Real Real.pseudoMetricSpace))
                      Real.measurableSpace
                      (@BorelSpace.opensMeasurable.{0} Real
                        (@UniformSpace.toTopologicalSpace.{0} Real
                          (@PseudoMetricSpace.toUniformSpace.{0} Real Real.pseudoMetricSpace))
                        Real.measurableSpace Real.borelSpace)
                      fun (x : Real) =>
                      @Membership.mem.{0, 0} Real (Set.{0} Real) (@Set.instMembership.{0} Real)
                        (@Set.Icc.{0} Real Real.instPreorder
                          (@OfNat.ofNat.{0} Real (nat_lit 0) (@Zero.toOfNat0.{0} Real Real.instZero))
                          (@OfNat.ofNat.{0} Real (nat_lit 1) (@One.toOfNat1.{0} Real Real.instOne)))
                        x))
                  Real.pseudoMetricSpace)
                (@Luce.FinitePointMeasure.{0}
                  (@Set.Elem.{0} Real
                    (@Set.Icc.{0} Real Real.instPreorder
                      (@OfNat.ofNat.{0} Real (nat_lit 0) (@Zero.toOfNat0.{0} Real Real.instZero))
                      (@OfNat.ofNat.{0} Real (nat_lit 1) (@One.toOfNat1.{0} Real Real.instOne))))
                  (@Subtype.instMeasurableSpace.{0} Real
                    (fun (x : Real) =>
                      @Membership.mem.{0, 0} Real (Set.{0} Real) (@Set.instMembership.{0} Real)
                        (@Set.Icc.{0} Real Real.instPreorder
                          (@OfNat.ofNat.{0} Real (nat_lit 0) (@Zero.toOfNat0.{0} Real Real.instZero))
                          (@OfNat.ofNat.{0} Real (nat_lit 1) (@One.toOfNat1.{0} Real Real.instOne)))
                        x)
                    Real.measurableSpace))
                (fun
                    (x :
                      @Luce.FinitePointMeasure.{0}
                        (@Set.Elem.{0} Real
                          (@Set.Icc.{0} Real Real.instPreorder
                            (@OfNat.ofNat.{0} Real (nat_lit 0) (@Zero.toOfNat0.{0} Real Real.instZero))
                            (@OfNat.ofNat.{0} Real (nat_lit 1) (@One.toOfNat1.{0} Real Real.instOne))))
                        (@Subtype.instMeasurableSpace.{0} Real
                          (fun (x : Real) =>
                            @Membership.mem.{0, 0} Real (Set.{0} Real) (@Set.instMembership.{0} Real)
                              (@Set.Icc.{0} Real Real.instPreorder
                                (@OfNat.ofNat.{0} Real (nat_lit 0) (@Zero.toOfNat0.{0} Real Real.instZero))
                                (@OfNat.ofNat.{0} Real (nat_lit 1) (@One.toOfNat1.{0} Real Real.instOne)))
                              x)
                          Real.measurableSpace)) =>
                  Real)
                (@BoundedContinuousFunction.instFunLike.{0, 0}
                  (@Luce.FinitePointMeasure.{0}
                    (@Set.Elem.{0} Real
                      (@Set.Icc.{0} Real Real.instPreorder
                        (@OfNat.ofNat.{0} Real (nat_lit 0) (@Zero.toOfNat0.{0} Real Real.instZero))
                        (@OfNat.ofNat.{0} Real (nat_lit 1) (@One.toOfNat1.{0} Real Real.instOne))))
                    (@Subtype.instMeasurableSpace.{0} Real
                      (fun (x : Real) =>
                        @Membership.mem.{0, 0} Real (Set.{0} Real) (@Set.instMembership.{0} Real)
                          (@Set.Icc.{0} Real Real.instPreorder
                            (@OfNat.ofNat.{0} Real (nat_lit 0) (@Zero.toOfNat0.{0} Real Real.instZero))
                            (@OfNat.ofNat.{0} Real (nat_lit 1) (@One.toOfNat1.{0} Real Real.instOne)))
                          x)
                      Real.measurableSpace))
                  Real
                  (@Luce.FinitePointMeasure.instTopologicalSpace.{0}
                    (@Set.Elem.{0} Real
                      (@Set.Icc.{0} Real Real.instPreorder
                        (@OfNat.ofNat.{0} Real (nat_lit 0) (@Zero.toOfNat0.{0} Real Real.instZero))
                        (@OfNat.ofNat.{0} Real (nat_lit 1) (@One.toOfNat1.{0} Real Real.instOne))))
                    (@Subtype.instMeasurableSpace.{0} Real
                      (fun (x : Real) =>
                        @Membership.mem.{0, 0} Real (Set.{0} Real) (@Set.instMembership.{0} Real)
                          (@Set.Icc.{0} Real Real.instPreorder
                            (@OfNat.ofNat.{0} Real (nat_lit 0) (@Zero.toOfNat0.{0} Real Real.instZero))
                            (@OfNat.ofNat.{0} Real (nat_lit 1) (@One.toOfNat1.{0} Real Real.instOne)))
                          x)
                      Real.measurableSpace)
                    (@instTopologicalSpaceSubtype.{0} Real
                      (fun (x : Real) =>
                        @Membership.mem.{0, 0} Real (Set.{0} Real) (@Set.instMembership.{0} Real)
                          (@Set.Icc.{0} Real Real.instPreorder
                            (@OfNat.ofNat.{0} Real (nat_lit 0) (@Zero.toOfNat0.{0} Real Real.instZero))
                            (@OfNat.ofNat.{0} Real (nat_lit 1) (@One.toOfNat1.{0} Real Real.instOne)))
                          x)
                      (@UniformSpace.toTopologicalSpace.{0} Real
                        (@PseudoMetricSpace.toUniformSpace.{0} Real Real.pseudoMetricSpace)))
                    (@Subtype.opensMeasurableSpace.{0} Real
                      (@UniformSpace.toTopologicalSpace.{0} Real
                        (@PseudoMetricSpace.toUniformSpace.{0} Real Real.pseudoMetricSpace))
                      Real.measurableSpace
                      (@BorelSpace.opensMeasurable.{0} Real
                        (@UniformSpace.toTopologicalSpace.{0} Real
                          (@PseudoMetricSpace.toUniformSpace.{0} Real Real.pseudoMetricSpace))
                        Real.measurableSpace Real.borelSpace)
                      fun (x : Real) =>
                      @Membership.mem.{0, 0} Real (Set.{0} Real) (@Set.instMembership.{0} Real)
                        (@Set.Icc.{0} Real Real.instPreorder
                          (@OfNat.ofNat.{0} Real (nat_lit 0) (@Zero.toOfNat0.{0} Real Real.instZero))
                          (@OfNat.ofNat.{0} Real (nat_lit 1) (@One.toOfNat1.{0} Real Real.instOne)))
                        x))
                  Real.pseudoMetricSpace)
                F ξ)))
      (@Filter.Tendsto.{0, 0} Nat Real
        (fun (n : Nat) =>
          Luce.probabilityTotalVariation (@Luce.fixedPointCountLaw.{u_1} n (Ω n) (mΩ n) (P n) (inst n) (π n) (hπ n))
            (Luce.poissonProbabilityMeasure
              (Real.toNNReal
                (@MeasureTheory.integral.{0, 0} Real Real Real.normedAddCommGroup
                  (@InnerProductSpace.toNormedSpace.{0, 0} Real Real Real.instRCLike
                    (@NormedAddCommGroup.toSeminormedAddCommGroup.{0} Real Real.normedAddCommGroup)
                    (@RCLike.toInnerProductSpaceReal.{0} Real Real.instRCLike))
                  (@MeasureTheory.MeasureSpace.toMeasurableSpace.{0} Real Real.measureSpace)
                  (@MeasureTheory.Measure.restrict.{0} Real
                    (@MeasureTheory.MeasureSpace.toMeasurableSpace.{0} Real Real.measureSpace)
                    (@MeasureTheory.MeasureSpace.volume.{0} Real Real.measureSpace)
                    (@Set.Ioo.{0} Real Real.instPreorder
                      (@OfNat.ofNat.{0} Real (nat_lit 0) (@Zero.toOfNat0.{0} Real Real.instZero))
                      (@OfNat.ofNat.{0} Real (nat_lit 1) (@One.toOfNat1.{0} Real Real.instOne))))
                  fun (x : Real) => Luce.profileDiagonal f x))))
        (@Filter.atTop.{0} Nat Nat.instPreorder)
        (@nhds.{0} Real
          (@UniformSpace.toTopologicalSpace.{0} Real
            (@PseudoMetricSpace.toUniformSpace.{0} Real Real.pseudoMetricSpace))
          (@OfNat.ofNat.{0} Real (nat_lit 0) (@Zero.toOfNat0.{0} Real Real.instZero)))))
    (Luce.section4_profileDiagonal_integrable w f hnorm hf hend)
    (@And.intro
      (∀
        (F :
          @BoundedContinuousFunction.{0, 0}
            (@Luce.FinitePointMeasure.{0}
              (@Set.Elem.{0} Real
                (@Set.Icc.{0} Real Real.instPreorder
                  (@OfNat.ofNat.{0} Real (nat_lit 0) (@Zero.toOfNat0.{0} Real Real.instZero))
                  (@OfNat.ofNat.{0} Real (nat_lit 1) (@One.toOfNat1.{0} Real Real.instOne))))
              (@Subtype.instMeasurableSpace.{0} Real
                (fun (x : Real) =>
                  @Membership.mem.{0, 0} Real (Set.{0} Real) (@Set.instMembership.{0} Real)
                    (@Set.Icc.{0} Real Real.instPreorder
                      (@OfNat.ofNat.{0} Real (nat_lit 0) (@Zero.toOfNat0.{0} Real Real.instZero))
                      (@OfNat.ofNat.{0} Real (nat_lit 1) (@One.toOfNat1.{0} Real Real.instOne)))
                    x)
                Real.measurableSpace))
            Real
            (@Luce.FinitePointMeasure.instTopologicalSpace.{0}
              (@Set.Elem.{0} Real
                (@Set.Icc.{0} Real Real.instPreorder
                  (@OfNat.ofNat.{0} Real (nat_lit 0) (@Zero.toOfNat0.{0} Real Real.instZero))
                  (@OfNat.ofNat.{0} Real (nat_lit 1) (@One.toOfNat1.{0} Real Real.instOne))))
              (@Subtype.instMeasurableSpace.{0} Real
                (fun (x : Real) =>
                  @Membership.mem.{0, 0} Real (Set.{0} Real) (@Set.instMembership.{0} Real)
                    (@Set.Icc.{0} Real Real.instPreorder
                      (@OfNat.ofNat.{0} Real (nat_lit 0) (@Zero.toOfNat0.{0} Real Real.instZero))
                      (@OfNat.ofNat.{0} Real (nat_lit 1) (@One.toOfNat1.{0} Real Real.instOne)))
                    x)
                Real.measurableSpace)
              (@instTopologicalSpaceSubtype.{0} Real
                (fun (x : Real) =>
                  @Membership.mem.{0, 0} Real (Set.{0} Real) (@Set.instMembership.{0} Real)
                    (@Set.Icc.{0} Real Real.instPreorder
                      (@OfNat.ofNat.{0} Real (nat_lit 0) (@Zero.toOfNat0.{0} Real Real.instZero))
                      (@OfNat.ofNat.{0} Real (nat_lit 1) (@One.toOfNat1.{0} Real Real.instOne)))
                    x)
                (@UniformSpace.toTopologicalSpace.{0} Real
                  (@PseudoMetricSpace.toUniformSpace.{0} Real Real.pseudoMetricSpace)))
              (@Subtype.opensMeasurableSpace.{0} Real
                (@UniformSpace.toTopologicalSpace.{0} Real
                  (@PseudoMetricSpace.toUniformSpace.{0} Real Real.pseudoMetricSpace))
                Real.measurableSpace
                (@BorelSpace.opensMeasurable.{0} Real
                  (@UniformSpace.toTopologicalSpace.{0} Real
                    (@PseudoMetricSpace.toUniformSpace.{0} Real Real.pseudoMetricSpace))
                  Real.measurableSpace Real.borelSpace)
                fun (x : Real) =>
                @Membership.mem.{0, 0} Real (Set.{0} Real) (@Set.instMembership.{0} Real)
                  (@Set.Icc.{0} Real Real.instPreorder
                    (@OfNat.ofNat.{0} Real (nat_lit 0) (@Zero.toOfNat0.{0} Real Real.instZero))
                    (@OfNat.ofNat.{0} Real (nat_lit 1) (@One.toOfNat1.{0} Real Real.instOne)))
                  x))
            Real.pseudoMetricSpace),
        @Filter.Tendsto.{0, 0} Nat Real
          (fun (n : Nat) =>
            @MeasureTheory.integral.{u_1, 0} (Ω n) Real Real.normedAddCommGroup
              (@InnerProductSpace.toNormedSpace.{0, 0} Real Real Real.instRCLike
                (@NormedAddCommGroup.toSeminormedAddCommGroup.{0} Real Real.normedAddCommGroup)
                (@RCLike.toInnerProductSpaceReal.{0} Real Real.instRCLike))
              (mΩ n) (P n) fun (ω : Ω n) =>
              @DFunLike.coe.{1, 1, 1}
                (@BoundedContinuousFunction.{0, 0}
                  (@Luce.FinitePointMeasure.{0}
                    (@Set.Elem.{0} Real
                      (@Set.Icc.{0} Real Real.instPreorder
                        (@OfNat.ofNat.{0} Real (nat_lit 0) (@Zero.toOfNat0.{0} Real Real.instZero))
                        (@OfNat.ofNat.{0} Real (nat_lit 1) (@One.toOfNat1.{0} Real Real.instOne))))
                    (@Subtype.instMeasurableSpace.{0} Real
                      (fun (x : Real) =>
                        @Membership.mem.{0, 0} Real (Set.{0} Real) (@Set.instMembership.{0} Real)
                          (@Set.Icc.{0} Real Real.instPreorder
                            (@OfNat.ofNat.{0} Real (nat_lit 0) (@Zero.toOfNat0.{0} Real Real.instZero))
                            (@OfNat.ofNat.{0} Real (nat_lit 1) (@One.toOfNat1.{0} Real Real.instOne)))
                          x)
                      Real.measurableSpace))
                  Real
                  (@Luce.FinitePointMeasure.instTopologicalSpace.{0}
                    (@Set.Elem.{0} Real
                      (@Set.Icc.{0} Real Real.instPreorder
                        (@OfNat.ofNat.{0} Real (nat_lit 0) (@Zero.toOfNat0.{0} Real Real.instZero))
                        (@OfNat.ofNat.{0} Real (nat_lit 1) (@One.toOfNat1.{0} Real Real.instOne))))
                    (@Subtype.instMeasurableSpace.{0} Real
                      (fun (x : Real) =>
                        @Membership.mem.{0, 0} Real (Set.{0} Real) (@Set.instMembership.{0} Real)
                          (@Set.Icc.{0} Real Real.instPreorder
                            (@OfNat.ofNat.{0} Real (nat_lit 0) (@Zero.toOfNat0.{0} Real Real.instZero))
                            (@OfNat.ofNat.{0} Real (nat_lit 1) (@One.toOfNat1.{0} Real Real.instOne)))
                          x)
                      Real.measurableSpace)
                    (@instTopologicalSpaceSubtype.{0} Real
                      (fun (x : Real) =>
                        @Membership.mem.{0, 0} Real (Set.{0} Real) (@Set.instMembership.{0} Real)
                          (@Set.Icc.{0} Real Real.instPreorder
                            (@OfNat.ofNat.{0} Real (nat_lit 0) (@Zero.toOfNat0.{0} Real Real.instZero))
                            (@OfNat.ofNat.{0} Real (nat_lit 1) (@One.toOfNat1.{0} Real Real.instOne)))
                          x)
                      (@UniformSpace.toTopologicalSpace.{0} Real
                        (@PseudoMetricSpace.toUniformSpace.{0} Real Real.pseudoMetricSpace)))
                    (@Subtype.opensMeasurableSpace.{0} Real
                      (@UniformSpace.toTopologicalSpace.{0} Real
                        (@PseudoMetricSpace.toUniformSpace.{0} Real Real.pseudoMetricSpace))
                      Real.measurableSpace
                      (@BorelSpace.opensMeasurable.{0} Real
                        (@UniformSpace.toTopologicalSpace.{0} Real
                          (@PseudoMetricSpace.toUniformSpace.{0} Real Real.pseudoMetricSpace))
                        Real.measurableSpace Real.borelSpace)
                      fun (x : Real) =>
                      @Membership.mem.{0, 0} Real (Set.{0} Real) (@Set.instMembership.{0} Real)
                        (@Set.Icc.{0} Real Real.instPreorder
                          (@OfNat.ofNat.{0} Real (nat_lit 0) (@Zero.toOfNat0.{0} Real Real.instZero))
                          (@OfNat.ofNat.{0} Real (nat_lit 1) (@One.toOfNat1.{0} Real Real.instOne)))
                        x))
                  Real.pseudoMetricSpace)
                (@Luce.FinitePointMeasure.{0}
                  (@Set.Elem.{0} Real
                    (@Set.Icc.{0} Real Real.instPreorder
                      (@OfNat.ofNat.{0} Real (nat_lit 0) (@Zero.toOfNat0.{0} Real Real.instZero))
                      (@OfNat.ofNat.{0} Real (nat_lit 1) (@One.toOfNat1.{0} Real Real.instOne))))
                  (@Subtype.instMeasurableSpace.{0} Real
                    (fun (x : Real) =>
                      @Membership.mem.{0, 0} Real (Set.{0} Real) (@Set.instMembership.{0} Real)
                        (@Set.Icc.{0} Real Real.instPreorder
                          (@OfNat.ofNat.{0} Real (nat_lit 0) (@Zero.toOfNat0.{0} Real Real.instZero))
                          (@OfNat.ofNat.{0} Real (nat_lit 1) (@One.toOfNat1.{0} Real Real.instOne)))
                        x)
                    Real.measurableSpace))
                (fun
                    (x :
                      @Luce.FinitePointMeasure.{0}
                        (@Set.Elem.{0} Real
                          (@Set.Icc.{0} Real Real.instPreorder
                            (@OfNat.ofNat.{0} Real (nat_lit 0) (@Zero.toOfNat0.{0} Real Real.instZero))
                            (@OfNat.ofNat.{0} Real (nat_lit 1) (@One.toOfNat1.{0} Real Real.instOne))))
                        (@Subtype.instMeasurableSpace.{0} Real
                          (fun (x : Real) =>
                            @Membership.mem.{0, 0} Real (Set.{0} Real) (@Set.instMembership.{0} Real)
                              (@Set.Icc.{0} Real Real.instPreorder
                                (@OfNat.ofNat.{0} Real (nat_lit 0) (@Zero.toOfNat0.{0} Real Real.instZero))
                                (@OfNat.ofNat.{0} Real (nat_lit 1) (@One.toOfNat1.{0} Real Real.instOne)))
                              x)
                          Real.measurableSpace)) =>
                  Real)
                (@BoundedContinuousFunction.instFunLike.{0, 0}
                  (@Luce.FinitePointMeasure.{0}
                    (@Set.Elem.{0} Real
                      (@Set.Icc.{0} Real Real.instPreorder
                        (@OfNat.ofNat.{0} Real (nat_lit 0) (@Zero.toOfNat0.{0} Real Real.instZero))
                        (@OfNat.ofNat.{0} Real (nat_lit 1) (@One.toOfNat1.{0} Real Real.instOne))))
                    (@Subtype.instMeasurableSpace.{0} Real
                      (fun (x : Real) =>
                        @Membership.mem.{0, 0} Real (Set.{0} Real) (@Set.instMembership.{0} Real)
                          (@Set.Icc.{0} Real Real.instPreorder
                            (@OfNat.ofNat.{0} Real (nat_lit 0) (@Zero.toOfNat0.{0} Real Real.instZero))
                            (@OfNat.ofNat.{0} Real (nat_lit 1) (@One.toOfNat1.{0} Real Real.instOne)))
                          x)
                      Real.measurableSpace))
                  Real
                  (@Luce.FinitePointMeasure.instTopologicalSpace.{0}
                    (@Set.Elem.{0} Real
                      (@Set.Icc.{0} Real Real.instPreorder
                        (@OfNat.ofNat.{0} Real (nat_lit 0) (@Zero.toOfNat0.{0} Real Real.instZero))
                        (@OfNat.ofNat.{0} Real (nat_lit 1) (@One.toOfNat1.{0} Real Real.instOne))))
                    (@Subtype.instMeasurableSpace.{0} Real
                      (fun (x : Real) =>
                        @Membership.mem.{0, 0} Real (Set.{0} Real) (@Set.instMembership.{0} Real)
                          (@Set.Icc.{0} Real Real.instPreorder
                            (@OfNat.ofNat.{0} Real (nat_lit 0) (@Zero.toOfNat0.{0} Real Real.instZero))
                            (@OfNat.ofNat.{0} Real (nat_lit 1) (@One.toOfNat1.{0} Real Real.instOne)))
                          x)
                      Real.measurableSpace)
                    (@instTopologicalSpaceSubtype.{0} Real
                      (fun (x : Real) =>
                        @Membership.mem.{0, 0} Real (Set.{0} Real) (@Set.instMembership.{0} Real)
                          (@Set.Icc.{0} Real Real.instPreorder
                            (@OfNat.ofNat.{0} Real (nat_lit 0) (@Zero.toOfNat0.{0} Real Real.instZero))
                            (@OfNat.ofNat.{0} Real (nat_lit 1) (@One.toOfNat1.{0} Real Real.instOne)))
                          x)
                      (@UniformSpace.toTopologicalSpace.{0} Real
                        (@PseudoMetricSpace.toUniformSpace.{0} Real Real.pseudoMetricSpace)))
                    (@Subtype.opensMeasurableSpace.{0} Real
                      (@UniformSpace.toTopologicalSpace.{0} Real
                        (@PseudoMetricSpace.toUniformSpace.{0} Real Real.pseudoMetricSpace))
                      Real.measurableSpace
                      (@BorelSpace.opensMeasurable.{0} Real
                        (@UniformSpace.toTopologicalSpace.{0} Real
                          (@PseudoMetricSpace.toUniformSpace.{0} Real Real.pseudoMetricSpace))
                        Real.measurableSpace Real.borelSpace)
                      fun (x : Real) =>
                      @Membership.mem.{0, 0} Real (Set.{0} Real) (@Set.instMembership.{0} Real)
                        (@Set.Icc.{0} Real Real.instPreorder
                          (@OfNat.ofNat.{0} Real (nat_lit 0) (@Zero.toOfNat0.{0} Real Real.instZero))
                          (@OfNat.ofNat.{0} Real (nat_lit 1) (@One.toOfNat1.{0} Real Real.instOne)))
                        x))
                  Real.pseudoMetricSpace)
                F (@Luce.fixedPoints n (π n ω)))
          (@Filter.atTop.{0} Nat Nat.instPreorder)
          (@nhds.{0} Real
            (@UniformSpace.toTopologicalSpace.{0} Real
              (@PseudoMetricSpace.toUniformSpace.{0} Real Real.pseudoMetricSpace))
            (@MeasureTheory.integral.{0, 0}
              (@Luce.FinitePointMeasure.{0}
                (@Set.Elem.{0} Real
                  (@Set.Icc.{0} Real Real.instPreorder
                    (@OfNat.ofNat.{0} Real (nat_lit 0) (@Zero.toOfNat0.{0} Real Real.instZero))
                    (@OfNat.ofNat.{0} Real (nat_lit 1) (@One.toOfNat1.{0} Real Real.instOne))))
                (@Subtype.instMeasurableSpace.{0} Real
                  (fun (x : Real) =>
                    @Membership.mem.{0, 0} Real (Set.{0} Real) (@Set.instMembership.{0} Real)
                      (@Set.Icc.{0} Real Real.instPreorder
                        (@OfNat.ofNat.{0} Real (nat_lit 0) (@Zero.toOfNat0.{0} Real Real.instZero))
                        (@OfNat.ofNat.{0} Real (nat_lit 1) (@One.toOfNat1.{0} Real Real.instOne)))
                      x)
                  Real.measurableSpace))
              Real Real.normedAddCommGroup
              (@InnerProductSpace.toNormedSpace.{0, 0} Real Real Real.instRCLike
                (@NormedAddCommGroup.toSeminormedAddCommGroup.{0} Real Real.normedAddCommGroup)
                (@RCLike.toInnerProductSpaceReal.{0} Real Real.instRCLike))
              (@Luce.FinitePointMeasure.instMeasurableSpace.{0}
                (@Set.Elem.{0} Real
                  (@Set.Icc.{0} Real Real.instPreorder
                    (@OfNat.ofNat.{0} Real (nat_lit 0) (@Zero.toOfNat0.{0} Real Real.instZero))
                    (@OfNat.ofNat.{0} Real (nat_lit 1) (@One.toOfNat1.{0} Real Real.instOne))))
                (@Subtype.instMeasurableSpace.{0} Real
                  (fun (x : Real) =>
                    @Membership.mem.{0, 0} Real (Set.{0} Real) (@Set.instMembership.{0} Real)
                      (@Set.Icc.{0} Real Real.instPreorder
                        (@OfNat.ofNat.{0} Real (nat_lit 0) (@Zero.toOfNat0.{0} Real Real.instZero))
                        (@OfNat.ofNat.{0} Real (nat_lit 1) (@One.toOfNat1.{0} Real Real.instOne)))
                      x)
                  Real.measurableSpace))
              (@Luce.finitePoissonLaw.{0}
                (@Set.Elem.{0} Real
                  (@Set.Icc.{0} Real Real.instPreorder
                    (@OfNat.ofNat.{0} Real (nat_lit 0) (@Zero.toOfNat0.{0} Real Real.instZero))
                    (@OfNat.ofNat.{0} Real (nat_lit 1) (@One.toOfNat1.{0} Real Real.instOne))))
                (@Subtype.instMeasurableSpace.{0} Real
                  (fun (x : Real) =>
                    @Membership.mem.{0, 0} Real (Set.{0} Real) (@Set.instMembership.{0} Real)
                      (@Set.Icc.{0} Real Real.instPreorder
                        (@OfNat.ofNat.{0} Real (nat_lit 0) (@Zero.toOfNat0.{0} Real Real.instZero))
                        (@OfNat.ofNat.{0} Real (nat_lit 1) (@One.toOfNat1.{0} Real Real.instOne)))
                      x)
                  Real.measurableSpace)
                (Luce.fullIntensity w f hnorm hf hend))
              fun
                (ξ :
                  @Luce.FinitePointMeasure.{0}
                    (@Set.Elem.{0} Real
                      (@Set.Icc.{0} Real Real.instPreorder
                        (@OfNat.ofNat.{0} Real (nat_lit 0) (@Zero.toOfNat0.{0} Real Real.instZero))
                        (@OfNat.ofNat.{0} Real (nat_lit 1) (@One.toOfNat1.{0} Real Real.instOne))))
                    (@Subtype.instMeasurableSpace.{0} Real
                      (fun (x : Real) =>
                        @Membership.mem.{0, 0} Real (Set.{0} Real) (@Set.instMembership.{0} Real)
                          (@Set.Icc.{0} Real Real.instPreorder
                            (@OfNat.ofNat.{0} Real (nat_lit 0) (@Zero.toOfNat0.{0} Real Real.instZero))
                            (@OfNat.ofNat.{0} Real (nat_lit 1) (@One.toOfNat1.{0} Real Real.instOne)))
                          x)
                      Real.measurableSpace)) =>
              @DFunLike.coe.{1, 1, 1}
                (@BoundedContinuousFunction.{0, 0}
                  (@Luce.FinitePointMeasure.{0}
                    (@Set.Elem.{0} Real
                      (@Set.Icc.{0} Real Real.instPreorder
                        (@OfNat.ofNat.{0} Real (nat_lit 0) (@Zero.toOfNat0.{0} Real Real.instZero))
                        (@OfNat.ofNat.{0} Real (nat_lit 1) (@One.toOfNat1.{0} Real Real.instOne))))
                    (@Subtype.instMeasurableSpace.{0} Real
                      (fun (x : Real) =>
                        @Membership.mem.{0, 0} Real (Set.{0} Real) (@Set.instMembership.{0} Real)
                          (@Set.Icc.{0} Real Real.instPreorder
                            (@OfNat.ofNat.{0} Real (nat_lit 0) (@Zero.toOfNat0.{0} Real Real.instZero))
                            (@OfNat.ofNat.{0} Real (nat_lit 1) (@One.toOfNat1.{0} Real Real.instOne)))
                          x)
                      Real.measurableSpace))
                  Real
                  (@Luce.FinitePointMeasure.instTopologicalSpace.{0}
                    (@Set.Elem.{0} Real
                      (@Set.Icc.{0} Real Real.instPreorder
                        (@OfNat.ofNat.{0} Real (nat_lit 0) (@Zero.toOfNat0.{0} Real Real.instZero))
                        (@OfNat.ofNat.{0} Real (nat_lit 1) (@One.toOfNat1.{0} Real Real.instOne))))
                    (@Subtype.instMeasurableSpace.{0} Real
                      (fun (x : Real) =>
                        @Membership.mem.{0, 0} Real (Set.{0} Real) (@Set.instMembership.{0} Real)
                          (@Set.Icc.{0} Real Real.instPreorder
                            (@OfNat.ofNat.{0} Real (nat_lit 0) (@Zero.toOfNat0.{0} Real Real.instZero))
                            (@OfNat.ofNat.{0} Real (nat_lit 1) (@One.toOfNat1.{0} Real Real.instOne)))
                          x)
                      Real.measurableSpace)
                    (@instTopologicalSpaceSubtype.{0} Real
                      (fun (x : Real) =>
                        @Membership.mem.{0, 0} Real (Set.{0} Real) (@Set.instMembership.{0} Real)
                          (@Set.Icc.{0} Real Real.instPreorder
                            (@OfNat.ofNat.{0} Real (nat_lit 0) (@Zero.toOfNat0.{0} Real Real.instZero))
                            (@OfNat.ofNat.{0} Real (nat_lit 1) (@One.toOfNat1.{0} Real Real.instOne)))
                          x)
                      (@UniformSpace.toTopologicalSpace.{0} Real
                        (@PseudoMetricSpace.toUniformSpace.{0} Real Real.pseudoMetricSpace)))
                    (@Subtype.opensMeasurableSpace.{0} Real
                      (@UniformSpace.toTopologicalSpace.{0} Real
                        (@PseudoMetricSpace.toUniformSpace.{0} Real Real.pseudoMetricSpace))
                      Real.measurableSpace
                      (@BorelSpace.opensMeasurable.{0} Real
                        (@UniformSpace.toTopologicalSpace.{0} Real
                          (@PseudoMetricSpace.toUniformSpace.{0} Real Real.pseudoMetricSpace))
                        Real.measurableSpace Real.borelSpace)
                      fun (x : Real) =>
                      @Membership.mem.{0, 0} Real (Set.{0} Real) (@Set.instMembership.{0} Real)
                        (@Set.Icc.{0} Real Real.instPreorder
                          (@OfNat.ofNat.{0} Real (nat_lit 0) (@Zero.toOfNat0.{0} Real Real.instZero))
                          (@OfNat.ofNat.{0} Real (nat_lit 1) (@One.toOfNat1.{0} Real Real.instOne)))
                        x))
                  Real.pseudoMetricSpace)
                (@Luce.FinitePointMeasure.{0}
                  (@Set.Elem.{0} Real
                    (@Set.Icc.{0} Real Real.instPreorder
                      (@OfNat.ofNat.{0} Real (nat_lit 0) (@Zero.toOfNat0.{0} Real Real.instZero))
                      (@OfNat.ofNat.{0} Real (nat_lit 1) (@One.toOfNat1.{0} Real Real.instOne))))
                  (@Subtype.instMeasurableSpace.{0} Real
                    (fun (x : Real) =>
                      @Membership.mem.{0, 0} Real (Set.{0} Real) (@Set.instMembership.{0} Real)
                        (@Set.Icc.{0} Real Real.instPreorder
                          (@OfNat.ofNat.{0} Real (nat_lit 0) (@Zero.toOfNat0.{0} Real Real.instZero))
                          (@OfNat.ofNat.{0} Real (nat_lit 1) (@One.toOfNat1.{0} Real Real.instOne)))
                        x)
                    Real.measurableSpace))
                (fun
                    (x :
                      @Luce.FinitePointMeasure.{0}
                        (@Set.Elem.{0} Real
                          (@Set.Icc.{0} Real Real.instPreorder
                            (@OfNat.ofNat.{0} Real (nat_lit 0) (@Zero.toOfNat0.{0} Real Real.instZero))
                            (@OfNat.ofNat.{0} Real (nat_lit 1) (@One.toOfNat1.{0} Real Real.instOne))))
                        (@Subtype.instMeasurableSpace.{0} Real
                          (fun (x : Real) =>
                            @Membership.mem.{0, 0} Real (Set.{0} Real) (@Set.instMembership.{0} Real)
                              (@Set.Icc.{0} Real Real.instPreorder
                                (@OfNat.ofNat.{0} Real (nat_lit 0) (@Zero.toOfNat0.{0} Real Real.instZero))
                                (@OfNat.ofNat.{0} Real (nat_lit 1) (@One.toOfNat1.{0} Real Real.instOne)))
                              x)
                          Real.measurableSpace)) =>
                  Real)
                (@BoundedContinuousFunction.instFunLike.{0, 0}
                  (@Luce.FinitePointMeasure.{0}
                    (@Set.Elem.{0} Real
                      (@Set.Icc.{0} Real Real.instPreorder
                        (@OfNat.ofNat.{0} Real (nat_lit 0) (@Zero.toOfNat0.{0} Real Real.instZero))
                        (@OfNat.ofNat.{0} Real (nat_lit 1) (@One.toOfNat1.{0} Real Real.instOne))))
                    (@Subtype.instMeasurableSpace.{0} Real
                      (fun (x : Real) =>
                        @Membership.mem.{0, 0} Real (Set.{0} Real) (@Set.instMembership.{0} Real)
                          (@Set.Icc.{0} Real Real.instPreorder
                            (@OfNat.ofNat.{0} Real (nat_lit 0) (@Zero.toOfNat0.{0} Real Real.instZero))
                            (@OfNat.ofNat.{0} Real (nat_lit 1) (@One.toOfNat1.{0} Real Real.instOne)))
                          x)
                      Real.measurableSpace))
                  Real
                  (@Luce.FinitePointMeasure.instTopologicalSpace.{0}
                    (@Set.Elem.{0} Real
                      (@Set.Icc.{0} Real Real.instPreorder
                        (@OfNat.ofNat.{0} Real (nat_lit 0) (@Zero.toOfNat0.{0} Real Real.instZero))
                        (@OfNat.ofNat.{0} Real (nat_lit 1) (@One.toOfNat1.{0} Real Real.instOne))))
                    (@Subtype.instMeasurableSpace.{0} Real
                      (fun (x : Real) =>
                        @Membership.mem.{0, 0} Real (Set.{0} Real) (@Set.instMembership.{0} Real)
                          (@Set.Icc.{0} Real Real.instPreorder
                            (@OfNat.ofNat.{0} Real (nat_lit 0) (@Zero.toOfNat0.{0} Real Real.instZero))
                            (@OfNat.ofNat.{0} Real (nat_lit 1) (@One.toOfNat1.{0} Real Real.instOne)))
                          x)
                      Real.measurableSpace)
                    (@instTopologicalSpaceSubtype.{0} Real
                      (fun (x : Real) =>
                        @Membership.mem.{0, 0} Real (Set.{0} Real) (@Set.instMembership.{0} Real)
                          (@Set.Icc.{0} Real Real.instPreorder
                            (@OfNat.ofNat.{0} Real (nat_lit 0) (@Zero.toOfNat0.{0} Real Real.instZero))
                            (@OfNat.ofNat.{0} Real (nat_lit 1) (@One.toOfNat1.{0} Real Real.instOne)))
                          x)
                      (@UniformSpace.toTopologicalSpace.{0} Real
                        (@PseudoMetricSpace.toUniformSpace.{0} Real Real.pseudoMetricSpace)))
                    (@Subtype.opensMeasurableSpace.{0} Real
                      (@UniformSpace.toTopologicalSpace.{0} Real
                        (@PseudoMetricSpace.toUniformSpace.{0} Real Real.pseudoMetricSpace))
                      Real.measurableSpace
                      (@BorelSpace.opensMeasurable.{0} Real
                        (@UniformSpace.toTopologicalSpace.{0} Real
                          (@PseudoMetricSpace.toUniformSpace.{0} Real Real.pseudoMetricSpace))
                        Real.measurableSpace Real.borelSpace)
                      fun (x : Real) =>
                      @Membership.mem.{0, 0} Real (Set.{0} Real) (@Set.instMembership.{0} Real)
                        (@Set.Icc.{0} Real Real.instPreorder
                          (@OfNat.ofNat.{0} Real (nat_lit 0) (@Zero.toOfNat0.{0} Real Real.instZero))
                          (@OfNat.ofNat.{0} Real (nat_lit 1) (@One.toOfNat1.{0} Real Real.instOne)))
                        x))
                  Real.pseudoMetricSpace)
                F ξ)))
      (@Filter.Tendsto.{0, 0} Nat Real
        (fun (n : Nat) =>
          Luce.probabilityTotalVariation (@Luce.fixedPointCountLaw.{u_1} n (Ω n) (mΩ n) (P n) (inst n) (π n) (hπ n))
            (Luce.poissonProbabilityMeasure
              (Real.toNNReal
                (@MeasureTheory.integral.{0, 0} Real Real Real.normedAddCommGroup
                  (@InnerProductSpace.toNormedSpace.{0, 0} Real Real Real.instRCLike
                    (@NormedAddCommGroup.toSeminormedAddCommGroup.{0} Real Real.normedAddCommGroup)
                    (@RCLike.toInnerProductSpaceReal.{0} Real Real.instRCLike))
                  (@MeasureTheory.MeasureSpace.toMeasurableSpace.{0} Real Real.measureSpace)
                  (@MeasureTheory.Measure.restrict.{0} Real
                    (@MeasureTheory.MeasureSpace.toMeasurableSpace.{0} Real Real.measureSpace)
                    (@MeasureTheory.MeasureSpace.volume.{0} Real Real.measureSpace)
                    (@Set.Ioo.{0} Real Real.instPreorder
                      (@OfNat.ofNat.{0} Real (nat_lit 0) (@Zero.toOfNat0.{0} Real Real.instZero))
                      (@OfNat.ofNat.{0} Real (nat_lit 1) (@One.toOfNat1.{0} Real Real.instOne))))
                  fun (x : Real) => Luce.profileDiagonal f x))))
        (@Filter.atTop.{0} Nat Nat.instPreorder)
        (@nhds.{0} Real
          (@UniformSpace.toTopologicalSpace.{0} Real
            (@PseudoMetricSpace.toUniformSpace.{0} Real Real.pseudoMetricSpace))
          (@OfNat.ofNat.{0} Real (nat_lit 0) (@Zero.toOfNat0.{0} Real Real.instZero))))
      (@Luce.section4_full_poisson_general.{u_1} Ω mΩ P inst w f hnorm hf hend π hπ hMass)
      (@Luce.section4_count_poisson_general.{u_1} Ω mΩ P inst w f hnorm hf hend π hπ hMass))
'Luce.section4_main_poisson_general' depends on axioms: [propext, Classical.choice, Quot.sound]
Luce.Shell.section4_main_poisson_general.{u_1} : ∀ (Ω : Nat → Type u_1) [mΩ : (n : Nat) → MeasurableSpace.{u_1} (Ω n)]
  (P : (n : Nat) → @MeasureTheory.Measure.{u_1} (Ω n) (mΩ n))
  [inst : ∀ (n : Nat), @MeasureTheory.IsProbabilityMeasure.{u_1} (Ω n) (mΩ n) (P n)] (w : Luce.WeightArray)
  (f : Real → Real) (hnorm : Luce.NormalizedWeights w) (hf : Luce.ProfileLimit w f)
  (hend : Luce.EndpointShellAssumption w) (π : (n : Nat) → Ω n → Equiv.Perm.{1} (Fin n))
  (hπ :
    ∀ (n : Nat),
      @Measurable.{u_1, 0} (Ω n) (Equiv.Perm.{1} (Fin n)) (mΩ n)
        (@Top.top.{0} (MeasurableSpace.{0} (Equiv.Perm.{1} (Fin n)))
          (@OrderTop.toTop.{0} (MeasurableSpace.{0} (Equiv.Perm.{1} (Fin n)))
            (@Preorder.toLE.{0} (MeasurableSpace.{0} (Equiv.Perm.{1} (Fin n)))
              (@PartialOrder.toPreorder.{0} (MeasurableSpace.{0} (Equiv.Perm.{1} (Fin n)))
                (@SemilatticeSup.toPartialOrder.{0} (MeasurableSpace.{0} (Equiv.Perm.{1} (Fin n)))
                  (@Lattice.toSemilatticeSup.{0} (MeasurableSpace.{0} (Equiv.Perm.{1} (Fin n)))
                    (@CompleteLattice.toLattice.{0} (MeasurableSpace.{0} (Equiv.Perm.{1} (Fin n)))
                      (@MeasurableSpace.instCompleteLattice.{0} (Equiv.Perm.{1} (Fin n))))))))
            (@BoundedOrder.toOrderTop.{0} (MeasurableSpace.{0} (Equiv.Perm.{1} (Fin n)))
              (@Preorder.toLE.{0} (MeasurableSpace.{0} (Equiv.Perm.{1} (Fin n)))
                (@PartialOrder.toPreorder.{0} (MeasurableSpace.{0} (Equiv.Perm.{1} (Fin n)))
                  (@SemilatticeSup.toPartialOrder.{0} (MeasurableSpace.{0} (Equiv.Perm.{1} (Fin n)))
                    (@Lattice.toSemilatticeSup.{0} (MeasurableSpace.{0} (Equiv.Perm.{1} (Fin n)))
                      (@CompleteLattice.toLattice.{0} (MeasurableSpace.{0} (Equiv.Perm.{1} (Fin n)))
                        (@MeasurableSpace.instCompleteLattice.{0} (Equiv.Perm.{1} (Fin n))))))))
              (@CompleteLattice.toBoundedOrder.{0} (MeasurableSpace.{0} (Equiv.Perm.{1} (Fin n)))
                (@MeasurableSpace.instCompleteLattice.{0} (Equiv.Perm.{1} (Fin n)))))))
        (π n))
  (hMass :
    ∀ (n : Nat) (σ : Equiv.Perm.{1} (Fin n)),
      @Eq.{1} Real
        (@MeasureTheory.Measure.real.{u_1} (Ω n) (mΩ n) (P n)
          (@Set.ofPred.{u_1} (Ω n) fun (ω : Ω n) => @Eq.{1} (Equiv.Perm.{1} (Fin n)) (π n ω) σ))
        (@Luce.Weights.mass n (w n) σ)),
  And
    (@MeasureTheory.Integrable.{0, 0} Real
      (@UniformSpace.toTopologicalSpace.{0} Real (@PseudoMetricSpace.toUniformSpace.{0} Real Real.pseudoMetricSpace))
      (@SeminormedAddGroup.toContinuousENorm.{0} Real
        (@SeminormedAddCommGroup.toSeminormedAddGroup.{0} Real
          (@NonUnitalSeminormedRing.toSeminormedAddCommGroup.{0} Real
            (@NonUnitalSeminormedCommRing.toNonUnitalSeminormedRing.{0} Real
              (@SeminormedCommRing.toNonUnitalSeminormedCommRing.{0} Real
                (@NormedCommRing.toSeminormedCommRing.{0} Real Real.normedCommRing))))))
      Real (@MeasureTheory.MeasureSpace.toMeasurableSpace.{0} Real Real.measureSpace) (Luce.profileDiagonal f)
      (@MeasureTheory.Measure.restrict.{0} Real
        (@MeasureTheory.MeasureSpace.toMeasurableSpace.{0} Real Real.measureSpace)
        (@MeasureTheory.MeasureSpace.volume.{0} Real Real.measureSpace)
        (@Set.Ioo.{0} Real Real.instPreorder (@OfNat.ofNat.{0} Real (nat_lit 0) (@Zero.toOfNat0.{0} Real Real.instZero))
          (@OfNat.ofNat.{0} Real (nat_lit 1) (@One.toOfNat1.{0} Real Real.instOne)))))
    (And
      (∀
        (F :
          @BoundedContinuousFunction.{0, 0}
            (@Luce.FinitePointMeasure.{0}
              (@Set.Elem.{0} Real
                (@Set.Icc.{0} Real Real.instPreorder
                  (@OfNat.ofNat.{0} Real (nat_lit 0) (@Zero.toOfNat0.{0} Real Real.instZero))
                  (@OfNat.ofNat.{0} Real (nat_lit 1) (@One.toOfNat1.{0} Real Real.instOne))))
              (@Subtype.instMeasurableSpace.{0} Real
                (fun (x : Real) =>
                  @Membership.mem.{0, 0} Real (Set.{0} Real) (@Set.instMembership.{0} Real)
                    (@Set.Icc.{0} Real Real.instPreorder
                      (@OfNat.ofNat.{0} Real (nat_lit 0) (@Zero.toOfNat0.{0} Real Real.instZero))
                      (@OfNat.ofNat.{0} Real (nat_lit 1) (@One.toOfNat1.{0} Real Real.instOne)))
                    x)
                Real.measurableSpace))
            Real
            (@Luce.FinitePointMeasure.instTopologicalSpace.{0}
              (@Set.Elem.{0} Real
                (@Set.Icc.{0} Real Real.instPreorder
                  (@OfNat.ofNat.{0} Real (nat_lit 0) (@Zero.toOfNat0.{0} Real Real.instZero))
                  (@OfNat.ofNat.{0} Real (nat_lit 1) (@One.toOfNat1.{0} Real Real.instOne))))
              (@Subtype.instMeasurableSpace.{0} Real
                (fun (x : Real) =>
                  @Membership.mem.{0, 0} Real (Set.{0} Real) (@Set.instMembership.{0} Real)
                    (@Set.Icc.{0} Real Real.instPreorder
                      (@OfNat.ofNat.{0} Real (nat_lit 0) (@Zero.toOfNat0.{0} Real Real.instZero))
                      (@OfNat.ofNat.{0} Real (nat_lit 1) (@One.toOfNat1.{0} Real Real.instOne)))
                    x)
                Real.measurableSpace)
              (@instTopologicalSpaceSubtype.{0} Real
                (fun (x : Real) =>
                  @Membership.mem.{0, 0} Real (Set.{0} Real) (@Set.instMembership.{0} Real)
                    (@Set.Icc.{0} Real Real.instPreorder
                      (@OfNat.ofNat.{0} Real (nat_lit 0) (@Zero.toOfNat0.{0} Real Real.instZero))
                      (@OfNat.ofNat.{0} Real (nat_lit 1) (@One.toOfNat1.{0} Real Real.instOne)))
                    x)
                (@UniformSpace.toTopologicalSpace.{0} Real
                  (@PseudoMetricSpace.toUniformSpace.{0} Real Real.pseudoMetricSpace)))
              (@Subtype.opensMeasurableSpace.{0} Real
                (@UniformSpace.toTopologicalSpace.{0} Real
                  (@PseudoMetricSpace.toUniformSpace.{0} Real Real.pseudoMetricSpace))
                Real.measurableSpace
                (@BorelSpace.opensMeasurable.{0} Real
                  (@UniformSpace.toTopologicalSpace.{0} Real
                    (@PseudoMetricSpace.toUniformSpace.{0} Real Real.pseudoMetricSpace))
                  Real.measurableSpace Real.borelSpace)
                fun (x : Real) =>
                @Membership.mem.{0, 0} Real (Set.{0} Real) (@Set.instMembership.{0} Real)
                  (@Set.Icc.{0} Real Real.instPreorder
                    (@OfNat.ofNat.{0} Real (nat_lit 0) (@Zero.toOfNat0.{0} Real Real.instZero))
                    (@OfNat.ofNat.{0} Real (nat_lit 1) (@One.toOfNat1.{0} Real Real.instOne)))
                  x))
            Real.pseudoMetricSpace),
        @Filter.Tendsto.{0, 0} Nat Real
          (fun (n : Nat) =>
            @MeasureTheory.integral.{u_1, 0} (Ω n) Real Real.normedAddCommGroup
              (@InnerProductSpace.toNormedSpace.{0, 0} Real Real Real.instRCLike
                (@NormedAddCommGroup.toSeminormedAddCommGroup.{0} Real Real.normedAddCommGroup)
                (@RCLike.toInnerProductSpaceReal.{0} Real Real.instRCLike))
              (mΩ n) (P n) fun (ω : Ω n) =>
              @DFunLike.coe.{1, 1, 1}
                (@BoundedContinuousFunction.{0, 0}
                  (@Luce.FinitePointMeasure.{0}
                    (@Set.Elem.{0} Real
                      (@Set.Icc.{0} Real Real.instPreorder
                        (@OfNat.ofNat.{0} Real (nat_lit 0) (@Zero.toOfNat0.{0} Real Real.instZero))
                        (@OfNat.ofNat.{0} Real (nat_lit 1) (@One.toOfNat1.{0} Real Real.instOne))))
                    (@Subtype.instMeasurableSpace.{0} Real
                      (fun (x : Real) =>
                        @Membership.mem.{0, 0} Real (Set.{0} Real) (@Set.instMembership.{0} Real)
                          (@Set.Icc.{0} Real Real.instPreorder
                            (@OfNat.ofNat.{0} Real (nat_lit 0) (@Zero.toOfNat0.{0} Real Real.instZero))
                            (@OfNat.ofNat.{0} Real (nat_lit 1) (@One.toOfNat1.{0} Real Real.instOne)))
                          x)
                      Real.measurableSpace))
                  Real
                  (@Luce.FinitePointMeasure.instTopologicalSpace.{0}
                    (@Set.Elem.{0} Real
                      (@Set.Icc.{0} Real Real.instPreorder
                        (@OfNat.ofNat.{0} Real (nat_lit 0) (@Zero.toOfNat0.{0} Real Real.instZero))
                        (@OfNat.ofNat.{0} Real (nat_lit 1) (@One.toOfNat1.{0} Real Real.instOne))))
                    (@Subtype.instMeasurableSpace.{0} Real
                      (fun (x : Real) =>
                        @Membership.mem.{0, 0} Real (Set.{0} Real) (@Set.instMembership.{0} Real)
                          (@Set.Icc.{0} Real Real.instPreorder
                            (@OfNat.ofNat.{0} Real (nat_lit 0) (@Zero.toOfNat0.{0} Real Real.instZero))
                            (@OfNat.ofNat.{0} Real (nat_lit 1) (@One.toOfNat1.{0} Real Real.instOne)))
                          x)
                      Real.measurableSpace)
                    (@instTopologicalSpaceSubtype.{0} Real
                      (fun (x : Real) =>
                        @Membership.mem.{0, 0} Real (Set.{0} Real) (@Set.instMembership.{0} Real)
                          (@Set.Icc.{0} Real Real.instPreorder
                            (@OfNat.ofNat.{0} Real (nat_lit 0) (@Zero.toOfNat0.{0} Real Real.instZero))
                            (@OfNat.ofNat.{0} Real (nat_lit 1) (@One.toOfNat1.{0} Real Real.instOne)))
                          x)
                      (@UniformSpace.toTopologicalSpace.{0} Real
                        (@PseudoMetricSpace.toUniformSpace.{0} Real Real.pseudoMetricSpace)))
                    (@Subtype.opensMeasurableSpace.{0} Real
                      (@UniformSpace.toTopologicalSpace.{0} Real
                        (@PseudoMetricSpace.toUniformSpace.{0} Real Real.pseudoMetricSpace))
                      Real.measurableSpace
                      (@BorelSpace.opensMeasurable.{0} Real
                        (@UniformSpace.toTopologicalSpace.{0} Real
                          (@PseudoMetricSpace.toUniformSpace.{0} Real Real.pseudoMetricSpace))
                        Real.measurableSpace Real.borelSpace)
                      fun (x : Real) =>
                      @Membership.mem.{0, 0} Real (Set.{0} Real) (@Set.instMembership.{0} Real)
                        (@Set.Icc.{0} Real Real.instPreorder
                          (@OfNat.ofNat.{0} Real (nat_lit 0) (@Zero.toOfNat0.{0} Real Real.instZero))
                          (@OfNat.ofNat.{0} Real (nat_lit 1) (@One.toOfNat1.{0} Real Real.instOne)))
                        x))
                  Real.pseudoMetricSpace)
                (@Luce.FinitePointMeasure.{0}
                  (@Set.Elem.{0} Real
                    (@Set.Icc.{0} Real Real.instPreorder
                      (@OfNat.ofNat.{0} Real (nat_lit 0) (@Zero.toOfNat0.{0} Real Real.instZero))
                      (@OfNat.ofNat.{0} Real (nat_lit 1) (@One.toOfNat1.{0} Real Real.instOne))))
                  (@Subtype.instMeasurableSpace.{0} Real
                    (fun (x : Real) =>
                      @Membership.mem.{0, 0} Real (Set.{0} Real) (@Set.instMembership.{0} Real)
                        (@Set.Icc.{0} Real Real.instPreorder
                          (@OfNat.ofNat.{0} Real (nat_lit 0) (@Zero.toOfNat0.{0} Real Real.instZero))
                          (@OfNat.ofNat.{0} Real (nat_lit 1) (@One.toOfNat1.{0} Real Real.instOne)))
                        x)
                    Real.measurableSpace))
                (fun
                    (x :
                      @Luce.FinitePointMeasure.{0}
                        (@Set.Elem.{0} Real
                          (@Set.Icc.{0} Real Real.instPreorder
                            (@OfNat.ofNat.{0} Real (nat_lit 0) (@Zero.toOfNat0.{0} Real Real.instZero))
                            (@OfNat.ofNat.{0} Real (nat_lit 1) (@One.toOfNat1.{0} Real Real.instOne))))
                        (@Subtype.instMeasurableSpace.{0} Real
                          (fun (x : Real) =>
                            @Membership.mem.{0, 0} Real (Set.{0} Real) (@Set.instMembership.{0} Real)
                              (@Set.Icc.{0} Real Real.instPreorder
                                (@OfNat.ofNat.{0} Real (nat_lit 0) (@Zero.toOfNat0.{0} Real Real.instZero))
                                (@OfNat.ofNat.{0} Real (nat_lit 1) (@One.toOfNat1.{0} Real Real.instOne)))
                              x)
                          Real.measurableSpace)) =>
                  Real)
                (@BoundedContinuousFunction.instFunLike.{0, 0}
                  (@Luce.FinitePointMeasure.{0}
                    (@Set.Elem.{0} Real
                      (@Set.Icc.{0} Real Real.instPreorder
                        (@OfNat.ofNat.{0} Real (nat_lit 0) (@Zero.toOfNat0.{0} Real Real.instZero))
                        (@OfNat.ofNat.{0} Real (nat_lit 1) (@One.toOfNat1.{0} Real Real.instOne))))
                    (@Subtype.instMeasurableSpace.{0} Real
                      (fun (x : Real) =>
                        @Membership.mem.{0, 0} Real (Set.{0} Real) (@Set.instMembership.{0} Real)
                          (@Set.Icc.{0} Real Real.instPreorder
                            (@OfNat.ofNat.{0} Real (nat_lit 0) (@Zero.toOfNat0.{0} Real Real.instZero))
                            (@OfNat.ofNat.{0} Real (nat_lit 1) (@One.toOfNat1.{0} Real Real.instOne)))
                          x)
                      Real.measurableSpace))
                  Real
                  (@Luce.FinitePointMeasure.instTopologicalSpace.{0}
                    (@Set.Elem.{0} Real
                      (@Set.Icc.{0} Real Real.instPreorder
                        (@OfNat.ofNat.{0} Real (nat_lit 0) (@Zero.toOfNat0.{0} Real Real.instZero))
                        (@OfNat.ofNat.{0} Real (nat_lit 1) (@One.toOfNat1.{0} Real Real.instOne))))
                    (@Subtype.instMeasurableSpace.{0} Real
                      (fun (x : Real) =>
                        @Membership.mem.{0, 0} Real (Set.{0} Real) (@Set.instMembership.{0} Real)
                          (@Set.Icc.{0} Real Real.instPreorder
                            (@OfNat.ofNat.{0} Real (nat_lit 0) (@Zero.toOfNat0.{0} Real Real.instZero))
                            (@OfNat.ofNat.{0} Real (nat_lit 1) (@One.toOfNat1.{0} Real Real.instOne)))
                          x)
                      Real.measurableSpace)
                    (@instTopologicalSpaceSubtype.{0} Real
                      (fun (x : Real) =>
                        @Membership.mem.{0, 0} Real (Set.{0} Real) (@Set.instMembership.{0} Real)
                          (@Set.Icc.{0} Real Real.instPreorder
                            (@OfNat.ofNat.{0} Real (nat_lit 0) (@Zero.toOfNat0.{0} Real Real.instZero))
                            (@OfNat.ofNat.{0} Real (nat_lit 1) (@One.toOfNat1.{0} Real Real.instOne)))
                          x)
                      (@UniformSpace.toTopologicalSpace.{0} Real
                        (@PseudoMetricSpace.toUniformSpace.{0} Real Real.pseudoMetricSpace)))
                    (@Subtype.opensMeasurableSpace.{0} Real
                      (@UniformSpace.toTopologicalSpace.{0} Real
                        (@PseudoMetricSpace.toUniformSpace.{0} Real Real.pseudoMetricSpace))
                      Real.measurableSpace
                      (@BorelSpace.opensMeasurable.{0} Real
                        (@UniformSpace.toTopologicalSpace.{0} Real
                          (@PseudoMetricSpace.toUniformSpace.{0} Real Real.pseudoMetricSpace))
                        Real.measurableSpace Real.borelSpace)
                      fun (x : Real) =>
                      @Membership.mem.{0, 0} Real (Set.{0} Real) (@Set.instMembership.{0} Real)
                        (@Set.Icc.{0} Real Real.instPreorder
                          (@OfNat.ofNat.{0} Real (nat_lit 0) (@Zero.toOfNat0.{0} Real Real.instZero))
                          (@OfNat.ofNat.{0} Real (nat_lit 1) (@One.toOfNat1.{0} Real Real.instOne)))
                        x))
                  Real.pseudoMetricSpace)
                F (@Luce.fixedPoints n (π n ω)))
          (@Filter.atTop.{0} Nat Nat.instPreorder)
          (@nhds.{0} Real
            (@UniformSpace.toTopologicalSpace.{0} Real
              (@PseudoMetricSpace.toUniformSpace.{0} Real Real.pseudoMetricSpace))
            (@MeasureTheory.integral.{0, 0}
              (@Luce.FinitePointMeasure.{0}
                (@Set.Elem.{0} Real
                  (@Set.Icc.{0} Real Real.instPreorder
                    (@OfNat.ofNat.{0} Real (nat_lit 0) (@Zero.toOfNat0.{0} Real Real.instZero))
                    (@OfNat.ofNat.{0} Real (nat_lit 1) (@One.toOfNat1.{0} Real Real.instOne))))
                (@Subtype.instMeasurableSpace.{0} Real
                  (fun (x : Real) =>
                    @Membership.mem.{0, 0} Real (Set.{0} Real) (@Set.instMembership.{0} Real)
                      (@Set.Icc.{0} Real Real.instPreorder
                        (@OfNat.ofNat.{0} Real (nat_lit 0) (@Zero.toOfNat0.{0} Real Real.instZero))
                        (@OfNat.ofNat.{0} Real (nat_lit 1) (@One.toOfNat1.{0} Real Real.instOne)))
                      x)
                  Real.measurableSpace))
              Real Real.normedAddCommGroup
              (@InnerProductSpace.toNormedSpace.{0, 0} Real Real Real.instRCLike
                (@NormedAddCommGroup.toSeminormedAddCommGroup.{0} Real Real.normedAddCommGroup)
                (@RCLike.toInnerProductSpaceReal.{0} Real Real.instRCLike))
              (@Luce.FinitePointMeasure.instMeasurableSpace.{0}
                (@Set.Elem.{0} Real
                  (@Set.Icc.{0} Real Real.instPreorder
                    (@OfNat.ofNat.{0} Real (nat_lit 0) (@Zero.toOfNat0.{0} Real Real.instZero))
                    (@OfNat.ofNat.{0} Real (nat_lit 1) (@One.toOfNat1.{0} Real Real.instOne))))
                (@Subtype.instMeasurableSpace.{0} Real
                  (fun (x : Real) =>
                    @Membership.mem.{0, 0} Real (Set.{0} Real) (@Set.instMembership.{0} Real)
                      (@Set.Icc.{0} Real Real.instPreorder
                        (@OfNat.ofNat.{0} Real (nat_lit 0) (@Zero.toOfNat0.{0} Real Real.instZero))
                        (@OfNat.ofNat.{0} Real (nat_lit 1) (@One.toOfNat1.{0} Real Real.instOne)))
                      x)
                  Real.measurableSpace))
              (@Luce.finitePoissonLaw.{0}
                (@Set.Elem.{0} Real
                  (@Set.Icc.{0} Real Real.instPreorder
                    (@OfNat.ofNat.{0} Real (nat_lit 0) (@Zero.toOfNat0.{0} Real Real.instZero))
                    (@OfNat.ofNat.{0} Real (nat_lit 1) (@One.toOfNat1.{0} Real Real.instOne))))
                (@Subtype.instMeasurableSpace.{0} Real
                  (fun (x : Real) =>
                    @Membership.mem.{0, 0} Real (Set.{0} Real) (@Set.instMembership.{0} Real)
                      (@Set.Icc.{0} Real Real.instPreorder
                        (@OfNat.ofNat.{0} Real (nat_lit 0) (@Zero.toOfNat0.{0} Real Real.instZero))
                        (@OfNat.ofNat.{0} Real (nat_lit 1) (@One.toOfNat1.{0} Real Real.instOne)))
                      x)
                  Real.measurableSpace)
                (Luce.Shell.fullIntensity w f hnorm hf hend))
              fun
                (ξ :
                  @Luce.FinitePointMeasure.{0}
                    (@Set.Elem.{0} Real
                      (@Set.Icc.{0} Real Real.instPreorder
                        (@OfNat.ofNat.{0} Real (nat_lit 0) (@Zero.toOfNat0.{0} Real Real.instZero))
                        (@OfNat.ofNat.{0} Real (nat_lit 1) (@One.toOfNat1.{0} Real Real.instOne))))
                    (@Subtype.instMeasurableSpace.{0} Real
                      (fun (x : Real) =>
                        @Membership.mem.{0, 0} Real (Set.{0} Real) (@Set.instMembership.{0} Real)
                          (@Set.Icc.{0} Real Real.instPreorder
                            (@OfNat.ofNat.{0} Real (nat_lit 0) (@Zero.toOfNat0.{0} Real Real.instZero))
                            (@OfNat.ofNat.{0} Real (nat_lit 1) (@One.toOfNat1.{0} Real Real.instOne)))
                          x)
                      Real.measurableSpace)) =>
              @DFunLike.coe.{1, 1, 1}
                (@BoundedContinuousFunction.{0, 0}
                  (@Luce.FinitePointMeasure.{0}
                    (@Set.Elem.{0} Real
                      (@Set.Icc.{0} Real Real.instPreorder
                        (@OfNat.ofNat.{0} Real (nat_lit 0) (@Zero.toOfNat0.{0} Real Real.instZero))
                        (@OfNat.ofNat.{0} Real (nat_lit 1) (@One.toOfNat1.{0} Real Real.instOne))))
                    (@Subtype.instMeasurableSpace.{0} Real
                      (fun (x : Real) =>
                        @Membership.mem.{0, 0} Real (Set.{0} Real) (@Set.instMembership.{0} Real)
                          (@Set.Icc.{0} Real Real.instPreorder
                            (@OfNat.ofNat.{0} Real (nat_lit 0) (@Zero.toOfNat0.{0} Real Real.instZero))
                            (@OfNat.ofNat.{0} Real (nat_lit 1) (@One.toOfNat1.{0} Real Real.instOne)))
                          x)
                      Real.measurableSpace))
                  Real
                  (@Luce.FinitePointMeasure.instTopologicalSpace.{0}
                    (@Set.Elem.{0} Real
                      (@Set.Icc.{0} Real Real.instPreorder
                        (@OfNat.ofNat.{0} Real (nat_lit 0) (@Zero.toOfNat0.{0} Real Real.instZero))
                        (@OfNat.ofNat.{0} Real (nat_lit 1) (@One.toOfNat1.{0} Real Real.instOne))))
                    (@Subtype.instMeasurableSpace.{0} Real
                      (fun (x : Real) =>
                        @Membership.mem.{0, 0} Real (Set.{0} Real) (@Set.instMembership.{0} Real)
                          (@Set.Icc.{0} Real Real.instPreorder
                            (@OfNat.ofNat.{0} Real (nat_lit 0) (@Zero.toOfNat0.{0} Real Real.instZero))
                            (@OfNat.ofNat.{0} Real (nat_lit 1) (@One.toOfNat1.{0} Real Real.instOne)))
                          x)
                      Real.measurableSpace)
                    (@instTopologicalSpaceSubtype.{0} Real
                      (fun (x : Real) =>
                        @Membership.mem.{0, 0} Real (Set.{0} Real) (@Set.instMembership.{0} Real)
                          (@Set.Icc.{0} Real Real.instPreorder
                            (@OfNat.ofNat.{0} Real (nat_lit 0) (@Zero.toOfNat0.{0} Real Real.instZero))
                            (@OfNat.ofNat.{0} Real (nat_lit 1) (@One.toOfNat1.{0} Real Real.instOne)))
                          x)
                      (@UniformSpace.toTopologicalSpace.{0} Real
                        (@PseudoMetricSpace.toUniformSpace.{0} Real Real.pseudoMetricSpace)))
                    (@Subtype.opensMeasurableSpace.{0} Real
                      (@UniformSpace.toTopologicalSpace.{0} Real
                        (@PseudoMetricSpace.toUniformSpace.{0} Real Real.pseudoMetricSpace))
                      Real.measurableSpace
                      (@BorelSpace.opensMeasurable.{0} Real
                        (@UniformSpace.toTopologicalSpace.{0} Real
                          (@PseudoMetricSpace.toUniformSpace.{0} Real Real.pseudoMetricSpace))
                        Real.measurableSpace Real.borelSpace)
                      fun (x : Real) =>
                      @Membership.mem.{0, 0} Real (Set.{0} Real) (@Set.instMembership.{0} Real)
                        (@Set.Icc.{0} Real Real.instPreorder
                          (@OfNat.ofNat.{0} Real (nat_lit 0) (@Zero.toOfNat0.{0} Real Real.instZero))
                          (@OfNat.ofNat.{0} Real (nat_lit 1) (@One.toOfNat1.{0} Real Real.instOne)))
                        x))
                  Real.pseudoMetricSpace)
                (@Luce.FinitePointMeasure.{0}
                  (@Set.Elem.{0} Real
                    (@Set.Icc.{0} Real Real.instPreorder
                      (@OfNat.ofNat.{0} Real (nat_lit 0) (@Zero.toOfNat0.{0} Real Real.instZero))
                      (@OfNat.ofNat.{0} Real (nat_lit 1) (@One.toOfNat1.{0} Real Real.instOne))))
                  (@Subtype.instMeasurableSpace.{0} Real
                    (fun (x : Real) =>
                      @Membership.mem.{0, 0} Real (Set.{0} Real) (@Set.instMembership.{0} Real)
                        (@Set.Icc.{0} Real Real.instPreorder
                          (@OfNat.ofNat.{0} Real (nat_lit 0) (@Zero.toOfNat0.{0} Real Real.instZero))
                          (@OfNat.ofNat.{0} Real (nat_lit 1) (@One.toOfNat1.{0} Real Real.instOne)))
                        x)
                    Real.measurableSpace))
                (fun
                    (x :
                      @Luce.FinitePointMeasure.{0}
                        (@Set.Elem.{0} Real
                          (@Set.Icc.{0} Real Real.instPreorder
                            (@OfNat.ofNat.{0} Real (nat_lit 0) (@Zero.toOfNat0.{0} Real Real.instZero))
                            (@OfNat.ofNat.{0} Real (nat_lit 1) (@One.toOfNat1.{0} Real Real.instOne))))
                        (@Subtype.instMeasurableSpace.{0} Real
                          (fun (x : Real) =>
                            @Membership.mem.{0, 0} Real (Set.{0} Real) (@Set.instMembership.{0} Real)
                              (@Set.Icc.{0} Real Real.instPreorder
                                (@OfNat.ofNat.{0} Real (nat_lit 0) (@Zero.toOfNat0.{0} Real Real.instZero))
                                (@OfNat.ofNat.{0} Real (nat_lit 1) (@One.toOfNat1.{0} Real Real.instOne)))
                              x)
                          Real.measurableSpace)) =>
                  Real)
                (@BoundedContinuousFunction.instFunLike.{0, 0}
                  (@Luce.FinitePointMeasure.{0}
                    (@Set.Elem.{0} Real
                      (@Set.Icc.{0} Real Real.instPreorder
                        (@OfNat.ofNat.{0} Real (nat_lit 0) (@Zero.toOfNat0.{0} Real Real.instZero))
                        (@OfNat.ofNat.{0} Real (nat_lit 1) (@One.toOfNat1.{0} Real Real.instOne))))
                    (@Subtype.instMeasurableSpace.{0} Real
                      (fun (x : Real) =>
                        @Membership.mem.{0, 0} Real (Set.{0} Real) (@Set.instMembership.{0} Real)
                          (@Set.Icc.{0} Real Real.instPreorder
                            (@OfNat.ofNat.{0} Real (nat_lit 0) (@Zero.toOfNat0.{0} Real Real.instZero))
                            (@OfNat.ofNat.{0} Real (nat_lit 1) (@One.toOfNat1.{0} Real Real.instOne)))
                          x)
                      Real.measurableSpace))
                  Real
                  (@Luce.FinitePointMeasure.instTopologicalSpace.{0}
                    (@Set.Elem.{0} Real
                      (@Set.Icc.{0} Real Real.instPreorder
                        (@OfNat.ofNat.{0} Real (nat_lit 0) (@Zero.toOfNat0.{0} Real Real.instZero))
                        (@OfNat.ofNat.{0} Real (nat_lit 1) (@One.toOfNat1.{0} Real Real.instOne))))
                    (@Subtype.instMeasurableSpace.{0} Real
                      (fun (x : Real) =>
                        @Membership.mem.{0, 0} Real (Set.{0} Real) (@Set.instMembership.{0} Real)
                          (@Set.Icc.{0} Real Real.instPreorder
                            (@OfNat.ofNat.{0} Real (nat_lit 0) (@Zero.toOfNat0.{0} Real Real.instZero))
                            (@OfNat.ofNat.{0} Real (nat_lit 1) (@One.toOfNat1.{0} Real Real.instOne)))
                          x)
                      Real.measurableSpace)
                    (@instTopologicalSpaceSubtype.{0} Real
                      (fun (x : Real) =>
                        @Membership.mem.{0, 0} Real (Set.{0} Real) (@Set.instMembership.{0} Real)
                          (@Set.Icc.{0} Real Real.instPreorder
                            (@OfNat.ofNat.{0} Real (nat_lit 0) (@Zero.toOfNat0.{0} Real Real.instZero))
                            (@OfNat.ofNat.{0} Real (nat_lit 1) (@One.toOfNat1.{0} Real Real.instOne)))
                          x)
                      (@UniformSpace.toTopologicalSpace.{0} Real
                        (@PseudoMetricSpace.toUniformSpace.{0} Real Real.pseudoMetricSpace)))
                    (@Subtype.opensMeasurableSpace.{0} Real
                      (@UniformSpace.toTopologicalSpace.{0} Real
                        (@PseudoMetricSpace.toUniformSpace.{0} Real Real.pseudoMetricSpace))
                      Real.measurableSpace
                      (@BorelSpace.opensMeasurable.{0} Real
                        (@UniformSpace.toTopologicalSpace.{0} Real
                          (@PseudoMetricSpace.toUniformSpace.{0} Real Real.pseudoMetricSpace))
                        Real.measurableSpace Real.borelSpace)
                      fun (x : Real) =>
                      @Membership.mem.{0, 0} Real (Set.{0} Real) (@Set.instMembership.{0} Real)
                        (@Set.Icc.{0} Real Real.instPreorder
                          (@OfNat.ofNat.{0} Real (nat_lit 0) (@Zero.toOfNat0.{0} Real Real.instZero))
                          (@OfNat.ofNat.{0} Real (nat_lit 1) (@One.toOfNat1.{0} Real Real.instOne)))
                        x))
                  Real.pseudoMetricSpace)
                F ξ)))
      (@Filter.Tendsto.{0, 0} Nat Real
        (fun (n : Nat) =>
          Luce.probabilityTotalVariation (@Luce.fixedPointCountLaw.{u_1} n (Ω n) (mΩ n) (P n) (inst n) (π n) (hπ n))
            (Luce.poissonProbabilityMeasure
              (Real.toNNReal
                (@MeasureTheory.integral.{0, 0} Real Real Real.normedAddCommGroup
                  (@InnerProductSpace.toNormedSpace.{0, 0} Real Real Real.instRCLike
                    (@NormedAddCommGroup.toSeminormedAddCommGroup.{0} Real Real.normedAddCommGroup)
                    (@RCLike.toInnerProductSpaceReal.{0} Real Real.instRCLike))
                  (@MeasureTheory.MeasureSpace.toMeasurableSpace.{0} Real Real.measureSpace)
                  (@MeasureTheory.Measure.restrict.{0} Real
                    (@MeasureTheory.MeasureSpace.toMeasurableSpace.{0} Real Real.measureSpace)
                    (@MeasureTheory.MeasureSpace.volume.{0} Real Real.measureSpace)
                    (@Set.Ioo.{0} Real Real.instPreorder
                      (@OfNat.ofNat.{0} Real (nat_lit 0) (@Zero.toOfNat0.{0} Real Real.instZero))
                      (@OfNat.ofNat.{0} Real (nat_lit 1) (@One.toOfNat1.{0} Real Real.instOne))))
                  fun (x : Real) => Luce.profileDiagonal f x))))
        (@Filter.atTop.{0} Nat Nat.instPreorder)
        (@nhds.{0} Real
          (@UniformSpace.toTopologicalSpace.{0} Real
            (@PseudoMetricSpace.toUniformSpace.{0} Real Real.pseudoMetricSpace))
          (@OfNat.ofNat.{0} Real (nat_lit 0) (@Zero.toOfNat0.{0} Real Real.instZero)))))
section4_contractCheck.{u_1} : ShellMigrationContract.section4.{u_1}
theorem section4_contractCheck.{u_1} : ShellMigrationContract.section4 :=
fun Ω mΩ P hP w f hnorm hf hend π hπ hMass =>
  have h := Luce.Shell.section4_main_poisson_general Ω P w f hnorm hf hend π hπ hMass;
  ⟨h.left, Exists.intro (Luce.Shell.fullIntensity w f hnorm hf hend) ⟨rfl, ⟨h.right.left, h.right.right⟩⟩⟩
def Luce.Shell.fullIntensity : (w : Luce.WeightArray) →
  (f : ℝ → ℝ) →
    Luce.NormalizedWeights w →
      Luce.ProfileLimit w f → Luce.EndpointShellAssumption w → MeasureTheory.FiniteMeasure ↑(Set.Icc 0 1) :=
fun w f hnorm hf hend =>
  MeasureTheory.FiniteMeasure.map ⟨Luce.interiorDensityMeasure f 1, ⋯⟩
    (Set.projIcc 0 1 Luce.Shell.fullIntensity._proof_1)
@Luce.EndpointShellAssumption.expectation_tightness : ∀ {w : Luce.WeightArray} (h : Luce.EndpointShellAssumption w)
  (hnorm : Luce.NormalizedWeights w) (η : Real),
  @LT.lt.{0} Real Real.instLT (@OfNat.ofNat.{0} Real (nat_lit 0) (@Zero.toOfNat0.{0} Real Real.instZero)) η →
    @Exists.{1} Real fun (α : Real) =>
      And (@LT.lt.{0} Real Real.instLT (@OfNat.ofNat.{0} Real (nat_lit 0) (@Zero.toOfNat0.{0} Real Real.instZero)) α)
        (And (@LT.lt.{0} Real Real.instLT α (@OfNat.ofNat.{0} Real (nat_lit 1) (@One.toOfNat1.{0} Real Real.instOne)))
          (@Filter.Eventually.{0} Nat
            (fun (n : Nat) =>
              @LT.lt.{0} Real Real.instLT
                (@MeasureTheory.integral.{0, 0} (Fin n → Real) Real Real.normedAddCommGroup
                  (@InnerProductSpace.toNormedSpace.{0, 0} Real Real Real.instRCLike
                    (@NormedAddCommGroup.toSeminormedAddCommGroup.{0} Real Real.normedAddCommGroup)
                    (@RCLike.toInnerProductSpaceReal.{0} Real Real.instRCLike))
                  (@MeasurableSpace.pi.{0, 0} (Fin n) (fun (a : Fin n) => Real) fun (a : Fin n) => Real.measurableSpace)
                  (@Luce.exponentialRace n (w n)) fun (e : Fin n → Real) =>
                  @Nat.cast.{0} Real Real.instNatCast (@Luce.tailFixedPointCount n e α))
                η)
            (@Filter.atTop.{0} Nat Nat.instPreorder)))
@Luce.EndpointShellAssumption.probability_tightness : ∀ {w : Luce.WeightArray} (h : Luce.EndpointShellAssumption w)
  (hnorm : Luce.NormalizedWeights w),
  @Filter.Tendsto.{0, 0} Real Real
    (fun (α : Real) =>
      @Filter.limsup.{0, 0} Real Nat
        (@ConditionallyCompleteLinearOrder.toConditionallyCompleteLattice.{0} Real
          Real.instConditionallyCompleteLinearOrder)
        (fun (n : Nat) =>
          @MeasureTheory.Measure.real.{0} (Fin n → Real)
            (@MeasurableSpace.pi.{0, 0} (Fin n) (fun (a : Fin n) => Real) fun (a : Fin n) => Real.measurableSpace)
            (@Luce.exponentialRace n (w n))
            (@Set.ofPred.{0} (Fin n → Real) fun (e : Fin n → Real) =>
              @LT.lt.{0} Nat instLTNat (@OfNat.ofNat.{0} Nat (nat_lit 0) (instOfNatNat (nat_lit 0)))
                (@Luce.tailFixedPointCount n e α)))
        (@Filter.atTop.{0} Nat Nat.instPreorder))
    (@nhdsWithin.{0} Real
      (@UniformSpace.toTopologicalSpace.{0} Real (@PseudoMetricSpace.toUniformSpace.{0} Real Real.pseudoMetricSpace))
      (@OfNat.ofNat.{0} Real (nat_lit 1) (@One.toOfNat1.{0} Real Real.instOne))
      (@Set.Iio.{0} Real Real.instPreorder (@OfNat.ofNat.{0} Real (nat_lit 1) (@One.toOfNat1.{0} Real Real.instOne))))
    (@nhds.{0} Real
      (@UniformSpace.toTopologicalSpace.{0} Real (@PseudoMetricSpace.toUniformSpace.{0} Real Real.pseudoMetricSpace))
      (@OfNat.ofNat.{0} Real (nat_lit 0) (@Zero.toOfNat0.{0} Real Real.instZero)))
'Luce.shell_survivor_buffer' depends on axioms: [propext, Classical.choice, Quot.sound]
'Luce.shell_early_envelope' depends on axioms: [propext, Classical.choice, Quot.sound]
'Luce.shell_block_expectation_le' depends on axioms: [propext, Classical.choice, Quot.sound]
'Luce.EndpointShellAssumption.expectation_shells' depends on axioms: [propext, Classical.choice, Quot.sound]
'Luce.spatial_tail_expectation_le_shells' depends on axioms: [propext, Classical.choice, Quot.sound]
'Luce.EndpointShellAssumption.expectation_tightness' depends on axioms: [propext, Classical.choice, Quot.sound]
'Luce.EndpointShellAssumption.probability_tightness' depends on axioms: [propext, Classical.choice, Quot.sound]
'Luce.Shell.intensity_test_bound' depends on axioms: [propext, Classical.choice, Quot.sound]
'Luce.Shell.section4_full_intensity_finite' depends on axioms: [propext, Classical.choice, Quot.sound]
'Luce.Shell.section4_profileDiagonal_integrable' depends on axioms: [propext, Classical.choice, Quot.sound]
'Luce.Shell.section4_main_poisson_general' depends on axioms: [propext, Classical.choice, Quot.sound]
'section4_contractCheck' depends on axioms: [propext, Classical.choice, Quot.sound]
'Luce.Shell.fullIntensity_eq_uniform' depends on axioms: [propext, Classical.choice, Quot.sound]
