audit/TailTightness.lean:22:22: warning: Variable name `mΩ` is not explicitly referenced.

Hint: The binding can be removed (if unused) or named `_` (if used implicitly). Alternatively, prefix the name with `_` to silence this warning:
  [apply] _mΩ

Note: This linter can be disabled with `set_option linter.unusedVariables false`
audit/TailTightness.lean:23:30: warning: Variable name `hP` is not explicitly referenced.

Hint: The binding can be removed (if unused) or named `_` (if used implicitly). Alternatively, prefix the name with `_` to silence this warning:
  [apply] _hP

Note: This linter can be disabled with `set_option linter.unusedVariables false`
theorem Luce.Section4LockedAudit.approved_statement.{u} : TailTightnessStatement :=
tail_fixed_point_tightness
'Luce.Section4LockedAudit.approved_statement' depends on axioms: [propext, Classical.choice, Quot.sound]
'Luce.Section4LockedAudit.approved_count' depends on axioms: [propext, Classical.choice, Quot.sound]
def Luce.tailFixedPointCount : {n : ℕ} → (Fin n → ℝ) → ℝ → ℕ :=
fun {n} e α => {k | α * ↑n < ↑↑k + 1 ∧ Luce.rankOf e k = ↑k + 1}.card
theorem Luce.measurable_tailFixedPointCount : ∀ {n : ℕ} (α : ℝ), Measurable fun e => Luce.tailFixedPointCount e α :=
fun {n} α =>
  Eq.mpr
    (id
      (congrArg Measurable
        (funext fun e => Finset.card_filter (fun i => α * ↑n < ↑↑i + 1 ∧ Luce.rankOf e i = ↑i + 1) Finset.univ)))
    (Finset.measurable_sum Finset.univ fun k a =>
      have hspatial :=
        if h : α * ↑n < ↑↑k + 1 then
          of_eq_true
            (Eq.trans (congrArg MeasurableSet (congrArg Set.ofPred (funext fun e => eq_true h)))
              MeasurableSet.univ._simp_1)
        else
          of_eq_true
            (Eq.trans (congrArg MeasurableSet (congrArg Set.ofPred (funext fun e => eq_false h)))
              MeasurableSet.empty._simp_1);
      Measurable.ite (MeasurableSet.inter hspatial (Luce.measurable_rankOf k (measurableSet_singleton (↑k + 1))))
        measurable_const measurable_const)
theorem Luce.tailFixedPointCount_le : ∀ {n : ℕ} (e : Fin n → ℝ) (α : ℝ), Luce.tailFixedPointCount e α ≤ n :=
fun {n} e α =>
  LE.le.trans_eq (Finset.card_filter_le Finset.univ fun k => α * ↑n < ↑↑k + 1 ∧ Luce.rankOf e k = ↑k + 1)
    (of_eq_true (Eq.trans (congrFun' (congrArg Eq (Fintype.card_fin n)) n) (eq_self n)))
theorem Luce.integrable_tailFixedPointCount : ∀ {n : ℕ} (w : Luce.Weights n) (α : ℝ),
  Integrable (fun e => ↑(Luce.tailFixedPointCount e α)) (Luce.exponentialRace w) :=
fun {n} w α =>
  Integrable.mono' (integrable_const ↑n)
    (Measurable.aestronglyMeasurable
      (Measurable.comp (measurable_of_countable fun m => ↑m) (Luce.measurable_tailFixedPointCount α)))
    (Eventually.of_forall fun e =>
      Eq.mpr (id (congrFun' (congrArg LE.le (Real.norm_natCast (Luce.tailFixedPointCount e α))) ↑n))
        (Nat.cast_le.mpr (Luce.tailFixedPointCount_le e α)))
theorem Luce.tailFixedPointCount_probability_le_expectation : ∀ {n : ℕ} (w : Luce.Weights n) (α : ℝ),
  (Luce.exponentialRace w).real {e | 0 < Luce.tailFixedPointCount e α} ≤
    ∫ (e : Fin n → ℝ), ↑(Luce.tailFixedPointCount e α) ∂Luce.exponentialRace w :=
fun {n} w α =>
  have h :=
    mul_meas_ge_le_integral_of_nonneg (Eventually.of_forall fun e => Nat.cast_nonneg (Luce.tailFixedPointCount e α))
      (Luce.integrable_tailFixedPointCount w α) 1;
  Eq.mpr
    (id
      (congrFun'
        (congrArg LE.le
          (congrArg (Luce.exponentialRace w).real
            (congrArg Set.ofPred (funext fun e => Luce.tailFixedPointCount_probability_le_expectation._simp_1_3))))
        (∫ (e : Fin n → ℝ), ↑(Luce.tailFixedPointCount e α) ∂Luce.exponentialRace w)))
    (Eq.mp
      (congrFun'
        (congrArg LE.le
          (Eq.trans
            (congrArg (HMul.hMul 1)
              (congrArg (Luce.exponentialRace w).real
                (congrArg Set.ofPred
                  (funext fun x =>
                    Eq.trans Luce.tailFixedPointCount_probability_le_expectation._simp_1_1
                      Luce.tailFixedPointCount_probability_le_expectation._simp_1_2))))
            (one_mul ((Luce.exponentialRace w).real {x | Luce.tailFixedPointCount x α ≠ 0}))))
        (∫ (x : Fin n → ℝ), ↑(Luce.tailFixedPointCount x α) ∂Luce.exponentialRace w))
      h)
theorem Luce.tailFixedPointCount_probability_eq.{u_1} : ∀ {Ω : Type u_1} [inst : MeasurableSpace Ω] (P : Measure Ω)
  [IsProbabilityMeasure P] {n : ℕ} (w : Luce.Weights n) (E : Fin n → Ω → ℝ),
  (∀ (i : Fin n), HasLaw (E i) (expMeasure (w.rate i)) P) →
    iIndepFun E P →
      ∀ (α : ℝ),
        P.real {ω | 0 < Luce.tailFixedPointCount (fun i => E i ω) α} =
          (Luce.exponentialRace w).real {e | 0 < Luce.tailFixedPointCount e α} :=
fun {Ω} [MeasurableSpace Ω] P [IsProbabilityMeasure P] {n} w E hLaw hIndependent α =>
  have hJoint := iIndepFun.hasLaw_pi hLaw hIndependent;
  HasLaw.measureReal_eq hJoint (measurableSet_lt measurable_const (Luce.measurable_tailFixedPointCount α))
theorem Luce.rankOf_eq_raceRank_for_tail : ∀ {n : ℕ} (e : Fin n → ℝ) (k : Fin n), Luce.rankOf e k = Luce.raceRank e k :=
fun {n} e k =>
  Eq.mpr
    (id
      (congrFun'
        (congrArg Eq
          (congrArg (HAdd.hAdd 1) (congrArg Finset.card (Finset.filter_erase (fun j => e j < e k) k Finset.univ))))
        (1 + {j | e j < e k}.card)))
    (Eq.mpr
      (id
        (congrArg (fun _a => 1 + _a.card = 1 + {j | e j < e k}.card)
          (Finset.erase_eq_of_notMem
            (of_eq_true
              (Eq.trans
                (congrArg Not
                  (Eq.trans Finset.mem_filter._simp_1
                    (Eq.trans (congr (congrArg And (Finset.mem_univ._simp_1 k)) (lt_self_iff_false._simp_1 (e k)))
                      (and_false True))))
                not_false_eq_true)))))
      (Eq.refl (1 + {j | e j < e k}.card)))
theorem Luce.spatial_tail_iff_terminal_index : ∀ {n : ℕ} (k : Fin (n + 1)) (ε : ℝ),
  (1 - ε) * ↑(n + 1) < ↑↑k + 1 ↔ n + 1 - ↑k ≤ ⌈ε * (↑n + 1)⌉₊ :=
fun {n} k ε =>
  have hkn := Nat.le_of_lt_succ k.isLt;
  Eq.mpr
    (id
      (congrArg (fun _a => (1 - ε) * ↑(n + 1) < ↑↑k + 1 ↔ _a ≤ ⌈ε * (↑n + 1)⌉₊)
        (have this := Decidable.byContradiction fun a => Luce.spatial_tail_iff_terminal_index._proof_1_1 k hkn a;
        this)))
    (Eq.mpr (id (congrArg (fun _a => (1 - ε) * ↑(n + 1) < ↑↑k + 1 ↔ _a) (propext Nat.add_one_le_ceil_iff)))
      (Eq.mpr (id (congrArg (fun _a => (1 - ε) * ↑(n + 1) < ↑↑k + 1 ↔ _a < ε * (↑n + 1)) (Nat.cast_sub hkn)))
        (Eq.mpr
          (id
            (congrFun'
              (congrArg Iff
                (congrFun'
                  (congrArg LT.lt
                    (congrArg (HMul.hMul (1 - ε)) (Eq.trans (Nat.cast_add n 1) (congrArg (HAdd.hAdd ↑n) Nat.cast_one))))
                  (↑↑k + 1)))
              (↑n - ↑↑k < ε * (↑n + 1))))
          {
            mp := fun h =>
              lt_of_not_ge fun a =>
                Mathlib.Tactic.Linarith.lt_irrefl
                  (Eq.mp
                    (congrArg (fun _a => _a < 0)
                      (Mathlib.Tactic.Ring.of_eq
                        (Mathlib.Tactic.Ring.Common.add_congr
                          (Mathlib.Tactic.Ring.Common.sub_congr
                            (Mathlib.Tactic.Ring.Common.mul_congr
                              (Mathlib.Tactic.Ring.Common.sub_congr
                                (Mathlib.Tactic.Ring.cast_pos (Mathlib.Meta.NormNum.isNat_ofNat ℝ Nat.cast_one))
                                (Mathlib.Tactic.Ring.Common.atom_pf ε rfl
                                  (Eq.mpr
                                    (id
                                      (congrArg (fun _a => ε ^ Nat.rawCast 1 * Nat.rawCast 1 = ε ^ Nat.rawCast 1 * _a)
                                        (Eq.symm rfl)))
                                    (Eq.refl (ε ^ Nat.rawCast 1 * Nat.rawCast 1))))
                                (Mathlib.Tactic.Ring.Common.sub_pf
                                  (Mathlib.Tactic.Ring.Common.neg_add
                                    (Mathlib.Tactic.Ring.Common.neg_mul ε (Nat.rawCast 1)
                                      (Mathlib.Meta.NormNum.IsInt.to_raw_eq
                                        (Mathlib.Meta.NormNum.isInt_neg (Eq.refl Neg.neg)
                                          (Mathlib.Meta.NormNum.IsNat.to_isInt (Mathlib.Meta.NormNum.IsNat.of_raw ℝ 1))
                                          (Eq.refl (Int.negOfNat 1)))))
                                    Mathlib.Tactic.Ring.Common.neg_zero)
                                  (Mathlib.Tactic.Ring.Common.add_pf_add_lt (Nat.rawCast 1)
                                    (Mathlib.Tactic.Ring.Common.add_pf_zero_add
                                      (ε ^ Nat.rawCast 1 * (Int.negOfNat 1).rawCast + 0)))))
                              (Mathlib.Tactic.Ring.Common.add_congr
                                (Mathlib.Tactic.Ring.Common.atom_pf (↑n) rfl
                                  (Eq.mpr
                                    (id
                                      (congrArg (fun _a => ↑n ^ Nat.rawCast 1 * Nat.rawCast 1 = ↑n ^ Nat.rawCast 1 * _a)
                                        (Eq.symm rfl)))
                                    (Eq.refl (↑n ^ Nat.rawCast 1 * Nat.rawCast 1))))
                                (Mathlib.Tactic.Ring.cast_pos (Mathlib.Meta.NormNum.isNat_ofNat ℝ Nat.cast_one))
                                (Mathlib.Tactic.Ring.Common.add_pf_add_gt (Nat.rawCast 1)
                                  (Mathlib.Tactic.Ring.Common.add_pf_add_zero
                                    (↑n ^ Nat.rawCast 1 * Nat.rawCast 1 + 0))))
                              (Mathlib.Tactic.Ring.Common.add_mul
                                (Mathlib.Tactic.Ring.Common.mul_add
                                  (Mathlib.Meta.NormNum.IsNat.to_raw_eq
                                    (Mathlib.Meta.NormNum.isNat_mul (Eq.refl HMul.hMul)
                                      (Mathlib.Meta.NormNum.IsNat.of_raw ℝ 1) (Mathlib.Meta.NormNum.IsNat.of_raw ℝ 1)
                                      (Eq.refl 1)))
                                  (Mathlib.Tactic.Ring.Common.mul_add
                                    (Mathlib.Tactic.Ring.Common.mul_pf_right (↑n) (Nat.rawCast 1)
                                      (Mathlib.Meta.NormNum.IsNat.to_raw_eq
                                        (Mathlib.Meta.NormNum.isNat_mul (Eq.refl HMul.hMul)
                                          (Mathlib.Meta.NormNum.IsNat.of_raw ℝ 1)
                                          (Mathlib.Meta.NormNum.IsNat.of_raw ℝ 1) (Eq.refl 1))))
                                    (Mathlib.Tactic.Ring.Common.mul_zero (Nat.rawCast 1))
                                    (Mathlib.Tactic.Ring.Common.add_pf_add_zero
                                      (↑n ^ Nat.rawCast 1 * Nat.rawCast 1 + 0)))
                                  (Mathlib.Tactic.Ring.Common.add_pf_add_lt (Nat.rawCast 1)
                                    (Mathlib.Tactic.Ring.Common.add_pf_zero_add
                                      (↑n ^ Nat.rawCast 1 * Nat.rawCast 1 + 0))))
                                (Mathlib.Tactic.Ring.Common.add_mul
                                  (Mathlib.Tactic.Ring.Common.mul_add
                                    (Mathlib.Tactic.Ring.Common.mul_pf_left ε (Nat.rawCast 1)
                                      (Mathlib.Meta.NormNum.IsInt.to_raw_eq
                                        (Mathlib.Meta.NormNum.isInt_mul (Eq.refl HMul.hMul)
                                          (Mathlib.Meta.NormNum.IsInt.of_raw ℝ (Int.negOfNat 1))
                                          (Mathlib.Meta.NormNum.IsNat.to_isInt (Mathlib.Meta.NormNum.IsNat.of_raw ℝ 1))
                                          (Eq.refl (Int.negOfNat 1)))))
                                    (Mathlib.Tactic.Ring.Common.mul_add
                                      (Mathlib.Tactic.Ring.Common.mul_pf_left ε (Nat.rawCast 1)
                                        (Mathlib.Tactic.Ring.Common.mul_pf_right (↑n) (Nat.rawCast 1)
                                          (Mathlib.Meta.NormNum.IsInt.to_raw_eq
                                            (Mathlib.Meta.NormNum.isInt_mul (Eq.refl HMul.hMul)
                                              (Mathlib.Meta.NormNum.IsInt.of_raw ℝ (Int.negOfNat 1))
                                              (Mathlib.Meta.NormNum.IsNat.to_isInt
                                                (Mathlib.Meta.NormNum.IsNat.of_raw ℝ 1))
                                              (Eq.refl (Int.negOfNat 1))))))
                                      (Mathlib.Tactic.Ring.Common.mul_zero
                                        (ε ^ Nat.rawCast 1 * (Int.negOfNat 1).rawCast))
                                      (Mathlib.Tactic.Ring.Common.add_pf_add_zero
                                        (ε ^ Nat.rawCast 1 * (↑n ^ Nat.rawCast 1 * (Int.negOfNat 1).rawCast) + 0)))
                                    (Mathlib.Tactic.Ring.Common.add_pf_add_lt
                                      (ε ^ Nat.rawCast 1 * (Int.negOfNat 1).rawCast)
                                      (Mathlib.Tactic.Ring.Common.add_pf_zero_add
                                        (ε ^ Nat.rawCast 1 * (↑n ^ Nat.rawCast 1 * (Int.negOfNat 1).rawCast) + 0))))
                                  (Mathlib.Tactic.Ring.Common.zero_mul
                                    (Nat.rawCast 1 + (↑n ^ Nat.rawCast 1 * Nat.rawCast 1 + 0)))
                                  (Mathlib.Tactic.Ring.Common.add_pf_add_zero
                                    (ε ^ Nat.rawCast 1 * (Int.negOfNat 1).rawCast +
                                      (ε ^ Nat.rawCast 1 * (↑n ^ Nat.rawCast 1 * (Int.negOfNat 1).rawCast) + 0))))
                                (Mathlib.Tactic.Ring.Common.add_pf_add_lt (Nat.rawCast 1)
                                  (Mathlib.Tactic.Ring.Common.add_pf_add_gt
                                    (ε ^ Nat.rawCast 1 * (Int.negOfNat 1).rawCast)
                                    (Mathlib.Tactic.Ring.Common.add_pf_add_gt
                                      (ε ^ Nat.rawCast 1 * (↑n ^ Nat.rawCast 1 * (Int.negOfNat 1).rawCast))
                                      (Mathlib.Tactic.Ring.Common.add_pf_add_zero
                                        (↑n ^ Nat.rawCast 1 * Nat.rawCast 1 + 0)))))))
                            (Mathlib.Tactic.Ring.Common.add_congr
                              (Mathlib.Tactic.Ring.Common.atom_pf (↑↑k) rfl
                                (Eq.mpr
                                  (id
                                    (congrArg (fun _a => ↑↑k ^ Nat.rawCast 1 * Nat.rawCast 1 = ↑↑k ^ Nat.rawCast 1 * _a)
                                      (Eq.symm rfl)))
                                  (Eq.refl (↑↑k ^ Nat.rawCast 1 * Nat.rawCast 1))))
                              (Mathlib.Tactic.Ring.cast_pos (Mathlib.Meta.NormNum.isNat_ofNat ℝ Nat.cast_one))
                              (Mathlib.Tactic.Ring.Common.add_pf_add_gt (Nat.rawCast 1)
                                (Mathlib.Tactic.Ring.Common.add_pf_add_zero (↑↑k ^ Nat.rawCast 1 * Nat.rawCast 1 + 0))))
                            (Mathlib.Tactic.Ring.Common.sub_pf
                              (Mathlib.Tactic.Ring.Common.neg_add
                                (Mathlib.Meta.NormNum.IsInt.to_raw_eq
                                  (Mathlib.Meta.NormNum.isInt_neg (Eq.refl Neg.neg)
                                    (Mathlib.Meta.NormNum.IsNat.to_isInt (Mathlib.Meta.NormNum.IsNat.of_raw ℝ 1))
                                    (Eq.refl (Int.negOfNat 1))))
                                (Mathlib.Tactic.Ring.Common.neg_add
                                  (Mathlib.Tactic.Ring.Common.neg_mul (↑↑k) (Nat.rawCast 1)
                                    (Mathlib.Meta.NormNum.IsInt.to_raw_eq
                                      (Mathlib.Meta.NormNum.isInt_neg (Eq.refl Neg.neg)
                                        (Mathlib.Meta.NormNum.IsNat.to_isInt (Mathlib.Meta.NormNum.IsNat.of_raw ℝ 1))
                                        (Eq.refl (Int.negOfNat 1)))))
                                  Mathlib.Tactic.Ring.Common.neg_zero))
                              (Mathlib.Tactic.Ring.Common.add_pf_add_overlap_zero
                                (Mathlib.Meta.NormNum.IsInt.to_isNat
                                  (Mathlib.Meta.NormNum.isInt_add (Eq.refl HAdd.hAdd)
                                    (Mathlib.Meta.NormNum.IsNat.to_isInt (Mathlib.Meta.NormNum.IsNat.of_raw ℝ 1))
                                    (Mathlib.Meta.NormNum.IsInt.of_raw ℝ (Int.negOfNat 1)) (Eq.refl (Int.ofNat 0))))
                                (Mathlib.Tactic.Ring.Common.add_pf_add_lt (ε ^ Nat.rawCast 1 * (Int.negOfNat 1).rawCast)
                                  (Mathlib.Tactic.Ring.Common.add_pf_add_lt
                                    (ε ^ Nat.rawCast 1 * (↑n ^ Nat.rawCast 1 * (Int.negOfNat 1).rawCast))
                                    (Mathlib.Tactic.Ring.Common.add_pf_add_lt (↑n ^ Nat.rawCast 1 * Nat.rawCast 1)
                                      (Mathlib.Tactic.Ring.Common.add_pf_zero_add
                                        (↑↑k ^ Nat.rawCast 1 * (Int.negOfNat 1).rawCast + 0))))))))
                          (Mathlib.Tactic.Ring.Common.sub_congr
                            (Mathlib.Tactic.Ring.Common.mul_congr
                              (Mathlib.Tactic.Ring.Common.atom_pf ε rfl
                                (Eq.mpr
                                  (id
                                    (congrArg (fun _a => ε ^ Nat.rawCast 1 * Nat.rawCast 1 = ε ^ Nat.rawCast 1 * _a)
                                      (Eq.symm rfl)))
                                  (Eq.refl (ε ^ Nat.rawCast 1 * Nat.rawCast 1))))
                              (Mathlib.Tactic.Ring.Common.add_congr
                                (Mathlib.Tactic.Ring.Common.atom_pf (↑n) rfl
                                  (Eq.mpr
                                    (id
                                      (congrArg (fun _a => ↑n ^ Nat.rawCast 1 * Nat.rawCast 1 = ↑n ^ Nat.rawCast 1 * _a)
                                        (Eq.symm rfl)))
                                    (Eq.refl (↑n ^ Nat.rawCast 1 * Nat.rawCast 1))))
                                (Mathlib.Tactic.Ring.cast_pos (Mathlib.Meta.NormNum.isNat_ofNat ℝ Nat.cast_one))
                                (Mathlib.Tactic.Ring.Common.add_pf_add_gt (Nat.rawCast 1)
                                  (Mathlib.Tactic.Ring.Common.add_pf_add_zero
                                    (↑n ^ Nat.rawCast 1 * Nat.rawCast 1 + 0))))
                              (Mathlib.Tactic.Ring.Common.add_mul
                                (Mathlib.Tactic.Ring.Common.mul_add
                                  (Mathlib.Tactic.Ring.Common.mul_pf_left ε (Nat.rawCast 1)
                                    (Mathlib.Meta.NormNum.IsNat.to_raw_eq
                                      (Mathlib.Meta.NormNum.isNat_mul (Eq.refl HMul.hMul)
                                        (Mathlib.Meta.NormNum.IsNat.of_raw ℝ 1) (Mathlib.Meta.NormNum.IsNat.of_raw ℝ 1)
                                        (Eq.refl 1))))
                                  (Mathlib.Tactic.Ring.Common.mul_add
                                    (Mathlib.Tactic.Ring.Common.mul_pf_left ε (Nat.rawCast 1)
                                      (Mathlib.Tactic.Ring.Common.mul_pf_right (↑n) (Nat.rawCast 1)
                                        (Mathlib.Meta.NormNum.IsNat.to_raw_eq
                                          (Mathlib.Meta.NormNum.isNat_mul (Eq.refl HMul.hMul)
                                            (Mathlib.Meta.NormNum.IsNat.of_raw ℝ 1)
                                            (Mathlib.Meta.NormNum.IsNat.of_raw ℝ 1) (Eq.refl 1)))))
                                    (Mathlib.Tactic.Ring.Common.mul_zero (ε ^ Nat.rawCast 1 * Nat.rawCast 1))
                                    (Mathlib.Tactic.Ring.Common.add_pf_add_zero
                                      (ε ^ Nat.rawCast 1 * (↑n ^ Nat.rawCast 1 * Nat.rawCast 1) + 0)))
                                  (Mathlib.Tactic.Ring.Common.add_pf_add_lt (ε ^ Nat.rawCast 1 * Nat.rawCast 1)
                                    (Mathlib.Tactic.Ring.Common.add_pf_zero_add
                                      (ε ^ Nat.rawCast 1 * (↑n ^ Nat.rawCast 1 * Nat.rawCast 1) + 0))))
                                (Mathlib.Tactic.Ring.Common.zero_mul
                                  (Nat.rawCast 1 + (↑n ^ Nat.rawCast 1 * Nat.rawCast 1 + 0)))
                                (Mathlib.Tactic.Ring.Common.add_pf_add_zero
                                  (ε ^ Nat.rawCast 1 * Nat.rawCast 1 +
                                    (ε ^ Nat.rawCast 1 * (↑n ^ Nat.rawCast 1 * Nat.rawCast 1) + 0)))))
                            (Mathlib.Tactic.Ring.Common.sub_congr
                              (Mathlib.Tactic.Ring.Common.atom_pf (↑n) rfl
                                (Eq.mpr
                                  (id
                                    (congrArg (fun _a => ↑n ^ Nat.rawCast 1 * Nat.rawCast 1 = ↑n ^ Nat.rawCast 1 * _a)
                                      (Eq.symm rfl)))
                                  (Eq.refl (↑n ^ Nat.rawCast 1 * Nat.rawCast 1))))
                              (Mathlib.Tactic.Ring.Common.atom_pf (↑↑k) rfl
                                (Eq.mpr
                                  (id
                                    (congrArg (fun _a => ↑↑k ^ Nat.rawCast 1 * Nat.rawCast 1 = ↑↑k ^ Nat.rawCast 1 * _a)
                                      (Eq.symm rfl)))
                                  (Eq.refl (↑↑k ^ Nat.rawCast 1 * Nat.rawCast 1))))
                              (Mathlib.Tactic.Ring.Common.sub_pf
                                (Mathlib.Tactic.Ring.Common.neg_add
                                  (Mathlib.Tactic.Ring.Common.neg_mul (↑↑k) (Nat.rawCast 1)
                                    (Mathlib.Meta.NormNum.IsInt.to_raw_eq
                                      (Mathlib.Meta.NormNum.isInt_neg (Eq.refl Neg.neg)
                                        (Mathlib.Meta.NormNum.IsNat.to_isInt (Mathlib.Meta.NormNum.IsNat.of_raw ℝ 1))
                                        (Eq.refl (Int.negOfNat 1)))))
                                  Mathlib.Tactic.Ring.Common.neg_zero)
                                (Mathlib.Tactic.Ring.Common.add_pf_add_lt (↑n ^ Nat.rawCast 1 * Nat.rawCast 1)
                                  (Mathlib.Tactic.Ring.Common.add_pf_zero_add
                                    (↑↑k ^ Nat.rawCast 1 * (Int.negOfNat 1).rawCast + 0)))))
                            (Mathlib.Tactic.Ring.Common.sub_pf
                              (Mathlib.Tactic.Ring.Common.neg_add
                                (Mathlib.Tactic.Ring.Common.neg_mul (↑n) (Nat.rawCast 1)
                                  (Mathlib.Meta.NormNum.IsInt.to_raw_eq
                                    (Mathlib.Meta.NormNum.isInt_neg (Eq.refl Neg.neg)
                                      (Mathlib.Meta.NormNum.IsNat.to_isInt (Mathlib.Meta.NormNum.IsNat.of_raw ℝ 1))
                                      (Eq.refl (Int.negOfNat 1)))))
                                (Mathlib.Tactic.Ring.Common.neg_add
                                  (Mathlib.Tactic.Ring.Common.neg_mul (↑↑k) (Nat.rawCast 1)
                                    (Mathlib.Meta.NormNum.IsNat.to_raw_eq
                                      (Mathlib.Meta.NormNum.IsInt.to_isNat
                                        (Mathlib.Meta.NormNum.isInt_neg (Eq.refl Neg.neg)
                                          (Mathlib.Meta.NormNum.IsInt.of_raw ℝ (Int.negOfNat 1))
                                          (Eq.refl (Int.ofNat 1))))))
                                  Mathlib.Tactic.Ring.Common.neg_zero))
                              (Mathlib.Tactic.Ring.Common.add_pf_add_lt (ε ^ Nat.rawCast 1 * Nat.rawCast 1)
                                (Mathlib.Tactic.Ring.Common.add_pf_add_lt
                                  (ε ^ Nat.rawCast 1 * (↑n ^ Nat.rawCast 1 * Nat.rawCast 1))
                                  (Mathlib.Tactic.Ring.Common.add_pf_zero_add
                                    (↑n ^ Nat.rawCast 1 * (Int.negOfNat 1).rawCast +
                                      (↑↑k ^ Nat.rawCast 1 * Nat.rawCast 1 + 0)))))))
                          (Mathlib.Tactic.Ring.Common.add_pf_add_overlap_zero
                            (Mathlib.Tactic.Ring.Common.add_overlap_pf_zero ε (Nat.rawCast 1)
                              (Mathlib.Meta.NormNum.IsInt.to_isNat
                                (Mathlib.Meta.NormNum.isInt_add (Eq.refl HAdd.hAdd)
                                  (Mathlib.Meta.NormNum.IsInt.of_raw ℝ (Int.negOfNat 1))
                                  (Mathlib.Meta.NormNum.IsNat.to_isInt (Mathlib.Meta.NormNum.IsNat.of_raw ℝ 1))
                                  (Eq.refl (Int.ofNat 0)))))
                            (Mathlib.Tactic.Ring.Common.add_pf_add_overlap_zero
                              (Mathlib.Tactic.Ring.Common.add_overlap_pf_zero ε (Nat.rawCast 1)
                                (Mathlib.Tactic.Ring.Common.add_overlap_pf_zero (↑n) (Nat.rawCast 1)
                                  (Mathlib.Meta.NormNum.IsInt.to_isNat
                                    (Mathlib.Meta.NormNum.isInt_add (Eq.refl HAdd.hAdd)
                                      (Mathlib.Meta.NormNum.IsInt.of_raw ℝ (Int.negOfNat 1))
                                      (Mathlib.Meta.NormNum.IsNat.to_isInt (Mathlib.Meta.NormNum.IsNat.of_raw ℝ 1))
                                      (Eq.refl (Int.ofNat 0))))))
                              (Mathlib.Tactic.Ring.Common.add_pf_add_overlap_zero
                                (Mathlib.Tactic.Ring.Common.add_overlap_pf_zero (↑n) (Nat.rawCast 1)
                                  (Mathlib.Meta.NormNum.IsInt.to_isNat
                                    (Mathlib.Meta.NormNum.isInt_add (Eq.refl HAdd.hAdd)
                                      (Mathlib.Meta.NormNum.IsNat.to_isInt (Mathlib.Meta.NormNum.IsNat.of_raw ℝ 1))
                                      (Mathlib.Meta.NormNum.IsInt.of_raw ℝ (Int.negOfNat 1)) (Eq.refl (Int.ofNat 0)))))
                                (Mathlib.Tactic.Ring.Common.add_pf_add_overlap_zero
                                  (Mathlib.Tactic.Ring.Common.add_overlap_pf_zero (↑↑k) (Nat.rawCast 1)
                                    (Mathlib.Meta.NormNum.IsInt.to_isNat
                                      (Mathlib.Meta.NormNum.isInt_add (Eq.refl HAdd.hAdd)
                                        (Mathlib.Meta.NormNum.IsInt.of_raw ℝ (Int.negOfNat 1))
                                        (Mathlib.Meta.NormNum.IsNat.to_isInt (Mathlib.Meta.NormNum.IsNat.of_raw ℝ 1))
                                        (Eq.refl (Int.ofNat 0)))))
                                  (Mathlib.Tactic.Ring.Common.add_pf_zero_add 0))))))
                        (Mathlib.Tactic.Ring.cast_zero (Mathlib.Meta.NormNum.isNat_ofNat ℝ Nat.cast_zero))))
                    (Mathlib.Tactic.Linarith.add_lt_of_neg_of_le (Mathlib.Tactic.Linarith.sub_neg_of_lt h)
                      (Mathlib.Tactic.Linarith.sub_nonpos_of_le a))),
            mpr := fun h =>
              lt_of_not_ge fun a =>
                Mathlib.Tactic.Linarith.lt_irrefl
                  (Eq.mp
                    (congrArg (fun _a => _a < 0)
                      (Mathlib.Tactic.Ring.of_eq
                        (Mathlib.Tactic.Ring.Common.add_congr
                          (Mathlib.Tactic.Ring.Common.sub_congr
                            (Mathlib.Tactic.Ring.Common.sub_congr
                              (Mathlib.Tactic.Ring.Common.atom_pf (↑n) rfl
                                (Eq.mpr
                                  (id
                                    (congrArg (fun _a => ↑n ^ Nat.rawCast 1 * Nat.rawCast 1 = ↑n ^ Nat.rawCast 1 * _a)
                                      (Eq.symm rfl)))
                                  (Eq.refl (↑n ^ Nat.rawCast 1 * Nat.rawCast 1))))
                              (Mathlib.Tactic.Ring.Common.atom_pf (↑↑k) rfl
                                (Eq.mpr
                                  (id
                                    (congrArg (fun _a => ↑↑k ^ Nat.rawCast 1 * Nat.rawCast 1 = ↑↑k ^ Nat.rawCast 1 * _a)
                                      (Eq.symm rfl)))
                                  (Eq.refl (↑↑k ^ Nat.rawCast 1 * Nat.rawCast 1))))
                              (Mathlib.Tactic.Ring.Common.sub_pf
                                (Mathlib.Tactic.Ring.Common.neg_add
                                  (Mathlib.Tactic.Ring.Common.neg_mul (↑↑k) (Nat.rawCast 1)
                                    (Mathlib.Meta.NormNum.IsInt.to_raw_eq
                                      (Mathlib.Meta.NormNum.isInt_neg (Eq.refl Neg.neg)
                                        (Mathlib.Meta.NormNum.IsNat.to_isInt (Mathlib.Meta.NormNum.IsNat.of_raw ℝ 1))
                                        (Eq.refl (Int.negOfNat 1)))))
                                  Mathlib.Tactic.Ring.Common.neg_zero)
                                (Mathlib.Tactic.Ring.Common.add_pf_add_lt (↑n ^ Nat.rawCast 1 * Nat.rawCast 1)
                                  (Mathlib.Tactic.Ring.Common.add_pf_zero_add
                                    (↑↑k ^ Nat.rawCast 1 * (Int.negOfNat 1).rawCast + 0)))))
                            (Mathlib.Tactic.Ring.Common.mul_congr
                              (Mathlib.Tactic.Ring.Common.atom_pf ε rfl
                                (Eq.mpr
                                  (id
                                    (congrArg (fun _a => ε ^ Nat.rawCast 1 * Nat.rawCast 1 = ε ^ Nat.rawCast 1 * _a)
                                      (Eq.symm rfl)))
                                  (Eq.refl (ε ^ Nat.rawCast 1 * Nat.rawCast 1))))
                              (Mathlib.Tactic.Ring.Common.add_congr
                                (Mathlib.Tactic.Ring.Common.atom_pf (↑n) rfl
                                  (Eq.mpr
                                    (id
                                      (congrArg (fun _a => ↑n ^ Nat.rawCast 1 * Nat.rawCast 1 = ↑n ^ Nat.rawCast 1 * _a)
                                        (Eq.symm rfl)))
                                    (Eq.refl (↑n ^ Nat.rawCast 1 * Nat.rawCast 1))))
                                (Mathlib.Tactic.Ring.cast_pos (Mathlib.Meta.NormNum.isNat_ofNat ℝ Nat.cast_one))
                                (Mathlib.Tactic.Ring.Common.add_pf_add_gt (Nat.rawCast 1)
                                  (Mathlib.Tactic.Ring.Common.add_pf_add_zero
                                    (↑n ^ Nat.rawCast 1 * Nat.rawCast 1 + 0))))
                              (Mathlib.Tactic.Ring.Common.add_mul
                                (Mathlib.Tactic.Ring.Common.mul_add
                                  (Mathlib.Tactic.Ring.Common.mul_pf_left ε (Nat.rawCast 1)
                                    (Mathlib.Meta.NormNum.IsNat.to_raw_eq
                                      (Mathlib.Meta.NormNum.isNat_mul (Eq.refl HMul.hMul)
                                        (Mathlib.Meta.NormNum.IsNat.of_raw ℝ 1) (Mathlib.Meta.NormNum.IsNat.of_raw ℝ 1)
                                        (Eq.refl 1))))
                                  (Mathlib.Tactic.Ring.Common.mul_add
                                    (Mathlib.Tactic.Ring.Common.mul_pf_right (↑n) (Nat.rawCast 1)
                                      (Mathlib.Tactic.Ring.Common.mul_pf_left ε (Nat.rawCast 1)
                                        (Mathlib.Meta.NormNum.IsNat.to_raw_eq
                                          (Mathlib.Meta.NormNum.isNat_mul (Eq.refl HMul.hMul)
                                            (Mathlib.Meta.NormNum.IsNat.of_raw ℝ 1)
                                            (Mathlib.Meta.NormNum.IsNat.of_raw ℝ 1) (Eq.refl 1)))))
                                    (Mathlib.Tactic.Ring.Common.mul_zero (ε ^ Nat.rawCast 1 * Nat.rawCast 1))
                                    (Mathlib.Tactic.Ring.Common.add_pf_add_zero
                                      (↑n ^ Nat.rawCast 1 * (ε ^ Nat.rawCast 1 * Nat.rawCast 1) + 0)))
                                  (Mathlib.Tactic.Ring.Common.add_pf_add_gt
                                    (↑n ^ Nat.rawCast 1 * (ε ^ Nat.rawCast 1 * Nat.rawCast 1))
                                    (Mathlib.Tactic.Ring.Common.add_pf_add_zero
                                      (ε ^ Nat.rawCast 1 * Nat.rawCast 1 + 0))))
                                (Mathlib.Tactic.Ring.Common.zero_mul
                                  (Nat.rawCast 1 + (↑n ^ Nat.rawCast 1 * Nat.rawCast 1 + 0)))
                                (Mathlib.Tactic.Ring.Common.add_pf_add_zero
                                  (↑n ^ Nat.rawCast 1 * (ε ^ Nat.rawCast 1 * Nat.rawCast 1) +
                                    (ε ^ Nat.rawCast 1 * Nat.rawCast 1 + 0)))))
                            (Mathlib.Tactic.Ring.Common.sub_pf
                              (Mathlib.Tactic.Ring.Common.neg_add
                                (Mathlib.Tactic.Ring.Common.neg_mul (↑n) (Nat.rawCast 1)
                                  (Mathlib.Tactic.Ring.Common.neg_mul ε (Nat.rawCast 1)
                                    (Mathlib.Meta.NormNum.IsInt.to_raw_eq
                                      (Mathlib.Meta.NormNum.isInt_neg (Eq.refl Neg.neg)
                                        (Mathlib.Meta.NormNum.IsNat.to_isInt (Mathlib.Meta.NormNum.IsNat.of_raw ℝ 1))
                                        (Eq.refl (Int.negOfNat 1))))))
                                (Mathlib.Tactic.Ring.Common.neg_add
                                  (Mathlib.Tactic.Ring.Common.neg_mul ε (Nat.rawCast 1)
                                    (Mathlib.Meta.NormNum.IsInt.to_raw_eq
                                      (Mathlib.Meta.NormNum.isInt_neg (Eq.refl Neg.neg)
                                        (Mathlib.Meta.NormNum.IsNat.to_isInt (Mathlib.Meta.NormNum.IsNat.of_raw ℝ 1))
                                        (Eq.refl (Int.negOfNat 1)))))
                                  Mathlib.Tactic.Ring.Common.neg_zero))
                              (Mathlib.Tactic.Ring.Common.add_pf_add_lt (↑n ^ Nat.rawCast 1 * Nat.rawCast 1)
                                (Mathlib.Tactic.Ring.Common.add_pf_add_gt
                                  (↑n ^ Nat.rawCast 1 * (ε ^ Nat.rawCast 1 * (Int.negOfNat 1).rawCast))
                                  (Mathlib.Tactic.Ring.Common.add_pf_add_lt
                                    (↑↑k ^ Nat.rawCast 1 * (Int.negOfNat 1).rawCast)
                                    (Mathlib.Tactic.Ring.Common.add_pf_zero_add
                                      (ε ^ Nat.rawCast 1 * (Int.negOfNat 1).rawCast + 0)))))))
                          (Mathlib.Tactic.Ring.Common.sub_congr
                            (Mathlib.Tactic.Ring.Common.add_congr
                              (Mathlib.Tactic.Ring.Common.atom_pf (↑↑k) rfl
                                (Eq.mpr
                                  (id
                                    (congrArg (fun _a => ↑↑k ^ Nat.rawCast 1 * Nat.rawCast 1 = ↑↑k ^ Nat.rawCast 1 * _a)
                                      (Eq.symm rfl)))
                                  (Eq.refl (↑↑k ^ Nat.rawCast 1 * Nat.rawCast 1))))
                              (Mathlib.Tactic.Ring.cast_pos (Mathlib.Meta.NormNum.isNat_ofNat ℝ Nat.cast_one))
                              (Mathlib.Tactic.Ring.Common.add_pf_add_gt (Nat.rawCast 1)
                                (Mathlib.Tactic.Ring.Common.add_pf_add_zero (↑↑k ^ Nat.rawCast 1 * Nat.rawCast 1 + 0))))
                            (Mathlib.Tactic.Ring.Common.mul_congr
                              (Mathlib.Tactic.Ring.Common.sub_congr
                                (Mathlib.Tactic.Ring.cast_pos (Mathlib.Meta.NormNum.isNat_ofNat ℝ Nat.cast_one))
                                (Mathlib.Tactic.Ring.Common.atom_pf ε rfl
                                  (Eq.mpr
                                    (id
                                      (congrArg (fun _a => ε ^ Nat.rawCast 1 * Nat.rawCast 1 = ε ^ Nat.rawCast 1 * _a)
                                        (Eq.symm rfl)))
                                    (Eq.refl (ε ^ Nat.rawCast 1 * Nat.rawCast 1))))
                                (Mathlib.Tactic.Ring.Common.sub_pf
                                  (Mathlib.Tactic.Ring.Common.neg_add
                                    (Mathlib.Tactic.Ring.Common.neg_mul ε (Nat.rawCast 1)
                                      (Mathlib.Meta.NormNum.IsInt.to_raw_eq
                                        (Mathlib.Meta.NormNum.isInt_neg (Eq.refl Neg.neg)
                                          (Mathlib.Meta.NormNum.IsNat.to_isInt (Mathlib.Meta.NormNum.IsNat.of_raw ℝ 1))
                                          (Eq.refl (Int.negOfNat 1)))))
                                    Mathlib.Tactic.Ring.Common.neg_zero)
                                  (Mathlib.Tactic.Ring.Common.add_pf_add_lt (Nat.rawCast 1)
                                    (Mathlib.Tactic.Ring.Common.add_pf_zero_add
                                      (ε ^ Nat.rawCast 1 * (Int.negOfNat 1).rawCast + 0)))))
                              (Mathlib.Tactic.Ring.Common.add_congr
                                (Mathlib.Tactic.Ring.Common.atom_pf (↑n) rfl
                                  (Eq.mpr
                                    (id
                                      (congrArg (fun _a => ↑n ^ Nat.rawCast 1 * Nat.rawCast 1 = ↑n ^ Nat.rawCast 1 * _a)
                                        (Eq.symm rfl)))
                                    (Eq.refl (↑n ^ Nat.rawCast 1 * Nat.rawCast 1))))
                                (Mathlib.Tactic.Ring.cast_pos (Mathlib.Meta.NormNum.isNat_ofNat ℝ Nat.cast_one))
                                (Mathlib.Tactic.Ring.Common.add_pf_add_gt (Nat.rawCast 1)
                                  (Mathlib.Tactic.Ring.Common.add_pf_add_zero
                                    (↑n ^ Nat.rawCast 1 * Nat.rawCast 1 + 0))))
                              (Mathlib.Tactic.Ring.Common.add_mul
                                (Mathlib.Tactic.Ring.Common.mul_add
                                  (Mathlib.Meta.NormNum.IsNat.to_raw_eq
                                    (Mathlib.Meta.NormNum.isNat_mul (Eq.refl HMul.hMul)
                                      (Mathlib.Meta.NormNum.IsNat.of_raw ℝ 1) (Mathlib.Meta.NormNum.IsNat.of_raw ℝ 1)
                                      (Eq.refl 1)))
                                  (Mathlib.Tactic.Ring.Common.mul_add
                                    (Mathlib.Tactic.Ring.Common.mul_pf_right (↑n) (Nat.rawCast 1)
                                      (Mathlib.Meta.NormNum.IsNat.to_raw_eq
                                        (Mathlib.Meta.NormNum.isNat_mul (Eq.refl HMul.hMul)
                                          (Mathlib.Meta.NormNum.IsNat.of_raw ℝ 1)
                                          (Mathlib.Meta.NormNum.IsNat.of_raw ℝ 1) (Eq.refl 1))))
                                    (Mathlib.Tactic.Ring.Common.mul_zero (Nat.rawCast 1))
                                    (Mathlib.Tactic.Ring.Common.add_pf_add_zero
                                      (↑n ^ Nat.rawCast 1 * Nat.rawCast 1 + 0)))
                                  (Mathlib.Tactic.Ring.Common.add_pf_add_lt (Nat.rawCast 1)
                                    (Mathlib.Tactic.Ring.Common.add_pf_zero_add
                                      (↑n ^ Nat.rawCast 1 * Nat.rawCast 1 + 0))))
                                (Mathlib.Tactic.Ring.Common.add_mul
                                  (Mathlib.Tactic.Ring.Common.mul_add
                                    (Mathlib.Tactic.Ring.Common.mul_pf_left ε (Nat.rawCast 1)
                                      (Mathlib.Meta.NormNum.IsInt.to_raw_eq
                                        (Mathlib.Meta.NormNum.isInt_mul (Eq.refl HMul.hMul)
                                          (Mathlib.Meta.NormNum.IsInt.of_raw ℝ (Int.negOfNat 1))
                                          (Mathlib.Meta.NormNum.IsNat.to_isInt (Mathlib.Meta.NormNum.IsNat.of_raw ℝ 1))
                                          (Eq.refl (Int.negOfNat 1)))))
                                    (Mathlib.Tactic.Ring.Common.mul_add
                                      (Mathlib.Tactic.Ring.Common.mul_pf_right (↑n) (Nat.rawCast 1)
                                        (Mathlib.Tactic.Ring.Common.mul_pf_left ε (Nat.rawCast 1)
                                          (Mathlib.Meta.NormNum.IsInt.to_raw_eq
                                            (Mathlib.Meta.NormNum.isInt_mul (Eq.refl HMul.hMul)
                                              (Mathlib.Meta.NormNum.IsInt.of_raw ℝ (Int.negOfNat 1))
                                              (Mathlib.Meta.NormNum.IsNat.to_isInt
                                                (Mathlib.Meta.NormNum.IsNat.of_raw ℝ 1))
                                              (Eq.refl (Int.negOfNat 1))))))
                                      (Mathlib.Tactic.Ring.Common.mul_zero
                                        (ε ^ Nat.rawCast 1 * (Int.negOfNat 1).rawCast))
                                      (Mathlib.Tactic.Ring.Common.add_pf_add_zero
                                        (↑n ^ Nat.rawCast 1 * (ε ^ Nat.rawCast 1 * (Int.negOfNat 1).rawCast) + 0)))
                                    (Mathlib.Tactic.Ring.Common.add_pf_add_gt
                                      (↑n ^ Nat.rawCast 1 * (ε ^ Nat.rawCast 1 * (Int.negOfNat 1).rawCast))
                                      (Mathlib.Tactic.Ring.Common.add_pf_add_zero
                                        (ε ^ Nat.rawCast 1 * (Int.negOfNat 1).rawCast + 0))))
                                  (Mathlib.Tactic.Ring.Common.zero_mul
                                    (Nat.rawCast 1 + (↑n ^ Nat.rawCast 1 * Nat.rawCast 1 + 0)))
                                  (Mathlib.Tactic.Ring.Common.add_pf_add_zero
                                    (↑n ^ Nat.rawCast 1 * (ε ^ Nat.rawCast 1 * (Int.negOfNat 1).rawCast) +
                                      (ε ^ Nat.rawCast 1 * (Int.negOfNat 1).rawCast + 0))))
                                (Mathlib.Tactic.Ring.Common.add_pf_add_lt (Nat.rawCast 1)
                                  (Mathlib.Tactic.Ring.Common.add_pf_add_lt (↑n ^ Nat.rawCast 1 * Nat.rawCast 1)
                                    (Mathlib.Tactic.Ring.Common.add_pf_zero_add
                                      (↑n ^ Nat.rawCast 1 * (ε ^ Nat.rawCast 1 * (Int.negOfNat 1).rawCast) +
                                        (ε ^ Nat.rawCast 1 * (Int.negOfNat 1).rawCast + 0)))))))
                            (Mathlib.Tactic.Ring.Common.sub_pf
                              (Mathlib.Tactic.Ring.Common.neg_add
                                (Mathlib.Meta.NormNum.IsInt.to_raw_eq
                                  (Mathlib.Meta.NormNum.isInt_neg (Eq.refl Neg.neg)
                                    (Mathlib.Meta.NormNum.IsNat.to_isInt (Mathlib.Meta.NormNum.IsNat.of_raw ℝ 1))
                                    (Eq.refl (Int.negOfNat 1))))
                                (Mathlib.Tactic.Ring.Common.neg_add
                                  (Mathlib.Tactic.Ring.Common.neg_mul (↑n) (Nat.rawCast 1)
                                    (Mathlib.Meta.NormNum.IsInt.to_raw_eq
                                      (Mathlib.Meta.NormNum.isInt_neg (Eq.refl Neg.neg)
                                        (Mathlib.Meta.NormNum.IsNat.to_isInt (Mathlib.Meta.NormNum.IsNat.of_raw ℝ 1))
                                        (Eq.refl (Int.negOfNat 1)))))
                                  (Mathlib.Tactic.Ring.Common.neg_add
                                    (Mathlib.Tactic.Ring.Common.neg_mul (↑n) (Nat.rawCast 1)
                                      (Mathlib.Tactic.Ring.Common.neg_mul ε (Nat.rawCast 1)
                                        (Mathlib.Meta.NormNum.IsNat.to_raw_eq
                                          (Mathlib.Meta.NormNum.IsInt.to_isNat
                                            (Mathlib.Meta.NormNum.isInt_neg (Eq.refl Neg.neg)
                                              (Mathlib.Meta.NormNum.IsInt.of_raw ℝ (Int.negOfNat 1))
                                              (Eq.refl (Int.ofNat 1)))))))
                                    (Mathlib.Tactic.Ring.Common.neg_add
                                      (Mathlib.Tactic.Ring.Common.neg_mul ε (Nat.rawCast 1)
                                        (Mathlib.Meta.NormNum.IsNat.to_raw_eq
                                          (Mathlib.Meta.NormNum.IsInt.to_isNat
                                            (Mathlib.Meta.NormNum.isInt_neg (Eq.refl Neg.neg)
                                              (Mathlib.Meta.NormNum.IsInt.of_raw ℝ (Int.negOfNat 1))
                                              (Eq.refl (Int.ofNat 1))))))
                                      Mathlib.Tactic.Ring.Common.neg_zero))))
                              (Mathlib.Tactic.Ring.Common.add_pf_add_overlap_zero
                                (Mathlib.Meta.NormNum.IsInt.to_isNat
                                  (Mathlib.Meta.NormNum.isInt_add (Eq.refl HAdd.hAdd)
                                    (Mathlib.Meta.NormNum.IsNat.to_isInt (Mathlib.Meta.NormNum.IsNat.of_raw ℝ 1))
                                    (Mathlib.Meta.NormNum.IsInt.of_raw ℝ (Int.negOfNat 1)) (Eq.refl (Int.ofNat 0))))
                                (Mathlib.Tactic.Ring.Common.add_pf_add_gt
                                  (↑n ^ Nat.rawCast 1 * (Int.negOfNat 1).rawCast)
                                  (Mathlib.Tactic.Ring.Common.add_pf_add_gt
                                    (↑n ^ Nat.rawCast 1 * (ε ^ Nat.rawCast 1 * Nat.rawCast 1))
                                    (Mathlib.Tactic.Ring.Common.add_pf_add_lt (↑↑k ^ Nat.rawCast 1 * Nat.rawCast 1)
                                      (Mathlib.Tactic.Ring.Common.add_pf_zero_add
                                        (ε ^ Nat.rawCast 1 * Nat.rawCast 1 + 0))))))))
                          (Mathlib.Tactic.Ring.Common.add_pf_add_overlap_zero
                            (Mathlib.Tactic.Ring.Common.add_overlap_pf_zero (↑n) (Nat.rawCast 1)
                              (Mathlib.Meta.NormNum.IsInt.to_isNat
                                (Mathlib.Meta.NormNum.isInt_add (Eq.refl HAdd.hAdd)
                                  (Mathlib.Meta.NormNum.IsNat.to_isInt (Mathlib.Meta.NormNum.IsNat.of_raw ℝ 1))
                                  (Mathlib.Meta.NormNum.IsInt.of_raw ℝ (Int.negOfNat 1)) (Eq.refl (Int.ofNat 0)))))
                            (Mathlib.Tactic.Ring.Common.add_pf_add_overlap_zero
                              (Mathlib.Tactic.Ring.Common.add_overlap_pf_zero (↑n) (Nat.rawCast 1)
                                (Mathlib.Tactic.Ring.Common.add_overlap_pf_zero ε (Nat.rawCast 1)
                                  (Mathlib.Meta.NormNum.IsInt.to_isNat
                                    (Mathlib.Meta.NormNum.isInt_add (Eq.refl HAdd.hAdd)
                                      (Mathlib.Meta.NormNum.IsInt.of_raw ℝ (Int.negOfNat 1))
                                      (Mathlib.Meta.NormNum.IsNat.to_isInt (Mathlib.Meta.NormNum.IsNat.of_raw ℝ 1))
                                      (Eq.refl (Int.ofNat 0))))))
                              (Mathlib.Tactic.Ring.Common.add_pf_add_overlap_zero
                                (Mathlib.Tactic.Ring.Common.add_overlap_pf_zero (↑↑k) (Nat.rawCast 1)
                                  (Mathlib.Meta.NormNum.IsInt.to_isNat
                                    (Mathlib.Meta.NormNum.isInt_add (Eq.refl HAdd.hAdd)
                                      (Mathlib.Meta.NormNum.IsInt.of_raw ℝ (Int.negOfNat 1))
                                      (Mathlib.Meta.NormNum.IsNat.to_isInt (Mathlib.Meta.NormNum.IsNat.of_raw ℝ 1))
                                      (Eq.refl (Int.ofNat 0)))))
                                (Mathlib.Tactic.Ring.Common.add_pf_add_overlap_zero
                                  (Mathlib.Tactic.Ring.Common.add_overlap_pf_zero ε (Nat.rawCast 1)
                                    (Mathlib.Meta.NormNum.IsInt.to_isNat
                                      (Mathlib.Meta.NormNum.isInt_add (Eq.refl HAdd.hAdd)
                                        (Mathlib.Meta.NormNum.IsInt.of_raw ℝ (Int.negOfNat 1))
                                        (Mathlib.Meta.NormNum.IsNat.to_isInt (Mathlib.Meta.NormNum.IsNat.of_raw ℝ 1))
                                        (Eq.refl (Int.ofNat 0)))))
                                  (Mathlib.Tactic.Ring.Common.add_pf_zero_add 0))))))
                        (Mathlib.Tactic.Ring.cast_zero (Mathlib.Meta.NormNum.isNat_ofNat ℝ Nat.cast_zero))))
                    (Mathlib.Tactic.Linarith.add_lt_of_neg_of_le (Mathlib.Tactic.Linarith.sub_neg_of_lt h)
                      (Mathlib.Tactic.Linarith.sub_nonpos_of_le a))) })))
theorem Luce.tailFixedPointCount_eq_terminalFixedPointCount : ∀ (n : ℕ) (e : Fin (n + 1) → ℝ) {ε : ℝ},
  0 < ε →
    ε < 1 →
      Luce.tailFixedPointCount e (1 - ε) = Luce.terminalFixedPointCount (Luce.terminalCandidate n) ⌈ε * (↑n + 1)⌉₊ e :=
fun n e {ε} _hε hεone =>
  have hM :=
    Nat.ceil_le.mpr
      (Eq.mpr
        (id (congrArg (LE.le (ε * (↑n + 1))) (Eq.trans (Nat.cast_add n 1) (congrArg (HAdd.hAdd ↑n) Nat.cast_one))))
        (mul_le_of_le_one_left
          (le_of_lt
            (Right.add_pos_of_nonneg_of_pos (Nat.cast_nonneg' n)
              (Mathlib.Meta.Positivity.pos_of_isNat (Mathlib.Meta.NormNum.isNat_ofNat ℝ Nat.cast_one)
                (Eq.refl (Nat.ble 1 1)))))
          (LT.lt.le hεone)));
  id
    (id
      (Eq.symm
        (Finset.card_bij (fun m x => Luce.terminalCandidate n m)
          (fun m hm =>
            And.casesOn (Finset.mem_filter.mp hm) fun hmrange hmfixed =>
              And.casesOn (Finset.mem_Icc.mp hmrange) fun hmpos hmM =>
                have hmN := LE.le.trans hmM hM;
                have hval := Luce.terminalCandidate_val_add hmpos hmN;
                Finset.mem_filter.mpr
                  ⟨Finset.mem_univ (Luce.terminalCandidate n m),
                    ⟨(Luce.spatial_tail_iff_terminal_index (Luce.terminalCandidate n m) ε).mpr
                        (have hindex :=
                          Decidable.byContradiction fun a =>
                            Luce.tailFixedPointCount_eq_terminalFixedPointCount._proof_1_1 n e m hmpos hval a;
                        Eq.mpr (id (congrArg (fun _a => _a ≤ ⌈ε * (↑n + 1)⌉₊) hindex)) hmM),
                      Eq.mpr
                        (id
                          (congrFun' (congrArg Eq (Luce.rankOf_eq_raceRank_for_tail e (Luce.terminalCandidate n m)))
                            (↑(Luce.terminalCandidate n m) + 1)))
                        hmfixed⟩⟩)
          (fun m₁ hm₁ m₂ hm₂ heq =>
            have hrange₁ := Finset.mem_Icc.mp (Finset.mem_filter.mp hm₁).left;
            have hrange₂ := Finset.mem_Icc.mp (Finset.mem_filter.mp hm₂).left;
            have hval₁ := Luce.terminalCandidate_val_add hrange₁.left (LE.le.trans hrange₁.right hM);
            have hval₂ := Luce.terminalCandidate_val_add hrange₂.left (LE.le.trans hrange₂.right hM);
            have hvaleq := congrArg Fin.val heq;
            Decidable.byContradiction fun a =>
              Luce.tailFixedPointCount_eq_terminalFixedPointCount._proof_1_2 n m₁ m₂ heq hval₁ hval₂ a)
          fun k hk =>
          And.casesOn (Finset.mem_filter.mp hk) fun left right =>
            And.casesOn right fun hkspace hkfixed =>
              have hmpos :=
                Decidable.byContradiction fun a =>
                  Luce.tailFixedPointCount_eq_terminalFixedPointCount._proof_1_3 n e k a;
              have hmN := Nat.sub_le (n + 1) ↑k;
              have hmM := (Luce.spatial_tail_iff_terminal_index k ε).mp hkspace;
              have hcandidate :=
                Fin.ext
                  (have hval := Luce.terminalCandidate_val_add hmpos hmN;
                  Decidable.byContradiction fun a =>
                    Luce.tailFixedPointCount_eq_terminalFixedPointCount._proof_1_4 n e k hval a);
              Exists.intro (n + 1 - ↑k)
                (Exists.intro
                  (Finset.mem_filter.mpr
                    ⟨Finset.mem_Icc.mpr ⟨hmpos, hmM⟩,
                      Eq.mpr
                        (id
                          (congr (congrArg Eq (congrArg (Luce.raceRank e) hcandidate))
                            (congrFun' (congrArg HAdd.hAdd (congrArg Fin.val hcandidate)) 1)))
                        (Eq.mp (congrFun' (congrArg Eq (Luce.rankOf_eq_raceRank_for_tail e k)) (↑k + 1)) hkfixed)⟩)
                  hcandidate))))
theorem Luce.NormalizedWeights.sum_rates_succ : ∀ {w : Luce.WeightArray},
  Luce.NormalizedWeights w → ∀ (n : ℕ), ∑ i, (w (n + 1)).rate i = ↑(n + 1) :=
fun {w} hnorm n =>
  have h := hnorm (n + 1) (Nat.succ_pos n);
  have hn :=
    ne_of_gt
      (Nat.cast_pos'.mpr
        (Right.add_pos_of_nonneg_of_pos zero_le
          (Mathlib.Meta.Positivity.pos_of_isNat (Mathlib.Meta.NormNum.isNat_ofNat ℕ (Eq.refl 1))
            (Eq.refl (Nat.ble 1 1)))));
  have hdiv :=
    Eq.mpr (id (congrFun' (congrArg Eq (div_eq_mul_inv (∑ i, (w (n + 1)).rate i) ↑(n + 1))) 1))
      (Eq.mp
        (congrFun'
          (congrArg Eq
            (Eq.trans
              (congrFun'
                (congrArg HMul.hMul
                  (Eq.trans (div_eq_mul_inv 1 ↑(n + 1)) (Eq.trans (mul_comm 1 (↑(n + 1))⁻¹) (mul_one (↑(n + 1))⁻¹))))
                (∑ i, (w (n + 1)).rate i))
              (mul_comm (↑(n + 1))⁻¹ (∑ i, (w (n + 1)).rate i))))
          1)
        h);
  Eq.mp (congrArg (Eq (∑ i, (w (n + 1)).rate i)) (one_mul ↑(n + 1))) ((div_eq_iff hn).mp hdiv)
theorem Luce.EndpointAssumption.eventually_terminal_rates : ∀ {w : Luce.WeightArray},
  Luce.EndpointAssumption w →
    ∃ γ ε₀,
      0 < γ ∧
        0 < ε₀ ∧
          ∀ᶠ (n : ℕ) in atTop, ∀ m ∈ Finset.Icc 1 ⌈ε₀ * (↑n + 1)⌉₊, γ ≤ (w (n + 1)).rate (Luce.terminalCandidate n m) :=
fun {w} hend =>
  Exists.casesOn hend fun γ h =>
    Exists.casesOn h fun ε₀ h =>
      Exists.casesOn h fun n₀ h =>
        And.casesOn h fun hγ right =>
          And.casesOn right fun hε₀ hrate =>
            let ε₁ := min ε₀ (1 / 2);
            have hε₁ :=
              lt_min hε₀
                (Mathlib.Meta.NormNum.isNNRat_lt_true
                  (Mathlib.Meta.NormNum.IsNat.to_isNNRat (Mathlib.Meta.NormNum.isNat_ofNat ℝ Nat.cast_zero))
                  (Mathlib.Meta.NormNum.isNNRat_div
                    (Mathlib.Meta.NormNum.isNNRat_mul (Eq.refl HMul.hMul)
                      (Mathlib.Meta.NormNum.IsNat.to_isNNRat (Mathlib.Meta.NormNum.isNat_ofNat ℝ Nat.cast_one))
                      (Mathlib.Meta.NormNum.isNNRat_inv_pos
                        (Mathlib.Meta.NormNum.IsNat.to_isNNRat (Mathlib.Meta.NormNum.isNat_ofNat ℝ (Eq.refl 2))))
                      (Eq.refl (Nat.mul 1 1)) (Eq.refl 2)))
                  (Eq.refl true));
            have hε₁ε₀ := min_le_left ε₀ (1 / 2);
            have hε₁one :=
              LE.le.trans (min_le_right ε₀ (1 / 2))
                (Mathlib.Meta.NormNum.isRat_le_true
                  (Mathlib.Meta.NormNum.IsNNRat.to_isRat
                    (Mathlib.Meta.NormNum.isNNRat_div
                      (Mathlib.Meta.NormNum.isNNRat_mul (Eq.refl HMul.hMul)
                        (Mathlib.Meta.NormNum.IsNat.to_isNNRat (Mathlib.Meta.NormNum.isNat_ofNat ℝ Nat.cast_one))
                        (Mathlib.Meta.NormNum.isNNRat_inv_pos
                          (Mathlib.Meta.NormNum.IsNat.to_isNNRat (Mathlib.Meta.NormNum.isNat_ofNat ℝ (Eq.refl 2))))
                        (Eq.refl (Nat.mul 1 1)) (Eq.refl 2))))
                  (Mathlib.Meta.NormNum.IsNNRat.to_isRat
                    (Mathlib.Meta.NormNum.IsNat.to_isNNRat (Mathlib.Meta.NormNum.isNat_ofNat ℝ Nat.cast_one)))
                  (Eq.refl true));
            Exists.intro γ
              (Exists.intro ε₁
                ⟨hγ,
                  ⟨hε₁,
                    mp_mem (eventually_ge_atTop n₀)
                      (univ_mem'
                        (id fun n hn m hm =>
                          have hN :=
                            Right.add_pos_of_nonneg_of_pos (Nat.cast_nonneg' n)
                              (Mathlib.Meta.Positivity.pos_of_isNat (Mathlib.Meta.NormNum.isNat_ofNat ℝ Nat.cast_one)
                                (Eq.refl (Nat.ble 1 1)));
                          have hceil_le :=
                            Nat.ceil_le.mpr
                              (Eq.mpr
                                (id
                                  (congrArg (LE.le (ε₁ * (↑n + 1)))
                                    (Eq.trans (Nat.cast_add n 1) (congrArg (HAdd.hAdd ↑n) Nat.cast_one))))
                                (mul_le_of_le_one_left (LT.lt.le hN) hε₁one));
                          have hmn := LE.le.trans (Finset.mem_Icc.mp hm).right hceil_le;
                          have hindex :=
                            cast
                              (Eq.symm
                                (Eq.trans
                                  (congrArg (Eq (↑↑(Luce.terminalCandidate n m) + ↑m))
                                    (congrArg (HAdd.hAdd ↑n) (Eq.symm Nat.cast_one)))
                                  (Eq.trans
                                    (congr (congrArg Eq (Nat.cast_add._simp_1 (↑(Luce.terminalCandidate n m)) m))
                                      (Nat.cast_add._simp_1 n 1))
                                    Nat.cast_inj._simp_1)))
                              (Luce.terminalCandidate_val_add (Finset.mem_Icc.mp hm).left hmn);
                          have hm_lt :=
                            LE.le.trans_lt (Nat.cast_le.mpr (Finset.mem_Icc.mp hm).right)
                              (Nat.ceil_lt_add_one (mul_nonneg (LT.lt.le hε₁) (LT.lt.le hN)));
                          hrate (n + 1) (LE.le.trans hn (Nat.le_succ n)) (Luce.terminalCandidate n m)
                            (Eq.mpr
                              (id
                                (congrFun'
                                  (congrArg LE.le
                                    (congrArg (HMul.hMul (1 - ε₀))
                                      (Eq.trans (Nat.cast_add n 1) (congrArg (HAdd.hAdd ↑n) Nat.cast_one))))
                                  (↑↑(Luce.terminalCandidate n m) + 1)))
                              (le_of_not_gt fun a =>
                                Mathlib.Tactic.Linarith.lt_irrefl
                                  (Eq.mp
                                    (congrArg (fun _a => _a < 0)
                                      (Mathlib.Tactic.Ring.of_eq
                                        (Mathlib.Tactic.Ring.Common.add_congr
                                          (Mathlib.Tactic.Ring.Common.add_congr
                                            (Mathlib.Tactic.Ring.Common.add_congr
                                              (Mathlib.Tactic.Ring.Common.neg_congr
                                                (Mathlib.Tactic.Ring.Common.sub_congr
                                                  (Mathlib.Tactic.Ring.Common.add_congr
                                                    (Mathlib.Tactic.Ring.Common.atom_pf (↑↑(Luce.terminalCandidate n m))
                                                      rfl
                                                      (Eq.mpr
                                                        (id
                                                          (congrArg
                                                            (fun _a =>
                                                              ↑↑(Luce.terminalCandidate n m) ^ Nat.rawCast 1 *
                                                                  Nat.rawCast 1 =
                                                                ↑↑(Luce.terminalCandidate n m) ^ Nat.rawCast 1 * _a)
                                                            (Eq.symm rfl)))
                                                        (Eq.refl
                                                          (↑↑(Luce.terminalCandidate n m) ^ Nat.rawCast 1 *
                                                            Nat.rawCast 1))))
                                                    (Mathlib.Tactic.Ring.Common.atom_pf (↑m) rfl
                                                      (Eq.mpr
                                                        (id
                                                          (congrArg
                                                            (fun _a =>
                                                              ↑m ^ Nat.rawCast 1 * Nat.rawCast 1 =
                                                                ↑m ^ Nat.rawCast 1 * _a)
                                                            (Eq.symm rfl)))
                                                        (Eq.refl (↑m ^ Nat.rawCast 1 * Nat.rawCast 1))))
                                                    (Mathlib.Tactic.Ring.Common.add_pf_add_lt
                                                      (↑↑(Luce.terminalCandidate n m) ^ Nat.rawCast 1 * Nat.rawCast 1)
                                                      (Mathlib.Tactic.Ring.Common.add_pf_zero_add
                                                        (↑m ^ Nat.rawCast 1 * Nat.rawCast 1 + 0))))
                                                  (Mathlib.Tactic.Ring.Common.add_congr
                                                    (Mathlib.Tactic.Ring.Common.atom_pf (↑n) rfl
                                                      (Eq.mpr
                                                        (id
                                                          (congrArg
                                                            (fun _a =>
                                                              ↑n ^ Nat.rawCast 1 * Nat.rawCast 1 =
                                                                ↑n ^ Nat.rawCast 1 * _a)
                                                            (Eq.symm rfl)))
                                                        (Eq.refl (↑n ^ Nat.rawCast 1 * Nat.rawCast 1))))
                                                    (Mathlib.Tactic.Ring.cast_pos
                                                      (Mathlib.Meta.NormNum.isNat_ofNat ℝ Nat.cast_one))
                                                    (Mathlib.Tactic.Ring.Common.add_pf_add_gt (Nat.rawCast 1)
                                                      (Mathlib.Tactic.Ring.Common.add_pf_add_zero
                                                        (↑n ^ Nat.rawCast 1 * Nat.rawCast 1 + 0))))
                                                  (Mathlib.Tactic.Ring.Common.sub_pf
                                                    (Mathlib.Tactic.Ring.Common.neg_add
                                                      (Mathlib.Meta.NormNum.IsInt.to_raw_eq
                                                        (Mathlib.Meta.NormNum.isInt_neg (Eq.refl Neg.neg)
                                                          (Mathlib.Meta.NormNum.IsNat.to_isInt
                                                            (Mathlib.Meta.NormNum.IsNat.of_raw ℝ 1))
                                                          (Eq.refl (Int.negOfNat 1))))
                                                      (Mathlib.Tactic.Ring.Common.neg_add
                                                        (Mathlib.Tactic.Ring.Common.neg_mul (↑n) (Nat.rawCast 1)
                                                          (Mathlib.Meta.NormNum.IsInt.to_raw_eq
                                                            (Mathlib.Meta.NormNum.isInt_neg (Eq.refl Neg.neg)
                                                              (Mathlib.Meta.NormNum.IsNat.to_isInt
                                                                (Mathlib.Meta.NormNum.IsNat.of_raw ℝ 1))
                                                              (Eq.refl (Int.negOfNat 1)))))
                                                        Mathlib.Tactic.Ring.Common.neg_zero))
                                                    (Mathlib.Tactic.Ring.Common.add_pf_add_gt (Int.negOfNat 1).rawCast
                                                      (Mathlib.Tactic.Ring.Common.add_pf_add_lt
                                                        (↑↑(Luce.terminalCandidate n m) ^ Nat.rawCast 1 * Nat.rawCast 1)
                                                        (Mathlib.Tactic.Ring.Common.add_pf_add_lt
                                                          (↑m ^ Nat.rawCast 1 * Nat.rawCast 1)
                                                          (Mathlib.Tactic.Ring.Common.add_pf_zero_add
                                                            (↑n ^ Nat.rawCast 1 * (Int.negOfNat 1).rawCast + 0)))))))
                                                (Mathlib.Tactic.Ring.Common.neg_add
                                                  (Mathlib.Meta.NormNum.IsNat.to_raw_eq
                                                    (Mathlib.Meta.NormNum.IsInt.to_isNat
                                                      (Mathlib.Meta.NormNum.isInt_neg (Eq.refl Neg.neg)
                                                        (Mathlib.Meta.NormNum.IsInt.of_raw ℝ (Int.negOfNat 1))
                                                        (Eq.refl (Int.ofNat 1)))))
                                                  (Mathlib.Tactic.Ring.Common.neg_add
                                                    (Mathlib.Tactic.Ring.Common.neg_mul (↑↑(Luce.terminalCandidate n m))
                                                      (Nat.rawCast 1)
                                                      (Mathlib.Meta.NormNum.IsInt.to_raw_eq
                                                        (Mathlib.Meta.NormNum.isInt_neg (Eq.refl Neg.neg)
                                                          (Mathlib.Meta.NormNum.IsNat.to_isInt
                                                            (Mathlib.Meta.NormNum.IsNat.of_raw ℝ 1))
                                                          (Eq.refl (Int.negOfNat 1)))))
                                                    (Mathlib.Tactic.Ring.Common.neg_add
                                                      (Mathlib.Tactic.Ring.Common.neg_mul (↑m) (Nat.rawCast 1)
                                                        (Mathlib.Meta.NormNum.IsInt.to_raw_eq
                                                          (Mathlib.Meta.NormNum.isInt_neg (Eq.refl Neg.neg)
                                                            (Mathlib.Meta.NormNum.IsNat.to_isInt
                                                              (Mathlib.Meta.NormNum.IsNat.of_raw ℝ 1))
                                                            (Eq.refl (Int.negOfNat 1)))))
                                                      (Mathlib.Tactic.Ring.Common.neg_add
                                                        (Mathlib.Tactic.Ring.Common.neg_mul (↑n) (Nat.rawCast 1)
                                                          (Mathlib.Meta.NormNum.IsNat.to_raw_eq
                                                            (Mathlib.Meta.NormNum.IsInt.to_isNat
                                                              (Mathlib.Meta.NormNum.isInt_neg (Eq.refl Neg.neg)
                                                                (Mathlib.Meta.NormNum.IsInt.of_raw ℝ (Int.negOfNat 1))
                                                                (Eq.refl (Int.ofNat 1))))))
                                                        Mathlib.Tactic.Ring.Common.neg_zero)))))
                                              (Mathlib.Tactic.Ring.Common.sub_congr
                                                (Mathlib.Tactic.Ring.Common.atom_pf (↑m) rfl
                                                  (Eq.mpr
                                                    (id
                                                      (congrArg
                                                        (fun _a =>
                                                          ↑m ^ Nat.rawCast 1 * Nat.rawCast 1 = ↑m ^ Nat.rawCast 1 * _a)
                                                        (Eq.symm rfl)))
                                                    (Eq.refl (↑m ^ Nat.rawCast 1 * Nat.rawCast 1))))
                                                (Mathlib.Tactic.Ring.Common.add_congr
                                                  (Mathlib.Tactic.Ring.Common.mul_congr
                                                    (Mathlib.Tactic.Ring.Common.atom_pf ε₁ rfl
                                                      (Eq.mpr
                                                        (id
                                                          (congrArg
                                                            (fun _a =>
                                                              ε₁ ^ Nat.rawCast 1 * Nat.rawCast 1 =
                                                                ε₁ ^ Nat.rawCast 1 * _a)
                                                            (Eq.symm rfl)))
                                                        (Eq.refl (ε₁ ^ Nat.rawCast 1 * Nat.rawCast 1))))
                                                    (Mathlib.Tactic.Ring.Common.add_congr
                                                      (Mathlib.Tactic.Ring.Common.atom_pf (↑n) rfl
                                                        (Eq.mpr
                                                          (id
                                                            (congrArg
                                                              (fun _a =>
                                                                ↑n ^ Nat.rawCast 1 * Nat.rawCast 1 =
                                                                  ↑n ^ Nat.rawCast 1 * _a)
                                                              (Eq.symm rfl)))
                                                          (Eq.refl (↑n ^ Nat.rawCast 1 * Nat.rawCast 1))))
                                                      (Mathlib.Tactic.Ring.cast_pos
                                                        (Mathlib.Meta.NormNum.isNat_ofNat ℝ Nat.cast_one))
                                                      (Mathlib.Tactic.Ring.Common.add_pf_add_gt (Nat.rawCast 1)
                                                        (Mathlib.Tactic.Ring.Common.add_pf_add_zero
                                                          (↑n ^ Nat.rawCast 1 * Nat.rawCast 1 + 0))))
                                                    (Mathlib.Tactic.Ring.Common.add_mul
                                                      (Mathlib.Tactic.Ring.Common.mul_add
                                                        (Mathlib.Tactic.Ring.Common.mul_pf_left ε₁ (Nat.rawCast 1)
                                                          (Mathlib.Meta.NormNum.IsNat.to_raw_eq
                                                            (Mathlib.Meta.NormNum.isNat_mul (Eq.refl HMul.hMul)
                                                              (Mathlib.Meta.NormNum.IsNat.of_raw ℝ 1)
                                                              (Mathlib.Meta.NormNum.IsNat.of_raw ℝ 1) (Eq.refl 1))))
                                                        (Mathlib.Tactic.Ring.Common.mul_add
                                                          (Mathlib.Tactic.Ring.Common.mul_pf_right (↑n) (Nat.rawCast 1)
                                                            (Mathlib.Tactic.Ring.Common.mul_pf_left ε₁ (Nat.rawCast 1)
                                                              (Mathlib.Meta.NormNum.IsNat.to_raw_eq
                                                                (Mathlib.Meta.NormNum.isNat_mul (Eq.refl HMul.hMul)
                                                                  (Mathlib.Meta.NormNum.IsNat.of_raw ℝ 1)
                                                                  (Mathlib.Meta.NormNum.IsNat.of_raw ℝ 1)
                                                                  (Eq.refl 1)))))
                                                          (Mathlib.Tactic.Ring.Common.mul_zero
                                                            (ε₁ ^ Nat.rawCast 1 * Nat.rawCast 1))
                                                          (Mathlib.Tactic.Ring.Common.add_pf_add_zero
                                                            (↑n ^ Nat.rawCast 1 * (ε₁ ^ Nat.rawCast 1 * Nat.rawCast 1) +
                                                              0)))
                                                        (Mathlib.Tactic.Ring.Common.add_pf_add_gt
                                                          (↑n ^ Nat.rawCast 1 * (ε₁ ^ Nat.rawCast 1 * Nat.rawCast 1))
                                                          (Mathlib.Tactic.Ring.Common.add_pf_add_zero
                                                            (ε₁ ^ Nat.rawCast 1 * Nat.rawCast 1 + 0))))
                                                      (Mathlib.Tactic.Ring.Common.zero_mul
                                                        (Nat.rawCast 1 + (↑n ^ Nat.rawCast 1 * Nat.rawCast 1 + 0)))
                                                      (Mathlib.Tactic.Ring.Common.add_pf_add_zero
                                                        (↑n ^ Nat.rawCast 1 * (ε₁ ^ Nat.rawCast 1 * Nat.rawCast 1) +
                                                          (ε₁ ^ Nat.rawCast 1 * Nat.rawCast 1 + 0)))))
                                                  (Mathlib.Tactic.Ring.cast_pos
                                                    (Mathlib.Meta.NormNum.isNat_ofNat ℝ Nat.cast_one))
                                                  (Mathlib.Tactic.Ring.Common.add_pf_add_gt (Nat.rawCast 1)
                                                    (Mathlib.Tactic.Ring.Common.add_pf_add_zero
                                                      (↑n ^ Nat.rawCast 1 * (ε₁ ^ Nat.rawCast 1 * Nat.rawCast 1) +
                                                        (ε₁ ^ Nat.rawCast 1 * Nat.rawCast 1 + 0)))))
                                                (Mathlib.Tactic.Ring.Common.sub_pf
                                                  (Mathlib.Tactic.Ring.Common.neg_add
                                                    (Mathlib.Meta.NormNum.IsInt.to_raw_eq
                                                      (Mathlib.Meta.NormNum.isInt_neg (Eq.refl Neg.neg)
                                                        (Mathlib.Meta.NormNum.IsNat.to_isInt
                                                          (Mathlib.Meta.NormNum.IsNat.of_raw ℝ 1))
                                                        (Eq.refl (Int.negOfNat 1))))
                                                    (Mathlib.Tactic.Ring.Common.neg_add
                                                      (Mathlib.Tactic.Ring.Common.neg_mul (↑n) (Nat.rawCast 1)
                                                        (Mathlib.Tactic.Ring.Common.neg_mul ε₁ (Nat.rawCast 1)
                                                          (Mathlib.Meta.NormNum.IsInt.to_raw_eq
                                                            (Mathlib.Meta.NormNum.isInt_neg (Eq.refl Neg.neg)
                                                              (Mathlib.Meta.NormNum.IsNat.to_isInt
                                                                (Mathlib.Meta.NormNum.IsNat.of_raw ℝ 1))
                                                              (Eq.refl (Int.negOfNat 1))))))
                                                      (Mathlib.Tactic.Ring.Common.neg_add
                                                        (Mathlib.Tactic.Ring.Common.neg_mul ε₁ (Nat.rawCast 1)
                                                          (Mathlib.Meta.NormNum.IsInt.to_raw_eq
                                                            (Mathlib.Meta.NormNum.isInt_neg (Eq.refl Neg.neg)
                                                              (Mathlib.Meta.NormNum.IsNat.to_isInt
                                                                (Mathlib.Meta.NormNum.IsNat.of_raw ℝ 1))
                                                              (Eq.refl (Int.negOfNat 1)))))
                                                        Mathlib.Tactic.Ring.Common.neg_zero)))
                                                  (Mathlib.Tactic.Ring.Common.add_pf_add_gt (Int.negOfNat 1).rawCast
                                                    (Mathlib.Tactic.Ring.Common.add_pf_add_lt
                                                      (↑m ^ Nat.rawCast 1 * Nat.rawCast 1)
                                                      (Mathlib.Tactic.Ring.Common.add_pf_zero_add
                                                        (↑n ^ Nat.rawCast 1 *
                                                            (ε₁ ^ Nat.rawCast 1 * (Int.negOfNat 1).rawCast) +
                                                          (ε₁ ^ Nat.rawCast 1 * (Int.negOfNat 1).rawCast + 0)))))))
                                              (Mathlib.Tactic.Ring.Common.add_pf_add_overlap_zero
                                                (Mathlib.Meta.NormNum.IsInt.to_isNat
                                                  (Mathlib.Meta.NormNum.isInt_add (Eq.refl HAdd.hAdd)
                                                    (Mathlib.Meta.NormNum.IsNat.to_isInt
                                                      (Mathlib.Meta.NormNum.IsNat.of_raw ℝ 1))
                                                    (Mathlib.Meta.NormNum.IsInt.of_raw ℝ (Int.negOfNat 1))
                                                    (Eq.refl (Int.ofNat 0))))
                                                (Mathlib.Tactic.Ring.Common.add_pf_add_lt
                                                  (↑↑(Luce.terminalCandidate n m) ^ Nat.rawCast 1 *
                                                    (Int.negOfNat 1).rawCast)
                                                  (Mathlib.Tactic.Ring.Common.add_pf_add_overlap_zero
                                                    (Mathlib.Tactic.Ring.Common.add_overlap_pf_zero (↑m) (Nat.rawCast 1)
                                                      (Mathlib.Meta.NormNum.IsInt.to_isNat
                                                        (Mathlib.Meta.NormNum.isInt_add (Eq.refl HAdd.hAdd)
                                                          (Mathlib.Meta.NormNum.IsInt.of_raw ℝ (Int.negOfNat 1))
                                                          (Mathlib.Meta.NormNum.IsNat.to_isInt
                                                            (Mathlib.Meta.NormNum.IsNat.of_raw ℝ 1))
                                                          (Eq.refl (Int.ofNat 0)))))
                                                    (Mathlib.Tactic.Ring.Common.add_pf_add_lt
                                                      (↑n ^ Nat.rawCast 1 * Nat.rawCast 1)
                                                      (Mathlib.Tactic.Ring.Common.add_pf_zero_add
                                                        (↑n ^ Nat.rawCast 1 *
                                                            (ε₁ ^ Nat.rawCast 1 * (Int.negOfNat 1).rawCast) +
                                                          (ε₁ ^ Nat.rawCast 1 * (Int.negOfNat 1).rawCast + 0))))))))
                                            (Mathlib.Tactic.Ring.Common.sub_congr
                                              (Mathlib.Tactic.Ring.Common.add_congr
                                                (Mathlib.Tactic.Ring.Common.atom_pf (↑↑(Luce.terminalCandidate n m)) rfl
                                                  (Eq.mpr
                                                    (id
                                                      (congrArg
                                                        (fun _a =>
                                                          ↑↑(Luce.terminalCandidate n m) ^ Nat.rawCast 1 *
                                                              Nat.rawCast 1 =
                                                            ↑↑(Luce.terminalCandidate n m) ^ Nat.rawCast 1 * _a)
                                                        (Eq.symm rfl)))
                                                    (Eq.refl
                                                      (↑↑(Luce.terminalCandidate n m) ^ Nat.rawCast 1 *
                                                        Nat.rawCast 1))))
                                                (Mathlib.Tactic.Ring.cast_pos
                                                  (Mathlib.Meta.NormNum.isNat_ofNat ℝ Nat.cast_one))
                                                (Mathlib.Tactic.Ring.Common.add_pf_add_gt (Nat.rawCast 1)
                                                  (Mathlib.Tactic.Ring.Common.add_pf_add_zero
                                                    (↑↑(Luce.terminalCandidate n m) ^ Nat.rawCast 1 * Nat.rawCast 1 +
                                                      0))))
                                              (Mathlib.Tactic.Ring.Common.mul_congr
                                                (Mathlib.Tactic.Ring.Common.sub_congr
                                                  (Mathlib.Tactic.Ring.cast_pos
                                                    (Mathlib.Meta.NormNum.isNat_ofNat ℝ Nat.cast_one))
                                                  (Mathlib.Tactic.Ring.Common.atom_pf ε₀ rfl
                                                    (Eq.mpr
                                                      (id
                                                        (congrArg
                                                          (fun _a =>
                                                            ε₀ ^ Nat.rawCast 1 * Nat.rawCast 1 =
                                                              ε₀ ^ Nat.rawCast 1 * _a)
                                                          (Eq.symm rfl)))
                                                      (Eq.refl (ε₀ ^ Nat.rawCast 1 * Nat.rawCast 1))))
                                                  (Mathlib.Tactic.Ring.Common.sub_pf
                                                    (Mathlib.Tactic.Ring.Common.neg_add
                                                      (Mathlib.Tactic.Ring.Common.neg_mul ε₀ (Nat.rawCast 1)
                                                        (Mathlib.Meta.NormNum.IsInt.to_raw_eq
                                                          (Mathlib.Meta.NormNum.isInt_neg (Eq.refl Neg.neg)
                                                            (Mathlib.Meta.NormNum.IsNat.to_isInt
                                                              (Mathlib.Meta.NormNum.IsNat.of_raw ℝ 1))
                                                            (Eq.refl (Int.negOfNat 1)))))
                                                      Mathlib.Tactic.Ring.Common.neg_zero)
                                                    (Mathlib.Tactic.Ring.Common.add_pf_add_lt (Nat.rawCast 1)
                                                      (Mathlib.Tactic.Ring.Common.add_pf_zero_add
                                                        (ε₀ ^ Nat.rawCast 1 * (Int.negOfNat 1).rawCast + 0)))))
                                                (Mathlib.Tactic.Ring.Common.add_congr
                                                  (Mathlib.Tactic.Ring.Common.atom_pf (↑n) rfl
                                                    (Eq.mpr
                                                      (id
                                                        (congrArg
                                                          (fun _a =>
                                                            ↑n ^ Nat.rawCast 1 * Nat.rawCast 1 =
                                                              ↑n ^ Nat.rawCast 1 * _a)
                                                          (Eq.symm rfl)))
                                                      (Eq.refl (↑n ^ Nat.rawCast 1 * Nat.rawCast 1))))
                                                  (Mathlib.Tactic.Ring.cast_pos
                                                    (Mathlib.Meta.NormNum.isNat_ofNat ℝ Nat.cast_one))
                                                  (Mathlib.Tactic.Ring.Common.add_pf_add_gt (Nat.rawCast 1)
                                                    (Mathlib.Tactic.Ring.Common.add_pf_add_zero
                                                      (↑n ^ Nat.rawCast 1 * Nat.rawCast 1 + 0))))
                                                (Mathlib.Tactic.Ring.Common.add_mul
                                                  (Mathlib.Tactic.Ring.Common.mul_add
                                                    (Mathlib.Meta.NormNum.IsNat.to_raw_eq
                                                      (Mathlib.Meta.NormNum.isNat_mul (Eq.refl HMul.hMul)
                                                        (Mathlib.Meta.NormNum.IsNat.of_raw ℝ 1)
                                                        (Mathlib.Meta.NormNum.IsNat.of_raw ℝ 1) (Eq.refl 1)))
                                                    (Mathlib.Tactic.Ring.Common.mul_add
                                                      (Mathlib.Tactic.Ring.Common.mul_pf_right (↑n) (Nat.rawCast 1)
                                                        (Mathlib.Meta.NormNum.IsNat.to_raw_eq
                                                          (Mathlib.Meta.NormNum.isNat_mul (Eq.refl HMul.hMul)
                                                            (Mathlib.Meta.NormNum.IsNat.of_raw ℝ 1)
                                                            (Mathlib.Meta.NormNum.IsNat.of_raw ℝ 1) (Eq.refl 1))))
                                                      (Mathlib.Tactic.Ring.Common.mul_zero (Nat.rawCast 1))
                                                      (Mathlib.Tactic.Ring.Common.add_pf_add_zero
                                                        (↑n ^ Nat.rawCast 1 * Nat.rawCast 1 + 0)))
                                                    (Mathlib.Tactic.Ring.Common.add_pf_add_lt (Nat.rawCast 1)
                                                      (Mathlib.Tactic.Ring.Common.add_pf_zero_add
                                                        (↑n ^ Nat.rawCast 1 * Nat.rawCast 1 + 0))))
                                                  (Mathlib.Tactic.Ring.Common.add_mul
                                                    (Mathlib.Tactic.Ring.Common.mul_add
                                                      (Mathlib.Tactic.Ring.Common.mul_pf_left ε₀ (Nat.rawCast 1)
                                                        (Mathlib.Meta.NormNum.IsInt.to_raw_eq
                                                          (Mathlib.Meta.NormNum.isInt_mul (Eq.refl HMul.hMul)
                                                            (Mathlib.Meta.NormNum.IsInt.of_raw ℝ (Int.negOfNat 1))
                                                            (Mathlib.Meta.NormNum.IsNat.to_isInt
                                                              (Mathlib.Meta.NormNum.IsNat.of_raw ℝ 1))
                                                            (Eq.refl (Int.negOfNat 1)))))
                                                      (Mathlib.Tactic.Ring.Common.mul_add
                                                        (Mathlib.Tactic.Ring.Common.mul_pf_right (↑n) (Nat.rawCast 1)
                                                          (Mathlib.Tactic.Ring.Common.mul_pf_left ε₀ (Nat.rawCast 1)
                                                            (Mathlib.Meta.NormNum.IsInt.to_raw_eq
                                                              (Mathlib.Meta.NormNum.isInt_mul (Eq.refl HMul.hMul)
                                                                (Mathlib.Meta.NormNum.IsInt.of_raw ℝ (Int.negOfNat 1))
                                                                (Mathlib.Meta.NormNum.IsNat.to_isInt
                                                                  (Mathlib.Meta.NormNum.IsNat.of_raw ℝ 1))
                                                                (Eq.refl (Int.negOfNat 1))))))
                                                        (Mathlib.Tactic.Ring.Common.mul_zero
                                                          (ε₀ ^ Nat.rawCast 1 * (Int.negOfNat 1).rawCast))
                                                        (Mathlib.Tactic.Ring.Common.add_pf_add_zero
                                                          (↑n ^ Nat.rawCast 1 *
                                                              (ε₀ ^ Nat.rawCast 1 * (Int.negOfNat 1).rawCast) +
                                                            0)))
                                                      (Mathlib.Tactic.Ring.Common.add_pf_add_gt
                                                        (↑n ^ Nat.rawCast 1 *
                                                          (ε₀ ^ Nat.rawCast 1 * (Int.negOfNat 1).rawCast))
                                                        (Mathlib.Tactic.Ring.Common.add_pf_add_zero
                                                          (ε₀ ^ Nat.rawCast 1 * (Int.negOfNat 1).rawCast + 0))))
                                                    (Mathlib.Tactic.Ring.Common.zero_mul
                                                      (Nat.rawCast 1 + (↑n ^ Nat.rawCast 1 * Nat.rawCast 1 + 0)))
                                                    (Mathlib.Tactic.Ring.Common.add_pf_add_zero
                                                      (↑n ^ Nat.rawCast 1 *
                                                          (ε₀ ^ Nat.rawCast 1 * (Int.negOfNat 1).rawCast) +
                                                        (ε₀ ^ Nat.rawCast 1 * (Int.negOfNat 1).rawCast + 0))))
                                                  (Mathlib.Tactic.Ring.Common.add_pf_add_lt (Nat.rawCast 1)
                                                    (Mathlib.Tactic.Ring.Common.add_pf_add_lt
                                                      (↑n ^ Nat.rawCast 1 * Nat.rawCast 1)
                                                      (Mathlib.Tactic.Ring.Common.add_pf_zero_add
                                                        (↑n ^ Nat.rawCast 1 *
                                                            (ε₀ ^ Nat.rawCast 1 * (Int.negOfNat 1).rawCast) +
                                                          (ε₀ ^ Nat.rawCast 1 * (Int.negOfNat 1).rawCast + 0)))))))
                                              (Mathlib.Tactic.Ring.Common.sub_pf
                                                (Mathlib.Tactic.Ring.Common.neg_add
                                                  (Mathlib.Meta.NormNum.IsInt.to_raw_eq
                                                    (Mathlib.Meta.NormNum.isInt_neg (Eq.refl Neg.neg)
                                                      (Mathlib.Meta.NormNum.IsNat.to_isInt
                                                        (Mathlib.Meta.NormNum.IsNat.of_raw ℝ 1))
                                                      (Eq.refl (Int.negOfNat 1))))
                                                  (Mathlib.Tactic.Ring.Common.neg_add
                                                    (Mathlib.Tactic.Ring.Common.neg_mul (↑n) (Nat.rawCast 1)
                                                      (Mathlib.Meta.NormNum.IsInt.to_raw_eq
                                                        (Mathlib.Meta.NormNum.isInt_neg (Eq.refl Neg.neg)
                                                          (Mathlib.Meta.NormNum.IsNat.to_isInt
                                                            (Mathlib.Meta.NormNum.IsNat.of_raw ℝ 1))
                                                          (Eq.refl (Int.negOfNat 1)))))
                                                    (Mathlib.Tactic.Ring.Common.neg_add
                                                      (Mathlib.Tactic.Ring.Common.neg_mul (↑n) (Nat.rawCast 1)
                                                        (Mathlib.Tactic.Ring.Common.neg_mul ε₀ (Nat.rawCast 1)
                                                          (Mathlib.Meta.NormNum.IsNat.to_raw_eq
                                                            (Mathlib.Meta.NormNum.IsInt.to_isNat
                                                              (Mathlib.Meta.NormNum.isInt_neg (Eq.refl Neg.neg)
                                                                (Mathlib.Meta.NormNum.IsInt.of_raw ℝ (Int.negOfNat 1))
                                                                (Eq.refl (Int.ofNat 1)))))))
                                                      (Mathlib.Tactic.Ring.Common.neg_add
                                                        (Mathlib.Tactic.Ring.Common.neg_mul ε₀ (Nat.rawCast 1)
                                                          (Mathlib.Meta.NormNum.IsNat.to_raw_eq
                                                            (Mathlib.Meta.NormNum.IsInt.to_isNat
                                                              (Mathlib.Meta.NormNum.isInt_neg (Eq.refl Neg.neg)
                                                                (Mathlib.Meta.NormNum.IsInt.of_raw ℝ (Int.negOfNat 1))
                                                                (Eq.refl (Int.ofNat 1))))))
                                                        Mathlib.Tactic.Ring.Common.neg_zero))))
                                                (Mathlib.Tactic.Ring.Common.add_pf_add_overlap_zero
                                                  (Mathlib.Meta.NormNum.IsInt.to_isNat
                                                    (Mathlib.Meta.NormNum.isInt_add (Eq.refl HAdd.hAdd)
                                                      (Mathlib.Meta.NormNum.IsNat.to_isInt
                                                        (Mathlib.Meta.NormNum.IsNat.of_raw ℝ 1))
                                                      (Mathlib.Meta.NormNum.IsInt.of_raw ℝ (Int.negOfNat 1))
                                                      (Eq.refl (Int.ofNat 0))))
                                                  (Mathlib.Tactic.Ring.Common.add_pf_add_lt
                                                    (↑↑(Luce.terminalCandidate n m) ^ Nat.rawCast 1 * Nat.rawCast 1)
                                                    (Mathlib.Tactic.Ring.Common.add_pf_zero_add
                                                      (↑n ^ Nat.rawCast 1 * (Int.negOfNat 1).rawCast +
                                                        (↑n ^ Nat.rawCast 1 * (ε₀ ^ Nat.rawCast 1 * Nat.rawCast 1) +
                                                          (ε₀ ^ Nat.rawCast 1 * Nat.rawCast 1 + 0))))))))
                                            (Mathlib.Tactic.Ring.Common.add_pf_add_overlap_zero
                                              (Mathlib.Tactic.Ring.Common.add_overlap_pf_zero
                                                (↑↑(Luce.terminalCandidate n m)) (Nat.rawCast 1)
                                                (Mathlib.Meta.NormNum.IsInt.to_isNat
                                                  (Mathlib.Meta.NormNum.isInt_add (Eq.refl HAdd.hAdd)
                                                    (Mathlib.Meta.NormNum.IsInt.of_raw ℝ (Int.negOfNat 1))
                                                    (Mathlib.Meta.NormNum.IsNat.to_isInt
                                                      (Mathlib.Meta.NormNum.IsNat.of_raw ℝ 1))
                                                    (Eq.refl (Int.ofNat 0)))))
                                              (Mathlib.Tactic.Ring.Common.add_pf_add_overlap_zero
                                                (Mathlib.Tactic.Ring.Common.add_overlap_pf_zero (↑n) (Nat.rawCast 1)
                                                  (Mathlib.Meta.NormNum.IsInt.to_isNat
                                                    (Mathlib.Meta.NormNum.isInt_add (Eq.refl HAdd.hAdd)
                                                      (Mathlib.Meta.NormNum.IsNat.to_isInt
                                                        (Mathlib.Meta.NormNum.IsNat.of_raw ℝ 1))
                                                      (Mathlib.Meta.NormNum.IsInt.of_raw ℝ (Int.negOfNat 1))
                                                      (Eq.refl (Int.ofNat 0)))))
                                                (Mathlib.Tactic.Ring.Common.add_pf_add_lt
                                                  (↑n ^ Nat.rawCast 1 * (ε₁ ^ Nat.rawCast 1 * (Int.negOfNat 1).rawCast))
                                                  (Mathlib.Tactic.Ring.Common.add_pf_add_gt
                                                    (↑n ^ Nat.rawCast 1 * (ε₀ ^ Nat.rawCast 1 * Nat.rawCast 1))
                                                    (Mathlib.Tactic.Ring.Common.add_pf_add_lt
                                                      (ε₁ ^ Nat.rawCast 1 * (Int.negOfNat 1).rawCast)
                                                      (Mathlib.Tactic.Ring.Common.add_pf_zero_add
                                                        (ε₀ ^ Nat.rawCast 1 * Nat.rawCast 1 + 0))))))))
                                          (Mathlib.Tactic.Ring.Common.sub_congr
                                            (Mathlib.Tactic.Ring.Common.mul_congr
                                              (Mathlib.Tactic.Ring.Common.atom_pf ε₁ rfl
                                                (Eq.mpr
                                                  (id
                                                    (congrArg
                                                      (fun _a =>
                                                        ε₁ ^ Nat.rawCast 1 * Nat.rawCast 1 = ε₁ ^ Nat.rawCast 1 * _a)
                                                      (Eq.symm rfl)))
                                                  (Eq.refl (ε₁ ^ Nat.rawCast 1 * Nat.rawCast 1))))
                                              (Mathlib.Tactic.Ring.Common.add_congr
                                                (Mathlib.Tactic.Ring.Common.atom_pf (↑n) rfl
                                                  (Eq.mpr
                                                    (id
                                                      (congrArg
                                                        (fun _a =>
                                                          ↑n ^ Nat.rawCast 1 * Nat.rawCast 1 = ↑n ^ Nat.rawCast 1 * _a)
                                                        (Eq.symm rfl)))
                                                    (Eq.refl (↑n ^ Nat.rawCast 1 * Nat.rawCast 1))))
                                                (Mathlib.Tactic.Ring.cast_pos
                                                  (Mathlib.Meta.NormNum.isNat_ofNat ℝ Nat.cast_one))
                                                (Mathlib.Tactic.Ring.Common.add_pf_add_gt (Nat.rawCast 1)
                                                  (Mathlib.Tactic.Ring.Common.add_pf_add_zero
                                                    (↑n ^ Nat.rawCast 1 * Nat.rawCast 1 + 0))))
                                              (Mathlib.Tactic.Ring.Common.add_mul
                                                (Mathlib.Tactic.Ring.Common.mul_add
                                                  (Mathlib.Tactic.Ring.Common.mul_pf_left ε₁ (Nat.rawCast 1)
                                                    (Mathlib.Meta.NormNum.IsNat.to_raw_eq
                                                      (Mathlib.Meta.NormNum.isNat_mul (Eq.refl HMul.hMul)
                                                        (Mathlib.Meta.NormNum.IsNat.of_raw ℝ 1)
                                                        (Mathlib.Meta.NormNum.IsNat.of_raw ℝ 1) (Eq.refl 1))))
                                                  (Mathlib.Tactic.Ring.Common.mul_add
                                                    (Mathlib.Tactic.Ring.Common.mul_pf_right (↑n) (Nat.rawCast 1)
                                                      (Mathlib.Tactic.Ring.Common.mul_pf_left ε₁ (Nat.rawCast 1)
                                                        (Mathlib.Meta.NormNum.IsNat.to_raw_eq
                                                          (Mathlib.Meta.NormNum.isNat_mul (Eq.refl HMul.hMul)
                                                            (Mathlib.Meta.NormNum.IsNat.of_raw ℝ 1)
                                                            (Mathlib.Meta.NormNum.IsNat.of_raw ℝ 1) (Eq.refl 1)))))
                                                    (Mathlib.Tactic.Ring.Common.mul_zero
                                                      (ε₁ ^ Nat.rawCast 1 * Nat.rawCast 1))
                                                    (Mathlib.Tactic.Ring.Common.add_pf_add_zero
                                                      (↑n ^ Nat.rawCast 1 * (ε₁ ^ Nat.rawCast 1 * Nat.rawCast 1) + 0)))
                                                  (Mathlib.Tactic.Ring.Common.add_pf_add_gt
                                                    (↑n ^ Nat.rawCast 1 * (ε₁ ^ Nat.rawCast 1 * Nat.rawCast 1))
                                                    (Mathlib.Tactic.Ring.Common.add_pf_add_zero
                                                      (ε₁ ^ Nat.rawCast 1 * Nat.rawCast 1 + 0))))
                                                (Mathlib.Tactic.Ring.Common.zero_mul
                                                  (Nat.rawCast 1 + (↑n ^ Nat.rawCast 1 * Nat.rawCast 1 + 0)))
                                                (Mathlib.Tactic.Ring.Common.add_pf_add_zero
                                                  (↑n ^ Nat.rawCast 1 * (ε₁ ^ Nat.rawCast 1 * Nat.rawCast 1) +
                                                    (ε₁ ^ Nat.rawCast 1 * Nat.rawCast 1 + 0)))))
                                            (Mathlib.Tactic.Ring.Common.mul_congr
                                              (Mathlib.Tactic.Ring.Common.atom_pf ε₀ rfl
                                                (Eq.mpr
                                                  (id
                                                    (congrArg
                                                      (fun _a =>
                                                        ε₀ ^ Nat.rawCast 1 * Nat.rawCast 1 = ε₀ ^ Nat.rawCast 1 * _a)
                                                      (Eq.symm rfl)))
                                                  (Eq.refl (ε₀ ^ Nat.rawCast 1 * Nat.rawCast 1))))
                                              (Mathlib.Tactic.Ring.Common.add_congr
                                                (Mathlib.Tactic.Ring.Common.atom_pf (↑n) rfl
                                                  (Eq.mpr
                                                    (id
                                                      (congrArg
                                                        (fun _a =>
                                                          ↑n ^ Nat.rawCast 1 * Nat.rawCast 1 = ↑n ^ Nat.rawCast 1 * _a)
                                                        (Eq.symm rfl)))
                                                    (Eq.refl (↑n ^ Nat.rawCast 1 * Nat.rawCast 1))))
                                                (Mathlib.Tactic.Ring.cast_pos
                                                  (Mathlib.Meta.NormNum.isNat_ofNat ℝ Nat.cast_one))
                                                (Mathlib.Tactic.Ring.Common.add_pf_add_gt (Nat.rawCast 1)
                                                  (Mathlib.Tactic.Ring.Common.add_pf_add_zero
                                                    (↑n ^ Nat.rawCast 1 * Nat.rawCast 1 + 0))))
                                              (Mathlib.Tactic.Ring.Common.add_mul
                                                (Mathlib.Tactic.Ring.Common.mul_add
                                                  (Mathlib.Tactic.Ring.Common.mul_pf_left ε₀ (Nat.rawCast 1)
                                                    (Mathlib.Meta.NormNum.IsNat.to_raw_eq
                                                      (Mathlib.Meta.NormNum.isNat_mul (Eq.refl HMul.hMul)
                                                        (Mathlib.Meta.NormNum.IsNat.of_raw ℝ 1)
                                                        (Mathlib.Meta.NormNum.IsNat.of_raw ℝ 1) (Eq.refl 1))))
                                                  (Mathlib.Tactic.Ring.Common.mul_add
                                                    (Mathlib.Tactic.Ring.Common.mul_pf_right (↑n) (Nat.rawCast 1)
                                                      (Mathlib.Tactic.Ring.Common.mul_pf_left ε₀ (Nat.rawCast 1)
                                                        (Mathlib.Meta.NormNum.IsNat.to_raw_eq
                                                          (Mathlib.Meta.NormNum.isNat_mul (Eq.refl HMul.hMul)
                                                            (Mathlib.Meta.NormNum.IsNat.of_raw ℝ 1)
                                                            (Mathlib.Meta.NormNum.IsNat.of_raw ℝ 1) (Eq.refl 1)))))
                                                    (Mathlib.Tactic.Ring.Common.mul_zero
                                                      (ε₀ ^ Nat.rawCast 1 * Nat.rawCast 1))
                                                    (Mathlib.Tactic.Ring.Common.add_pf_add_zero
                                                      (↑n ^ Nat.rawCast 1 * (ε₀ ^ Nat.rawCast 1 * Nat.rawCast 1) + 0)))
                                                  (Mathlib.Tactic.Ring.Common.add_pf_add_gt
                                                    (↑n ^ Nat.rawCast 1 * (ε₀ ^ Nat.rawCast 1 * Nat.rawCast 1))
                                                    (Mathlib.Tactic.Ring.Common.add_pf_add_zero
                                                      (ε₀ ^ Nat.rawCast 1 * Nat.rawCast 1 + 0))))
                                                (Mathlib.Tactic.Ring.Common.zero_mul
                                                  (Nat.rawCast 1 + (↑n ^ Nat.rawCast 1 * Nat.rawCast 1 + 0)))
                                                (Mathlib.Tactic.Ring.Common.add_pf_add_zero
                                                  (↑n ^ Nat.rawCast 1 * (ε₀ ^ Nat.rawCast 1 * Nat.rawCast 1) +
                                                    (ε₀ ^ Nat.rawCast 1 * Nat.rawCast 1 + 0)))))
                                            (Mathlib.Tactic.Ring.Common.sub_pf
                                              (Mathlib.Tactic.Ring.Common.neg_add
                                                (Mathlib.Tactic.Ring.Common.neg_mul (↑n) (Nat.rawCast 1)
                                                  (Mathlib.Tactic.Ring.Common.neg_mul ε₀ (Nat.rawCast 1)
                                                    (Mathlib.Meta.NormNum.IsInt.to_raw_eq
                                                      (Mathlib.Meta.NormNum.isInt_neg (Eq.refl Neg.neg)
                                                        (Mathlib.Meta.NormNum.IsNat.to_isInt
                                                          (Mathlib.Meta.NormNum.IsNat.of_raw ℝ 1))
                                                        (Eq.refl (Int.negOfNat 1))))))
                                                (Mathlib.Tactic.Ring.Common.neg_add
                                                  (Mathlib.Tactic.Ring.Common.neg_mul ε₀ (Nat.rawCast 1)
                                                    (Mathlib.Meta.NormNum.IsInt.to_raw_eq
                                                      (Mathlib.Meta.NormNum.isInt_neg (Eq.refl Neg.neg)
                                                        (Mathlib.Meta.NormNum.IsNat.to_isInt
                                                          (Mathlib.Meta.NormNum.IsNat.of_raw ℝ 1))
                                                        (Eq.refl (Int.negOfNat 1)))))
                                                  Mathlib.Tactic.Ring.Common.neg_zero))
                                              (Mathlib.Tactic.Ring.Common.add_pf_add_lt
                                                (↑n ^ Nat.rawCast 1 * (ε₁ ^ Nat.rawCast 1 * Nat.rawCast 1))
                                                (Mathlib.Tactic.Ring.Common.add_pf_add_gt
                                                  (↑n ^ Nat.rawCast 1 * (ε₀ ^ Nat.rawCast 1 * (Int.negOfNat 1).rawCast))
                                                  (Mathlib.Tactic.Ring.Common.add_pf_add_lt
                                                    (ε₁ ^ Nat.rawCast 1 * Nat.rawCast 1)
                                                    (Mathlib.Tactic.Ring.Common.add_pf_zero_add
                                                      (ε₀ ^ Nat.rawCast 1 * (Int.negOfNat 1).rawCast + 0)))))))
                                          (Mathlib.Tactic.Ring.Common.add_pf_add_overlap_zero
                                            (Mathlib.Tactic.Ring.Common.add_overlap_pf_zero (↑n) (Nat.rawCast 1)
                                              (Mathlib.Tactic.Ring.Common.add_overlap_pf_zero ε₁ (Nat.rawCast 1)
                                                (Mathlib.Meta.NormNum.IsInt.to_isNat
                                                  (Mathlib.Meta.NormNum.isInt_add (Eq.refl HAdd.hAdd)
                                                    (Mathlib.Meta.NormNum.IsInt.of_raw ℝ (Int.negOfNat 1))
                                                    (Mathlib.Meta.NormNum.IsNat.to_isInt
                                                      (Mathlib.Meta.NormNum.IsNat.of_raw ℝ 1))
                                                    (Eq.refl (Int.ofNat 0))))))
                                            (Mathlib.Tactic.Ring.Common.add_pf_add_overlap_zero
                                              (Mathlib.Tactic.Ring.Common.add_overlap_pf_zero (↑n) (Nat.rawCast 1)
                                                (Mathlib.Tactic.Ring.Common.add_overlap_pf_zero ε₀ (Nat.rawCast 1)
                                                  (Mathlib.Meta.NormNum.IsInt.to_isNat
                                                    (Mathlib.Meta.NormNum.isInt_add (Eq.refl HAdd.hAdd)
                                                      (Mathlib.Meta.NormNum.IsNat.to_isInt
                                                        (Mathlib.Meta.NormNum.IsNat.of_raw ℝ 1))
                                                      (Mathlib.Meta.NormNum.IsInt.of_raw ℝ (Int.negOfNat 1))
                                                      (Eq.refl (Int.ofNat 0))))))
                                              (Mathlib.Tactic.Ring.Common.add_pf_add_overlap_zero
                                                (Mathlib.Tactic.Ring.Common.add_overlap_pf_zero ε₁ (Nat.rawCast 1)
                                                  (Mathlib.Meta.NormNum.IsInt.to_isNat
                                                    (Mathlib.Meta.NormNum.isInt_add (Eq.refl HAdd.hAdd)
                                                      (Mathlib.Meta.NormNum.IsInt.of_raw ℝ (Int.negOfNat 1))
                                                      (Mathlib.Meta.NormNum.IsNat.to_isInt
                                                        (Mathlib.Meta.NormNum.IsNat.of_raw ℝ 1))
                                                      (Eq.refl (Int.ofNat 0)))))
                                                (Mathlib.Tactic.Ring.Common.add_pf_add_overlap_zero
                                                  (Mathlib.Tactic.Ring.Common.add_overlap_pf_zero ε₀ (Nat.rawCast 1)
                                                    (Mathlib.Meta.NormNum.IsInt.to_isNat
                                                      (Mathlib.Meta.NormNum.isInt_add (Eq.refl HAdd.hAdd)
                                                        (Mathlib.Meta.NormNum.IsNat.to_isInt
                                                          (Mathlib.Meta.NormNum.IsNat.of_raw ℝ 1))
                                                        (Mathlib.Meta.NormNum.IsInt.of_raw ℝ (Int.negOfNat 1))
                                                        (Eq.refl (Int.ofNat 0)))))
                                                  (Mathlib.Tactic.Ring.Common.add_pf_zero_add 0))))))
                                        (Mathlib.Tactic.Ring.cast_zero
                                          (Mathlib.Meta.NormNum.isNat_ofNat ℝ Nat.cast_zero))))
                                    (Mathlib.Tactic.Linarith.add_lt_of_neg_of_le
                                      (Mathlib.Tactic.Linarith.add_neg
                                        (Mathlib.Tactic.Linarith.lt_of_eq_of_lt
                                          (neg_eq_zero.mpr (sub_eq_zero_of_eq hindex))
                                          (Mathlib.Tactic.Linarith.sub_neg_of_lt hm_lt))
                                        (Mathlib.Tactic.Linarith.sub_neg_of_lt a))
                                      (Mathlib.Tactic.Linarith.sub_nonpos_of_le
                                        (mul_le_mul_of_nonneg_right hε₁ε₀ (LT.lt.le hN)))))))))⟩⟩)
theorem Luce.endpointAssumption_epsilon_estimate : ∀ (w : Luce.WeightArray),
  Luce.NormalizedWeights w →
    Luce.EndpointAssumption w →
      ∃ γ,
        0 < γ ∧
          ∃ δ,
            0 < δ ∧
              ∀ (ε : ℝ),
                0 < ε →
                  ε < δ →
                    limsup (Luce.epsilonTailExpectation (fun n => w (n + 1)) ε) atTop ≤ 2 ^ (1 + γ / 2) * ε ^ (γ / 4) :=
fun w hnorm hend =>
  Exists.casesOn (Luce.EndpointAssumption.eventually_terminal_rates hend) fun γ h =>
    Exists.casesOn h fun ε₀ h =>
      And.casesOn h fun hγ right =>
        And.casesOn right fun hε₀ hrate =>
          Exists.intro γ
            ⟨hγ,
              Luce.endpoint_epsilon_estimate (fun n => w (n + 1)) (Luce.NormalizedWeights.sum_rates_succ hnorm) hγ hε₀
                hrate⟩
theorem Luce.endpointAssumption_epsilon_estimate_bounded : ∀ (w : Luce.WeightArray),
  Luce.NormalizedWeights w →
    Luce.EndpointAssumption w →
      ∃ γ,
        0 < γ ∧
          ∃ δ,
            0 < δ ∧
              ∀ (ε : ℝ),
                0 < ε →
                  ε < δ →
                    IsBoundedUnder (fun x1 x2 => x1 ≤ x2) atTop (Luce.epsilonTailExpectation (fun n => w (n + 1)) ε) ∧
                      limsup (Luce.epsilonTailExpectation (fun n => w (n + 1)) ε) atTop ≤
                        2 ^ (1 + γ / 2) * ε ^ (γ / 4) :=
fun w hnorm hend =>
  Exists.casesOn (Luce.EndpointAssumption.eventually_terminal_rates hend) fun γ h =>
    Exists.casesOn h fun ε₀ h =>
      And.casesOn h fun hγ right =>
        And.casesOn right fun hε₀ hrate =>
          let δ := min ε₀ (min (1 / 4) (Real.exp (-2 / γ) / 2) ^ 2);
          have hδ :=
            id
              (lt_min hε₀
                (pow_pos
                  (lt_min
                    (div_pos
                      (Mathlib.Meta.Positivity.pos_of_isNat (Mathlib.Meta.NormNum.isNat_ofNat ℝ Nat.cast_one)
                        (Eq.refl (Nat.ble 1 1)))
                      (Mathlib.Meta.Positivity.pos_of_isNat (Mathlib.Meta.NormNum.isNat_ofNat ℝ (Eq.refl 4))
                        (Eq.refl (Nat.ble 1 4))))
                    (div_pos (Real.exp_pos (-2 / γ))
                      (Mathlib.Meta.Positivity.pos_of_isNat (Mathlib.Meta.NormNum.isNat_ofNat ℝ (Eq.refl 2))
                        (Eq.refl (Nat.ble 1 2)))))
                  2));
          Exists.intro γ
            ⟨hγ,
              Exists.intro δ
                ⟨hδ, fun ε hε hεδ =>
                  have hεε₀ := LT.lt.le (LT.lt.trans_le hεδ (min_le_left ε₀ (min (1 / 4) (Real.exp (-2 / γ) / 2) ^ 2)));
                  have hεmin := LT.lt.trans_le hεδ (min_le_right ε₀ (min (1 / 4) (Real.exp (-2 / γ) / 2) ^ 2));
                  have hminpos :=
                    lt_min
                      (div_pos
                        (Mathlib.Meta.Positivity.pos_of_isNat (Mathlib.Meta.NormNum.isNat_ofNat ℝ Nat.cast_one)
                          (Eq.refl (Nat.ble 1 1)))
                        (Mathlib.Meta.Positivity.pos_of_isNat (Mathlib.Meta.NormNum.isNat_ofNat ℝ (Eq.refl 4))
                          (Eq.refl (Nat.ble 1 4))))
                      (div_pos (Real.exp_pos (-2 / γ))
                        (Mathlib.Meta.Positivity.pos_of_isNat (Mathlib.Meta.NormNum.isNat_ofNat ℝ (Eq.refl 2))
                          (Eq.refl (Nat.ble 1 2))));
                  have hroot := (Real.sqrt_lt' hminpos).mpr hεmin;
                  have hrootSmall := LT.lt.trans_le hroot (min_le_left (1 / 4) (Real.exp (-2 / γ) / 2));
                  have hrootpos := Real.sqrt_pos.mpr hε;
                  have hεsmall :=
                    lt_of_not_ge fun a =>
                      Mathlib.Tactic.Linarith.lt_irrefl
                        (Eq.mp
                          (congrArg (fun _a => _a < 0)
                            (Mathlib.Tactic.Ring.of_eq
                              (Mathlib.Tactic.Ring.Common.add_congr
                                (Mathlib.Tactic.Ring.Common.add_congr
                                  (Mathlib.Tactic.Ring.Common.add_congr
                                    (Mathlib.Tactic.Ring.Common.add_congr
                                      (Mathlib.Tactic.Ring.Common.add_congr
                                        (Mathlib.Tactic.Ring.Common.sub_congr
                                          (Mathlib.Tactic.Ring.Common.mul_congr
                                            (Mathlib.Tactic.Ring.cast_pos
                                              (Mathlib.Meta.NormNum.isNat_ofNat ℝ (Eq.refl 4)))
                                            (Mathlib.Tactic.Ring.Common.atom_pf (√ε) rfl
                                              (Eq.mpr
                                                (id
                                                  (congrArg
                                                    (fun _a =>
                                                      √ε ^ Nat.rawCast 1 * Nat.rawCast 1 = √ε ^ Nat.rawCast 1 * _a)
                                                    (Eq.symm rfl)))
                                                (Eq.refl (√ε ^ Nat.rawCast 1 * Nat.rawCast 1))))
                                            (Mathlib.Tactic.Ring.Common.add_mul
                                              (Mathlib.Tactic.Ring.Common.mul_add
                                                (Mathlib.Tactic.Ring.Common.mul_pf_right (√ε) (Nat.rawCast 1)
                                                  (Mathlib.Meta.NormNum.IsNat.to_raw_eq
                                                    (Mathlib.Meta.NormNum.isNat_mul (Eq.refl HMul.hMul)
                                                      (Mathlib.Meta.NormNum.IsNat.of_raw ℝ 4)
                                                      (Mathlib.Meta.NormNum.IsNat.of_raw ℝ 1) (Eq.refl 4))))
                                                (Mathlib.Tactic.Ring.Common.mul_zero (Nat.rawCast 4))
                                                (Mathlib.Tactic.Ring.Common.add_pf_add_zero
                                                  (√ε ^ Nat.rawCast 1 * Nat.rawCast 4 + 0)))
                                              (Mathlib.Tactic.Ring.Common.zero_mul
                                                (√ε ^ Nat.rawCast 1 * Nat.rawCast 1 + 0))
                                              (Mathlib.Tactic.Ring.Common.add_pf_add_zero
                                                (√ε ^ Nat.rawCast 1 * Nat.rawCast 4 + 0))))
                                          (Mathlib.Tactic.Ring.Common.mul_congr
                                            (Mathlib.Tactic.Ring.cast_pos
                                              (Mathlib.Meta.NormNum.isNat_ofNat ℝ Nat.cast_one))
                                            (Mathlib.Tactic.Ring.cast_pos
                                              (Mathlib.Meta.NormNum.isNat_ofNat ℝ Nat.cast_one))
                                            (Mathlib.Tactic.Ring.Common.add_mul
                                              (Mathlib.Tactic.Ring.Common.mul_add
                                                (Mathlib.Meta.NormNum.IsNat.to_raw_eq
                                                  (Mathlib.Meta.NormNum.isNat_mul (Eq.refl HMul.hMul)
                                                    (Mathlib.Meta.NormNum.IsNat.of_raw ℝ 1)
                                                    (Mathlib.Meta.NormNum.IsNat.of_raw ℝ 1) (Eq.refl 1)))
                                                (Mathlib.Tactic.Ring.Common.mul_zero (Nat.rawCast 1))
                                                (Mathlib.Tactic.Ring.Common.add_pf_add_zero (Nat.rawCast 1 + 0)))
                                              (Mathlib.Tactic.Ring.Common.zero_mul (Nat.rawCast 1 + 0))
                                              (Mathlib.Tactic.Ring.Common.add_pf_add_zero (Nat.rawCast 1 + 0))))
                                          (Mathlib.Tactic.Ring.Common.sub_pf
                                            (Mathlib.Tactic.Ring.Common.neg_add
                                              (Mathlib.Meta.NormNum.IsInt.to_raw_eq
                                                (Mathlib.Meta.NormNum.isInt_neg (Eq.refl Neg.neg)
                                                  (Mathlib.Meta.NormNum.IsNat.to_isInt
                                                    (Mathlib.Meta.NormNum.IsNat.of_raw ℝ 1))
                                                  (Eq.refl (Int.negOfNat 1))))
                                              Mathlib.Tactic.Ring.Common.neg_zero)
                                            (Mathlib.Tactic.Ring.Common.add_pf_add_gt (Int.negOfNat 1).rawCast
                                              (Mathlib.Tactic.Ring.Common.add_pf_add_zero
                                                (√ε ^ Nat.rawCast 1 * Nat.rawCast 4 + 0)))))
                                        (Mathlib.Tactic.Ring.Common.sub_congr
                                          (Mathlib.Tactic.Ring.Common.mul_congr
                                            (Mathlib.Tactic.Ring.cast_pos
                                              (Mathlib.Meta.NormNum.isNat_ofNat ℝ Nat.cast_one))
                                            (Mathlib.Tactic.Ring.cast_pos
                                              (Mathlib.Meta.NormNum.isNat_ofNat ℝ Nat.cast_one))
                                            (Mathlib.Tactic.Ring.Common.add_mul
                                              (Mathlib.Tactic.Ring.Common.mul_add
                                                (Mathlib.Meta.NormNum.IsNat.to_raw_eq
                                                  (Mathlib.Meta.NormNum.isNat_mul (Eq.refl HMul.hMul)
                                                    (Mathlib.Meta.NormNum.IsNat.of_raw ℝ 1)
                                                    (Mathlib.Meta.NormNum.IsNat.of_raw ℝ 1) (Eq.refl 1)))
                                                (Mathlib.Tactic.Ring.Common.mul_zero (Nat.rawCast 1))
                                                (Mathlib.Tactic.Ring.Common.add_pf_add_zero (Nat.rawCast 1 + 0)))
                                              (Mathlib.Tactic.Ring.Common.zero_mul (Nat.rawCast 1 + 0))
                                              (Mathlib.Tactic.Ring.Common.add_pf_add_zero (Nat.rawCast 1 + 0))))
                                          (Mathlib.Tactic.Ring.Common.mul_congr
                                            (Mathlib.Tactic.Ring.cast_pos
                                              (Mathlib.Meta.NormNum.isNat_ofNat ℝ (Eq.refl 4)))
                                            (Mathlib.Tactic.Ring.Common.atom_pf ε rfl
                                              (Eq.mpr
                                                (id
                                                  (congrArg
                                                    (fun _a =>
                                                      ε ^ Nat.rawCast 1 * Nat.rawCast 1 = ε ^ Nat.rawCast 1 * _a)
                                                    (Eq.symm rfl)))
                                                (Eq.refl (ε ^ Nat.rawCast 1 * Nat.rawCast 1))))
                                            (Mathlib.Tactic.Ring.Common.add_mul
                                              (Mathlib.Tactic.Ring.Common.mul_add
                                                (Mathlib.Tactic.Ring.Common.mul_pf_right ε (Nat.rawCast 1)
                                                  (Mathlib.Meta.NormNum.IsNat.to_raw_eq
                                                    (Mathlib.Meta.NormNum.isNat_mul (Eq.refl HMul.hMul)
                                                      (Mathlib.Meta.NormNum.IsNat.of_raw ℝ 4)
                                                      (Mathlib.Meta.NormNum.IsNat.of_raw ℝ 1) (Eq.refl 4))))
                                                (Mathlib.Tactic.Ring.Common.mul_zero (Nat.rawCast 4))
                                                (Mathlib.Tactic.Ring.Common.add_pf_add_zero
                                                  (ε ^ Nat.rawCast 1 * Nat.rawCast 4 + 0)))
                                              (Mathlib.Tactic.Ring.Common.zero_mul
                                                (ε ^ Nat.rawCast 1 * Nat.rawCast 1 + 0))
                                              (Mathlib.Tactic.Ring.Common.add_pf_add_zero
                                                (ε ^ Nat.rawCast 1 * Nat.rawCast 4 + 0))))
                                          (Mathlib.Tactic.Ring.Common.sub_pf
                                            (Mathlib.Tactic.Ring.Common.neg_add
                                              (Mathlib.Tactic.Ring.Common.neg_mul ε (Nat.rawCast 1)
                                                (Mathlib.Meta.NormNum.IsInt.to_raw_eq
                                                  (Mathlib.Meta.NormNum.isInt_neg (Eq.refl Neg.neg)
                                                    (Mathlib.Meta.NormNum.IsNat.to_isInt
                                                      (Mathlib.Meta.NormNum.IsNat.of_raw ℝ 4))
                                                    (Eq.refl (Int.negOfNat 4)))))
                                              Mathlib.Tactic.Ring.Common.neg_zero)
                                            (Mathlib.Tactic.Ring.Common.add_pf_add_lt (Nat.rawCast 1)
                                              (Mathlib.Tactic.Ring.Common.add_pf_zero_add
                                                (ε ^ Nat.rawCast 1 * (Int.negOfNat 4).rawCast + 0)))))
                                        (Mathlib.Tactic.Ring.Common.add_pf_add_overlap_zero
                                          (Mathlib.Meta.NormNum.IsInt.to_isNat
                                            (Mathlib.Meta.NormNum.isInt_add (Eq.refl HAdd.hAdd)
                                              (Mathlib.Meta.NormNum.IsInt.of_raw ℝ (Int.negOfNat 1))
                                              (Mathlib.Meta.NormNum.IsNat.to_isInt
                                                (Mathlib.Meta.NormNum.IsNat.of_raw ℝ 1))
                                              (Eq.refl (Int.ofNat 0))))
                                          (Mathlib.Tactic.Ring.Common.add_pf_add_lt (√ε ^ Nat.rawCast 1 * Nat.rawCast 4)
                                            (Mathlib.Tactic.Ring.Common.add_pf_zero_add
                                              (ε ^ Nat.rawCast 1 * (Int.negOfNat 4).rawCast + 0)))))
                                      (Mathlib.Tactic.Ring.Common.mul_congr
                                        (Mathlib.Tactic.Ring.cast_pos (Mathlib.Meta.NormNum.isNat_ofNat ℝ (Eq.refl 16)))
                                        (Mathlib.Tactic.Ring.Common.neg_congr
                                          (Mathlib.Tactic.Ring.Common.sub_congr
                                            (Mathlib.Tactic.Ring.Common.pow_congr
                                              (Mathlib.Tactic.Ring.Common.atom_pf (√ε) rfl
                                                (Eq.mpr
                                                  (id
                                                    (congrArg
                                                      (fun _a =>
                                                        √ε ^ Nat.rawCast 1 * Nat.rawCast 1 = √ε ^ Nat.rawCast 1 * _a)
                                                      (Eq.symm rfl)))
                                                  (Eq.refl (√ε ^ Nat.rawCast 1 * Nat.rawCast 1))))
                                              (Mathlib.Tactic.Ring.cast_pos
                                                (Mathlib.Meta.NormNum.isNat_ofNat ℕ (Eq.refl 2)))
                                              (Mathlib.Tactic.Ring.Common.pow_add
                                                (Mathlib.Tactic.Ring.Common.single_pow
                                                  (Mathlib.Tactic.Ring.Common.mul_pow_mul
                                                    (Mathlib.Meta.NormNum.IsNat.to_raw_eq
                                                      (Mathlib.Meta.NormNum.isNat_mul (Eq.refl HMul.hMul)
                                                        (Mathlib.Meta.NormNum.IsNat.of_raw ℕ 1)
                                                        (Mathlib.Meta.NormNum.IsNat.of_raw ℕ 2) (Eq.refl 2)))
                                                    (Mathlib.Tactic.Ring.Common.one_pow (Nat.rawCast 2) { out := rfl })
                                                    (Eq.mpr
                                                      (id
                                                        (congrArg
                                                          (fun _a =>
                                                            √ε ^ Nat.rawCast 2 * Nat.rawCast 1 =
                                                              √ε ^ Nat.rawCast 2 * _a)
                                                          (Eq.symm rfl)))
                                                      (Eq.refl (√ε ^ Nat.rawCast 2 * Nat.rawCast 1)))
                                                    (Mathlib.Tactic.Ring.Common.mul_pf_left (√ε) (Nat.rawCast 2)
                                                      (Mathlib.Meta.NormNum.IsNat.to_raw_eq
                                                        (Mathlib.Meta.NormNum.isNat_mul (Eq.refl HMul.hMul)
                                                          (Mathlib.Meta.NormNum.IsNat.of_raw ℝ 1)
                                                          (Mathlib.Meta.NormNum.IsNat.of_raw ℝ 1) (Eq.refl 1))))))
                                                (Mathlib.Tactic.Ring.Common.pow_zero
                                                  (√ε ^ Nat.rawCast 1 * Nat.rawCast 1 + 0) rfl)
                                                (Mathlib.Tactic.Ring.Common.add_mul
                                                  (Mathlib.Tactic.Ring.Common.mul_add
                                                    (Mathlib.Tactic.Ring.Common.mul_pf_left (√ε) (Nat.rawCast 2)
                                                      (Mathlib.Meta.NormNum.IsNat.to_raw_eq
                                                        (Mathlib.Meta.NormNum.isNat_mul (Eq.refl HMul.hMul)
                                                          (Mathlib.Meta.NormNum.IsNat.of_raw ℝ 1)
                                                          (Mathlib.Meta.NormNum.IsNat.of_raw ℝ 1) (Eq.refl 1))))
                                                    (Mathlib.Tactic.Ring.Common.mul_zero
                                                      (√ε ^ Nat.rawCast 2 * Nat.rawCast 1))
                                                    (Mathlib.Tactic.Ring.Common.add_pf_add_zero
                                                      (√ε ^ Nat.rawCast 2 * Nat.rawCast 1 + 0)))
                                                  (Mathlib.Tactic.Ring.Common.zero_mul (Nat.rawCast 1 + 0))
                                                  (Mathlib.Tactic.Ring.Common.add_pf_add_zero
                                                    (√ε ^ Nat.rawCast 2 * Nat.rawCast 1 + 0)))))
                                            (Mathlib.Tactic.Ring.Common.atom_pf ε rfl
                                              (Eq.mpr
                                                (id
                                                  (congrArg
                                                    (fun _a =>
                                                      ε ^ Nat.rawCast 1 * Nat.rawCast 1 = ε ^ Nat.rawCast 1 * _a)
                                                    (Eq.symm rfl)))
                                                (Eq.refl (ε ^ Nat.rawCast 1 * Nat.rawCast 1))))
                                            (Mathlib.Tactic.Ring.Common.sub_pf
                                              (Mathlib.Tactic.Ring.Common.neg_add
                                                (Mathlib.Tactic.Ring.Common.neg_mul ε (Nat.rawCast 1)
                                                  (Mathlib.Meta.NormNum.IsInt.to_raw_eq
                                                    (Mathlib.Meta.NormNum.isInt_neg (Eq.refl Neg.neg)
                                                      (Mathlib.Meta.NormNum.IsNat.to_isInt
                                                        (Mathlib.Meta.NormNum.IsNat.of_raw ℝ 1))
                                                      (Eq.refl (Int.negOfNat 1)))))
                                                Mathlib.Tactic.Ring.Common.neg_zero)
                                              (Mathlib.Tactic.Ring.Common.add_pf_add_lt
                                                (√ε ^ Nat.rawCast 2 * Nat.rawCast 1)
                                                (Mathlib.Tactic.Ring.Common.add_pf_zero_add
                                                  (ε ^ Nat.rawCast 1 * (Int.negOfNat 1).rawCast + 0)))))
                                          (Mathlib.Tactic.Ring.Common.neg_add
                                            (Mathlib.Tactic.Ring.Common.neg_mul (√ε) (Nat.rawCast 2)
                                              (Mathlib.Meta.NormNum.IsInt.to_raw_eq
                                                (Mathlib.Meta.NormNum.isInt_neg (Eq.refl Neg.neg)
                                                  (Mathlib.Meta.NormNum.IsNat.to_isInt
                                                    (Mathlib.Meta.NormNum.IsNat.of_raw ℝ 1))
                                                  (Eq.refl (Int.negOfNat 1)))))
                                            (Mathlib.Tactic.Ring.Common.neg_add
                                              (Mathlib.Tactic.Ring.Common.neg_mul ε (Nat.rawCast 1)
                                                (Mathlib.Meta.NormNum.IsNat.to_raw_eq
                                                  (Mathlib.Meta.NormNum.IsInt.to_isNat
                                                    (Mathlib.Meta.NormNum.isInt_neg (Eq.refl Neg.neg)
                                                      (Mathlib.Meta.NormNum.IsInt.of_raw ℝ (Int.negOfNat 1))
                                                      (Eq.refl (Int.ofNat 1))))))
                                              Mathlib.Tactic.Ring.Common.neg_zero)))
                                        (Mathlib.Tactic.Ring.Common.add_mul
                                          (Mathlib.Tactic.Ring.Common.mul_add
                                            (Mathlib.Tactic.Ring.Common.mul_pf_right (√ε) (Nat.rawCast 2)
                                              (Mathlib.Meta.NormNum.IsInt.to_raw_eq
                                                (Mathlib.Meta.NormNum.isInt_mul (Eq.refl HMul.hMul)
                                                  (Mathlib.Meta.NormNum.IsNat.to_isInt
                                                    (Mathlib.Meta.NormNum.IsNat.of_raw ℝ 16))
                                                  (Mathlib.Meta.NormNum.IsInt.of_raw ℝ (Int.negOfNat 1))
                                                  (Eq.refl (Int.negOfNat 16)))))
                                            (Mathlib.Tactic.Ring.Common.mul_add
                                              (Mathlib.Tactic.Ring.Common.mul_pf_right ε (Nat.rawCast 1)
                                                (Mathlib.Meta.NormNum.IsNat.to_raw_eq
                                                  (Mathlib.Meta.NormNum.isNat_mul (Eq.refl HMul.hMul)
                                                    (Mathlib.Meta.NormNum.IsNat.of_raw ℝ 16)
                                                    (Mathlib.Meta.NormNum.IsNat.of_raw ℝ 1) (Eq.refl 16))))
                                              (Mathlib.Tactic.Ring.Common.mul_zero (Nat.rawCast 16))
                                              (Mathlib.Tactic.Ring.Common.add_pf_add_zero
                                                (ε ^ Nat.rawCast 1 * Nat.rawCast 16 + 0)))
                                            (Mathlib.Tactic.Ring.Common.add_pf_add_lt
                                              (√ε ^ Nat.rawCast 2 * (Int.negOfNat 16).rawCast)
                                              (Mathlib.Tactic.Ring.Common.add_pf_zero_add
                                                (ε ^ Nat.rawCast 1 * Nat.rawCast 16 + 0))))
                                          (Mathlib.Tactic.Ring.Common.zero_mul
                                            (√ε ^ Nat.rawCast 2 * (Int.negOfNat 1).rawCast +
                                              (ε ^ Nat.rawCast 1 * Nat.rawCast 1 + 0)))
                                          (Mathlib.Tactic.Ring.Common.add_pf_add_zero
                                            (√ε ^ Nat.rawCast 2 * (Int.negOfNat 16).rawCast +
                                              (ε ^ Nat.rawCast 1 * Nat.rawCast 16 + 0)))))
                                      (Mathlib.Tactic.Ring.Common.add_pf_add_lt (√ε ^ Nat.rawCast 1 * Nat.rawCast 4)
                                        (Mathlib.Tactic.Ring.Common.add_pf_add_gt
                                          (√ε ^ Nat.rawCast 2 * (Int.negOfNat 16).rawCast)
                                          (Mathlib.Tactic.Ring.Common.add_pf_add_overlap
                                            (Mathlib.Tactic.Ring.Common.add_overlap_pf ε (Nat.rawCast 1)
                                              (Mathlib.Meta.NormNum.IsNat.to_raw_eq
                                                (Mathlib.Meta.NormNum.IsInt.to_isNat
                                                  (Mathlib.Meta.NormNum.isInt_add (Eq.refl HAdd.hAdd)
                                                    (Mathlib.Meta.NormNum.IsInt.of_raw ℝ (Int.negOfNat 4))
                                                    (Mathlib.Meta.NormNum.IsNat.to_isInt
                                                      (Mathlib.Meta.NormNum.IsNat.of_raw ℝ 16))
                                                    (Eq.refl (Int.ofNat 12))))))
                                            (Mathlib.Tactic.Ring.Common.add_pf_zero_add 0)))))
                                    (Mathlib.Tactic.Ring.Common.mul_congr
                                      (Mathlib.Tactic.Ring.cast_pos (Mathlib.Meta.NormNum.isNat_ofNat ℝ (Eq.refl 12)))
                                      (Mathlib.Tactic.Ring.Common.sub_congr
                                        (Mathlib.Tactic.Ring.cast_zero
                                          (Mathlib.Meta.NormNum.isNat_ofNat ℝ Nat.cast_zero))
                                        (Mathlib.Tactic.Ring.Common.mul_congr
                                          (Mathlib.Tactic.Ring.Common.sub_congr
                                            (Mathlib.Tactic.Ring.cast_zero
                                              (Mathlib.Meta.NormNum.isNat_ofNat ℝ Nat.cast_zero))
                                            (Mathlib.Tactic.Ring.Common.atom_pf ε rfl
                                              (Eq.mpr
                                                (id
                                                  (congrArg
                                                    (fun _a =>
                                                      ε ^ Nat.rawCast 1 * Nat.rawCast 1 = ε ^ Nat.rawCast 1 * _a)
                                                    (Eq.symm rfl)))
                                                (Eq.refl (ε ^ Nat.rawCast 1 * Nat.rawCast 1))))
                                            (Mathlib.Tactic.Ring.Common.sub_pf
                                              (Mathlib.Tactic.Ring.Common.neg_add
                                                (Mathlib.Tactic.Ring.Common.neg_mul ε (Nat.rawCast 1)
                                                  (Mathlib.Meta.NormNum.IsInt.to_raw_eq
                                                    (Mathlib.Meta.NormNum.isInt_neg (Eq.refl Neg.neg)
                                                      (Mathlib.Meta.NormNum.IsNat.to_isInt
                                                        (Mathlib.Meta.NormNum.IsNat.of_raw ℝ 1))
                                                      (Eq.refl (Int.negOfNat 1)))))
                                                Mathlib.Tactic.Ring.Common.neg_zero)
                                              (Mathlib.Tactic.Ring.Common.add_pf_zero_add
                                                (ε ^ Nat.rawCast 1 * (Int.negOfNat 1).rawCast + 0))))
                                          (Mathlib.Tactic.Ring.Common.sub_congr
                                            (Mathlib.Tactic.Ring.Common.mul_congr
                                              (Mathlib.Tactic.Ring.cast_pos
                                                (Mathlib.Meta.NormNum.isNat_ofNat ℝ (Eq.refl 4)))
                                              (Mathlib.Tactic.Ring.Common.atom_pf (√ε) rfl
                                                (Eq.mpr
                                                  (id
                                                    (congrArg
                                                      (fun _a =>
                                                        √ε ^ Nat.rawCast 1 * Nat.rawCast 1 = √ε ^ Nat.rawCast 1 * _a)
                                                      (Eq.symm rfl)))
                                                  (Eq.refl (√ε ^ Nat.rawCast 1 * Nat.rawCast 1))))
                                              (Mathlib.Tactic.Ring.Common.add_mul
                                                (Mathlib.Tactic.Ring.Common.mul_add
                                                  (Mathlib.Tactic.Ring.Common.mul_pf_right (√ε) (Nat.rawCast 1)
                                                    (Mathlib.Meta.NormNum.IsNat.to_raw_eq
                                                      (Mathlib.Meta.NormNum.isNat_mul (Eq.refl HMul.hMul)
                                                        (Mathlib.Meta.NormNum.IsNat.of_raw ℝ 4)
                                                        (Mathlib.Meta.NormNum.IsNat.of_raw ℝ 1) (Eq.refl 4))))
                                                  (Mathlib.Tactic.Ring.Common.mul_zero (Nat.rawCast 4))
                                                  (Mathlib.Tactic.Ring.Common.add_pf_add_zero
                                                    (√ε ^ Nat.rawCast 1 * Nat.rawCast 4 + 0)))
                                                (Mathlib.Tactic.Ring.Common.zero_mul
                                                  (√ε ^ Nat.rawCast 1 * Nat.rawCast 1 + 0))
                                                (Mathlib.Tactic.Ring.Common.add_pf_add_zero
                                                  (√ε ^ Nat.rawCast 1 * Nat.rawCast 4 + 0))))
                                            (Mathlib.Tactic.Ring.Common.mul_congr
                                              (Mathlib.Tactic.Ring.cast_pos
                                                (Mathlib.Meta.NormNum.isNat_ofNat ℝ Nat.cast_one))
                                              (Mathlib.Tactic.Ring.cast_pos
                                                (Mathlib.Meta.NormNum.isNat_ofNat ℝ Nat.cast_one))
                                              (Mathlib.Tactic.Ring.Common.add_mul
                                                (Mathlib.Tactic.Ring.Common.mul_add
                                                  (Mathlib.Meta.NormNum.IsNat.to_raw_eq
                                                    (Mathlib.Meta.NormNum.isNat_mul (Eq.refl HMul.hMul)
                                                      (Mathlib.Meta.NormNum.IsNat.of_raw ℝ 1)
                                                      (Mathlib.Meta.NormNum.IsNat.of_raw ℝ 1) (Eq.refl 1)))
                                                  (Mathlib.Tactic.Ring.Common.mul_zero (Nat.rawCast 1))
                                                  (Mathlib.Tactic.Ring.Common.add_pf_add_zero (Nat.rawCast 1 + 0)))
                                                (Mathlib.Tactic.Ring.Common.zero_mul (Nat.rawCast 1 + 0))
                                                (Mathlib.Tactic.Ring.Common.add_pf_add_zero (Nat.rawCast 1 + 0))))
                                            (Mathlib.Tactic.Ring.Common.sub_pf
                                              (Mathlib.Tactic.Ring.Common.neg_add
                                                (Mathlib.Meta.NormNum.IsInt.to_raw_eq
                                                  (Mathlib.Meta.NormNum.isInt_neg (Eq.refl Neg.neg)
                                                    (Mathlib.Meta.NormNum.IsNat.to_isInt
                                                      (Mathlib.Meta.NormNum.IsNat.of_raw ℝ 1))
                                                    (Eq.refl (Int.negOfNat 1))))
                                                Mathlib.Tactic.Ring.Common.neg_zero)
                                              (Mathlib.Tactic.Ring.Common.add_pf_add_gt (Int.negOfNat 1).rawCast
                                                (Mathlib.Tactic.Ring.Common.add_pf_add_zero
                                                  (√ε ^ Nat.rawCast 1 * Nat.rawCast 4 + 0)))))
                                          (Mathlib.Tactic.Ring.Common.add_mul
                                            (Mathlib.Tactic.Ring.Common.mul_add
                                              (Mathlib.Tactic.Ring.Common.mul_pf_left ε (Nat.rawCast 1)
                                                (Mathlib.Meta.NormNum.IsNat.to_raw_eq
                                                  (Mathlib.Meta.NormNum.IsInt.to_isNat
                                                    (Mathlib.Meta.NormNum.isInt_mul (Eq.refl HMul.hMul)
                                                      (Mathlib.Meta.NormNum.IsInt.of_raw ℝ (Int.negOfNat 1))
                                                      (Mathlib.Meta.NormNum.IsInt.of_raw ℝ (Int.negOfNat 1))
                                                      (Eq.refl (Int.ofNat 1))))))
                                              (Mathlib.Tactic.Ring.Common.mul_add
                                                (Mathlib.Tactic.Ring.Common.mul_pf_right (√ε) (Nat.rawCast 1)
                                                  (Mathlib.Tactic.Ring.Common.mul_pf_left ε (Nat.rawCast 1)
                                                    (Mathlib.Meta.NormNum.IsInt.to_raw_eq
                                                      (Mathlib.Meta.NormNum.isInt_mul (Eq.refl HMul.hMul)
                                                        (Mathlib.Meta.NormNum.IsInt.of_raw ℝ (Int.negOfNat 1))
                                                        (Mathlib.Meta.NormNum.IsNat.to_isInt
                                                          (Mathlib.Meta.NormNum.IsNat.of_raw ℝ 4))
                                                        (Eq.refl (Int.negOfNat 4))))))
                                                (Mathlib.Tactic.Ring.Common.mul_zero
                                                  (ε ^ Nat.rawCast 1 * (Int.negOfNat 1).rawCast))
                                                (Mathlib.Tactic.Ring.Common.add_pf_add_zero
                                                  (√ε ^ Nat.rawCast 1 * (ε ^ Nat.rawCast 1 * (Int.negOfNat 4).rawCast) +
                                                    0)))
                                              (Mathlib.Tactic.Ring.Common.add_pf_add_gt
                                                (√ε ^ Nat.rawCast 1 * (ε ^ Nat.rawCast 1 * (Int.negOfNat 4).rawCast))
                                                (Mathlib.Tactic.Ring.Common.add_pf_add_zero
                                                  (ε ^ Nat.rawCast 1 * Nat.rawCast 1 + 0))))
                                            (Mathlib.Tactic.Ring.Common.zero_mul
                                              ((Int.negOfNat 1).rawCast + (√ε ^ Nat.rawCast 1 * Nat.rawCast 4 + 0)))
                                            (Mathlib.Tactic.Ring.Common.add_pf_add_zero
                                              (√ε ^ Nat.rawCast 1 * (ε ^ Nat.rawCast 1 * (Int.negOfNat 4).rawCast) +
                                                (ε ^ Nat.rawCast 1 * Nat.rawCast 1 + 0)))))
                                        (Mathlib.Tactic.Ring.Common.sub_pf
                                          (Mathlib.Tactic.Ring.Common.neg_add
                                            (Mathlib.Tactic.Ring.Common.neg_mul (√ε) (Nat.rawCast 1)
                                              (Mathlib.Tactic.Ring.Common.neg_mul ε (Nat.rawCast 1)
                                                (Mathlib.Meta.NormNum.IsNat.to_raw_eq
                                                  (Mathlib.Meta.NormNum.IsInt.to_isNat
                                                    (Mathlib.Meta.NormNum.isInt_neg (Eq.refl Neg.neg)
                                                      (Mathlib.Meta.NormNum.IsInt.of_raw ℝ (Int.negOfNat 4))
                                                      (Eq.refl (Int.ofNat 4)))))))
                                            (Mathlib.Tactic.Ring.Common.neg_add
                                              (Mathlib.Tactic.Ring.Common.neg_mul ε (Nat.rawCast 1)
                                                (Mathlib.Meta.NormNum.IsInt.to_raw_eq
                                                  (Mathlib.Meta.NormNum.isInt_neg (Eq.refl Neg.neg)
                                                    (Mathlib.Meta.NormNum.IsNat.to_isInt
                                                      (Mathlib.Meta.NormNum.IsNat.of_raw ℝ 1))
                                                    (Eq.refl (Int.negOfNat 1)))))
                                              Mathlib.Tactic.Ring.Common.neg_zero))
                                          (Mathlib.Tactic.Ring.Common.add_pf_zero_add
                                            (√ε ^ Nat.rawCast 1 * (ε ^ Nat.rawCast 1 * Nat.rawCast 4) +
                                              (ε ^ Nat.rawCast 1 * (Int.negOfNat 1).rawCast + 0)))))
                                      (Mathlib.Tactic.Ring.Common.add_mul
                                        (Mathlib.Tactic.Ring.Common.mul_add
                                          (Mathlib.Tactic.Ring.Common.mul_pf_right (√ε) (Nat.rawCast 1)
                                            (Mathlib.Tactic.Ring.Common.mul_pf_right ε (Nat.rawCast 1)
                                              (Mathlib.Meta.NormNum.IsNat.to_raw_eq
                                                (Mathlib.Meta.NormNum.isNat_mul (Eq.refl HMul.hMul)
                                                  (Mathlib.Meta.NormNum.IsNat.of_raw ℝ 12)
                                                  (Mathlib.Meta.NormNum.IsNat.of_raw ℝ 4) (Eq.refl 48)))))
                                          (Mathlib.Tactic.Ring.Common.mul_add
                                            (Mathlib.Tactic.Ring.Common.mul_pf_right ε (Nat.rawCast 1)
                                              (Mathlib.Meta.NormNum.IsInt.to_raw_eq
                                                (Mathlib.Meta.NormNum.isInt_mul (Eq.refl HMul.hMul)
                                                  (Mathlib.Meta.NormNum.IsNat.to_isInt
                                                    (Mathlib.Meta.NormNum.IsNat.of_raw ℝ 12))
                                                  (Mathlib.Meta.NormNum.IsInt.of_raw ℝ (Int.negOfNat 1))
                                                  (Eq.refl (Int.negOfNat 12)))))
                                            (Mathlib.Tactic.Ring.Common.mul_zero (Nat.rawCast 12))
                                            (Mathlib.Tactic.Ring.Common.add_pf_add_zero
                                              (ε ^ Nat.rawCast 1 * (Int.negOfNat 12).rawCast + 0)))
                                          (Mathlib.Tactic.Ring.Common.add_pf_add_lt
                                            (√ε ^ Nat.rawCast 1 * (ε ^ Nat.rawCast 1 * Nat.rawCast 48))
                                            (Mathlib.Tactic.Ring.Common.add_pf_zero_add
                                              (ε ^ Nat.rawCast 1 * (Int.negOfNat 12).rawCast + 0))))
                                        (Mathlib.Tactic.Ring.Common.zero_mul
                                          (√ε ^ Nat.rawCast 1 * (ε ^ Nat.rawCast 1 * Nat.rawCast 4) +
                                            (ε ^ Nat.rawCast 1 * (Int.negOfNat 1).rawCast + 0)))
                                        (Mathlib.Tactic.Ring.Common.add_pf_add_zero
                                          (√ε ^ Nat.rawCast 1 * (ε ^ Nat.rawCast 1 * Nat.rawCast 48) +
                                            (ε ^ Nat.rawCast 1 * (Int.negOfNat 12).rawCast + 0)))))
                                    (Mathlib.Tactic.Ring.Common.add_pf_add_lt (√ε ^ Nat.rawCast 1 * Nat.rawCast 4)
                                      (Mathlib.Tactic.Ring.Common.add_pf_add_gt
                                        (√ε ^ Nat.rawCast 1 * (ε ^ Nat.rawCast 1 * Nat.rawCast 48))
                                        (Mathlib.Tactic.Ring.Common.add_pf_add_lt
                                          (√ε ^ Nat.rawCast 2 * (Int.negOfNat 16).rawCast)
                                          (Mathlib.Tactic.Ring.Common.add_pf_add_overlap_zero
                                            (Mathlib.Tactic.Ring.Common.add_overlap_pf_zero ε (Nat.rawCast 1)
                                              (Mathlib.Meta.NormNum.IsInt.to_isNat
                                                (Mathlib.Meta.NormNum.isInt_add (Eq.refl HAdd.hAdd)
                                                  (Mathlib.Meta.NormNum.IsNat.to_isInt
                                                    (Mathlib.Meta.NormNum.IsNat.of_raw ℝ 12))
                                                  (Mathlib.Meta.NormNum.IsInt.of_raw ℝ (Int.negOfNat 12))
                                                  (Eq.refl (Int.ofNat 0)))))
                                            (Mathlib.Tactic.Ring.Common.add_pf_zero_add 0))))))
                                  (Mathlib.Tactic.Ring.Common.mul_congr
                                    (Mathlib.Tactic.Ring.cast_pos (Mathlib.Meta.NormNum.isNat_ofNat ℝ (Eq.refl 48)))
                                    (Mathlib.Tactic.Ring.Common.sub_congr
                                      (Mathlib.Tactic.Ring.cast_zero (Mathlib.Meta.NormNum.isNat_ofNat ℝ Nat.cast_zero))
                                      (Mathlib.Tactic.Ring.Common.mul_congr
                                        (Mathlib.Tactic.Ring.Common.sub_congr
                                          (Mathlib.Tactic.Ring.cast_zero
                                            (Mathlib.Meta.NormNum.isNat_ofNat ℝ Nat.cast_zero))
                                          (Mathlib.Tactic.Ring.Common.atom_pf ε rfl
                                            (Eq.mpr
                                              (id
                                                (congrArg
                                                  (fun _a => ε ^ Nat.rawCast 1 * Nat.rawCast 1 = ε ^ Nat.rawCast 1 * _a)
                                                  (Eq.symm rfl)))
                                              (Eq.refl (ε ^ Nat.rawCast 1 * Nat.rawCast 1))))
                                          (Mathlib.Tactic.Ring.Common.sub_pf
                                            (Mathlib.Tactic.Ring.Common.neg_add
                                              (Mathlib.Tactic.Ring.Common.neg_mul ε (Nat.rawCast 1)
                                                (Mathlib.Meta.NormNum.IsInt.to_raw_eq
                                                  (Mathlib.Meta.NormNum.isInt_neg (Eq.refl Neg.neg)
                                                    (Mathlib.Meta.NormNum.IsNat.to_isInt
                                                      (Mathlib.Meta.NormNum.IsNat.of_raw ℝ 1))
                                                    (Eq.refl (Int.negOfNat 1)))))
                                              Mathlib.Tactic.Ring.Common.neg_zero)
                                            (Mathlib.Tactic.Ring.Common.add_pf_zero_add
                                              (ε ^ Nat.rawCast 1 * (Int.negOfNat 1).rawCast + 0))))
                                        (Mathlib.Tactic.Ring.Common.sub_congr
                                          (Mathlib.Tactic.Ring.cast_zero
                                            (Mathlib.Meta.NormNum.isNat_ofNat ℝ Nat.cast_zero))
                                          (Mathlib.Tactic.Ring.Common.atom_pf (√ε) rfl
                                            (Eq.mpr
                                              (id
                                                (congrArg
                                                  (fun _a =>
                                                    √ε ^ Nat.rawCast 1 * Nat.rawCast 1 = √ε ^ Nat.rawCast 1 * _a)
                                                  (Eq.symm rfl)))
                                              (Eq.refl (√ε ^ Nat.rawCast 1 * Nat.rawCast 1))))
                                          (Mathlib.Tactic.Ring.Common.sub_pf
                                            (Mathlib.Tactic.Ring.Common.neg_add
                                              (Mathlib.Tactic.Ring.Common.neg_mul (√ε) (Nat.rawCast 1)
                                                (Mathlib.Meta.NormNum.IsInt.to_raw_eq
                                                  (Mathlib.Meta.NormNum.isInt_neg (Eq.refl Neg.neg)
                                                    (Mathlib.Meta.NormNum.IsNat.to_isInt
                                                      (Mathlib.Meta.NormNum.IsNat.of_raw ℝ 1))
                                                    (Eq.refl (Int.negOfNat 1)))))
                                              Mathlib.Tactic.Ring.Common.neg_zero)
                                            (Mathlib.Tactic.Ring.Common.add_pf_zero_add
                                              (√ε ^ Nat.rawCast 1 * (Int.negOfNat 1).rawCast + 0))))
                                        (Mathlib.Tactic.Ring.Common.add_mul
                                          (Mathlib.Tactic.Ring.Common.mul_add
                                            (Mathlib.Tactic.Ring.Common.mul_pf_right (√ε) (Nat.rawCast 1)
                                              (Mathlib.Tactic.Ring.Common.mul_pf_left ε (Nat.rawCast 1)
                                                (Mathlib.Meta.NormNum.IsNat.to_raw_eq
                                                  (Mathlib.Meta.NormNum.IsInt.to_isNat
                                                    (Mathlib.Meta.NormNum.isInt_mul (Eq.refl HMul.hMul)
                                                      (Mathlib.Meta.NormNum.IsInt.of_raw ℝ (Int.negOfNat 1))
                                                      (Mathlib.Meta.NormNum.IsInt.of_raw ℝ (Int.negOfNat 1))
                                                      (Eq.refl (Int.ofNat 1)))))))
                                            (Mathlib.Tactic.Ring.Common.mul_zero
                                              (ε ^ Nat.rawCast 1 * (Int.negOfNat 1).rawCast))
                                            (Mathlib.Tactic.Ring.Common.add_pf_add_zero
                                              (√ε ^ Nat.rawCast 1 * (ε ^ Nat.rawCast 1 * Nat.rawCast 1) + 0)))
                                          (Mathlib.Tactic.Ring.Common.zero_mul
                                            (√ε ^ Nat.rawCast 1 * (Int.negOfNat 1).rawCast + 0))
                                          (Mathlib.Tactic.Ring.Common.add_pf_add_zero
                                            (√ε ^ Nat.rawCast 1 * (ε ^ Nat.rawCast 1 * Nat.rawCast 1) + 0))))
                                      (Mathlib.Tactic.Ring.Common.sub_pf
                                        (Mathlib.Tactic.Ring.Common.neg_add
                                          (Mathlib.Tactic.Ring.Common.neg_mul (√ε) (Nat.rawCast 1)
                                            (Mathlib.Tactic.Ring.Common.neg_mul ε (Nat.rawCast 1)
                                              (Mathlib.Meta.NormNum.IsInt.to_raw_eq
                                                (Mathlib.Meta.NormNum.isInt_neg (Eq.refl Neg.neg)
                                                  (Mathlib.Meta.NormNum.IsNat.to_isInt
                                                    (Mathlib.Meta.NormNum.IsNat.of_raw ℝ 1))
                                                  (Eq.refl (Int.negOfNat 1))))))
                                          Mathlib.Tactic.Ring.Common.neg_zero)
                                        (Mathlib.Tactic.Ring.Common.add_pf_zero_add
                                          (√ε ^ Nat.rawCast 1 * (ε ^ Nat.rawCast 1 * (Int.negOfNat 1).rawCast) + 0))))
                                    (Mathlib.Tactic.Ring.Common.add_mul
                                      (Mathlib.Tactic.Ring.Common.mul_add
                                        (Mathlib.Tactic.Ring.Common.mul_pf_right (√ε) (Nat.rawCast 1)
                                          (Mathlib.Tactic.Ring.Common.mul_pf_right ε (Nat.rawCast 1)
                                            (Mathlib.Meta.NormNum.IsInt.to_raw_eq
                                              (Mathlib.Meta.NormNum.isInt_mul (Eq.refl HMul.hMul)
                                                (Mathlib.Meta.NormNum.IsNat.to_isInt
                                                  (Mathlib.Meta.NormNum.IsNat.of_raw ℝ 48))
                                                (Mathlib.Meta.NormNum.IsInt.of_raw ℝ (Int.negOfNat 1))
                                                (Eq.refl (Int.negOfNat 48))))))
                                        (Mathlib.Tactic.Ring.Common.mul_zero (Nat.rawCast 48))
                                        (Mathlib.Tactic.Ring.Common.add_pf_add_zero
                                          (√ε ^ Nat.rawCast 1 * (ε ^ Nat.rawCast 1 * (Int.negOfNat 48).rawCast) + 0)))
                                      (Mathlib.Tactic.Ring.Common.zero_mul
                                        (√ε ^ Nat.rawCast 1 * (ε ^ Nat.rawCast 1 * (Int.negOfNat 1).rawCast) + 0))
                                      (Mathlib.Tactic.Ring.Common.add_pf_add_zero
                                        (√ε ^ Nat.rawCast 1 * (ε ^ Nat.rawCast 1 * (Int.negOfNat 48).rawCast) + 0))))
                                  (Mathlib.Tactic.Ring.Common.add_pf_add_lt (√ε ^ Nat.rawCast 1 * Nat.rawCast 4)
                                    (Mathlib.Tactic.Ring.Common.add_pf_add_overlap_zero
                                      (Mathlib.Tactic.Ring.Common.add_overlap_pf_zero (√ε) (Nat.rawCast 1)
                                        (Mathlib.Tactic.Ring.Common.add_overlap_pf_zero ε (Nat.rawCast 1)
                                          (Mathlib.Meta.NormNum.IsInt.to_isNat
                                            (Mathlib.Meta.NormNum.isInt_add (Eq.refl HAdd.hAdd)
                                              (Mathlib.Meta.NormNum.IsNat.to_isInt
                                                (Mathlib.Meta.NormNum.IsNat.of_raw ℝ 48))
                                              (Mathlib.Meta.NormNum.IsInt.of_raw ℝ (Int.negOfNat 48))
                                              (Eq.refl (Int.ofNat 0))))))
                                      (Mathlib.Tactic.Ring.Common.add_pf_add_zero
                                        (√ε ^ Nat.rawCast 2 * (Int.negOfNat 16).rawCast + 0)))))
                                (Mathlib.Tactic.Ring.Common.mul_congr
                                  (Mathlib.Tactic.Ring.cast_pos (Mathlib.Meta.NormNum.isNat_ofNat ℝ (Eq.refl 4)))
                                  (Mathlib.Tactic.Ring.Common.sub_congr
                                    (Mathlib.Tactic.Ring.cast_zero (Mathlib.Meta.NormNum.isNat_ofNat ℝ Nat.cast_zero))
                                    (Mathlib.Tactic.Ring.Common.mul_congr
                                      (Mathlib.Tactic.Ring.Common.sub_congr
                                        (Mathlib.Tactic.Ring.Common.mul_congr
                                          (Mathlib.Tactic.Ring.cast_pos
                                            (Mathlib.Meta.NormNum.isNat_ofNat ℝ (Eq.refl 4)))
                                          (Mathlib.Tactic.Ring.Common.atom_pf (√ε) rfl
                                            (Eq.mpr
                                              (id
                                                (congrArg
                                                  (fun _a =>
                                                    √ε ^ Nat.rawCast 1 * Nat.rawCast 1 = √ε ^ Nat.rawCast 1 * _a)
                                                  (Eq.symm rfl)))
                                              (Eq.refl (√ε ^ Nat.rawCast 1 * Nat.rawCast 1))))
                                          (Mathlib.Tactic.Ring.Common.add_mul
                                            (Mathlib.Tactic.Ring.Common.mul_add
                                              (Mathlib.Tactic.Ring.Common.mul_pf_right (√ε) (Nat.rawCast 1)
                                                (Mathlib.Meta.NormNum.IsNat.to_raw_eq
                                                  (Mathlib.Meta.NormNum.isNat_mul (Eq.refl HMul.hMul)
                                                    (Mathlib.Meta.NormNum.IsNat.of_raw ℝ 4)
                                                    (Mathlib.Meta.NormNum.IsNat.of_raw ℝ 1) (Eq.refl 4))))
                                              (Mathlib.Tactic.Ring.Common.mul_zero (Nat.rawCast 4))
                                              (Mathlib.Tactic.Ring.Common.add_pf_add_zero
                                                (√ε ^ Nat.rawCast 1 * Nat.rawCast 4 + 0)))
                                            (Mathlib.Tactic.Ring.Common.zero_mul
                                              (√ε ^ Nat.rawCast 1 * Nat.rawCast 1 + 0))
                                            (Mathlib.Tactic.Ring.Common.add_pf_add_zero
                                              (√ε ^ Nat.rawCast 1 * Nat.rawCast 4 + 0))))
                                        (Mathlib.Tactic.Ring.Common.mul_congr
                                          (Mathlib.Tactic.Ring.cast_pos
                                            (Mathlib.Meta.NormNum.isNat_ofNat ℝ Nat.cast_one))
                                          (Mathlib.Tactic.Ring.cast_pos
                                            (Mathlib.Meta.NormNum.isNat_ofNat ℝ Nat.cast_one))
                                          (Mathlib.Tactic.Ring.Common.add_mul
                                            (Mathlib.Tactic.Ring.Common.mul_add
                                              (Mathlib.Meta.NormNum.IsNat.to_raw_eq
                                                (Mathlib.Meta.NormNum.isNat_mul (Eq.refl HMul.hMul)
                                                  (Mathlib.Meta.NormNum.IsNat.of_raw ℝ 1)
                                                  (Mathlib.Meta.NormNum.IsNat.of_raw ℝ 1) (Eq.refl 1)))
                                              (Mathlib.Tactic.Ring.Common.mul_zero (Nat.rawCast 1))
                                              (Mathlib.Tactic.Ring.Common.add_pf_add_zero (Nat.rawCast 1 + 0)))
                                            (Mathlib.Tactic.Ring.Common.zero_mul (Nat.rawCast 1 + 0))
                                            (Mathlib.Tactic.Ring.Common.add_pf_add_zero (Nat.rawCast 1 + 0))))
                                        (Mathlib.Tactic.Ring.Common.sub_pf
                                          (Mathlib.Tactic.Ring.Common.neg_add
                                            (Mathlib.Meta.NormNum.IsInt.to_raw_eq
                                              (Mathlib.Meta.NormNum.isInt_neg (Eq.refl Neg.neg)
                                                (Mathlib.Meta.NormNum.IsNat.to_isInt
                                                  (Mathlib.Meta.NormNum.IsNat.of_raw ℝ 1))
                                                (Eq.refl (Int.negOfNat 1))))
                                            Mathlib.Tactic.Ring.Common.neg_zero)
                                          (Mathlib.Tactic.Ring.Common.add_pf_add_gt (Int.negOfNat 1).rawCast
                                            (Mathlib.Tactic.Ring.Common.add_pf_add_zero
                                              (√ε ^ Nat.rawCast 1 * Nat.rawCast 4 + 0)))))
                                      (Mathlib.Tactic.Ring.Common.sub_congr
                                        (Mathlib.Tactic.Ring.cast_zero
                                          (Mathlib.Meta.NormNum.isNat_ofNat ℝ Nat.cast_zero))
                                        (Mathlib.Tactic.Ring.Common.atom_pf (√ε) rfl
                                          (Eq.mpr
                                            (id
                                              (congrArg
                                                (fun _a => √ε ^ Nat.rawCast 1 * Nat.rawCast 1 = √ε ^ Nat.rawCast 1 * _a)
                                                (Eq.symm rfl)))
                                            (Eq.refl (√ε ^ Nat.rawCast 1 * Nat.rawCast 1))))
                                        (Mathlib.Tactic.Ring.Common.sub_pf
                                          (Mathlib.Tactic.Ring.Common.neg_add
                                            (Mathlib.Tactic.Ring.Common.neg_mul (√ε) (Nat.rawCast 1)
                                              (Mathlib.Meta.NormNum.IsInt.to_raw_eq
                                                (Mathlib.Meta.NormNum.isInt_neg (Eq.refl Neg.neg)
                                                  (Mathlib.Meta.NormNum.IsNat.to_isInt
                                                    (Mathlib.Meta.NormNum.IsNat.of_raw ℝ 1))
                                                  (Eq.refl (Int.negOfNat 1)))))
                                            Mathlib.Tactic.Ring.Common.neg_zero)
                                          (Mathlib.Tactic.Ring.Common.add_pf_zero_add
                                            (√ε ^ Nat.rawCast 1 * (Int.negOfNat 1).rawCast + 0))))
                                      (Mathlib.Tactic.Ring.Common.add_mul
                                        (Mathlib.Tactic.Ring.Common.mul_add
                                          (Mathlib.Tactic.Ring.Common.mul_pf_right (√ε) (Nat.rawCast 1)
                                            (Mathlib.Meta.NormNum.IsNat.to_raw_eq
                                              (Mathlib.Meta.NormNum.IsInt.to_isNat
                                                (Mathlib.Meta.NormNum.isInt_mul (Eq.refl HMul.hMul)
                                                  (Mathlib.Meta.NormNum.IsInt.of_raw ℝ (Int.negOfNat 1))
                                                  (Mathlib.Meta.NormNum.IsInt.of_raw ℝ (Int.negOfNat 1))
                                                  (Eq.refl (Int.ofNat 1))))))
                                          (Mathlib.Tactic.Ring.Common.mul_zero (Int.negOfNat 1).rawCast)
                                          (Mathlib.Tactic.Ring.Common.add_pf_add_zero
                                            (√ε ^ Nat.rawCast 1 * Nat.rawCast 1 + 0)))
                                        (Mathlib.Tactic.Ring.Common.add_mul
                                          (Mathlib.Tactic.Ring.Common.mul_add
                                            (Mathlib.Tactic.Ring.Common.mul_pp_pf_overlap (√ε)
                                              (Mathlib.Meta.NormNum.IsNat.to_raw_eq
                                                (Mathlib.Meta.NormNum.isNat_add (Eq.refl HAdd.hAdd)
                                                  (Mathlib.Meta.NormNum.IsNat.of_raw ℕ 1)
                                                  (Mathlib.Meta.NormNum.IsNat.of_raw ℕ 1) (Eq.refl 2)))
                                              (Mathlib.Meta.NormNum.IsInt.to_raw_eq
                                                (Mathlib.Meta.NormNum.isInt_mul (Eq.refl HMul.hMul)
                                                  (Mathlib.Meta.NormNum.IsNat.to_isInt
                                                    (Mathlib.Meta.NormNum.IsNat.of_raw ℝ 4))
                                                  (Mathlib.Meta.NormNum.IsInt.of_raw ℝ (Int.negOfNat 1))
                                                  (Eq.refl (Int.negOfNat 4)))))
                                            (Mathlib.Tactic.Ring.Common.mul_zero (√ε ^ Nat.rawCast 1 * Nat.rawCast 4))
                                            (Mathlib.Tactic.Ring.Common.add_pf_add_zero
                                              (√ε ^ Nat.rawCast 2 * (Int.negOfNat 4).rawCast + 0)))
                                          (Mathlib.Tactic.Ring.Common.zero_mul
                                            (√ε ^ Nat.rawCast 1 * (Int.negOfNat 1).rawCast + 0))
                                          (Mathlib.Tactic.Ring.Common.add_pf_add_zero
                                            (√ε ^ Nat.rawCast 2 * (Int.negOfNat 4).rawCast + 0)))
                                        (Mathlib.Tactic.Ring.Common.add_pf_add_lt (√ε ^ Nat.rawCast 1 * Nat.rawCast 1)
                                          (Mathlib.Tactic.Ring.Common.add_pf_zero_add
                                            (√ε ^ Nat.rawCast 2 * (Int.negOfNat 4).rawCast + 0)))))
                                    (Mathlib.Tactic.Ring.Common.sub_pf
                                      (Mathlib.Tactic.Ring.Common.neg_add
                                        (Mathlib.Tactic.Ring.Common.neg_mul (√ε) (Nat.rawCast 1)
                                          (Mathlib.Meta.NormNum.IsInt.to_raw_eq
                                            (Mathlib.Meta.NormNum.isInt_neg (Eq.refl Neg.neg)
                                              (Mathlib.Meta.NormNum.IsNat.to_isInt
                                                (Mathlib.Meta.NormNum.IsNat.of_raw ℝ 1))
                                              (Eq.refl (Int.negOfNat 1)))))
                                        (Mathlib.Tactic.Ring.Common.neg_add
                                          (Mathlib.Tactic.Ring.Common.neg_mul (√ε) (Nat.rawCast 2)
                                            (Mathlib.Meta.NormNum.IsNat.to_raw_eq
                                              (Mathlib.Meta.NormNum.IsInt.to_isNat
                                                (Mathlib.Meta.NormNum.isInt_neg (Eq.refl Neg.neg)
                                                  (Mathlib.Meta.NormNum.IsInt.of_raw ℝ (Int.negOfNat 4))
                                                  (Eq.refl (Int.ofNat 4))))))
                                          Mathlib.Tactic.Ring.Common.neg_zero))
                                      (Mathlib.Tactic.Ring.Common.add_pf_zero_add
                                        (√ε ^ Nat.rawCast 1 * (Int.negOfNat 1).rawCast +
                                          (√ε ^ Nat.rawCast 2 * Nat.rawCast 4 + 0)))))
                                  (Mathlib.Tactic.Ring.Common.add_mul
                                    (Mathlib.Tactic.Ring.Common.mul_add
                                      (Mathlib.Tactic.Ring.Common.mul_pf_right (√ε) (Nat.rawCast 1)
                                        (Mathlib.Meta.NormNum.IsInt.to_raw_eq
                                          (Mathlib.Meta.NormNum.isInt_mul (Eq.refl HMul.hMul)
                                            (Mathlib.Meta.NormNum.IsNat.to_isInt
                                              (Mathlib.Meta.NormNum.IsNat.of_raw ℝ 4))
                                            (Mathlib.Meta.NormNum.IsInt.of_raw ℝ (Int.negOfNat 1))
                                            (Eq.refl (Int.negOfNat 4)))))
                                      (Mathlib.Tactic.Ring.Common.mul_add
                                        (Mathlib.Tactic.Ring.Common.mul_pf_right (√ε) (Nat.rawCast 2)
                                          (Mathlib.Meta.NormNum.IsNat.to_raw_eq
                                            (Mathlib.Meta.NormNum.isNat_mul (Eq.refl HMul.hMul)
                                              (Mathlib.Meta.NormNum.IsNat.of_raw ℝ 4)
                                              (Mathlib.Meta.NormNum.IsNat.of_raw ℝ 4) (Eq.refl 16))))
                                        (Mathlib.Tactic.Ring.Common.mul_zero (Nat.rawCast 4))
                                        (Mathlib.Tactic.Ring.Common.add_pf_add_zero
                                          (√ε ^ Nat.rawCast 2 * Nat.rawCast 16 + 0)))
                                      (Mathlib.Tactic.Ring.Common.add_pf_add_lt
                                        (√ε ^ Nat.rawCast 1 * (Int.negOfNat 4).rawCast)
                                        (Mathlib.Tactic.Ring.Common.add_pf_zero_add
                                          (√ε ^ Nat.rawCast 2 * Nat.rawCast 16 + 0))))
                                    (Mathlib.Tactic.Ring.Common.zero_mul
                                      (√ε ^ Nat.rawCast 1 * (Int.negOfNat 1).rawCast +
                                        (√ε ^ Nat.rawCast 2 * Nat.rawCast 4 + 0)))
                                    (Mathlib.Tactic.Ring.Common.add_pf_add_zero
                                      (√ε ^ Nat.rawCast 1 * (Int.negOfNat 4).rawCast +
                                        (√ε ^ Nat.rawCast 2 * Nat.rawCast 16 + 0)))))
                                (Mathlib.Tactic.Ring.Common.add_pf_add_overlap_zero
                                  (Mathlib.Tactic.Ring.Common.add_overlap_pf_zero (√ε) (Nat.rawCast 1)
                                    (Mathlib.Meta.NormNum.IsInt.to_isNat
                                      (Mathlib.Meta.NormNum.isInt_add (Eq.refl HAdd.hAdd)
                                        (Mathlib.Meta.NormNum.IsNat.to_isInt (Mathlib.Meta.NormNum.IsNat.of_raw ℝ 4))
                                        (Mathlib.Meta.NormNum.IsInt.of_raw ℝ (Int.negOfNat 4))
                                        (Eq.refl (Int.ofNat 0)))))
                                  (Mathlib.Tactic.Ring.Common.add_pf_add_overlap_zero
                                    (Mathlib.Tactic.Ring.Common.add_overlap_pf_zero (√ε) (Nat.rawCast 2)
                                      (Mathlib.Meta.NormNum.IsInt.to_isNat
                                        (Mathlib.Meta.NormNum.isInt_add (Eq.refl HAdd.hAdd)
                                          (Mathlib.Meta.NormNum.IsInt.of_raw ℝ (Int.negOfNat 16))
                                          (Mathlib.Meta.NormNum.IsNat.to_isInt (Mathlib.Meta.NormNum.IsNat.of_raw ℝ 16))
                                          (Eq.refl (Int.ofNat 0)))))
                                    (Mathlib.Tactic.Ring.Common.add_pf_zero_add 0))))
                              (Mathlib.Tactic.Ring.cast_zero (Mathlib.Meta.NormNum.isNat_ofNat ℝ Nat.cast_zero))))
                          (Mathlib.Tactic.Linarith.add_neg
                            (Mathlib.Tactic.Linarith.add_neg
                              (Mathlib.Tactic.Linarith.add_neg
                                (Mathlib.Tactic.Linarith.lt_of_lt_of_eq
                                  (Mathlib.Tactic.Linarith.add_lt_of_neg_of_le
                                    (Eq.mp
                                      (congrArg (fun _a => _a < 0)
                                        (Mathlib.Tactic.CancelDenoms.derive_trans
                                          (Eq.trans
                                            (congrArg (HSub.hSub √ε)
                                              (Mathlib.Meta.NormNum.IsNNRat.to_eq
                                                (Mathlib.Meta.NormNum.isNNRat_div
                                                  (Mathlib.Meta.NormNum.isNNRat_mul (Eq.refl HMul.hMul)
                                                    (Mathlib.Meta.NormNum.IsNat.to_isNNRat
                                                      (Mathlib.Meta.NormNum.isNat_ofNat ℝ Nat.cast_one))
                                                    (Mathlib.Meta.NormNum.isNNRat_inv_pos
                                                      (Mathlib.Meta.NormNum.IsNat.to_isNNRat
                                                        (Mathlib.Meta.NormNum.isNat_ofNat ℝ (Eq.refl 4))))
                                                    (Eq.refl (Nat.mul 1 1)) (Eq.refl 4)))
                                                Nat.cast_one (Eq.refl 4)))
                                            (congrArg (HSub.hSub √ε)
                                              (Mathlib.Meta.NormNum.IsNNRat.to_eq
                                                (Mathlib.Meta.NormNum.isNNRat_div
                                                  (Mathlib.Meta.NormNum.isNNRat_mul (Eq.refl HMul.hMul)
                                                    (Mathlib.Meta.NormNum.IsNat.to_isNNRat
                                                      (Mathlib.Meta.NormNum.isNat_ofNat ℝ Nat.cast_one))
                                                    (Mathlib.Meta.NormNum.isNNRat_inv_pos
                                                      (Mathlib.Meta.NormNum.IsNat.to_isNNRat
                                                        (Mathlib.Meta.NormNum.isNat_ofNat ℝ (Eq.refl 4))))
                                                    (Eq.refl (Nat.mul 1 1)) (Eq.refl 4)))
                                                Nat.cast_one (Eq.refl 4))))
                                          (Mathlib.Tactic.CancelDenoms.sub_subst rfl
                                            (Mathlib.Tactic.CancelDenoms.div_subst rfl
                                              (Mathlib.Meta.NormNum.isNat_eq_true
                                                (Mathlib.Meta.NormNum.IsNNRat.to_isNat
                                                  (Mathlib.Meta.NormNum.isNNRat_div
                                                    (Mathlib.Meta.NormNum.IsNat.to_isNNRat
                                                      (Mathlib.Meta.NormNum.IsNNRat.to_isNat
                                                        (Mathlib.Meta.NormNum.isNNRat_mul (Eq.refl HMul.hMul)
                                                          (Mathlib.Meta.NormNum.IsNat.to_isNNRat
                                                            (Mathlib.Meta.NormNum.isNat_ofNat ℝ (Eq.refl 4)))
                                                          (Mathlib.Meta.NormNum.isNNRat_inv_pos
                                                            (Mathlib.Meta.NormNum.IsNat.to_isNNRat
                                                              (Mathlib.Meta.NormNum.isNat_ofNat ℝ (Eq.refl 4))))
                                                          (Eq.refl (Nat.mul 4 1)) (Eq.refl 4))))))
                                                (Mathlib.Meta.NormNum.isNat_ofNat ℝ Nat.cast_one))
                                              (Mathlib.Meta.NormNum.isNat_eq_true
                                                (Mathlib.Meta.NormNum.isNat_mul (Eq.refl HMul.hMul)
                                                  (Mathlib.Meta.NormNum.isNat_ofNat ℝ Nat.cast_one)
                                                  (Mathlib.Meta.NormNum.isNat_ofNat ℝ (Eq.refl 4)) (Eq.refl 4))
                                                (Mathlib.Meta.NormNum.isNat_ofNat ℝ (Eq.refl 4)))))))
                                      (Mathlib.Tactic.Linarith.mul_neg
                                        (Mathlib.Tactic.Linarith.sub_neg_of_lt hrootSmall)
                                        (Mathlib.Meta.NormNum.isNat_lt_true
                                          (Mathlib.Meta.NormNum.isNat_ofNat ℝ Nat.cast_zero)
                                          (Mathlib.Meta.NormNum.isNat_ofNat ℝ (Eq.refl 4)) (Eq.refl false))))
                                    (Eq.mp
                                      (congrArg (fun _a => _a ≤ 0)
                                        (Mathlib.Tactic.CancelDenoms.derive_trans
                                          (Eq.trans
                                            (congrFun'
                                              (congrArg HSub.hSub
                                                (Mathlib.Meta.NormNum.IsNNRat.to_eq
                                                  (Mathlib.Meta.NormNum.isNNRat_div
                                                    (Mathlib.Meta.NormNum.isNNRat_mul (Eq.refl HMul.hMul)
                                                      (Mathlib.Meta.NormNum.IsNat.to_isNNRat
                                                        (Mathlib.Meta.NormNum.isNat_ofNat ℝ Nat.cast_one))
                                                      (Mathlib.Meta.NormNum.isNNRat_inv_pos
                                                        (Mathlib.Meta.NormNum.IsNat.to_isNNRat
                                                          (Mathlib.Meta.NormNum.isNat_ofNat ℝ (Eq.refl 4))))
                                                      (Eq.refl (Nat.mul 1 1)) (Eq.refl 4)))
                                                  Nat.cast_one (Eq.refl 4)))
                                              ε)
                                            (congrFun'
                                              (congrArg HSub.hSub
                                                (Mathlib.Meta.NormNum.IsNNRat.to_eq
                                                  (Mathlib.Meta.NormNum.isNNRat_div
                                                    (Mathlib.Meta.NormNum.isNNRat_mul (Eq.refl HMul.hMul)
                                                      (Mathlib.Meta.NormNum.IsNat.to_isNNRat
                                                        (Mathlib.Meta.NormNum.isNat_ofNat ℝ Nat.cast_one))
                                                      (Mathlib.Meta.NormNum.isNNRat_inv_pos
                                                        (Mathlib.Meta.NormNum.IsNat.to_isNNRat
                                                          (Mathlib.Meta.NormNum.isNat_ofNat ℝ (Eq.refl 4))))
                                                      (Eq.refl (Nat.mul 1 1)) (Eq.refl 4)))
                                                  Nat.cast_one (Eq.refl 4)))
                                              ε))
                                          (Mathlib.Tactic.CancelDenoms.sub_subst
                                            (Mathlib.Tactic.CancelDenoms.div_subst rfl
                                              (Mathlib.Meta.NormNum.isNat_eq_true
                                                (Mathlib.Meta.NormNum.IsNNRat.to_isNat
                                                  (Mathlib.Meta.NormNum.isNNRat_div
                                                    (Mathlib.Meta.NormNum.IsNat.to_isNNRat
                                                      (Mathlib.Meta.NormNum.IsNNRat.to_isNat
                                                        (Mathlib.Meta.NormNum.isNNRat_mul (Eq.refl HMul.hMul)
                                                          (Mathlib.Meta.NormNum.IsNat.to_isNNRat
                                                            (Mathlib.Meta.NormNum.isNat_ofNat ℝ (Eq.refl 4)))
                                                          (Mathlib.Meta.NormNum.isNNRat_inv_pos
                                                            (Mathlib.Meta.NormNum.IsNat.to_isNNRat
                                                              (Mathlib.Meta.NormNum.isNat_ofNat ℝ (Eq.refl 4))))
                                                          (Eq.refl (Nat.mul 4 1)) (Eq.refl 4))))))
                                                (Mathlib.Meta.NormNum.isNat_ofNat ℝ Nat.cast_one))
                                              (Mathlib.Meta.NormNum.isNat_eq_true
                                                (Mathlib.Meta.NormNum.isNat_mul (Eq.refl HMul.hMul)
                                                  (Mathlib.Meta.NormNum.isNat_ofNat ℝ Nat.cast_one)
                                                  (Mathlib.Meta.NormNum.isNat_ofNat ℝ (Eq.refl 4)) (Eq.refl 4))
                                                (Mathlib.Meta.NormNum.isNat_ofNat ℝ (Eq.refl 4))))
                                            rfl)))
                                      (Mathlib.Tactic.Linarith.mul_nonpos (Mathlib.Tactic.Linarith.sub_nonpos_of_le a)
                                        (Mathlib.Meta.NormNum.isNat_lt_true
                                          (Mathlib.Meta.NormNum.isNat_ofNat ℝ Nat.cast_zero)
                                          (Mathlib.Meta.NormNum.isNat_ofNat ℝ (Eq.refl 4)) (Eq.refl false)))))
                                  (Mathlib.Tactic.Linarith.mul_eq
                                    (neg_eq_zero.mpr (sub_eq_zero_of_eq (Real.sq_sqrt (LT.lt.le hε))))
                                    (Mathlib.Meta.NormNum.isNat_lt_true
                                      (Mathlib.Meta.NormNum.isNat_ofNat ℝ Nat.cast_zero)
                                      (Mathlib.Meta.NormNum.isNat_ofNat ℝ (Eq.refl 16)) (Eq.refl false))))
                                (Mathlib.Tactic.Linarith.mul_neg
                                  (Mathlib.Tactic.Linarith.sub_neg_of_lt
                                    (mul_pos_of_neg_of_neg (Mathlib.Tactic.Linarith.sub_neg_of_lt hε)
                                      (Eq.mp
                                        (congrArg (fun _a => _a < 0)
                                          (Mathlib.Tactic.CancelDenoms.derive_trans
                                            (Eq.trans
                                              (congrArg (HSub.hSub √ε)
                                                (Mathlib.Meta.NormNum.IsNNRat.to_eq
                                                  (Mathlib.Meta.NormNum.isNNRat_div
                                                    (Mathlib.Meta.NormNum.isNNRat_mul (Eq.refl HMul.hMul)
                                                      (Mathlib.Meta.NormNum.IsNat.to_isNNRat
                                                        (Mathlib.Meta.NormNum.isNat_ofNat ℝ Nat.cast_one))
                                                      (Mathlib.Meta.NormNum.isNNRat_inv_pos
                                                        (Mathlib.Meta.NormNum.IsNat.to_isNNRat
                                                          (Mathlib.Meta.NormNum.isNat_ofNat ℝ (Eq.refl 4))))
                                                      (Eq.refl (Nat.mul 1 1)) (Eq.refl 4)))
                                                  Nat.cast_one (Eq.refl 4)))
                                              (congrArg (HSub.hSub √ε)
                                                (Mathlib.Meta.NormNum.IsNNRat.to_eq
                                                  (Mathlib.Meta.NormNum.isNNRat_div
                                                    (Mathlib.Meta.NormNum.isNNRat_mul (Eq.refl HMul.hMul)
                                                      (Mathlib.Meta.NormNum.IsNat.to_isNNRat
                                                        (Mathlib.Meta.NormNum.isNat_ofNat ℝ Nat.cast_one))
                                                      (Mathlib.Meta.NormNum.isNNRat_inv_pos
                                                        (Mathlib.Meta.NormNum.IsNat.to_isNNRat
                                                          (Mathlib.Meta.NormNum.isNat_ofNat ℝ (Eq.refl 4))))
                                                      (Eq.refl (Nat.mul 1 1)) (Eq.refl 4)))
                                                  Nat.cast_one (Eq.refl 4))))
                                            (Mathlib.Tactic.CancelDenoms.sub_subst rfl
                                              (Mathlib.Tactic.CancelDenoms.div_subst rfl
                                                (Mathlib.Meta.NormNum.isNat_eq_true
                                                  (Mathlib.Meta.NormNum.IsNNRat.to_isNat
                                                    (Mathlib.Meta.NormNum.isNNRat_div
                                                      (Mathlib.Meta.NormNum.IsNat.to_isNNRat
                                                        (Mathlib.Meta.NormNum.IsNNRat.to_isNat
                                                          (Mathlib.Meta.NormNum.isNNRat_mul (Eq.refl HMul.hMul)
                                                            (Mathlib.Meta.NormNum.IsNat.to_isNNRat
                                                              (Mathlib.Meta.NormNum.isNat_ofNat ℝ (Eq.refl 4)))
                                                            (Mathlib.Meta.NormNum.isNNRat_inv_pos
                                                              (Mathlib.Meta.NormNum.IsNat.to_isNNRat
                                                                (Mathlib.Meta.NormNum.isNat_ofNat ℝ (Eq.refl 4))))
                                                            (Eq.refl (Nat.mul 4 1)) (Eq.refl 4))))))
                                                  (Mathlib.Meta.NormNum.isNat_ofNat ℝ Nat.cast_one))
                                                (Mathlib.Meta.NormNum.isNat_eq_true
                                                  (Mathlib.Meta.NormNum.isNat_mul (Eq.refl HMul.hMul)
                                                    (Mathlib.Meta.NormNum.isNat_ofNat ℝ Nat.cast_one)
                                                    (Mathlib.Meta.NormNum.isNat_ofNat ℝ (Eq.refl 4)) (Eq.refl 4))
                                                  (Mathlib.Meta.NormNum.isNat_ofNat ℝ (Eq.refl 4)))))))
                                        (Mathlib.Tactic.Linarith.mul_neg
                                          (Mathlib.Tactic.Linarith.sub_neg_of_lt hrootSmall)
                                          (Mathlib.Meta.NormNum.isNat_lt_true
                                            (Mathlib.Meta.NormNum.isNat_ofNat ℝ Nat.cast_zero)
                                            (Mathlib.Meta.NormNum.isNat_ofNat ℝ (Eq.refl 4)) (Eq.refl false))))))
                                  (Mathlib.Meta.NormNum.isNat_lt_true (Mathlib.Meta.NormNum.isNat_ofNat ℝ Nat.cast_zero)
                                    (Mathlib.Meta.NormNum.isNat_ofNat ℝ (Eq.refl 12)) (Eq.refl false))))
                              (Mathlib.Tactic.Linarith.mul_neg
                                (Mathlib.Tactic.Linarith.sub_neg_of_lt
                                  (mul_pos_of_neg_of_neg (Mathlib.Tactic.Linarith.sub_neg_of_lt hε)
                                    (Mathlib.Tactic.Linarith.sub_neg_of_lt hrootpos)))
                                (Mathlib.Meta.NormNum.isNat_lt_true (Mathlib.Meta.NormNum.isNat_ofNat ℝ Nat.cast_zero)
                                  (Mathlib.Meta.NormNum.isNat_ofNat ℝ (Eq.refl 48)) (Eq.refl false))))
                            (Mathlib.Tactic.Linarith.mul_neg
                              (Mathlib.Tactic.Linarith.sub_neg_of_lt
                                (mul_pos_of_neg_of_neg
                                  (Eq.mp
                                    (congrArg (fun _a => _a < 0)
                                      (Mathlib.Tactic.CancelDenoms.derive_trans
                                        (Eq.trans
                                          (congrArg (HSub.hSub √ε)
                                            (Mathlib.Meta.NormNum.IsNNRat.to_eq
                                              (Mathlib.Meta.NormNum.isNNRat_div
                                                (Mathlib.Meta.NormNum.isNNRat_mul (Eq.refl HMul.hMul)
                                                  (Mathlib.Meta.NormNum.IsNat.to_isNNRat
                                                    (Mathlib.Meta.NormNum.isNat_ofNat ℝ Nat.cast_one))
                                                  (Mathlib.Meta.NormNum.isNNRat_inv_pos
                                                    (Mathlib.Meta.NormNum.IsNat.to_isNNRat
                                                      (Mathlib.Meta.NormNum.isNat_ofNat ℝ (Eq.refl 4))))
                                                  (Eq.refl (Nat.mul 1 1)) (Eq.refl 4)))
                                              Nat.cast_one (Eq.refl 4)))
                                          (congrArg (HSub.hSub √ε)
                                            (Mathlib.Meta.NormNum.IsNNRat.to_eq
                                              (Mathlib.Meta.NormNum.isNNRat_div
                                                (Mathlib.Meta.NormNum.isNNRat_mul (Eq.refl HMul.hMul)
                                                  (Mathlib.Meta.NormNum.IsNat.to_isNNRat
                                                    (Mathlib.Meta.NormNum.isNat_ofNat ℝ Nat.cast_one))
                                                  (Mathlib.Meta.NormNum.isNNRat_inv_pos
                                                    (Mathlib.Meta.NormNum.IsNat.to_isNNRat
                                                      (Mathlib.Meta.NormNum.isNat_ofNat ℝ (Eq.refl 4))))
                                                  (Eq.refl (Nat.mul 1 1)) (Eq.refl 4)))
                                              Nat.cast_one (Eq.refl 4))))
                                        (Mathlib.Tactic.CancelDenoms.sub_subst rfl
                                          (Mathlib.Tactic.CancelDenoms.div_subst rfl
                                            (Mathlib.Meta.NormNum.isNat_eq_true
                                              (Mathlib.Meta.NormNum.IsNNRat.to_isNat
                                                (Mathlib.Meta.NormNum.isNNRat_div
                                                  (Mathlib.Meta.NormNum.IsNat.to_isNNRat
                                                    (Mathlib.Meta.NormNum.IsNNRat.to_isNat
                                                      (Mathlib.Meta.NormNum.isNNRat_mul (Eq.refl HMul.hMul)
                                                        (Mathlib.Meta.NormNum.IsNat.to_isNNRat
                                                          (Mathlib.Meta.NormNum.isNat_ofNat ℝ (Eq.refl 4)))
                                                        (Mathlib.Meta.NormNum.isNNRat_inv_pos
                                                          (Mathlib.Meta.NormNum.IsNat.to_isNNRat
                                                            (Mathlib.Meta.NormNum.isNat_ofNat ℝ (Eq.refl 4))))
                                                        (Eq.refl (Nat.mul 4 1)) (Eq.refl 4))))))
                                              (Mathlib.Meta.NormNum.isNat_ofNat ℝ Nat.cast_one))
                                            (Mathlib.Meta.NormNum.isNat_eq_true
                                              (Mathlib.Meta.NormNum.isNat_mul (Eq.refl HMul.hMul)
                                                (Mathlib.Meta.NormNum.isNat_ofNat ℝ Nat.cast_one)
                                                (Mathlib.Meta.NormNum.isNat_ofNat ℝ (Eq.refl 4)) (Eq.refl 4))
                                              (Mathlib.Meta.NormNum.isNat_ofNat ℝ (Eq.refl 4)))))))
                                    (Mathlib.Tactic.Linarith.mul_neg (Mathlib.Tactic.Linarith.sub_neg_of_lt hrootSmall)
                                      (Mathlib.Meta.NormNum.isNat_lt_true
                                        (Mathlib.Meta.NormNum.isNat_ofNat ℝ Nat.cast_zero)
                                        (Mathlib.Meta.NormNum.isNat_ofNat ℝ (Eq.refl 4)) (Eq.refl false))))
                                  (Mathlib.Tactic.Linarith.sub_neg_of_lt hrootpos)))
                              (Mathlib.Meta.NormNum.isNat_lt_true (Mathlib.Meta.NormNum.isNat_ofNat ℝ Nat.cast_zero)
                                (Mathlib.Meta.NormNum.isNat_ofNat ℝ (Eq.refl 4)) (Eq.refl false)))));
                  have hgap :=
                    lt_of_not_ge fun a =>
                      Mathlib.Tactic.Linarith.lt_irrefl
                        (Eq.mp
                          (congrArg (fun _a => _a < 0)
                            (Mathlib.Tactic.Ring.of_eq
                              (Mathlib.Tactic.Ring.Common.add_congr
                                (Mathlib.Tactic.Ring.Common.add_congr
                                  (Mathlib.Tactic.Ring.Common.add_congr
                                    (Mathlib.Tactic.Ring.Common.add_congr
                                      (Mathlib.Tactic.Ring.Common.sub_congr
                                        (Mathlib.Tactic.Ring.Common.atom_pf (√ε) rfl
                                          (Eq.mpr
                                            (id
                                              (congrArg
                                                (fun _a => √ε ^ Nat.rawCast 1 * Nat.rawCast 1 = √ε ^ Nat.rawCast 1 * _a)
                                                (Eq.symm rfl)))
                                            (Eq.refl (√ε ^ Nat.rawCast 1 * Nat.rawCast 1))))
                                        (Mathlib.Tactic.Ring.Common.mul_congr
                                          (Mathlib.Tactic.Ring.cast_pos
                                            (Mathlib.Meta.NormNum.isNat_ofNat ℝ (Eq.refl 2)))
                                          (Mathlib.Tactic.Ring.Common.atom_pf ε rfl
                                            (Eq.mpr
                                              (id
                                                (congrArg
                                                  (fun _a => ε ^ Nat.rawCast 1 * Nat.rawCast 1 = ε ^ Nat.rawCast 1 * _a)
                                                  (Eq.symm rfl)))
                                              (Eq.refl (ε ^ Nat.rawCast 1 * Nat.rawCast 1))))
                                          (Mathlib.Tactic.Ring.Common.add_mul
                                            (Mathlib.Tactic.Ring.Common.mul_add
                                              (Mathlib.Tactic.Ring.Common.mul_pf_right ε (Nat.rawCast 1)
                                                (Mathlib.Meta.NormNum.IsNat.to_raw_eq
                                                  (Mathlib.Meta.NormNum.isNat_mul (Eq.refl HMul.hMul)
                                                    (Mathlib.Meta.NormNum.IsNat.of_raw ℝ 2)
                                                    (Mathlib.Meta.NormNum.IsNat.of_raw ℝ 1) (Eq.refl 2))))
                                              (Mathlib.Tactic.Ring.Common.mul_zero (Nat.rawCast 2))
                                              (Mathlib.Tactic.Ring.Common.add_pf_add_zero
                                                (ε ^ Nat.rawCast 1 * Nat.rawCast 2 + 0)))
                                            (Mathlib.Tactic.Ring.Common.zero_mul
                                              (ε ^ Nat.rawCast 1 * Nat.rawCast 1 + 0))
                                            (Mathlib.Tactic.Ring.Common.add_pf_add_zero
                                              (ε ^ Nat.rawCast 1 * Nat.rawCast 2 + 0))))
                                        (Mathlib.Tactic.Ring.Common.sub_pf
                                          (Mathlib.Tactic.Ring.Common.neg_add
                                            (Mathlib.Tactic.Ring.Common.neg_mul ε (Nat.rawCast 1)
                                              (Mathlib.Meta.NormNum.IsInt.to_raw_eq
                                                (Mathlib.Meta.NormNum.isInt_neg (Eq.refl Neg.neg)
                                                  (Mathlib.Meta.NormNum.IsNat.to_isInt
                                                    (Mathlib.Meta.NormNum.IsNat.of_raw ℝ 2))
                                                  (Eq.refl (Int.negOfNat 2)))))
                                            Mathlib.Tactic.Ring.Common.neg_zero)
                                          (Mathlib.Tactic.Ring.Common.add_pf_add_lt (√ε ^ Nat.rawCast 1 * Nat.rawCast 1)
                                            (Mathlib.Tactic.Ring.Common.add_pf_zero_add
                                              (ε ^ Nat.rawCast 1 * (Int.negOfNat 2).rawCast + 0)))))
                                      (Mathlib.Tactic.Ring.Common.mul_congr
                                        (Mathlib.Tactic.Ring.cast_pos (Mathlib.Meta.NormNum.isNat_ofNat ℝ (Eq.refl 4)))
                                        (Mathlib.Tactic.Ring.Common.neg_congr
                                          (Mathlib.Tactic.Ring.Common.sub_congr
                                            (Mathlib.Tactic.Ring.Common.pow_congr
                                              (Mathlib.Tactic.Ring.Common.atom_pf (√ε) rfl
                                                (Eq.mpr
                                                  (id
                                                    (congrArg
                                                      (fun _a =>
                                                        √ε ^ Nat.rawCast 1 * Nat.rawCast 1 = √ε ^ Nat.rawCast 1 * _a)
                                                      (Eq.symm rfl)))
                                                  (Eq.refl (√ε ^ Nat.rawCast 1 * Nat.rawCast 1))))
                                              (Mathlib.Tactic.Ring.cast_pos
                                                (Mathlib.Meta.NormNum.isNat_ofNat ℕ (Eq.refl 2)))
                                              (Mathlib.Tactic.Ring.Common.pow_add
                                                (Mathlib.Tactic.Ring.Common.single_pow
                                                  (Mathlib.Tactic.Ring.Common.mul_pow_mul
                                                    (Mathlib.Meta.NormNum.IsNat.to_raw_eq
                                                      (Mathlib.Meta.NormNum.isNat_mul (Eq.refl HMul.hMul)
                                                        (Mathlib.Meta.NormNum.IsNat.of_raw ℕ 1)
                                                        (Mathlib.Meta.NormNum.IsNat.of_raw ℕ 2) (Eq.refl 2)))
                                                    (Mathlib.Tactic.Ring.Common.one_pow (Nat.rawCast 2) { out := rfl })
                                                    (Eq.mpr
                                                      (id
                                                        (congrArg
                                                          (fun _a =>
                                                            √ε ^ Nat.rawCast 2 * Nat.rawCast 1 =
                                                              √ε ^ Nat.rawCast 2 * _a)
                                                          (Eq.symm rfl)))
                                                      (Eq.refl (√ε ^ Nat.rawCast 2 * Nat.rawCast 1)))
                                                    (Mathlib.Tactic.Ring.Common.mul_pf_left (√ε) (Nat.rawCast 2)
                                                      (Mathlib.Meta.NormNum.IsNat.to_raw_eq
                                                        (Mathlib.Meta.NormNum.isNat_mul (Eq.refl HMul.hMul)
                                                          (Mathlib.Meta.NormNum.IsNat.of_raw ℝ 1)
                                                          (Mathlib.Meta.NormNum.IsNat.of_raw ℝ 1) (Eq.refl 1))))))
                                                (Mathlib.Tactic.Ring.Common.pow_zero
                                                  (√ε ^ Nat.rawCast 1 * Nat.rawCast 1 + 0) rfl)
                                                (Mathlib.Tactic.Ring.Common.add_mul
                                                  (Mathlib.Tactic.Ring.Common.mul_add
                                                    (Mathlib.Tactic.Ring.Common.mul_pf_left (√ε) (Nat.rawCast 2)
                                                      (Mathlib.Meta.NormNum.IsNat.to_raw_eq
                                                        (Mathlib.Meta.NormNum.isNat_mul (Eq.refl HMul.hMul)
                                                          (Mathlib.Meta.NormNum.IsNat.of_raw ℝ 1)
                                                          (Mathlib.Meta.NormNum.IsNat.of_raw ℝ 1) (Eq.refl 1))))
                                                    (Mathlib.Tactic.Ring.Common.mul_zero
                                                      (√ε ^ Nat.rawCast 2 * Nat.rawCast 1))
                                                    (Mathlib.Tactic.Ring.Common.add_pf_add_zero
                                                      (√ε ^ Nat.rawCast 2 * Nat.rawCast 1 + 0)))
                                                  (Mathlib.Tactic.Ring.Common.zero_mul (Nat.rawCast 1 + 0))
                                                  (Mathlib.Tactic.Ring.Common.add_pf_add_zero
                                                    (√ε ^ Nat.rawCast 2 * Nat.rawCast 1 + 0)))))
                                            (Mathlib.Tactic.Ring.Common.atom_pf ε rfl
                                              (Eq.mpr
                                                (id
                                                  (congrArg
                                                    (fun _a =>
                                                      ε ^ Nat.rawCast 1 * Nat.rawCast 1 = ε ^ Nat.rawCast 1 * _a)
                                                    (Eq.symm rfl)))
                                                (Eq.refl (ε ^ Nat.rawCast 1 * Nat.rawCast 1))))
                                            (Mathlib.Tactic.Ring.Common.sub_pf
                                              (Mathlib.Tactic.Ring.Common.neg_add
                                                (Mathlib.Tactic.Ring.Common.neg_mul ε (Nat.rawCast 1)
                                                  (Mathlib.Meta.NormNum.IsInt.to_raw_eq
                                                    (Mathlib.Meta.NormNum.isInt_neg (Eq.refl Neg.neg)
                                                      (Mathlib.Meta.NormNum.IsNat.to_isInt
                                                        (Mathlib.Meta.NormNum.IsNat.of_raw ℝ 1))
                                                      (Eq.refl (Int.negOfNat 1)))))
                                                Mathlib.Tactic.Ring.Common.neg_zero)
                                              (Mathlib.Tactic.Ring.Common.add_pf_add_lt
                                                (√ε ^ Nat.rawCast 2 * Nat.rawCast 1)
                                                (Mathlib.Tactic.Ring.Common.add_pf_zero_add
                                                  (ε ^ Nat.rawCast 1 * (Int.negOfNat 1).rawCast + 0)))))
                                          (Mathlib.Tactic.Ring.Common.neg_add
                                            (Mathlib.Tactic.Ring.Common.neg_mul (√ε) (Nat.rawCast 2)
                                              (Mathlib.Meta.NormNum.IsInt.to_raw_eq
                                                (Mathlib.Meta.NormNum.isInt_neg (Eq.refl Neg.neg)
                                                  (Mathlib.Meta.NormNum.IsNat.to_isInt
                                                    (Mathlib.Meta.NormNum.IsNat.of_raw ℝ 1))
                                                  (Eq.refl (Int.negOfNat 1)))))
                                            (Mathlib.Tactic.Ring.Common.neg_add
                                              (Mathlib.Tactic.Ring.Common.neg_mul ε (Nat.rawCast 1)
                                                (Mathlib.Meta.NormNum.IsNat.to_raw_eq
                                                  (Mathlib.Meta.NormNum.IsInt.to_isNat
                                                    (Mathlib.Meta.NormNum.isInt_neg (Eq.refl Neg.neg)
                                                      (Mathlib.Meta.NormNum.IsInt.of_raw ℝ (Int.negOfNat 1))
                                                      (Eq.refl (Int.ofNat 1))))))
                                              Mathlib.Tactic.Ring.Common.neg_zero)))
                                        (Mathlib.Tactic.Ring.Common.add_mul
                                          (Mathlib.Tactic.Ring.Common.mul_add
                                            (Mathlib.Tactic.Ring.Common.mul_pf_right (√ε) (Nat.rawCast 2)
                                              (Mathlib.Meta.NormNum.IsInt.to_raw_eq
                                                (Mathlib.Meta.NormNum.isInt_mul (Eq.refl HMul.hMul)
                                                  (Mathlib.Meta.NormNum.IsNat.to_isInt
                                                    (Mathlib.Meta.NormNum.IsNat.of_raw ℝ 4))
                                                  (Mathlib.Meta.NormNum.IsInt.of_raw ℝ (Int.negOfNat 1))
                                                  (Eq.refl (Int.negOfNat 4)))))
                                            (Mathlib.Tactic.Ring.Common.mul_add
                                              (Mathlib.Tactic.Ring.Common.mul_pf_right ε (Nat.rawCast 1)
                                                (Mathlib.Meta.NormNum.IsNat.to_raw_eq
                                                  (Mathlib.Meta.NormNum.isNat_mul (Eq.refl HMul.hMul)
                                                    (Mathlib.Meta.NormNum.IsNat.of_raw ℝ 4)
                                                    (Mathlib.Meta.NormNum.IsNat.of_raw ℝ 1) (Eq.refl 4))))
                                              (Mathlib.Tactic.Ring.Common.mul_zero (Nat.rawCast 4))
                                              (Mathlib.Tactic.Ring.Common.add_pf_add_zero
                                                (ε ^ Nat.rawCast 1 * Nat.rawCast 4 + 0)))
                                            (Mathlib.Tactic.Ring.Common.add_pf_add_lt
                                              (√ε ^ Nat.rawCast 2 * (Int.negOfNat 4).rawCast)
                                              (Mathlib.Tactic.Ring.Common.add_pf_zero_add
                                                (ε ^ Nat.rawCast 1 * Nat.rawCast 4 + 0))))
                                          (Mathlib.Tactic.Ring.Common.zero_mul
                                            (√ε ^ Nat.rawCast 2 * (Int.negOfNat 1).rawCast +
                                              (ε ^ Nat.rawCast 1 * Nat.rawCast 1 + 0)))
                                          (Mathlib.Tactic.Ring.Common.add_pf_add_zero
                                            (√ε ^ Nat.rawCast 2 * (Int.negOfNat 4).rawCast +
                                              (ε ^ Nat.rawCast 1 * Nat.rawCast 4 + 0)))))
                                      (Mathlib.Tactic.Ring.Common.add_pf_add_lt (√ε ^ Nat.rawCast 1 * Nat.rawCast 1)
                                        (Mathlib.Tactic.Ring.Common.add_pf_add_gt
                                          (√ε ^ Nat.rawCast 2 * (Int.negOfNat 4).rawCast)
                                          (Mathlib.Tactic.Ring.Common.add_pf_add_overlap
                                            (Mathlib.Tactic.Ring.Common.add_overlap_pf ε (Nat.rawCast 1)
                                              (Mathlib.Meta.NormNum.IsNat.to_raw_eq
                                                (Mathlib.Meta.NormNum.IsInt.to_isNat
                                                  (Mathlib.Meta.NormNum.isInt_add (Eq.refl HAdd.hAdd)
                                                    (Mathlib.Meta.NormNum.IsInt.of_raw ℝ (Int.negOfNat 2))
                                                    (Mathlib.Meta.NormNum.IsNat.to_isInt
                                                      (Mathlib.Meta.NormNum.IsNat.of_raw ℝ 4))
                                                    (Eq.refl (Int.ofNat 2))))))
                                            (Mathlib.Tactic.Ring.Common.add_pf_zero_add 0)))))
                                    (Mathlib.Tactic.Ring.Common.mul_congr
                                      (Mathlib.Tactic.Ring.cast_pos (Mathlib.Meta.NormNum.isNat_ofNat ℝ (Eq.refl 2)))
                                      (Mathlib.Tactic.Ring.Common.sub_congr
                                        (Mathlib.Tactic.Ring.cast_zero
                                          (Mathlib.Meta.NormNum.isNat_ofNat ℝ Nat.cast_zero))
                                        (Mathlib.Tactic.Ring.Common.mul_congr
                                          (Mathlib.Tactic.Ring.Common.sub_congr
                                            (Mathlib.Tactic.Ring.cast_zero
                                              (Mathlib.Meta.NormNum.isNat_ofNat ℝ Nat.cast_zero))
                                            (Mathlib.Tactic.Ring.Common.atom_pf ε rfl
                                              (Eq.mpr
                                                (id
                                                  (congrArg
                                                    (fun _a =>
                                                      ε ^ Nat.rawCast 1 * Nat.rawCast 1 = ε ^ Nat.rawCast 1 * _a)
                                                    (Eq.symm rfl)))
                                                (Eq.refl (ε ^ Nat.rawCast 1 * Nat.rawCast 1))))
                                            (Mathlib.Tactic.Ring.Common.sub_pf
                                              (Mathlib.Tactic.Ring.Common.neg_add
                                                (Mathlib.Tactic.Ring.Common.neg_mul ε (Nat.rawCast 1)
                                                  (Mathlib.Meta.NormNum.IsInt.to_raw_eq
                                                    (Mathlib.Meta.NormNum.isInt_neg (Eq.refl Neg.neg)
                                                      (Mathlib.Meta.NormNum.IsNat.to_isInt
                                                        (Mathlib.Meta.NormNum.IsNat.of_raw ℝ 1))
                                                      (Eq.refl (Int.negOfNat 1)))))
                                                Mathlib.Tactic.Ring.Common.neg_zero)
                                              (Mathlib.Tactic.Ring.Common.add_pf_zero_add
                                                (ε ^ Nat.rawCast 1 * (Int.negOfNat 1).rawCast + 0))))
                                          (Mathlib.Tactic.Ring.Common.sub_congr
                                            (Mathlib.Tactic.Ring.Common.mul_congr
                                              (Mathlib.Tactic.Ring.cast_pos
                                                (Mathlib.Meta.NormNum.isNat_ofNat ℝ (Eq.refl 4)))
                                              (Mathlib.Tactic.Ring.Common.atom_pf (√ε) rfl
                                                (Eq.mpr
                                                  (id
                                                    (congrArg
                                                      (fun _a =>
                                                        √ε ^ Nat.rawCast 1 * Nat.rawCast 1 = √ε ^ Nat.rawCast 1 * _a)
                                                      (Eq.symm rfl)))
                                                  (Eq.refl (√ε ^ Nat.rawCast 1 * Nat.rawCast 1))))
                                              (Mathlib.Tactic.Ring.Common.add_mul
                                                (Mathlib.Tactic.Ring.Common.mul_add
                                                  (Mathlib.Tactic.Ring.Common.mul_pf_right (√ε) (Nat.rawCast 1)
                                                    (Mathlib.Meta.NormNum.IsNat.to_raw_eq
                                                      (Mathlib.Meta.NormNum.isNat_mul (Eq.refl HMul.hMul)
                                                        (Mathlib.Meta.NormNum.IsNat.of_raw ℝ 4)
                                                        (Mathlib.Meta.NormNum.IsNat.of_raw ℝ 1) (Eq.refl 4))))
                                                  (Mathlib.Tactic.Ring.Common.mul_zero (Nat.rawCast 4))
                                                  (Mathlib.Tactic.Ring.Common.add_pf_add_zero
                                                    (√ε ^ Nat.rawCast 1 * Nat.rawCast 4 + 0)))
                                                (Mathlib.Tactic.Ring.Common.zero_mul
                                                  (√ε ^ Nat.rawCast 1 * Nat.rawCast 1 + 0))
                                                (Mathlib.Tactic.Ring.Common.add_pf_add_zero
                                                  (√ε ^ Nat.rawCast 1 * Nat.rawCast 4 + 0))))
                                            (Mathlib.Tactic.Ring.Common.mul_congr
                                              (Mathlib.Tactic.Ring.cast_pos
                                                (Mathlib.Meta.NormNum.isNat_ofNat ℝ Nat.cast_one))
                                              (Mathlib.Tactic.Ring.cast_pos
                                                (Mathlib.Meta.NormNum.isNat_ofNat ℝ Nat.cast_one))
                                              (Mathlib.Tactic.Ring.Common.add_mul
                                                (Mathlib.Tactic.Ring.Common.mul_add
                                                  (Mathlib.Meta.NormNum.IsNat.to_raw_eq
                                                    (Mathlib.Meta.NormNum.isNat_mul (Eq.refl HMul.hMul)
                                                      (Mathlib.Meta.NormNum.IsNat.of_raw ℝ 1)
                                                      (Mathlib.Meta.NormNum.IsNat.of_raw ℝ 1) (Eq.refl 1)))
                                                  (Mathlib.Tactic.Ring.Common.mul_zero (Nat.rawCast 1))
                                                  (Mathlib.Tactic.Ring.Common.add_pf_add_zero (Nat.rawCast 1 + 0)))
                                                (Mathlib.Tactic.Ring.Common.zero_mul (Nat.rawCast 1 + 0))
                                                (Mathlib.Tactic.Ring.Common.add_pf_add_zero (Nat.rawCast 1 + 0))))
                                            (Mathlib.Tactic.Ring.Common.sub_pf
                                              (Mathlib.Tactic.Ring.Common.neg_add
                                                (Mathlib.Meta.NormNum.IsInt.to_raw_eq
                                                  (Mathlib.Meta.NormNum.isInt_neg (Eq.refl Neg.neg)
                                                    (Mathlib.Meta.NormNum.IsNat.to_isInt
                                                      (Mathlib.Meta.NormNum.IsNat.of_raw ℝ 1))
                                                    (Eq.refl (Int.negOfNat 1))))
                                                Mathlib.Tactic.Ring.Common.neg_zero)
                                              (Mathlib.Tactic.Ring.Common.add_pf_add_gt (Int.negOfNat 1).rawCast
                                                (Mathlib.Tactic.Ring.Common.add_pf_add_zero
                                                  (√ε ^ Nat.rawCast 1 * Nat.rawCast 4 + 0)))))
                                          (Mathlib.Tactic.Ring.Common.add_mul
                                            (Mathlib.Tactic.Ring.Common.mul_add
                                              (Mathlib.Tactic.Ring.Common.mul_pf_left ε (Nat.rawCast 1)
                                                (Mathlib.Meta.NormNum.IsNat.to_raw_eq
                                                  (Mathlib.Meta.NormNum.IsInt.to_isNat
                                                    (Mathlib.Meta.NormNum.isInt_mul (Eq.refl HMul.hMul)
                                                      (Mathlib.Meta.NormNum.IsInt.of_raw ℝ (Int.negOfNat 1))
                                                      (Mathlib.Meta.NormNum.IsInt.of_raw ℝ (Int.negOfNat 1))
                                                      (Eq.refl (Int.ofNat 1))))))
                                              (Mathlib.Tactic.Ring.Common.mul_add
                                                (Mathlib.Tactic.Ring.Common.mul_pf_right (√ε) (Nat.rawCast 1)
                                                  (Mathlib.Tactic.Ring.Common.mul_pf_left ε (Nat.rawCast 1)
                                                    (Mathlib.Meta.NormNum.IsInt.to_raw_eq
                                                      (Mathlib.Meta.NormNum.isInt_mul (Eq.refl HMul.hMul)
                                                        (Mathlib.Meta.NormNum.IsInt.of_raw ℝ (Int.negOfNat 1))
                                                        (Mathlib.Meta.NormNum.IsNat.to_isInt
                                                          (Mathlib.Meta.NormNum.IsNat.of_raw ℝ 4))
                                                        (Eq.refl (Int.negOfNat 4))))))
                                                (Mathlib.Tactic.Ring.Common.mul_zero
                                                  (ε ^ Nat.rawCast 1 * (Int.negOfNat 1).rawCast))
                                                (Mathlib.Tactic.Ring.Common.add_pf_add_zero
                                                  (√ε ^ Nat.rawCast 1 * (ε ^ Nat.rawCast 1 * (Int.negOfNat 4).rawCast) +
                                                    0)))
                                              (Mathlib.Tactic.Ring.Common.add_pf_add_gt
                                                (√ε ^ Nat.rawCast 1 * (ε ^ Nat.rawCast 1 * (Int.negOfNat 4).rawCast))
                                                (Mathlib.Tactic.Ring.Common.add_pf_add_zero
                                                  (ε ^ Nat.rawCast 1 * Nat.rawCast 1 + 0))))
                                            (Mathlib.Tactic.Ring.Common.zero_mul
                                              ((Int.negOfNat 1).rawCast + (√ε ^ Nat.rawCast 1 * Nat.rawCast 4 + 0)))
                                            (Mathlib.Tactic.Ring.Common.add_pf_add_zero
                                              (√ε ^ Nat.rawCast 1 * (ε ^ Nat.rawCast 1 * (Int.negOfNat 4).rawCast) +
                                                (ε ^ Nat.rawCast 1 * Nat.rawCast 1 + 0)))))
                                        (Mathlib.Tactic.Ring.Common.sub_pf
                                          (Mathlib.Tactic.Ring.Common.neg_add
                                            (Mathlib.Tactic.Ring.Common.neg_mul (√ε) (Nat.rawCast 1)
                                              (Mathlib.Tactic.Ring.Common.neg_mul ε (Nat.rawCast 1)
                                                (Mathlib.Meta.NormNum.IsNat.to_raw_eq
                                                  (Mathlib.Meta.NormNum.IsInt.to_isNat
                                                    (Mathlib.Meta.NormNum.isInt_neg (Eq.refl Neg.neg)
                                                      (Mathlib.Meta.NormNum.IsInt.of_raw ℝ (Int.negOfNat 4))
                                                      (Eq.refl (Int.ofNat 4)))))))
                                            (Mathlib.Tactic.Ring.Common.neg_add
                                              (Mathlib.Tactic.Ring.Common.neg_mul ε (Nat.rawCast 1)
                                                (Mathlib.Meta.NormNum.IsInt.to_raw_eq
                                                  (Mathlib.Meta.NormNum.isInt_neg (Eq.refl Neg.neg)
                                                    (Mathlib.Meta.NormNum.IsNat.to_isInt
                                                      (Mathlib.Meta.NormNum.IsNat.of_raw ℝ 1))
                                                    (Eq.refl (Int.negOfNat 1)))))
                                              Mathlib.Tactic.Ring.Common.neg_zero))
                                          (Mathlib.Tactic.Ring.Common.add_pf_zero_add
                                            (√ε ^ Nat.rawCast 1 * (ε ^ Nat.rawCast 1 * Nat.rawCast 4) +
                                              (ε ^ Nat.rawCast 1 * (Int.negOfNat 1).rawCast + 0)))))
                                      (Mathlib.Tactic.Ring.Common.add_mul
                                        (Mathlib.Tactic.Ring.Common.mul_add
                                          (Mathlib.Tactic.Ring.Common.mul_pf_right (√ε) (Nat.rawCast 1)
                                            (Mathlib.Tactic.Ring.Common.mul_pf_right ε (Nat.rawCast 1)
                                              (Mathlib.Meta.NormNum.IsNat.to_raw_eq
                                                (Mathlib.Meta.NormNum.isNat_mul (Eq.refl HMul.hMul)
                                                  (Mathlib.Meta.NormNum.IsNat.of_raw ℝ 2)
                                                  (Mathlib.Meta.NormNum.IsNat.of_raw ℝ 4) (Eq.refl 8)))))
                                          (Mathlib.Tactic.Ring.Common.mul_add
                                            (Mathlib.Tactic.Ring.Common.mul_pf_right ε (Nat.rawCast 1)
                                              (Mathlib.Meta.NormNum.IsInt.to_raw_eq
                                                (Mathlib.Meta.NormNum.isInt_mul (Eq.refl HMul.hMul)
                                                  (Mathlib.Meta.NormNum.IsNat.to_isInt
                                                    (Mathlib.Meta.NormNum.IsNat.of_raw ℝ 2))
                                                  (Mathlib.Meta.NormNum.IsInt.of_raw ℝ (Int.negOfNat 1))
                                                  (Eq.refl (Int.negOfNat 2)))))
                                            (Mathlib.Tactic.Ring.Common.mul_zero (Nat.rawCast 2))
                                            (Mathlib.Tactic.Ring.Common.add_pf_add_zero
                                              (ε ^ Nat.rawCast 1 * (Int.negOfNat 2).rawCast + 0)))
                                          (Mathlib.Tactic.Ring.Common.add_pf_add_lt
                                            (√ε ^ Nat.rawCast 1 * (ε ^ Nat.rawCast 1 * Nat.rawCast 8))
                                            (Mathlib.Tactic.Ring.Common.add_pf_zero_add
                                              (ε ^ Nat.rawCast 1 * (Int.negOfNat 2).rawCast + 0))))
                                        (Mathlib.Tactic.Ring.Common.zero_mul
                                          (√ε ^ Nat.rawCast 1 * (ε ^ Nat.rawCast 1 * Nat.rawCast 4) +
                                            (ε ^ Nat.rawCast 1 * (Int.negOfNat 1).rawCast + 0)))
                                        (Mathlib.Tactic.Ring.Common.add_pf_add_zero
                                          (√ε ^ Nat.rawCast 1 * (ε ^ Nat.rawCast 1 * Nat.rawCast 8) +
                                            (ε ^ Nat.rawCast 1 * (Int.negOfNat 2).rawCast + 0)))))
                                    (Mathlib.Tactic.Ring.Common.add_pf_add_lt (√ε ^ Nat.rawCast 1 * Nat.rawCast 1)
                                      (Mathlib.Tactic.Ring.Common.add_pf_add_gt
                                        (√ε ^ Nat.rawCast 1 * (ε ^ Nat.rawCast 1 * Nat.rawCast 8))
                                        (Mathlib.Tactic.Ring.Common.add_pf_add_lt
                                          (√ε ^ Nat.rawCast 2 * (Int.negOfNat 4).rawCast)
                                          (Mathlib.Tactic.Ring.Common.add_pf_add_overlap_zero
                                            (Mathlib.Tactic.Ring.Common.add_overlap_pf_zero ε (Nat.rawCast 1)
                                              (Mathlib.Meta.NormNum.IsInt.to_isNat
                                                (Mathlib.Meta.NormNum.isInt_add (Eq.refl HAdd.hAdd)
                                                  (Mathlib.Meta.NormNum.IsNat.to_isInt
                                                    (Mathlib.Meta.NormNum.IsNat.of_raw ℝ 2))
                                                  (Mathlib.Meta.NormNum.IsInt.of_raw ℝ (Int.negOfNat 2))
                                                  (Eq.refl (Int.ofNat 0)))))
                                            (Mathlib.Tactic.Ring.Common.add_pf_zero_add 0))))))
                                  (Mathlib.Tactic.Ring.Common.mul_congr
                                    (Mathlib.Tactic.Ring.cast_pos (Mathlib.Meta.NormNum.isNat_ofNat ℝ (Eq.refl 8)))
                                    (Mathlib.Tactic.Ring.Common.sub_congr
                                      (Mathlib.Tactic.Ring.cast_zero (Mathlib.Meta.NormNum.isNat_ofNat ℝ Nat.cast_zero))
                                      (Mathlib.Tactic.Ring.Common.mul_congr
                                        (Mathlib.Tactic.Ring.Common.sub_congr
                                          (Mathlib.Tactic.Ring.cast_zero
                                            (Mathlib.Meta.NormNum.isNat_ofNat ℝ Nat.cast_zero))
                                          (Mathlib.Tactic.Ring.Common.atom_pf ε rfl
                                            (Eq.mpr
                                              (id
                                                (congrArg
                                                  (fun _a => ε ^ Nat.rawCast 1 * Nat.rawCast 1 = ε ^ Nat.rawCast 1 * _a)
                                                  (Eq.symm rfl)))
                                              (Eq.refl (ε ^ Nat.rawCast 1 * Nat.rawCast 1))))
                                          (Mathlib.Tactic.Ring.Common.sub_pf
                                            (Mathlib.Tactic.Ring.Common.neg_add
                                              (Mathlib.Tactic.Ring.Common.neg_mul ε (Nat.rawCast 1)
                                                (Mathlib.Meta.NormNum.IsInt.to_raw_eq
                                                  (Mathlib.Meta.NormNum.isInt_neg (Eq.refl Neg.neg)
                                                    (Mathlib.Meta.NormNum.IsNat.to_isInt
                                                      (Mathlib.Meta.NormNum.IsNat.of_raw ℝ 1))
                                                    (Eq.refl (Int.negOfNat 1)))))
                                              Mathlib.Tactic.Ring.Common.neg_zero)
                                            (Mathlib.Tactic.Ring.Common.add_pf_zero_add
                                              (ε ^ Nat.rawCast 1 * (Int.negOfNat 1).rawCast + 0))))
                                        (Mathlib.Tactic.Ring.Common.sub_congr
                                          (Mathlib.Tactic.Ring.cast_zero
                                            (Mathlib.Meta.NormNum.isNat_ofNat ℝ Nat.cast_zero))
                                          (Mathlib.Tactic.Ring.Common.atom_pf (√ε) rfl
                                            (Eq.mpr
                                              (id
                                                (congrArg
                                                  (fun _a =>
                                                    √ε ^ Nat.rawCast 1 * Nat.rawCast 1 = √ε ^ Nat.rawCast 1 * _a)
                                                  (Eq.symm rfl)))
                                              (Eq.refl (√ε ^ Nat.rawCast 1 * Nat.rawCast 1))))
                                          (Mathlib.Tactic.Ring.Common.sub_pf
                                            (Mathlib.Tactic.Ring.Common.neg_add
                                              (Mathlib.Tactic.Ring.Common.neg_mul (√ε) (Nat.rawCast 1)
                                                (Mathlib.Meta.NormNum.IsInt.to_raw_eq
                                                  (Mathlib.Meta.NormNum.isInt_neg (Eq.refl Neg.neg)
                                                    (Mathlib.Meta.NormNum.IsNat.to_isInt
                                                      (Mathlib.Meta.NormNum.IsNat.of_raw ℝ 1))
                                                    (Eq.refl (Int.negOfNat 1)))))
                                              Mathlib.Tactic.Ring.Common.neg_zero)
                                            (Mathlib.Tactic.Ring.Common.add_pf_zero_add
                                              (√ε ^ Nat.rawCast 1 * (Int.negOfNat 1).rawCast + 0))))
                                        (Mathlib.Tactic.Ring.Common.add_mul
                                          (Mathlib.Tactic.Ring.Common.mul_add
                                            (Mathlib.Tactic.Ring.Common.mul_pf_right (√ε) (Nat.rawCast 1)
                                              (Mathlib.Tactic.Ring.Common.mul_pf_left ε (Nat.rawCast 1)
                                                (Mathlib.Meta.NormNum.IsNat.to_raw_eq
                                                  (Mathlib.Meta.NormNum.IsInt.to_isNat
                                                    (Mathlib.Meta.NormNum.isInt_mul (Eq.refl HMul.hMul)
                                                      (Mathlib.Meta.NormNum.IsInt.of_raw ℝ (Int.negOfNat 1))
                                                      (Mathlib.Meta.NormNum.IsInt.of_raw ℝ (Int.negOfNat 1))
                                                      (Eq.refl (Int.ofNat 1)))))))
                                            (Mathlib.Tactic.Ring.Common.mul_zero
                                              (ε ^ Nat.rawCast 1 * (Int.negOfNat 1).rawCast))
                                            (Mathlib.Tactic.Ring.Common.add_pf_add_zero
                                              (√ε ^ Nat.rawCast 1 * (ε ^ Nat.rawCast 1 * Nat.rawCast 1) + 0)))
                                          (Mathlib.Tactic.Ring.Common.zero_mul
                                            (√ε ^ Nat.rawCast 1 * (Int.negOfNat 1).rawCast + 0))
                                          (Mathlib.Tactic.Ring.Common.add_pf_add_zero
                                            (√ε ^ Nat.rawCast 1 * (ε ^ Nat.rawCast 1 * Nat.rawCast 1) + 0))))
                                      (Mathlib.Tactic.Ring.Common.sub_pf
                                        (Mathlib.Tactic.Ring.Common.neg_add
                                          (Mathlib.Tactic.Ring.Common.neg_mul (√ε) (Nat.rawCast 1)
                                            (Mathlib.Tactic.Ring.Common.neg_mul ε (Nat.rawCast 1)
                                              (Mathlib.Meta.NormNum.IsInt.to_raw_eq
                                                (Mathlib.Meta.NormNum.isInt_neg (Eq.refl Neg.neg)
                                                  (Mathlib.Meta.NormNum.IsNat.to_isInt
                                                    (Mathlib.Meta.NormNum.IsNat.of_raw ℝ 1))
                                                  (Eq.refl (Int.negOfNat 1))))))
                                          Mathlib.Tactic.Ring.Common.neg_zero)
                                        (Mathlib.Tactic.Ring.Common.add_pf_zero_add
                                          (√ε ^ Nat.rawCast 1 * (ε ^ Nat.rawCast 1 * (Int.negOfNat 1).rawCast) + 0))))
                                    (Mathlib.Tactic.Ring.Common.add_mul
                                      (Mathlib.Tactic.Ring.Common.mul_add
                                        (Mathlib.Tactic.Ring.Common.mul_pf_right (√ε) (Nat.rawCast 1)
                                          (Mathlib.Tactic.Ring.Common.mul_pf_right ε (Nat.rawCast 1)
                                            (Mathlib.Meta.NormNum.IsInt.to_raw_eq
                                              (Mathlib.Meta.NormNum.isInt_mul (Eq.refl HMul.hMul)
                                                (Mathlib.Meta.NormNum.IsNat.to_isInt
                                                  (Mathlib.Meta.NormNum.IsNat.of_raw ℝ 8))
                                                (Mathlib.Meta.NormNum.IsInt.of_raw ℝ (Int.negOfNat 1))
                                                (Eq.refl (Int.negOfNat 8))))))
                                        (Mathlib.Tactic.Ring.Common.mul_zero (Nat.rawCast 8))
                                        (Mathlib.Tactic.Ring.Common.add_pf_add_zero
                                          (√ε ^ Nat.rawCast 1 * (ε ^ Nat.rawCast 1 * (Int.negOfNat 8).rawCast) + 0)))
                                      (Mathlib.Tactic.Ring.Common.zero_mul
                                        (√ε ^ Nat.rawCast 1 * (ε ^ Nat.rawCast 1 * (Int.negOfNat 1).rawCast) + 0))
                                      (Mathlib.Tactic.Ring.Common.add_pf_add_zero
                                        (√ε ^ Nat.rawCast 1 * (ε ^ Nat.rawCast 1 * (Int.negOfNat 8).rawCast) + 0))))
                                  (Mathlib.Tactic.Ring.Common.add_pf_add_lt (√ε ^ Nat.rawCast 1 * Nat.rawCast 1)
                                    (Mathlib.Tactic.Ring.Common.add_pf_add_overlap_zero
                                      (Mathlib.Tactic.Ring.Common.add_overlap_pf_zero (√ε) (Nat.rawCast 1)
                                        (Mathlib.Tactic.Ring.Common.add_overlap_pf_zero ε (Nat.rawCast 1)
                                          (Mathlib.Meta.NormNum.IsInt.to_isNat
                                            (Mathlib.Meta.NormNum.isInt_add (Eq.refl HAdd.hAdd)
                                              (Mathlib.Meta.NormNum.IsNat.to_isInt
                                                (Mathlib.Meta.NormNum.IsNat.of_raw ℝ 8))
                                              (Mathlib.Meta.NormNum.IsInt.of_raw ℝ (Int.negOfNat 8))
                                              (Eq.refl (Int.ofNat 0))))))
                                      (Mathlib.Tactic.Ring.Common.add_pf_add_zero
                                        (√ε ^ Nat.rawCast 2 * (Int.negOfNat 4).rawCast + 0)))))
                                (Mathlib.Tactic.Ring.Common.sub_congr
                                  (Mathlib.Tactic.Ring.cast_zero (Mathlib.Meta.NormNum.isNat_ofNat ℝ Nat.cast_zero))
                                  (Mathlib.Tactic.Ring.Common.mul_congr
                                    (Mathlib.Tactic.Ring.Common.sub_congr
                                      (Mathlib.Tactic.Ring.Common.mul_congr
                                        (Mathlib.Tactic.Ring.cast_pos (Mathlib.Meta.NormNum.isNat_ofNat ℝ (Eq.refl 4)))
                                        (Mathlib.Tactic.Ring.Common.atom_pf (√ε) rfl
                                          (Eq.mpr
                                            (id
                                              (congrArg
                                                (fun _a => √ε ^ Nat.rawCast 1 * Nat.rawCast 1 = √ε ^ Nat.rawCast 1 * _a)
                                                (Eq.symm rfl)))
                                            (Eq.refl (√ε ^ Nat.rawCast 1 * Nat.rawCast 1))))
                                        (Mathlib.Tactic.Ring.Common.add_mul
                                          (Mathlib.Tactic.Ring.Common.mul_add
                                            (Mathlib.Tactic.Ring.Common.mul_pf_right (√ε) (Nat.rawCast 1)
                                              (Mathlib.Meta.NormNum.IsNat.to_raw_eq
                                                (Mathlib.Meta.NormNum.isNat_mul (Eq.refl HMul.hMul)
                                                  (Mathlib.Meta.NormNum.IsNat.of_raw ℝ 4)
                                                  (Mathlib.Meta.NormNum.IsNat.of_raw ℝ 1) (Eq.refl 4))))
                                            (Mathlib.Tactic.Ring.Common.mul_zero (Nat.rawCast 4))
                                            (Mathlib.Tactic.Ring.Common.add_pf_add_zero
                                              (√ε ^ Nat.rawCast 1 * Nat.rawCast 4 + 0)))
                                          (Mathlib.Tactic.Ring.Common.zero_mul (√ε ^ Nat.rawCast 1 * Nat.rawCast 1 + 0))
                                          (Mathlib.Tactic.Ring.Common.add_pf_add_zero
                                            (√ε ^ Nat.rawCast 1 * Nat.rawCast 4 + 0))))
                                      (Mathlib.Tactic.Ring.Common.mul_congr
                                        (Mathlib.Tactic.Ring.cast_pos (Mathlib.Meta.NormNum.isNat_ofNat ℝ Nat.cast_one))
                                        (Mathlib.Tactic.Ring.cast_pos (Mathlib.Meta.NormNum.isNat_ofNat ℝ Nat.cast_one))
                                        (Mathlib.Tactic.Ring.Common.add_mul
                                          (Mathlib.Tactic.Ring.Common.mul_add
                                            (Mathlib.Meta.NormNum.IsNat.to_raw_eq
                                              (Mathlib.Meta.NormNum.isNat_mul (Eq.refl HMul.hMul)
                                                (Mathlib.Meta.NormNum.IsNat.of_raw ℝ 1)
                                                (Mathlib.Meta.NormNum.IsNat.of_raw ℝ 1) (Eq.refl 1)))
                                            (Mathlib.Tactic.Ring.Common.mul_zero (Nat.rawCast 1))
                                            (Mathlib.Tactic.Ring.Common.add_pf_add_zero (Nat.rawCast 1 + 0)))
                                          (Mathlib.Tactic.Ring.Common.zero_mul (Nat.rawCast 1 + 0))
                                          (Mathlib.Tactic.Ring.Common.add_pf_add_zero (Nat.rawCast 1 + 0))))
                                      (Mathlib.Tactic.Ring.Common.sub_pf
                                        (Mathlib.Tactic.Ring.Common.neg_add
                                          (Mathlib.Meta.NormNum.IsInt.to_raw_eq
                                            (Mathlib.Meta.NormNum.isInt_neg (Eq.refl Neg.neg)
                                              (Mathlib.Meta.NormNum.IsNat.to_isInt
                                                (Mathlib.Meta.NormNum.IsNat.of_raw ℝ 1))
                                              (Eq.refl (Int.negOfNat 1))))
                                          Mathlib.Tactic.Ring.Common.neg_zero)
                                        (Mathlib.Tactic.Ring.Common.add_pf_add_gt ⋯.rawCast ⋯)))
                                    ⋯ ⋯)
                                  ⋯)
                                ⋯)
                              ⋯))
                          ⋯);
                  ⋯⟩⟩
theorem Luce.tendsto_zero_of_endpoint_power_bound : ∀ (f : ℝ → ℝ),
  (∀ (α : ℝ), 0 ≤ f α) →
    ∀ {γ δ : ℝ},
      0 < γ →
        0 < δ → (∀ (ε : ℝ), 0 < ε → ε < δ → f (1 - ε) ≤ 2 ^ (1 + γ / 2) * ε ^ (γ / 4)) → Tendsto f (𝓝[<] 1) (𝓝 0) :=
fun f hf {γ δ} hγ hδ hbound =>
  have hsub :=
    Eq.mp (congrArg (Tendsto (fun x => 1 - x) (𝓝[<] 1)) (congrArg 𝓝 (sub_self 1)))
      (Tendsto.sub tendsto_const_nhds (Tendsto.mono_left tendsto_id nhdsWithin_le_nhds));
  have henv :=
    Eq.mp
      (congrArg (Tendsto (fun x => 2 ^ (1 + γ / 2) * (1 - x) ^ (γ / 4)) (𝓝[<] 1))
        (congrArg 𝓝 (mul_zero (2 ^ (1 + γ / 2)))))
      (Tendsto.const_mul (2 ^ (1 + γ / 2))
        (Tendsto.rpow_const_nhds_zero hsub
          (lt_of_not_ge fun a =>
            Mathlib.Tactic.Linarith.lt_irrefl
              (Eq.mp
                (congrArg (fun _a => _a < 0)
                  (Mathlib.Tactic.Ring.of_eq
                    (Mathlib.Tactic.Ring.Common.add_congr
                      (Mathlib.Tactic.Ring.Common.sub_congr
                        (Mathlib.Tactic.Ring.cast_zero (Mathlib.Meta.NormNum.isNat_ofNat ℝ Nat.cast_zero))
                        (Mathlib.Tactic.Ring.Common.atom_pf γ rfl
                          (Eq.mpr
                            (id
                              (congrArg (fun _a => γ ^ Nat.rawCast 1 * Nat.rawCast 1 = γ ^ Nat.rawCast 1 * _a)
                                (Eq.symm rfl)))
                            (Eq.refl (γ ^ Nat.rawCast 1 * Nat.rawCast 1))))
                        (Mathlib.Tactic.Ring.Common.sub_pf
                          (Mathlib.Tactic.Ring.Common.neg_add
                            (Mathlib.Tactic.Ring.Common.neg_mul γ (Nat.rawCast 1)
                              (Mathlib.Meta.NormNum.IsInt.to_raw_eq
                                (Mathlib.Meta.NormNum.isInt_neg (Eq.refl Neg.neg)
                                  (Mathlib.Meta.NormNum.IsNat.to_isInt (Mathlib.Meta.NormNum.IsNat.of_raw ℝ 1))
                                  (Eq.refl (Int.negOfNat 1)))))
                            Mathlib.Tactic.Ring.Common.neg_zero)
                          (Mathlib.Tactic.Ring.Common.add_pf_zero_add
                            (γ ^ Nat.rawCast 1 * (Int.negOfNat 1).rawCast + 0))))
                      (Mathlib.Tactic.Ring.Common.sub_congr
                        (Mathlib.Tactic.Ring.Common.mul_congr
                          (Mathlib.Tactic.Ring.cast_pos (Mathlib.Meta.NormNum.isNat_ofNat ℝ Nat.cast_one))
                          (Mathlib.Tactic.Ring.Common.atom_pf γ rfl
                            (Eq.mpr
                              (id
                                (congrArg (fun _a => γ ^ Nat.rawCast 1 * Nat.rawCast 1 = γ ^ Nat.rawCast 1 * _a)
                                  (Eq.symm rfl)))
                              (Eq.refl (γ ^ Nat.rawCast 1 * Nat.rawCast 1))))
                          (Mathlib.Tactic.Ring.Common.add_mul
                            (Mathlib.Tactic.Ring.Common.mul_add
                              (Mathlib.Tactic.Ring.Common.mul_pf_right γ (Nat.rawCast 1)
                                (Mathlib.Meta.NormNum.IsNat.to_raw_eq
                                  (Mathlib.Meta.NormNum.isNat_mul (Eq.refl HMul.hMul)
                                    (Mathlib.Meta.NormNum.IsNat.of_raw ℝ 1) (Mathlib.Meta.NormNum.IsNat.of_raw ℝ 1)
                                    (Eq.refl 1))))
                              (Mathlib.Tactic.Ring.Common.mul_zero (Nat.rawCast 1))
                              (Mathlib.Tactic.Ring.Common.add_pf_add_zero (γ ^ Nat.rawCast 1 * Nat.rawCast 1 + 0)))
                            (Mathlib.Tactic.Ring.Common.zero_mul (γ ^ Nat.rawCast 1 * Nat.rawCast 1 + 0))
                            (Mathlib.Tactic.Ring.Common.add_pf_add_zero (γ ^ Nat.rawCast 1 * Nat.rawCast 1 + 0))))
                        (Mathlib.Tactic.Ring.Common.mul_congr
                          (Mathlib.Tactic.Ring.cast_pos (Mathlib.Meta.NormNum.isNat_ofNat ℝ (Eq.refl 4)))
                          (Mathlib.Tactic.Ring.cast_zero (Mathlib.Meta.NormNum.isNat_ofNat ℝ Nat.cast_zero))
                          (Mathlib.Tactic.Ring.Common.add_mul (Mathlib.Tactic.Ring.Common.mul_zero (Nat.rawCast 4))
                            (Mathlib.Tactic.Ring.Common.zero_mul 0) (Mathlib.Tactic.Ring.Common.add_pf_zero_add 0)))
                        (Mathlib.Tactic.Ring.Common.sub_pf Mathlib.Tactic.Ring.Common.neg_zero
                          (Mathlib.Tactic.Ring.Common.add_pf_add_zero (γ ^ Nat.rawCast 1 * Nat.rawCast 1 + 0))))
                      (Mathlib.Tactic.Ring.Common.add_pf_add_overlap_zero
                        (Mathlib.Tactic.Ring.Common.add_overlap_pf_zero γ (Nat.rawCast 1)
                          (Mathlib.Meta.NormNum.IsInt.to_isNat
                            (Mathlib.Meta.NormNum.isInt_add (Eq.refl HAdd.hAdd)
                              (Mathlib.Meta.NormNum.IsInt.of_raw ℝ (Int.negOfNat 1))
                              (Mathlib.Meta.NormNum.IsNat.to_isInt (Mathlib.Meta.NormNum.IsNat.of_raw ℝ 1))
                              (Eq.refl (Int.ofNat 0)))))
                        (Mathlib.Tactic.Ring.Common.add_pf_zero_add 0)))
                    (Mathlib.Tactic.Ring.cast_zero (Mathlib.Meta.NormNum.isNat_ofNat ℝ Nat.cast_zero))))
                (Mathlib.Tactic.Linarith.add_lt_of_neg_of_le (Mathlib.Tactic.Linarith.sub_neg_of_lt hγ)
                  (Eq.mp
                    (congrArg (fun _a => _a ≤ 0)
                      (Mathlib.Tactic.CancelDenoms.sub_subst
                        (Mathlib.Tactic.CancelDenoms.div_subst rfl
                          (Mathlib.Meta.NormNum.isNat_eq_true
                            (Mathlib.Meta.NormNum.IsNNRat.to_isNat
                              (Mathlib.Meta.NormNum.isNNRat_div
                                (Mathlib.Meta.NormNum.IsNat.to_isNNRat
                                  (Mathlib.Meta.NormNum.IsNNRat.to_isNat
                                    (Mathlib.Meta.NormNum.isNNRat_mul (Eq.refl HMul.hMul)
                                      (Mathlib.Meta.NormNum.IsNat.to_isNNRat
                                        (Mathlib.Meta.NormNum.isNat_ofNat ℝ (Eq.refl 4)))
                                      (Mathlib.Meta.NormNum.isNNRat_inv_pos
                                        (Mathlib.Meta.NormNum.IsNat.to_isNNRat
                                          (Mathlib.Meta.NormNum.isNat_ofNat ℝ (Eq.refl 4))))
                                      (Eq.refl (Nat.mul 4 1)) (Eq.refl 4))))))
                            (Mathlib.Meta.NormNum.isNat_ofNat ℝ Nat.cast_one))
                          (Mathlib.Meta.NormNum.isNat_eq_true
                            (Mathlib.Meta.NormNum.isNat_mul (Eq.refl HMul.hMul)
                              (Mathlib.Meta.NormNum.isNat_ofNat ℝ Nat.cast_one)
                              (Mathlib.Meta.NormNum.isNat_ofNat ℝ (Eq.refl 4)) (Eq.refl 4))
                            (Mathlib.Meta.NormNum.isNat_ofNat ℝ (Eq.refl 4))))
                        rfl))
                    (Mathlib.Tactic.Linarith.mul_nonpos (Mathlib.Tactic.Linarith.sub_nonpos_of_le a)
                      (Mathlib.Meta.NormNum.isNat_lt_true (Mathlib.Meta.NormNum.isNat_ofNat ℝ Nat.cast_zero)
                        (Mathlib.Meta.NormNum.isNat_ofNat ℝ (Eq.refl 4)) (Eq.refl false)))))))));
  have hupper :=
    have hnear :=
      nhdsWithin_le_nhds
        (Ioi_mem_nhds
          (lt_of_not_ge fun a =>
            Mathlib.Tactic.Linarith.lt_irrefl
              (Eq.mp
                (congrArg (fun _a => _a < 0)
                  (Mathlib.Tactic.Ring.of_eq
                    (Mathlib.Tactic.Ring.Common.add_congr
                      (Mathlib.Tactic.Ring.Common.sub_congr
                        (Mathlib.Tactic.Ring.cast_zero (Mathlib.Meta.NormNum.isNat_ofNat ℝ Nat.cast_zero))
                        (Mathlib.Tactic.Ring.Common.atom_pf δ rfl
                          (Eq.mpr
                            (id
                              (congrArg (fun _a => δ ^ Nat.rawCast 1 * Nat.rawCast 1 = δ ^ Nat.rawCast 1 * _a)
                                (Eq.symm rfl)))
                            (Eq.refl (δ ^ Nat.rawCast 1 * Nat.rawCast 1))))
                        (Mathlib.Tactic.Ring.Common.sub_pf
                          (Mathlib.Tactic.Ring.Common.neg_add
                            (Mathlib.Tactic.Ring.Common.neg_mul δ (Nat.rawCast 1)
                              (Mathlib.Meta.NormNum.IsInt.to_raw_eq
                                (Mathlib.Meta.NormNum.isInt_neg (Eq.refl Neg.neg)
                                  (Mathlib.Meta.NormNum.IsNat.to_isInt (Mathlib.Meta.NormNum.IsNat.of_raw ℝ 1))
                                  (Eq.refl (Int.negOfNat 1)))))
                            Mathlib.Tactic.Ring.Common.neg_zero)
                          (Mathlib.Tactic.Ring.Common.add_pf_zero_add
                            (δ ^ Nat.rawCast 1 * (Int.negOfNat 1).rawCast + 0))))
                      (Mathlib.Tactic.Ring.Common.sub_congr
                        (Mathlib.Tactic.Ring.cast_pos (Mathlib.Meta.NormNum.isNat_ofNat ℝ Nat.cast_one))
                        (Mathlib.Tactic.Ring.Common.sub_congr
                          (Mathlib.Tactic.Ring.cast_pos (Mathlib.Meta.NormNum.isNat_ofNat ℝ Nat.cast_one))
                          (Mathlib.Tactic.Ring.Common.atom_pf δ rfl
                            (Eq.mpr
                              (id
                                (congrArg (fun _a => δ ^ Nat.rawCast 1 * Nat.rawCast 1 = δ ^ Nat.rawCast 1 * _a)
                                  (Eq.symm rfl)))
                              (Eq.refl (δ ^ Nat.rawCast 1 * Nat.rawCast 1))))
                          (Mathlib.Tactic.Ring.Common.sub_pf
                            (Mathlib.Tactic.Ring.Common.neg_add
                              (Mathlib.Tactic.Ring.Common.neg_mul δ (Nat.rawCast 1)
                                (Mathlib.Meta.NormNum.IsInt.to_raw_eq
                                  (Mathlib.Meta.NormNum.isInt_neg (Eq.refl Neg.neg)
                                    (Mathlib.Meta.NormNum.IsNat.to_isInt (Mathlib.Meta.NormNum.IsNat.of_raw ℝ 1))
                                    (Eq.refl (Int.negOfNat 1)))))
                              Mathlib.Tactic.Ring.Common.neg_zero)
                            (Mathlib.Tactic.Ring.Common.add_pf_add_lt (Nat.rawCast 1)
                              (Mathlib.Tactic.Ring.Common.add_pf_zero_add
                                (δ ^ Nat.rawCast 1 * (Int.negOfNat 1).rawCast + 0)))))
                        (Mathlib.Tactic.Ring.Common.sub_pf
                          (Mathlib.Tactic.Ring.Common.neg_add
                            (Mathlib.Meta.NormNum.IsInt.to_raw_eq
                              (Mathlib.Meta.NormNum.isInt_neg (Eq.refl Neg.neg)
                                (Mathlib.Meta.NormNum.IsNat.to_isInt (Mathlib.Meta.NormNum.IsNat.of_raw ℝ 1))
                                (Eq.refl (Int.negOfNat 1))))
                            (Mathlib.Tactic.Ring.Common.neg_add
                              (Mathlib.Tactic.Ring.Common.neg_mul δ (Nat.rawCast 1)
                                (Mathlib.Meta.NormNum.IsNat.to_raw_eq
                                  (Mathlib.Meta.NormNum.IsInt.to_isNat
                                    (Mathlib.Meta.NormNum.isInt_neg (Eq.refl Neg.neg)
                                      (Mathlib.Meta.NormNum.IsInt.of_raw ℝ (Int.negOfNat 1)) (Eq.refl (Int.ofNat 1))))))
                              Mathlib.Tactic.Ring.Common.neg_zero))
                          (Mathlib.Tactic.Ring.Common.add_pf_add_overlap_zero
                            (Mathlib.Meta.NormNum.IsInt.to_isNat
                              (Mathlib.Meta.NormNum.isInt_add (Eq.refl HAdd.hAdd)
                                (Mathlib.Meta.NormNum.IsNat.to_isInt (Mathlib.Meta.NormNum.IsNat.of_raw ℝ 1))
                                (Mathlib.Meta.NormNum.IsInt.of_raw ℝ (Int.negOfNat 1)) (Eq.refl (Int.ofNat 0))))
                            (Mathlib.Tactic.Ring.Common.add_pf_zero_add (δ ^ Nat.rawCast 1 * Nat.rawCast 1 + 0)))))
                      (Mathlib.Tactic.Ring.Common.add_pf_add_overlap_zero
                        (Mathlib.Tactic.Ring.Common.add_overlap_pf_zero δ (Nat.rawCast 1)
                          (Mathlib.Meta.NormNum.IsInt.to_isNat
                            (Mathlib.Meta.NormNum.isInt_add (Eq.refl HAdd.hAdd)
                              (Mathlib.Meta.NormNum.IsInt.of_raw ℝ (Int.negOfNat 1))
                              (Mathlib.Meta.NormNum.IsNat.to_isInt (Mathlib.Meta.NormNum.IsNat.of_raw ℝ 1))
                              (Eq.refl (Int.ofNat 0)))))
                        (Mathlib.Tactic.Ring.Common.add_pf_zero_add 0)))
                    (Mathlib.Tactic.Ring.cast_zero (Mathlib.Meta.NormNum.isNat_ofNat ℝ Nat.cast_zero))))
                (Mathlib.Tactic.Linarith.add_lt_of_neg_of_le (Mathlib.Tactic.Linarith.sub_neg_of_lt hδ)
                  (Mathlib.Tactic.Linarith.sub_nonpos_of_le a)))));
    mp_mem hnear
      (mp_mem self_mem_nhdsWithin
        (univ_mem'
          (id fun α hα hαδ =>
            have h :=
              hbound (1 - α) (sub_pos.mpr hα)
                (lt_of_not_ge fun a =>
                  Mathlib.Tactic.Linarith.lt_irrefl
                    (Eq.mp
                      (congrArg (fun _a => _a < 0)
                        (Mathlib.Tactic.Ring.of_eq
                          (Mathlib.Tactic.Ring.Common.add_congr
                            (Mathlib.Tactic.Ring.Common.sub_congr
                              (Mathlib.Tactic.Ring.Common.sub_congr
                                (Mathlib.Tactic.Ring.cast_pos (Mathlib.Meta.NormNum.isNat_ofNat ℝ Nat.cast_one))
                                (Mathlib.Tactic.Ring.Common.atom_pf δ rfl
                                  (Eq.mpr
                                    (id
                                      (congrArg (fun _a => δ ^ Nat.rawCast 1 * Nat.rawCast 1 = δ ^ Nat.rawCast 1 * _a)
                                        (Eq.symm rfl)))
                                    (Eq.refl (δ ^ Nat.rawCast 1 * Nat.rawCast 1))))
                                (Mathlib.Tactic.Ring.Common.sub_pf
                                  (Mathlib.Tactic.Ring.Common.neg_add
                                    (Mathlib.Tactic.Ring.Common.neg_mul δ (Nat.rawCast 1)
                                      (Mathlib.Meta.NormNum.IsInt.to_raw_eq
                                        (Mathlib.Meta.NormNum.isInt_neg (Eq.refl Neg.neg)
                                          (Mathlib.Meta.NormNum.IsNat.to_isInt (Mathlib.Meta.NormNum.IsNat.of_raw ℝ 1))
                                          (Eq.refl (Int.negOfNat 1)))))
                                    Mathlib.Tactic.Ring.Common.neg_zero)
                                  (Mathlib.Tactic.Ring.Common.add_pf_add_lt (Nat.rawCast 1)
                                    (Mathlib.Tactic.Ring.Common.add_pf_zero_add
                                      (δ ^ Nat.rawCast 1 * (Int.negOfNat 1).rawCast + 0)))))
                              (Mathlib.Tactic.Ring.Common.atom_pf α rfl
                                (Eq.mpr
                                  (id
                                    (congrArg (fun _a => α ^ Nat.rawCast 1 * Nat.rawCast 1 = α ^ Nat.rawCast 1 * _a)
                                      (Eq.symm rfl)))
                                  (Eq.refl (α ^ Nat.rawCast 1 * Nat.rawCast 1))))
                              (Mathlib.Tactic.Ring.Common.sub_pf
                                (Mathlib.Tactic.Ring.Common.neg_add
                                  (Mathlib.Tactic.Ring.Common.neg_mul α (Nat.rawCast 1)
                                    (Mathlib.Meta.NormNum.IsInt.to_raw_eq
                                      (Mathlib.Meta.NormNum.isInt_neg (Eq.refl Neg.neg)
                                        (Mathlib.Meta.NormNum.IsNat.to_isInt (Mathlib.Meta.NormNum.IsNat.of_raw ℝ 1))
                                        (Eq.refl (Int.negOfNat 1)))))
                                  Mathlib.Tactic.Ring.Common.neg_zero)
                                (Mathlib.Tactic.Ring.Common.add_pf_add_lt (Nat.rawCast 1)
                                  (Mathlib.Tactic.Ring.Common.add_pf_add_lt
                                    (δ ^ Nat.rawCast 1 * (Int.negOfNat 1).rawCast)
                                    (Mathlib.Tactic.Ring.Common.add_pf_zero_add
                                      (α ^ Nat.rawCast 1 * (Int.negOfNat 1).rawCast + 0))))))
                            (Mathlib.Tactic.Ring.Common.sub_congr
                              (Mathlib.Tactic.Ring.Common.atom_pf δ rfl
                                (Eq.mpr
                                  (id
                                    (congrArg (fun _a => δ ^ Nat.rawCast 1 * Nat.rawCast 1 = δ ^ Nat.rawCast 1 * _a)
                                      (Eq.symm rfl)))
                                  (Eq.refl (δ ^ Nat.rawCast 1 * Nat.rawCast 1))))
                              (Mathlib.Tactic.Ring.Common.sub_congr
                                (Mathlib.Tactic.Ring.cast_pos (Mathlib.Meta.NormNum.isNat_ofNat ℝ Nat.cast_one))
                                (Mathlib.Tactic.Ring.Common.atom_pf α rfl
                                  (Eq.mpr
                                    (id
                                      (congrArg (fun _a => α ^ Nat.rawCast 1 * Nat.rawCast 1 = α ^ Nat.rawCast 1 * _a)
                                        (Eq.symm rfl)))
                                    (Eq.refl (α ^ Nat.rawCast 1 * Nat.rawCast 1))))
                                (Mathlib.Tactic.Ring.Common.sub_pf
                                  (Mathlib.Tactic.Ring.Common.neg_add
                                    (Mathlib.Tactic.Ring.Common.neg_mul α (Nat.rawCast 1)
                                      (Mathlib.Meta.NormNum.IsInt.to_raw_eq
                                        (Mathlib.Meta.NormNum.isInt_neg (Eq.refl Neg.neg)
                                          (Mathlib.Meta.NormNum.IsNat.to_isInt (Mathlib.Meta.NormNum.IsNat.of_raw ℝ 1))
                                          (Eq.refl (Int.negOfNat 1)))))
                                    Mathlib.Tactic.Ring.Common.neg_zero)
                                  (Mathlib.Tactic.Ring.Common.add_pf_add_lt (Nat.rawCast 1)
                                    (Mathlib.Tactic.Ring.Common.add_pf_zero_add
                                      (α ^ Nat.rawCast 1 * (Int.negOfNat 1).rawCast + 0)))))
                              (Mathlib.Tactic.Ring.Common.sub_pf
                                (Mathlib.Tactic.Ring.Common.neg_add
                                  (Mathlib.Meta.NormNum.IsInt.to_raw_eq
                                    (Mathlib.Meta.NormNum.isInt_neg (Eq.refl Neg.neg)
                                      (Mathlib.Meta.NormNum.IsNat.to_isInt (Mathlib.Meta.NormNum.IsNat.of_raw ℝ 1))
                                      (Eq.refl (Int.negOfNat 1))))
                                  (Mathlib.Tactic.Ring.Common.neg_add
                                    (Mathlib.Tactic.Ring.Common.neg_mul α (Nat.rawCast 1)
                                      (Mathlib.Meta.NormNum.IsNat.to_raw_eq
                                        (Mathlib.Meta.NormNum.IsInt.to_isNat
                                          (Mathlib.Meta.NormNum.isInt_neg (Eq.refl Neg.neg)
                                            (Mathlib.Meta.NormNum.IsInt.of_raw ℝ (Int.negOfNat 1))
                                            (Eq.refl (Int.ofNat 1))))))
                                    Mathlib.Tactic.Ring.Common.neg_zero))
                                (Mathlib.Tactic.Ring.Common.add_pf_add_gt (Int.negOfNat 1).rawCast
                                  (Mathlib.Tactic.Ring.Common.add_pf_add_lt (δ ^ Nat.rawCast 1 * Nat.rawCast 1)
                                    (Mathlib.Tactic.Ring.Common.add_pf_zero_add
                                      (α ^ Nat.rawCast 1 * Nat.rawCast 1 + 0))))))
                            (Mathlib.Tactic.Ring.Common.add_pf_add_overlap_zero
                              (Mathlib.Meta.NormNum.IsInt.to_isNat
                                (Mathlib.Meta.NormNum.isInt_add (Eq.refl HAdd.hAdd)
                                  (Mathlib.Meta.NormNum.IsNat.to_isInt (Mathlib.Meta.NormNum.IsNat.of_raw ℝ 1))
                                  (Mathlib.Meta.NormNum.IsInt.of_raw ℝ (Int.negOfNat 1)) (Eq.refl (Int.ofNat 0))))
                              (Mathlib.Tactic.Ring.Common.add_pf_add_overlap_zero
                                (Mathlib.Tactic.Ring.Common.add_overlap_pf_zero δ (Nat.rawCast 1)
                                  (Mathlib.Meta.NormNum.IsInt.to_isNat
                                    (Mathlib.Meta.NormNum.isInt_add (Eq.refl HAdd.hAdd)
                                      (Mathlib.Meta.NormNum.IsInt.of_raw ℝ (Int.negOfNat 1))
                                      (Mathlib.Meta.NormNum.IsNat.to_isInt (Mathlib.Meta.NormNum.IsNat.of_raw ℝ 1))
                                      (Eq.refl (Int.ofNat 0)))))
                                (Mathlib.Tactic.Ring.Common.add_pf_add_overlap_zero
                                  (Mathlib.Tactic.Ring.Common.add_overlap_pf_zero α (Nat.rawCast 1)
                                    (Mathlib.Meta.NormNum.IsInt.to_isNat
                                      (Mathlib.Meta.NormNum.isInt_add (Eq.refl HAdd.hAdd)
                                        (Mathlib.Meta.NormNum.IsInt.of_raw ℝ (Int.negOfNat 1))
                                        (Mathlib.Meta.NormNum.IsNat.to_isInt (Mathlib.Meta.NormNum.IsNat.of_raw ℝ 1))
                                        (Eq.refl (Int.ofNat 0)))))
                                  (Mathlib.Tactic.Ring.Common.add_pf_zero_add 0)))))
                          (Mathlib.Tactic.Ring.cast_zero (Mathlib.Meta.NormNum.isNat_ofNat ℝ Nat.cast_zero))))
                      (Mathlib.Tactic.Linarith.add_lt_of_neg_of_le (Mathlib.Tactic.Linarith.sub_neg_of_lt hαδ)
                        (Mathlib.Tactic.Linarith.sub_nonpos_of_le a))));
            Eq.mp (congrFun' (congrArg LE.le (congrArg f (sub_sub_cancel 1 α))) (2 ^ (1 + γ / 2) * (1 - α) ^ (γ / 4)))
              h)));
  squeeze_zero' (Eventually.of_forall hf) hupper henv
theorem Luce.tail_probability_le_epsilonTailExpectation.{u_1} : ∀ {Ω : Type u_1} [inst : MeasurableSpace Ω]
  (P : Measure Ω) [IsProbabilityMeasure P] (w : Luce.WeightArray) (n : ℕ) (E : Fin (n + 1) → Ω → ℝ),
  (∀ (i : Fin (n + 1)), HasLaw (E i) (expMeasure ((w (n + 1)).rate i)) P) →
    iIndepFun E P →
      ∀ {ε : ℝ},
        0 < ε →
          ε < 1 →
            P.real {ω | 0 < Luce.tailFixedPointCount (fun i => E i ω) (1 - ε)} ≤
              Luce.epsilonTailExpectation (fun n => w (n + 1)) ε n :=
fun {Ω} [MeasurableSpace Ω] P [IsProbabilityMeasure P] w n E hLaw hIndependent {ε} hε hεone =>
  Eq.mpr
    (id
      (congrArg (fun _a => _a ≤ Luce.epsilonTailExpectation (fun n => w (n + 1)) ε n)
        (Luce.tailFixedPointCount_probability_eq P (w (n + 1)) E hLaw hIndependent (1 - ε))))
    (have h := Luce.tailFixedPointCount_probability_le_expectation (w (n + 1)) (1 - ε);
    Eq.mpr
      (id
        (congrFun'
          (congrArg LE.le
            (congrArg (Luce.exponentialRace (w (n + 1))).real
              (congrArg Set.ofPred
                (funext fun e =>
                  congrArg (LT.lt 0)
                    ((fun x_0 => (fun x_0 => Luce.tailFixedPointCount_eq_terminalFixedPointCount n x_0 hε hεone) x_0)
                      e)))))
          (∫ (clocks : Fin (n + 1) → ℝ),
            ↑(Luce.terminalFixedPointCount (Luce.terminalCandidate n) ⌈ε * (↑n + 1)⌉₊
                clocks) ∂Luce.exponentialRace (w (n + 1)))))
      (Eq.mp
        (congr
          (congrArg LE.le
            (congrArg (Luce.exponentialRace (w (n + 1))).real
              (congrArg Set.ofPred
                (funext fun e =>
                  congrArg (LT.lt 0)
                    ((fun x_0 => (fun x_0 => Luce.tailFixedPointCount_eq_terminalFixedPointCount n x_0 hε hεone) x_0)
                      e)))))
          (congrArg (integral (Luce.exponentialRace (w (n + 1))))
            (funext fun e =>
              congrArg Nat.cast
                ((fun x_0 => (fun x_0 => Luce.tailFixedPointCount_eq_terminalFixedPointCount n x_0 hε hεone) x_0) e))))
        h))
theorem Luce.tail_fixed_point_tightness.{u} : ∀ (Ω : ℕ → Type u) [inst : (n : ℕ) → MeasurableSpace (Ω n)]
  (P : (n : ℕ) → Measure (Ω n)) [∀ (n : ℕ), IsProbabilityMeasure (P n)] (w : Luce.WeightArray),
  Luce.NormalizedWeights w →
    Luce.EndpointAssumption w →
      ∀ (E : (n : ℕ) → Fin n → Ω n → ℝ),
        (∀ (n : ℕ) (i : Fin n), HasLaw (E n i) (expMeasure ((w n).rate i)) (P n)) →
          (∀ (n : ℕ), iIndepFun (E n) (P n)) →
            Tendsto
              (fun α => limsup (fun n => (P n).real {ω | 0 < Luce.tailFixedPointCount (fun i => E n i ω) α}) atTop)
              (𝓝[<] 1) (𝓝 0) :=
fun Ω [(n : ℕ) → MeasurableSpace (Ω n)] P [∀ (n : ℕ), IsProbabilityMeasure (P n)] w hnorm hend E hLaw hIndependent =>
  let p := fun α n => (P n).real {ω | 0 < Luce.tailFixedPointCount (fun i => E n i ω) α};
  have hp_nonneg := fun α n => measureReal_nonneg;
  have hp_bounded := fun α =>
    Exists.intro 1
      (have this := Eventually.of_forall fun n => measureReal_le_one;
      this);
  have hlim_nonneg := fun α =>
    le_limsup_of_frequently_le (Eventually.frequently (Eventually.of_forall (hp_nonneg α))) (hp_bounded α);
  Exists.casesOn (Luce.endpointAssumption_epsilon_estimate_bounded w hnorm hend) fun γ h =>
    And.casesOn h fun hγ right =>
      Exists.casesOn right fun δ h =>
        And.casesOn h fun hδ hestimate =>
          Luce.tendsto_zero_of_endpoint_power_bound (fun α => limsup (p α) atTop) hlim_nonneg hγ
            (lt_min hδ
              (Mathlib.Meta.NormNum.isNat_lt_true (Mathlib.Meta.NormNum.isNat_ofNat ℝ Nat.cast_zero)
                (Mathlib.Meta.NormNum.isNat_ofNat ℝ Nat.cast_one) (Eq.refl false)))
            fun ε hε hεδ =>
            have hεone := LT.lt.trans_le hεδ (min_le_right δ 1);
            And.casesOn (hestimate ε hε (LT.lt.trans_le hεδ (min_le_left δ 1))) fun hbounded hpower =>
              have hcomparison :=
                Eventually.of_forall fun n =>
                  Luce.tail_probability_le_epsilonTailExpectation (P (n + 1)) w n (E (n + 1)) (hLaw (n + 1))
                    (hIndependent (n + 1)) hε hεone;
              have hlim :=
                limsup_le_limsup hcomparison (isCoboundedUnder_le_of_le atTop fun n => hp_nonneg (1 - ε) (n + 1))
                  hbounded;
              LE.le.trans
                (Eq.mp
                  (congrArg (fun _a => _a ≤ limsup (Luce.epsilonTailExpectation (fun n => w (n + 1)) ε) atTop)
                    (limsup_nat_add (p (1 - ε)) 1))
                  hlim)
                hpower
'Luce.tailFixedPointCount' depends on axioms: [propext, Classical.choice, Quot.sound]
'Luce.measurable_tailFixedPointCount' depends on axioms: [propext, Classical.choice, Quot.sound]
'Luce.tailFixedPointCount_le' depends on axioms: [propext, Classical.choice, Quot.sound]
'Luce.integrable_tailFixedPointCount' depends on axioms: [propext, Classical.choice, Quot.sound]
'Luce.tailFixedPointCount_probability_le_expectation' depends on axioms: [propext, Classical.choice, Quot.sound]
'Luce.tailFixedPointCount_probability_eq' depends on axioms: [propext, Classical.choice, Quot.sound]
'Luce.rankOf_eq_raceRank_for_tail' depends on axioms: [propext, Classical.choice, Quot.sound]
'Luce.spatial_tail_iff_terminal_index' depends on axioms: [propext, Classical.choice, Quot.sound]
'Luce.tailFixedPointCount_eq_terminalFixedPointCount' depends on axioms: [propext, Classical.choice, Quot.sound]
'Luce.NormalizedWeights.sum_rates_succ' depends on axioms: [propext, Classical.choice, Quot.sound]
'Luce.EndpointAssumption.eventually_terminal_rates' depends on axioms: [propext, Classical.choice, Quot.sound]
'Luce.endpointAssumption_epsilon_estimate' depends on axioms: [propext, Classical.choice, Quot.sound]
'Luce.endpointAssumption_epsilon_estimate_bounded' depends on axioms: [propext, Classical.choice, Quot.sound]
'Luce.tendsto_zero_of_endpoint_power_bound' depends on axioms: [propext, Classical.choice, Quot.sound]
'Luce.tail_probability_le_epsilonTailExpectation' depends on axioms: [propext, Classical.choice, Quot.sound]
'Luce.tail_fixed_point_tightness' depends on axioms: [propext, Classical.choice, Quot.sound]
'Luce.endpoint_fixedPoint_expectation_bound' depends on axioms: [propext, Classical.choice, Quot.sound]
'Luce.endpoint_fixedPoint_expectation_power_bound' depends on axioms: [propext, Classical.choice, Quot.sound]
'Luce.epsilonTailExpectation_eventually_le' depends on axioms: [propext, Classical.choice, Quot.sound]
'Luce.epsilonTailExpectation_power_limsup' depends on axioms: [propext, Classical.choice, Quot.sound]
'Luce.rank_integral' depends on axioms: [propext, Classical.choice, Quot.sound]
