AXIOMS Luce.abs_cyclicGridKernel_le: [propext, Classical.choice, Quot.sound]
AXIOMS Luce.abs_cyclicGridKernel_sub_le: [propext, Classical.choice, Quot.sound]
AXIOMS Luce.abs_div_sub_div_le: [propext, Classical.choice, Quot.sound]
AXIOMS Luce.abs_gap_coefficient_sub_le: [propext, Classical.choice, Quot.sound]
AXIOMS Luce.abs_integral_coefficient_mul_sub_le: [propext, Classical.choice, Quot.sound]
AXIOMS Luce.abs_integral_sub_le_probability: [propext, Classical.choice, Quot.sound]
AXIOMS Luce.abs_prod_le_uniform: [propext, Classical.choice, Quot.sound]
AXIOMS Luce.abs_prod_sub_prod_le_envelope: [propext, Classical.choice, Quot.sound]
AXIOMS Luce.abs_prod_sub_prod_le_relative: [propext, Classical.choice, Quot.sound]
AXIOMS Luce.abs_profileD_sub_le: [propext, Classical.choice, Quot.sound]
AXIOMS Luce.abs_profileF_sub_le: [propext, Classical.choice, Quot.sound]
AXIOMS Luce.abs_profileGridKernel_le: [propext, Classical.choice, Quot.sound]
AXIOMS Luce.abs_profileGridKernel_sub_le: [propext, Classical.choice, Quot.sound]
AXIOMS Luce.abs_rateKernel_derivative_le_one: [propext, Classical.choice, Quot.sound]
AXIOMS Luce.abs_rateKernel_sub_le: [propext, Classical.choice, Quot.sound]
AXIOMS Luce.abs_rateKernel_time_sub_le: [propext, Classical.choice, Quot.sound]
AXIOMS Luce.abs_survivalKernel_sub_le: [propext, Classical.choice, Quot.sound]
AXIOMS Luce.abs_symmetricClip_le: [propext, Classical.choice, Quot.sound]
AXIOMS Luce.abs_symmetricClip_sub_le: [propext, Classical.choice, Quot.sound]
AXIOMS Luce.added_predecessor: [propext, Classical.choice, Quot.sound]
AXIOMS Luce.added_predecessor_ennreal: [propext, Classical.choice, Quot.sound]
AXIOMS Luce.added_predecessor_integrable: [propext, Classical.choice, Quot.sound]
AXIOMS Luce.ae_tendsto_cyclicGridKernel: [propext, Classical.choice, Quot.sound]
AXIOMS Luce.ae_tendsto_profileGridKernel: [propext, Classical.choice, Quot.sound]
AXIOMS Luce.aemeasurable_ghostCylinderProduct: [propext, Classical.choice, Quot.sound]
AXIOMS Luce.aemeasurable_ghostOrderKernel: [propext, Classical.choice, Quot.sound]
AXIOMS Luce.aemeasurable_ghostPathSum: [propext, Classical.choice, Quot.sound]
AXIOMS Luce.aemeasurable_ghostPredecessorSum: [propext, Classical.choice, Quot.sound]
AXIOMS Luce.aemeasurable_ghostWindowVolume: [propext, Classical.choice, Quot.sound]
AXIOMS Luce.aestronglyMeasurable_cyclicGridKernel: [propext, Classical.choice, Quot.sound]
AXIOMS Luce.aestronglyMeasurable_earlyGhostKernel: [propext, Classical.choice, Quot.sound]
AXIOMS Luce.aestronglyMeasurable_profileDiagonal_full: [propext, Classical.choice, Quot.sound]
AXIOMS Luce.aestronglyMeasurable_profileGridKernel: [propext, Classical.choice, Quot.sound]
AXIOMS Luce.antitoneOn_profileD: [propext, Classical.choice, Quot.sound]
AXIOMS Luce.antitone_bracket_error: [propext, Classical.choice, Quot.sound]
AXIOMS Luce.antitone_uniform_convergence_in_probability: [propext, Classical.choice, Quot.sound]
AXIOMS Luce.approximatePermutationEdge_iff_oneBased: [propext, Classical.choice, Quot.sound]
AXIOMS Luce.approximatePermutationPathCode_injective: [propext, Quot.sound]
AXIOMS Luce.approximatePermutationPath_count_le: [propext, Classical.choice, Quot.sound]
AXIOMS Luce.arrivalAt_mem_Icc: [propext, Classical.choice, Quot.sound]
AXIOMS Luce.arrivalAt_monotone: [propext, Classical.choice, Quot.sound]
AXIOMS Luce.arrivalTime_lt_iff_clockBeforeCount: [propext, Classical.choice, Quot.sound]
AXIOMS Luce.arrivalTime_strictMono: [propext, Classical.choice, Quot.sound]
AXIOMS Luce.backgroundRace_isProbability: [propext, Classical.choice, Quot.sound]
AXIOMS Luce.backgroundRace_zero: [propext, Classical.choice, Quot.sound]
AXIOMS Luce.backgroundSurvivors_eq_all: [propext, Classical.choice, Quot.sound]
AXIOMS Luce.backgroundSurvivors_eq_erase: [propext, Classical.choice, Quot.sound]
AXIOMS Luce.background_all_probability: [propext, Classical.choice, Quot.sound]
AXIOMS Luce.background_probability_eq_common: [propext, Classical.choice, Quot.sound]
AXIOMS Luce.beforeCount_lt: [propext, Classical.choice, Quot.sound]
AXIOMS Luce.beforeCount_occupation_le: [propext, Classical.choice, Quot.sound]
AXIOMS Luce.beforeCount_probability_mul_le_intensity: [propext, Classical.choice, Quot.sound]
AXIOMS Luce.beforeRank_probability_eq_intensity: [propext, Classical.choice, Quot.sound]
AXIOMS Luce.beforeRank_probability_integral: [propext, Classical.choice, Quot.sound]
AXIOMS Luce.bernoulliLowerTailConstant_pos: [propext, Classical.choice, Quot.sound]
AXIOMS Luce.bernoulli_block_lower_tail: [propext, Classical.choice, Quot.sound]
AXIOMS Luce.bernoulli_likelihood_mean: [propext, Classical.choice, Quot.sound]
AXIOMS Luce.bernoulli_likelihood_second_moment: [propext, Classical.choice, Quot.sound]
AXIOMS Luce.bernoulli_likelihood_second_moment_le: [propext, Classical.choice, Quot.sound]
AXIOMS Luce.bernoulli_sum_eq_le_cutoff: [propext, Classical.choice, Quot.sound]
AXIOMS Luce.bernoulli_sum_lower_tail: [propext, Classical.choice, Quot.sound]
AXIOMS Luce.block_density_integral_factorization: [propext, Classical.choice, Quot.sound]
AXIOMS Luce.block_endpoint_capacity: [propext, Classical.choice, Quot.sound]
AXIOMS Luce.block_fixedPoint_expectation_eq: [propext, Classical.choice, Quot.sound]
AXIOMS Luce.bounded_cycle_probability_le_ghost: [propext, Classical.choice, Quot.sound]
AXIOMS Luce.bounded_cycle_probability_le_window: [propext, Classical.choice, Quot.sound]
AXIOMS Luce.bounded_ghost_cycle_sum_le: [propext, Classical.choice, Quot.sound]
AXIOMS Luce.bounded_marked_asymptotic_of_sorted: [propext, Classical.choice, Quot.sound]
AXIOMS Luce.buffer_exp_bound: [propext, Classical.choice, Quot.sound]
AXIOMS Luce.bufferedShellExpCost_le: [propext, Classical.choice, Quot.sound]
AXIOMS Luce.bufferedShellQCost_le_of_small_tail: [propext, Classical.choice, Quot.sound]
AXIOMS Luce.buffered_exp_tail_bound: [propext, Classical.choice, Quot.sound]
AXIOMS Luce.buffered_finite_shell_sum_le_tail: [propext, Classical.choice, Quot.sound]
AXIOMS Luce.bulkCycleVectorPoissonLaw_probability: [propext, Classical.choice, Quot.sound]
AXIOMS Luce.bulkCycleVectorPoissonLaw_real_singleton: [propext, Classical.choice, Quot.sound]
AXIOMS Luce.bulk_count_sieve_expectation_limit: [propext, Classical.choice, Quot.sound]
AXIOMS Luce.bulk_cycle_count_le_total: [propext, Classical.choice, Quot.sound]
AXIOMS Luce.bulk_cycle_count_mono: [propext, Classical.choice, Quot.sound]
AXIOMS Luce.bulk_cycle_first_moment: [propext, Classical.choice, Quot.sound]
AXIOMS Luce.bulk_cycle_intensity_mono: [propext, Classical.choice, Quot.sound]
AXIOMS Luce.bulk_cycle_intensity_nonneg: [propext, Classical.choice, Quot.sound]
AXIOMS Luce.bulk_cycle_point_indicator_integral: [propext, Classical.choice, Quot.sound]
AXIOMS Luce.bulk_cycle_point_indicator_limit: [propext, Classical.choice, Quot.sound]
AXIOMS Luce.bulk_cycle_point_probability_limit: [propext, Classical.choice, Quot.sound]
AXIOMS Luce.bulk_cycle_trace_integrable: [propext, Classical.choice, Quot.sound]
AXIOMS Luce.bulk_expectation_sub_le_tail: [propext, Classical.choice, Quot.sound]
AXIOMS Luce.bulk_factorial_expectation_eq_cyclicRaceSum: [propext, Classical.choice, Quot.sound]
AXIOMS Luce.bulk_factorial_expectation_eq_rank_sum: [propext, Classical.choice, Quot.sound]
AXIOMS Luce.bulk_factorial_expectation_zero: [propext, Classical.choice, Quot.sound]
AXIOMS Luce.bulk_factorial_polynomial_limit: [propext, Classical.choice, Quot.sound]
AXIOMS Luce.bulk_factorial_tendsto_block_integral: [propext, Classical.choice, Quot.sound]
AXIOMS Luce.bulk_factorial_tendsto_canonical_block_integral: [propext, Classical.choice, Quot.sound]
AXIOMS Luce.bulk_joint_factorial_moments: [propext, Classical.choice, Quot.sound]
AXIOMS Luce.bulk_sieve_error_integral_le: [propext, Classical.choice, Quot.sound]
AXIOMS Luce.bulk_sieve_remainder_limit: [propext, Classical.choice, Quot.sound]
AXIOMS Luce.canonical_block_integral_eq_intensity_product: [propext, Classical.choice, Quot.sound]
AXIOMS Luce.capacity_block_density_le: [propext, Classical.choice, Quot.sound]
AXIOMS Luce.capacity_candidate_density_le: [propext, Classical.choice, Quot.sound]
AXIOMS Luce.capacity_exponent_lower: [propext, Classical.choice, Quot.sound]
AXIOMS Luce.capacity_integral_bound: [propext, Classical.choice, Quot.sound]
AXIOMS Luce.capacity_kernel_antitone: [propext, Classical.choice, Quot.sound]
AXIOMS Luce.capacity_other_survivor_early: [propext, Classical.choice, Quot.sound]
AXIOMS Luce.card_removed_before_rank: [propext, Classical.choice, Quot.sound]
AXIOMS Luce.choose_mul_zero_indicator: [propext, Classical.choice, Quot.sound]
AXIOMS Luce.choose_product_eq_factorial_ratio: [propext, Classical.choice, Quot.sound]
AXIOMS Luce.clockBand_mem_Icc: [propext, Classical.choice, Quot.sound]
AXIOMS Luce.clockBeforeCount_arrivalTime: [propext, Classical.choice, Quot.sound]
AXIOMS Luce.clockBeforeCount_background_at_self: [propext, Classical.choice, Quot.sound]
AXIOMS Luce.clockBeforeCount_compactDeletedClocks: [propext, Classical.choice, Quot.sound]
AXIOMS Luce.clockBeforeCount_dist_le_of_eq_off: [propext, Classical.choice, Quot.sound]
AXIOMS Luce.clockBeforeCount_eq_candidate_add_background: [propext, Classical.choice, Quot.sound]
AXIOMS Luce.clockBeforeCount_eq_deleted_add_marked: [propext, Classical.choice, Quot.sound]
AXIOMS Luce.clockBeforeCount_le: [propext, Classical.choice, Quot.sound]
AXIOMS Luce.clockBeforeCount_le_add_erase_self_of_eq_off: [propext, Classical.choice, Quot.sound]
AXIOMS Luce.clockBeforeCount_le_add_of_eq_off: [propext, Classical.choice, Quot.sound]
AXIOMS Luce.clockBeforeCount_lt_of_clock_lt: [propext, Classical.choice, Quot.sound]
AXIOMS Luce.clockBeforeCount_mono: [propext, Classical.choice, Quot.sound]
AXIOMS Luce.clockBeforeCount_window_dist: [propext, Classical.choice, Quot.sound]
AXIOMS Luce.clockRank_injective: [propext, Classical.choice, Quot.sound]
AXIOMS Luce.clockRank_le_iff: [propext, Classical.choice, Quot.sound]
AXIOMS Luce.clockSurvivalIndicator_independent: [propext, Classical.choice, Quot.sound]
AXIOMS Luce.clockSurvivalIndicator_zero_one: [propext, Classical.choice, Quot.sound]
AXIOMS Luce.comp_stepProfile_eq_sum: [propext, Classical.choice, Quot.sound]
AXIOMS Luce.compactDeletedClocks_card: [propext, Classical.choice, Quot.sound]
AXIOMS Luce.compactDeletedClocks_injective: [propext, Classical.choice, Quot.sound]
AXIOMS Luce.compactDeletedClocks_measurable: [propext, Classical.choice, Quot.sound]
AXIOMS Luce.compactDeletedClocks_measurePreserving: [propext, Classical.choice, Quot.sound]
AXIOMS Luce.compactMarkedClocks_card: [propext, Classical.choice, Quot.sound]
AXIOMS Luce.concentration_of_variance_tendsto_zero: [propext, Classical.choice, Quot.sound]
AXIOMS Luce.condExp_bernoulli_laplace: [propext, Classical.choice, Quot.sound]
AXIOMS Luce.condExp_finite_history: [propext, Classical.choice, Quot.sound]
AXIOMS Luce.condExp_finite_history_of_representatives: [propext, Classical.choice, Quot.sound]
AXIOMS Luce.condExp_normalized_bernoulli: [propext, Classical.choice, Quot.sound]
AXIOMS Luce.consecutiveGapLower_eq_previous: [propext, Classical.choice, Quot.sound]
AXIOMS Luce.consecutiveGapLower_le_upper: [propext, Classical.choice, Quot.sound]
AXIOMS Luce.consecutiveGapLower_nonneg: [propext, Classical.choice, Quot.sound]
AXIOMS Luce.continuousOn_compensator_coefficient: [propext, Classical.choice, Quot.sound]
AXIOMS Luce.continuousOn_cyclicDensityCoefficient: [propext, Classical.choice, Quot.sound]
AXIOMS Luce.continuousOn_intervalTestExtension: [propext, Classical.choice, Quot.sound]
AXIOMS Luce.continuousOn_profileD: [propext, Classical.choice, Quot.sound]
AXIOMS Luce.continuousOn_profileF: [propext, Classical.choice, Quot.sound]
AXIOMS Luce.continuousOn_profileGapCoefficient: [propext, Classical.choice, Quot.sound]
AXIOMS Luce.continuousOn_profileH: [propext, Classical.choice, Quot.sound]
AXIOMS Luce.continuousOn_profileQuantile: [propext, Classical.choice, Quot.sound]
AXIOMS Luce.continuous_factorsThrough_of_isInducing: [propext, Classical.choice, Quot.sound]
AXIOMS Luce.continuous_meanSurvivors: [propext, Classical.choice, Quot.sound]
AXIOMS Luce.continuous_pointMoment: [propext, Classical.choice, Quot.sound]
AXIOMS Luce.continuous_symmetricClip: [propext, Classical.choice, Quot.sound]
AXIOMS Luce.continuous_weightedPointMeasure: [propext, Classical.choice, Quot.sound]
AXIOMS Luce.countSieve_eq_factorial_sum: [propext, Classical.choice, Quot.sound]
AXIOMS Luce.countSieve_error: [propext, Classical.choice, Quot.sound]
AXIOMS Luce.countSieve_error_factorial: [propext, Classical.choice, Quot.sound]
AXIOMS Luce.countVectorSieve_error: [propext, Classical.choice, Quot.sound]
AXIOMS Luce.countWindow_multiplicity_le: [propext, Classical.choice, Quot.sound]
AXIOMS Luce.count_sieve_series_limit: [propext, Classical.choice, Quot.sound]
AXIOMS Luce.count_vector_sieve_series_limit: [propext, Classical.choice, Quot.sound]
AXIOMS Luce.cutoff_exponential_le_rpow: [propext, Classical.choice, Quot.sound]
AXIOMS Luce.cutoff_le_terminalShellTime: [propext, Classical.choice, Quot.sound]
AXIOMS Luce.cycleCountVector_apply: [propext, Classical.choice, Quot.sound]
AXIOMS Luce.cycleCountVector_raceDraw_eq_rank: [propext, Classical.choice, Quot.sound]
AXIOMS Luce.cycleInteriorCutoff_lt_one: [propext, Classical.choice, Quot.sound]
AXIOMS Luce.cycleInteriorCutoff_tendsto: [propext, Classical.choice, Quot.sound]
AXIOMS Luce.cycleTailExpectation_antitone: [propext, Classical.choice, Quot.sound]
AXIOMS Luce.cycleTailExpectation_limit_of_small: [propext, Classical.choice, Quot.sound]
AXIOMS Luce.cycleTailExpectation_nonneg: [propext, Classical.choice, Quot.sound]
AXIOMS Luce.cycleTailExpectation_zero_le: [propext, Classical.choice, Quot.sound]
AXIOMS Luce.cycleTraceIntensity_eq_manuscript: [propext, Classical.choice, Quot.sound]
AXIOMS Luce.cycleVectorPoissonLaw_probability: [propext, Classical.choice, Quot.sound]
AXIOMS Luce.cycleVectorPoissonLaw_real_singleton: [propext, Classical.choice, Quot.sound]
AXIOMS Luce.cycleVectorTotalVariation_eq_countable: [propext, Classical.choice, Quot.sound]
AXIOMS Luce.cycle_intensity_nonneg: [propext, Classical.choice, Quot.sound]
AXIOMS Luce.cycle_period_has_rankCylinder: [propext, Classical.choice, Quot.sound]
AXIOMS Luce.cycle_period_probability_le_sum_cylinders: [propext, Classical.choice, Quot.sound]
AXIOMS Luce.cycle_period_real_probability_le_sum_cylinders: [propext, Classical.choice, Quot.sound]
AXIOMS Luce.cycle_point_indicator_cutoff_error: [propext, Classical.choice, Quot.sound]
AXIOMS Luce.cycle_point_indicator_integral: [propext, Classical.choice, Quot.sound]
AXIOMS Luce.cycle_trace_nonneg_ae: [propext, Classical.choice, Quot.sound]
AXIOMS Luce.cycle_vertex_probability_le_ghost: [propext, Classical.choice, Quot.sound]
AXIOMS Luce.cyclicCellStep_eq_of_mem: [propext, Classical.choice, Quot.sound]
AXIOMS Luce.cyclicDeterministicSum_eq_kernelGridSum: [propext, Classical.choice, Quot.sound]
AXIOMS Luce.cyclicLimitKernel_density_eq: [propext, Classical.choice, Quot.sound]
AXIOMS Luce.cyclicProfileCell_real_measure: [propext, Classical.choice, Quot.sound]
AXIOMS Luce.cyclicProfileCell_unique: [propext, Classical.choice, Quot.sound]
AXIOMS Luce.cyclicProfileIntegral_eq_volume: [propext, Classical.choice, Quot.sound]
AXIOMS Luce.cyclicProfileIntegral_of_nonpos: [propext, Classical.choice, Quot.sound]
AXIOMS Luce.cyclicProfileMeasure_eq_closed_cube: [propext, Classical.choice, Quot.sound]
AXIOMS Luce.cyclicProfileMeasure_injective_ae: [propext, Classical.choice, Quot.sound]
AXIOMS Luce.cyclicProfileMeasure_restrict_bulk: [propext, Classical.choice, Quot.sound]
AXIOMS Luce.cyclicProfileMeasure_restrict_closed_bulk: [propext, Classical.choice, Quot.sound]
AXIOMS Luce.cyclicRaceSum_eq_function_sum: [propext, Classical.choice, Quot.sound]
AXIOMS Luce.cyclicRaceSum_of_nonpos: [propext, Classical.choice, Quot.sound]
AXIOMS Luce.cyclic_ae_coordinates: [propext, Classical.choice, Quot.sound]
AXIOMS Luce.cyclic_array_truncation_error: [propext, Classical.choice, Quot.sound]
AXIOMS Luce.cyclic_cube_aecover: [propext, Classical.choice, Quot.sound]
AXIOMS Luce.cyclic_cube_aecover_left: [propext, Classical.choice, Quot.sound]
AXIOMS Luce.cyclic_integral_reindex: [propext, Classical.choice, Quot.sound]
AXIOMS Luce.deep_roots_le_retained_add_excluded: [propext, Classical.choice, Quot.sound]
AXIOMS Luce.deletedBeforeCount_eq_of_eq_off: [propext, Classical.choice, Quot.sound]
AXIOMS Luce.deletedBeforeCount_mono: [propext, Classical.choice, Quot.sound]
AXIOMS Luce.deletedClockLabel_injective: [propext, Classical.choice, Quot.sound]
AXIOMS Luce.deletedEmpiricalArrival_eq_count: [propext, Classical.choice, Quot.sound]
AXIOMS Luce.deletedEmpiricalArrival_error: [propext, Classical.choice, Quot.sound]
AXIOMS Luce.deletedEmpiricalArrival_gapLower: [propext, Classical.choice, Quot.sound]
AXIOMS Luce.deletedEmpiricalArrival_gapUpper: [propext, Classical.choice, Quot.sound]
AXIOMS Luce.deletedEmpiricalArrival_monotone: [propext, Classical.choice, Quot.sound]
AXIOMS Luce.deletedEmpiricalArrival_nonneg: [propext, Classical.choice, Quot.sound]
AXIOMS Luce.deletedEmpiricalRemainingGe_error: [propext, Classical.choice, Quot.sound]
AXIOMS Luce.deletedEmpiricalRemaining_gapLower: [propext, Classical.choice, Quot.sound]
AXIOMS Luce.deletedEmpiricalRemaining_lower_of_reservoir: [propext, Classical.choice, Quot.sound]
AXIOMS Luce.deletedGapKernel_eq_interval_measure: [propext, Classical.choice, Quot.sound]
AXIOMS Luce.deletedGapKernel_eq_normalizedGapMass: [propext, Classical.choice, Quot.sound]
AXIOMS Luce.deletedGapKernel_le_one: [propext, Classical.choice, Quot.sound]
AXIOMS Luce.deletedGapKernel_marked_product: [propext, Classical.choice, Quot.sound]
AXIOMS Luce.deletedGapKernel_toReal_eq_exponentialGapMass: [propext, Classical.choice, Quot.sound]
AXIOMS Luce.deletedGapProduct_integrable: [propext, Classical.choice, Quot.sound]
AXIOMS Luce.deletedPrefixLabels_card_le: [propext, Classical.choice, Quot.sound]
AXIOMS Luce.deleted_remaining_weak_strict_error: [propext, Classical.choice, Quot.sound]
AXIOMS Luce.deletion_subset: [propext, Classical.choice, Quot.sound]
AXIOMS Luce.denominator_lower_bound: [propext, Classical.choice, Quot.sound]
AXIOMS Luce.denominator_replacement_converges: [propext, Classical.choice, Quot.sound]
AXIOMS Luce.deterministic_survival_fluctuation_converges: [propext, Classical.choice, Quot.sound]
AXIOMS Luce.disjointCountTest_nonneg: [propext, Classical.choice, Quot.sound]
AXIOMS Luce.distinct_approximatePermutationPath_count_le: [propext, Classical.choice, Quot.sound]
AXIOMS Luce.drawHistory_eq_comap_prefixVector: [propext, Classical.choice, Quot.sound]
AXIOMS Luce.drawHistory_le: [propext, Classical.choice, Quot.sound]
AXIOMS Luce.drawPermutation_eq_iff_strictMono: [propext, Classical.choice, Quot.sound]
AXIOMS Luce.draw_arrivalTime_le_iff: [propext, Classical.choice, Quot.sound]
AXIOMS Luce.earlyBulkCylinderConstant_ge: [propext, Classical.choice, Quot.sound]
AXIOMS Luce.earlyBulkCylinderConstant_one_le: [propext, Classical.choice, Quot.sound]
AXIOMS Luce.earlyCycleShellCost_le: [propext, Classical.choice, Quot.sound]
AXIOMS Luce.earlyCycleShellTail_le: [propext, Classical.choice, Quot.sound]
AXIOMS Luce.earlyCycleShellTail_limit: [propext, Classical.choice, Quot.sound]
AXIOMS Luce.earlyCycleShellTail_small: [propext, Classical.choice, Quot.sound]
AXIOMS Luce.earlyGhostEntry_eq_zero_off_event: [propext, Classical.choice, Quot.sound]
AXIOMS Luce.earlyGhostEntry_le: [propext, Classical.choice, Quot.sound]
AXIOMS Luce.earlyGhostKernel_ae_eq_count: [propext, Classical.choice, Quot.sound]
AXIOMS Luce.earlyGhostKernel_le_ghostEntry: [propext, Classical.choice, Quot.sound]
AXIOMS Luce.earlyGhostKernel_nonneg: [propext, Classical.choice, Quot.sound]
AXIOMS Luce.early_deep_expectation_le_shell_sum: [propext, Classical.choice, Quot.sound]
AXIOMS Luce.early_finite_shell_sum_le_tail: [propext, Classical.choice, Quot.sound]
AXIOMS Luce.early_ghost_return_expectation: [propext, Classical.choice, Quot.sound]
AXIOMS Luce.early_ghost_return_le_event_indicator: [propext, Classical.choice, Quot.sound]
AXIOMS Luce.early_ghost_shell_probability: [propext, Classical.choice, Quot.sound]
AXIOMS Luce.early_ghost_window_implies_survivor_event: [propext, Classical.choice, Quot.sound]
AXIOMS Luce.early_shell_return_expectation: [propext, Classical.choice, Quot.sound]
AXIOMS Luce.empiricalArrival_monotone: [propext, Classical.choice, Quot.sound]
AXIOMS Luce.empiricalArrival_orderTime: [propext, Classical.choice, Quot.sound]
AXIOMS Luce.empiricalArrival_sub_deleted: [propext, Classical.choice, Quot.sound]
AXIOMS Luce.empiricalRemainingGe_ae_eq: [propext, Classical.choice, Quot.sound]
AXIOMS Luce.empiricalRemainingGe_antitone: [propext, Classical.choice, Quot.sound]
AXIOMS Luce.empiricalRemainingGe_sub_deleted: [propext, Classical.choice, Quot.sound]
AXIOMS Luce.empiricalRemaining_antitone: [propext, Classical.choice, Quot.sound]
AXIOMS Luce.endpointAssumption_epsilon_estimate: [propext, Classical.choice, Quot.sound]
AXIOMS Luce.endpointAssumption_epsilon_estimate_bounded: [propext, Classical.choice, Quot.sound]
AXIOMS Luce.endpointQ_antitone: [propext, Classical.choice, Quot.sound]
AXIOMS Luce.endpointQ_le_two_exp: [propext, Classical.choice, Quot.sound]
AXIOMS Luce.endpointQ_pos: [propext, Classical.choice, Quot.sound]
AXIOMS Luce.endpointShellAssumption_iff_eventually: [propext, Classical.choice, Quot.sound]
AXIOMS Luce.endpoint_epsilon_estimate: [propext, Classical.choice, Quot.sound]
AXIOMS Luce.endpoint_fixedPoint_expectation_bound: [propext, Classical.choice, Quot.sound]
AXIOMS Luce.endpoint_fixedPoint_expectation_power_bound: [propext, Classical.choice, Quot.sound]
AXIOMS Luce.endpoint_fixedPoint_probability_bound: [propext, Classical.choice, Quot.sound]
AXIOMS Luce.endpoint_integral_bound: [propext, Classical.choice, Quot.sound]
AXIOMS Luce.endpoint_window_le_row_of_size_condition: [propext, Classical.choice, Quot.sound]
AXIOMS Luce.ennreal_tendsto_tail_sum: [propext, Classical.choice, Quot.sound]
AXIOMS Luce.epsilonTailExpectation_eventually_le: [propext, Classical.choice, Quot.sound]
AXIOMS Luce.epsilonTailExpectation_limsup_le: [propext, Classical.choice, Quot.sound]
AXIOMS Luce.epsilonTailExpectation_nonneg: [propext, Classical.choice, Quot.sound]
AXIOMS Luce.epsilonTailExpectation_power_limsup: [propext, Classical.choice, Quot.sound]
AXIOMS Luce.eventually_cyclic_grid_separated: [propext, Classical.choice, Quot.sound]
AXIOMS Luce.eventually_exterior_shellNumber: [propext, Classical.choice, Quot.sound]
AXIOMS Luce.eventually_interior_density_cutoff: [propext, Classical.choice, Quot.sound]
AXIOMS Luce.eventually_retained_labels_cover: [propext, Classical.choice, Quot.sound]
AXIOMS Luce.eventually_terminal_rates_of_endpoint_witness: [propext, Classical.choice, Quot.sound]
AXIOMS Luce.excluded_short_vertices_le_high_add_interior_low: [propext, Classical.choice, Quot.sound]
AXIOMS Luce.exists_algebra_approximation_of_isInducing: [propext, Classical.choice, Quot.sound]
AXIOMS Luce.exists_algebra_approximation_on_compact_of_isInducing: [propext, Classical.choice, Quot.sound]
AXIOMS Luce.exists_algebra_uniform_approximation_comp: [propext, Classical.choice, Quot.sound]
AXIOMS Luce.exists_bounded_cycle_tail: [propext, Classical.choice, Quot.sound]
AXIOMS Luce.exists_cycle_tail_of_minimalPeriod: [propext, Classical.choice, Quot.sound]
AXIOMS Luce.exists_cyclic_test_extension: [propext, Classical.choice, Quot.sound]
AXIOMS Luce.exists_finite_oscillation_grid: [propext, Classical.choice, Quot.sound]
AXIOMS Luce.exists_prefixAgrees_next_eq: [propext, Classical.choice, Quot.sound]
AXIOMS Luce.exists_profileF_eq: [propext, Classical.choice, Quot.sound]
AXIOMS Luce.exists_profile_cell: [propext, Classical.choice, Quot.sound]
AXIOMS Luce.exists_retained_maximum_cycle_tail: [propext, Classical.choice, Quot.sound]
AXIOMS Luce.exists_unique_meanSurvivors_cutoff: [propext, Classical.choice, Quot.sound]
AXIOMS Luce.expMeasure_Ici: [propext, Classical.choice, Quot.sound]
AXIOMS Luce.expMeasure_Ioi: [propext, Classical.choice, Quot.sound]
AXIOMS Luce.expMeasure_nullSingleton: [propext, Classical.choice, Quot.sound]
AXIOMS Luce.exp_neg_le_endpointQ: [propext, Classical.choice, Quot.sound]
AXIOMS Luce.exp_neg_le_quadratic: [propext, Classical.choice, Quot.sound]
AXIOMS Luce.exp_neg_mul_of_zero_one: [propext, Classical.choice, Quot.sound]
AXIOMS Luce.exp_sub_le_sub_of_nonpos: [propext, Classical.choice, Quot.sound]
AXIOMS Luce.exponentialGapMass_eq_measure: [propext, Classical.choice, Quot.sound]
AXIOMS Luce.exponentialGapMass_le: [propext, Classical.choice, Quot.sound]
AXIOMS Luce.exponentialGapMass_nonneg: [propext, Classical.choice, Quot.sound]
AXIOMS Luce.exponentialGapMass_taylor: [propext, Classical.choice, Quot.sound]
AXIOMS Luce.exponentialPDFReal_eq_piecewise: [propext, Classical.choice, Quot.sound]
AXIOMS Luce.exponentialRace_all_survive: [propext, Classical.choice, Quot.sound]
AXIOMS Luce.exponentialRace_background: [propext, Classical.choice, Quot.sound]
AXIOMS Luce.exponentialRace_block_capacity: [propext, Classical.choice, Quot.sound]
AXIOMS Luce.exponentialRace_collision_zero: [propext, Classical.choice, Quot.sound]
AXIOMS Luce.exponentialRace_disintegrate: [propext, Classical.choice, Quot.sound]
AXIOMS Luce.exponentialRace_endpoint_integrals: [propext, Classical.choice, Quot.sound]
AXIOMS Luce.exponentialRace_endpoint_integrals_power: [propext, Classical.choice, Quot.sound]
AXIOMS Luce.exponentialRace_eval: [propext, Classical.choice, Quot.sound]
AXIOMS Luce.exponentialRace_event_disintegrate: [propext, Classical.choice, Quot.sound]
AXIOMS Luce.exponentialRace_first_choice: [propext, Classical.choice, Quot.sound]
AXIOMS Luce.exponentialRace_first_clock_probability: [propext, Classical.choice, Quot.sound]
AXIOMS Luce.exponentialRace_identityNormalizedGaps: [propext, Classical.choice, Quot.sound]
AXIOMS Luce.exponentialRace_identityNormalizedGaps_integral: [propext, Classical.choice, Quot.sound]
AXIOMS Luce.exponentialRace_identity_order_probability: [propext, Classical.choice, Quot.sound]
AXIOMS Luce.exponentialRace_independent: [propext, Classical.choice, Quot.sound]
AXIOMS Luce.exponentialRace_injective_ae: [propext, Classical.choice, Quot.sound]
AXIOMS Luce.exponentialRace_integral_eval: [propext, Classical.choice, Quot.sound]
AXIOMS Luce.exponentialRace_isProbability: [propext, Classical.choice, Quot.sound]
AXIOMS Luce.exponentialRace_nonneg_ae: [propext, Classical.choice, Quot.sound]
AXIOMS Luce.exponentialRace_nonnegative_background: [propext, Classical.choice, Quot.sound]
AXIOMS Luce.exponentialRace_order_disintegrate: [propext, Classical.choice, Quot.sound]
AXIOMS Luce.exponentialRace_order_probability: [propext, Classical.choice, Quot.sound]
AXIOMS Luce.exponentialRace_order_recursion: [propext, Classical.choice, Quot.sound]
AXIOMS Luce.exponentialRace_orderedNormalizedGaps: [propext, Classical.choice, Quot.sound]
AXIOMS Luce.exponentialRace_orderedNormalizedGaps_integral: [propext, Classical.choice, Quot.sound]
AXIOMS Luce.exponentialRace_positive_background: [propext, Classical.choice, Quot.sound]
AXIOMS Luce.exponentialRace_raceNormalizedGaps: [propext, Classical.choice, Quot.sound]
AXIOMS Luce.exponentialRace_raceNormalizedGaps_integral: [propext, Classical.choice, Quot.sound]
AXIOMS Luce.exponentialRace_raceNormalizedGaps_restrict_order: [propext, Classical.choice, Quot.sound]
AXIOMS Luce.exponentialRace_residual_measure: [propext, Classical.choice, Quot.sound]
AXIOMS Luce.exponentialRace_survival: [propext, Classical.choice, Quot.sound]
AXIOMS Luce.exponentialRace_survival_ge: [propext, Classical.choice, Quot.sound]
AXIOMS Luce.exponentialRace_surviving_order: [propext, Classical.choice, Quot.sound]
AXIOMS Luce.exponentialRace_surviving_order_integral: [propext, Classical.choice, Quot.sound]
AXIOMS Luce.exponential_avoids_background: [propext, Classical.choice, Quot.sound]
AXIOMS Luce.exponential_density_le: [propext, Classical.choice, Quot.sound]
AXIOMS Luce.exponential_residual_measure: [propext, Classical.choice, Quot.sound]
AXIOMS Luce.exponential_scale_to_unit: [propext, Classical.choice, Quot.sound]
AXIOMS Luce.factorial_remainder_tendsto_zero: [propext, Classical.choice, Quot.sound]
AXIOMS Luce.finiteCyclicDensity_bounds: [propext, Classical.choice, Quot.sound]
AXIOMS Luce.finitePoissonLaw_count_joint: [propext, Classical.choice, Quot.sound]
AXIOMS Luce.finitePoissonLaw_count_univ: [propext, Classical.choice, Quot.sound]
AXIOMS Luce.finitePoissonLaw_isProbabilityMeasure: [propext, Classical.choice, Quot.sound]
AXIOMS Luce.finitePoissonLaw_of_ne_zero: [propext, Classical.choice, Quot.sound]
AXIOMS Luce.finitePoissonLaw_zero: [propext, Classical.choice, Quot.sound]
AXIOMS Luce.finite_cover_sum_le: [propext, Classical.choice, Quot.sound]
AXIOMS Luce.finite_insertion_path: [propext, Classical.choice, Quot.sound]
AXIOMS Luce.finite_insertion_path_countWindow: [propext, Classical.choice, Quot.sound]
AXIOMS Luce.finite_insertion_path_ennreal: [propext, Classical.choice, Quot.sound]
AXIOMS Luce.finite_insertion_path_integrable: [propext, Classical.choice, Quot.sound]
AXIOMS Luce.finite_nonnegative_sum_le_tail: [propext, Classical.choice, Quot.sound]
AXIOMS Luce.first_clock_event_iff: [propext, Classical.choice, Quot.sound]
AXIOMS Luce.first_gap_density: [propext, Classical.choice, Quot.sound]
AXIOMS Luce.fixedCount_inverse: [propext, Classical.choice, Quot.sound]
AXIOMS Luce.fixedPointCountLaw_totalVariation_of_pointProcess: [propext, Classical.choice, Quot.sound]
AXIOMS Luce.fixedPointCount_eq_card: [propext, Classical.choice, Quot.sound]
AXIOMS Luce.fixedPoints_eq_interior_of_tail_zero: [propext, Classical.choice, Quot.sound]
AXIOMS Luce.fixedPoints_realMeasure: [propext, Classical.choice, Quot.sound]
AXIOMS Luce.fixedPoints_tail_count: [propext, Classical.choice, Quot.sound]
AXIOMS Luce.fixedPoints_tail_count_ae: [propext, Classical.choice, Quot.sound]
AXIOMS Luce.fixed_point_mass_fiber_identity: [propext, Classical.choice, Quot.sound]
AXIOMS Luce.fixed_point_probability_integral: [propext, Classical.choice, Quot.sound]
AXIOMS Luce.forwardPathWeight_cons: [propext, Classical.choice, Quot.sound]
AXIOMS Luce.forwardPathWeight_sum_le: [propext, Classical.choice, Quot.sound]
AXIOMS Luce.fullDensityMeasure_restrict_Iio: [propext, Classical.choice, Quot.sound]
AXIOMS Luce.fullIntensity_mass: [propext, Classical.choice, Quot.sound]
AXIOMS Luce.fullIntensity_mass_eq_toNNReal_integral: [propext, Classical.choice, Quot.sound]
AXIOMS Luce.fullIntensity_projection_recovery: [propext, Classical.choice, Quot.sound]
AXIOMS Luce.gap_abs_rateKernel_time_sub_le: [propext, Classical.choice, Quot.sound]
AXIOMS Luce.ghostColumnKernel_ne_top: [propext, Classical.choice, Quot.sound]
AXIOMS Luce.ghostColumnKernel_toReal: [propext, Classical.choice, Quot.sound]
AXIOMS Luce.ghostColumn_expectation_le: [propext, Classical.choice, Quot.sound]
AXIOMS Luce.ghostColumn_integrable: [propext, Classical.choice, Quot.sound]
AXIOMS Luce.ghostCountKernel_marked_product: [propext, Classical.choice, Quot.sound]
AXIOMS Luce.ghostCountKernel_product: [propext, Classical.choice, Quot.sound]
AXIOMS Luce.ghostCountKernel_row_bound: [propext, Classical.choice, Quot.sound]
AXIOMS Luce.ghostCountSuccess_implies_swapped_path: [propext, Classical.choice, Quot.sound]
AXIOMS Luce.ghostCountSuccess_probability_le: [propext, Classical.choice, Quot.sound]
AXIOMS Luce.ghostCountWindow_probability_le_rank_sum: [propext, Classical.choice, Quot.sound]
AXIOMS Luce.ghostCycleVertexSum_eq_cylinder_sum: [propext, Classical.choice, Quot.sound]
AXIOMS Luce.ghostCycleVertexSum_integrable: [propext, Classical.choice, Quot.sound]
AXIOMS Luce.ghostCylinderProduct_le_one: [propext, Classical.choice, Quot.sound]
AXIOMS Luce.ghostEntry_eq_density_integral: [propext, Classical.choice, Quot.sound]
AXIOMS Luce.ghostEntry_eq_early_add_late: [propext, Classical.choice, Quot.sound]
AXIOMS Luce.ghostEntry_le_rate_mul_length: [propext, Classical.choice, Quot.sound]
AXIOMS Luce.ghostEntry_mem_Icc: [propext, Classical.choice, Quot.sound]
AXIOMS Luce.ghostEntry_row_bound: [propext, Classical.choice, Quot.sound]
AXIOMS Luce.ghostOrderKernel_ae_eq_count: [propext, Classical.choice, Quot.sound]
AXIOMS Luce.ghostOrderKernel_eq_count: [propext, Classical.choice, Quot.sound]
AXIOMS Luce.ghostOrderKernel_eq_density: [propext, Classical.choice, Quot.sound]
AXIOMS Luce.ghostOrderKernel_le_one: [propext, Classical.choice, Quot.sound]
AXIOMS Luce.ghostPathSum_ne_top: [propext, Classical.choice, Quot.sound]
AXIOMS Luce.ghostPathSum_toReal: [propext, Classical.choice, Quot.sound]
AXIOMS Luce.ghostPredecessorSum_le: [propext, Classical.choice, Quot.sound]
AXIOMS Luce.ghostPredecessorSum_ne_top: [propext, Classical.choice, Quot.sound]
AXIOMS Luce.ghostPredecessorSum_toReal: [propext, Classical.choice, Quot.sound]
AXIOMS Luce.ghostPredecessorSum_zero: [propext, Classical.choice, Quot.sound]
AXIOMS Luce.ghostWindowByOrder_count_bounds: [propext, Classical.choice, Quot.sound]
AXIOMS Luce.ghostWindowByOrder_iff_count: [propext, Classical.choice, Quot.sound]
AXIOMS Luce.ghostWindowByOrder_multiplicity_le: [propext, Classical.choice, Quot.sound]
AXIOMS Luce.ghostWindowByOrder_pos: [propext, Classical.choice, Quot.sound]
AXIOMS Luce.ghostWindowLength_expectation_le: [propext, Classical.choice, Quot.sound]
AXIOMS Luce.ghostWindowLength_integrable: [propext, Classical.choice, Quot.sound]
AXIOMS Luce.ghostWindowVolume_ae_eq_count: [propext, Classical.choice, Quot.sound]
AXIOMS Luce.ghostWindowVolume_eq_count: [propext, Classical.choice, Quot.sound]
AXIOMS Luce.ghostWindowVolume_expectation_eq: [propext, Classical.choice, Quot.sound]
AXIOMS Luce.ghostWindowVolume_expectation_le: [propext, Classical.choice, Quot.sound]
AXIOMS Luce.ghostWindowVolume_ne_top_of_interior: [propext, Classical.choice, Quot.sound]
AXIOMS Luce.ghost_cylinder_bound: [propext, Classical.choice, Quot.sound]
AXIOMS Luce.ghost_cylinder_bound_ennreal: [propext, Classical.choice, Quot.sound]
AXIOMS Luce.ghost_cylinder_product_integrable: [propext, Classical.choice, Quot.sound]
AXIOMS Luce.ghost_marked_edge_bound: [propext, Classical.choice, Quot.sound]
AXIOMS Luce.ghost_subwindow_density: [propext, Classical.choice, Quot.sound]
AXIOMS Luce.half_mean_exponent: [propext, Classical.choice, Quot.sound]
AXIOMS Luce.half_rates_le_two: [propext, Classical.choice, Quot.sound]
AXIOMS Luce.hasDerivAt_log_one_sub_exp: [propext, Classical.choice, Quot.sound]
AXIOMS Luce.hasDerivAt_rateKernel: [propext, Classical.choice, Quot.sound]
AXIOMS Luce.hasDerivAt_rateKernel_time: [propext, Classical.choice, Quot.sound]
AXIOMS Luce.hasDerivAt_survivalKernel: [propext, Classical.choice, Quot.sound]
AXIOMS Luce.highCycleExpectation_nonneg: [propext, Classical.choice, Quot.sound]
AXIOMS Luce.highRateMass_eq_integral: [propext, Classical.choice, Quot.sound]
AXIOMS Luce.high_rate_cycle_vertex_probability: [propext, Classical.choice, Quot.sound]
AXIOMS Luce.high_rate_cycle_vertices_bound: [propext, Classical.choice, Quot.sound]
AXIOMS Luce.high_rate_density_bound: [propext, Classical.choice, Quot.sound]
AXIOMS Luce.high_rate_ghostEntry_bound: [propext, Classical.choice, Quot.sound]
AXIOMS Luce.history_predictability: [propext, Classical.choice, Quot.sound]
AXIOMS Luce.identityGapDuration_succ: [propext, Classical.choice, Quot.sound]
AXIOMS Luce.identityNormalizedGaps_eq_rate_mul_gap: [propext, Classical.choice, Quot.sound]
AXIOMS Luce.identityNormalizedGaps_order_recursion: [propext, Classical.choice, Quot.sound]
AXIOMS Luce.iidPointLaw_isProbabilityMeasure: [propext, Classical.choice, Quot.sound]
AXIOMS Luce.index_le_of_strictMono_ranks: [propext, Classical.choice, Quot.sound]
AXIOMS Luce.initialRateMass_le_integral: [propext, Classical.choice, Quot.sound]
AXIOMS Luce.initialRateMass_le_limit_add_error: [propext, Classical.choice, Quot.sound]
AXIOMS Luce.initialRateMass_mono: [propext, Classical.choice, Quot.sound]
AXIOMS Luce.insertionColumn_le_new_add_length: [propext, Classical.choice, Quot.sound]
AXIOMS Luce.insertionPathSum_succ: [propext, Classical.choice, Quot.sound]
AXIOMS Luce.insertionPathWeight_cons: [propext, Classical.choice, Quot.sound]
AXIOMS Luce.insertion_added_predecessor_le: [propext, Classical.choice, Quot.sound]
AXIOMS Luce.instIsFiniteMeasureRealProfileMeasure: [propext, Classical.choice, Quot.sound]
AXIOMS Luce.instIsProbabilityMeasureForallFinRealCyclicProfileMeasure: [propext, Classical.choice, Quot.sound]
AXIOMS Luce.instIsProbabilityMeasureRealProfileMeasure: [propext, Classical.choice, Quot.sound]
AXIOMS Luce.integrableOn_exponential_density_Ioi: [propext, Classical.choice, Quot.sound]
AXIOMS Luce.integrableOn_probability_weighted_density: [propext, Classical.choice, Quot.sound]
AXIOMS Luce.integrable_capacity_kernel: [propext, Classical.choice, Quot.sound]
AXIOMS Luce.integrable_cyclicCellStep: [propext, Classical.choice, Quot.sound]
AXIOMS Luce.integrable_cyclicGridKernel: [propext, Classical.choice, Quot.sound]
AXIOMS Luce.integrable_cyclicLimitKernel: [propext, Classical.choice, Quot.sound]
AXIOMS Luce.integrable_cyclic_source_product: [propext, Classical.choice, Quot.sound]
AXIOMS Luce.integrable_early_return_product: [propext, Classical.choice, Quot.sound]
AXIOMS Luce.integrable_exp_neg: [propext, Classical.choice, Quot.sound]
AXIOMS Luce.integrable_finite_state: [propext, Classical.choice, Quot.sound]
AXIOMS Luce.integrable_fixed_point_indicator: [propext, Classical.choice, Quot.sound]
AXIOMS Luce.integrable_highProfile: [propext, Classical.choice, Quot.sound]
AXIOMS Luce.integrable_interiorIntensity: [propext, Classical.choice, Quot.sound]
AXIOMS Luce.integrable_interior_density: [propext, Classical.choice, Quot.sound]
AXIOMS Luce.integrable_interior_observed_test: [propext, Classical.choice, Quot.sound]
AXIOMS Luce.integrable_late_return_product: [propext, Classical.choice, Quot.sound]
AXIOMS Luce.integrable_lowProfile: [propext, Classical.choice, Quot.sound]
AXIOMS Luce.integrable_markedNormalizedGaps_mixed: [propext, Classical.choice, Quot.sound]
AXIOMS Luce.integrable_markedNormalizedGaps_taylorEnvelope: [propext, Classical.choice, Quot.sound]
AXIOMS Luce.integrable_marked_return_product: [propext, Classical.choice, Quot.sound]
AXIOMS Luce.integrable_mixed_expMeasure_one: [propext, Classical.choice, Quot.sound]
AXIOMS Luce.integrable_momentLaplaceAlgebra_pointMoment: [propext, Classical.choice, Quot.sound]
AXIOMS Luce.integrable_natCountLaplaceAlgebra: [propext, Classical.choice, Quot.sound]
AXIOMS Luce.integrable_normalized_clockBand: [propext, Classical.choice, Quot.sound]
AXIOMS Luce.integrable_of_zero_one: [propext, Classical.choice, Quot.sound]
AXIOMS Luce.integrable_one_sub_exp_neg: [propext, Classical.choice, Quot.sound]
AXIOMS Luce.integrable_pointLaplace_finitePoissonLaw: [propext, Classical.choice, Quot.sound]
AXIOMS Luce.integrable_pointMeasure: [propext, Classical.choice, Quot.sound]
AXIOMS Luce.integrable_poissonMixture: [propext, Classical.choice, Quot.sound]
AXIOMS Luce.integrable_pow_expMeasure_one: [propext, Classical.choice, Quot.sound]
AXIOMS Luce.integrable_predictableChance: [propext, Classical.choice, Quot.sound]
AXIOMS Luce.integrable_profileDiagonal: [propext, Classical.choice, Quot.sound]
AXIOMS Luce.integrable_profileGridKernel: [propext, Classical.choice, Quot.sound]
AXIOMS Luce.integrable_profileLimitKernel: [propext, Classical.choice, Quot.sound]
AXIOMS Luce.integrable_race_permutation_statistic: [propext, Classical.choice, Quot.sound]
AXIOMS Luce.integrable_rateKernel: [propext, Classical.choice, Quot.sound]
AXIOMS Luce.integrable_selectedNormalizedGaps: [propext, Classical.choice, Quot.sound]
AXIOMS Luce.integrable_selectedNormalizedGaps_mixed: [propext, Classical.choice, Quot.sound]
AXIOMS Luce.integrable_selectedNormalizedGaps_taylorEnvelope: [propext, Classical.choice, Quot.sound]
AXIOMS Luce.integrable_stepProfile: [propext, Classical.choice, Quot.sound]
AXIOMS Luce.integrable_sum_mul_prod_expMeasure_one: [propext, Classical.choice, Quot.sound]
AXIOMS Luce.integrable_survivalKernel: [propext, Classical.choice, Quot.sound]
AXIOMS Luce.integrable_tailFixedPointCount: [propext, Classical.choice, Quot.sound]
AXIOMS Luce.integrable_weightedPointMeasure: [propext, Classical.choice, Quot.sound]
AXIOMS Luce.integral_abs_div_tendsto_of_bounded: [propext, Classical.choice, Quot.sound]
AXIOMS Luce.integral_abs_le_threshold_add_probability: [propext, Classical.choice, Quot.sound]
AXIOMS Luce.integral_arrivalAt: [propext, Classical.choice, Quot.sound]
AXIOMS Luce.integral_block_product: [propext, Classical.choice, Quot.sound]
AXIOMS Luce.integral_capacity_kernel: [propext, Classical.choice, Quot.sound]
AXIOMS Luce.integral_clockBand: [propext, Classical.choice, Quot.sound]
AXIOMS Luce.integral_clockSurvivalIndicator: [propext, Classical.choice, Quot.sound]
AXIOMS Luce.integral_comp_stepProfile: [propext, Classical.choice, Quot.sound]
AXIOMS Luce.integral_countLaplace_finitePoissonLaw: [propext, Classical.choice, Quot.sound]
AXIOMS Luce.integral_cycleBlockIndicator_eq_rank_probability: [propext, Classical.choice, Quot.sound]
AXIOMS Luce.integral_cyclicCellStep: [propext, Classical.choice, Quot.sound]
AXIOMS Luce.integral_cyclicGridKernel_step: [propext, Classical.choice, Quot.sound]
AXIOMS Luce.integral_cyclicGridKernel_sub_le: [propext, Classical.choice, Quot.sound]
AXIOMS Luce.integral_cyclic_source_product: [propext, Classical.choice, Quot.sound]
AXIOMS Luce.integral_empiricalArrival: [propext, Classical.choice, Quot.sound]
AXIOMS Luce.integral_empiricalRemaining: [propext, Classical.choice, Quot.sound]
AXIOMS Luce.integral_error_mul_le: [propext, Classical.choice, Quot.sound]
AXIOMS Luce.integral_exp_neg_mem_Icc: [propext, Classical.choice, Quot.sound]
AXIOMS Luce.integral_exponentialPDFReal: [propext, Classical.choice, Quot.sound]
AXIOMS Luce.integral_exponential_density_Ioi: [propext, Classical.choice, Quot.sound]
AXIOMS Luce.integral_finite_state: [propext, Classical.choice, Quot.sound]
AXIOMS Luce.integral_fullIntensity: [propext, Classical.choice, Quot.sound]
AXIOMS Luce.integral_interiorIntensity: [propext, Classical.choice, Quot.sound]
AXIOMS Luce.integral_interior_observed_test_le_tail: [propext, Classical.choice, Quot.sound]
AXIOMS Luce.integral_markedNormalizedGaps_mixed: [propext, Classical.choice, Quot.sound]
AXIOMS Luce.integral_markedNormalizedGaps_prod: [propext, Classical.choice, Quot.sound]
AXIOMS Luce.integral_markedNormalizedGaps_prod_sq: [propext, Classical.choice, Quot.sound]
AXIOMS Luce.integral_markedNormalizedGaps_taylorEnvelope: [propext, Classical.choice, Quot.sound]
AXIOMS Luce.integral_mixed_expMeasure_one: [propext, Classical.choice, Quot.sound]
AXIOMS Luce.integral_natCountAlgebra_eq: [propext, Classical.choice, Quot.sound]
AXIOMS Luce.integral_natCountLaplace_pi_poisson: [propext, Classical.choice, Quot.sound]
AXIOMS Luce.integral_natCountSingletonTest: [propext, Classical.choice, Quot.sound]
AXIOMS Luce.integral_normalized_clockBand_le: [propext, Classical.choice, Quot.sound]
AXIOMS Luce.integral_normalized_survivalGe: [propext, Classical.choice, Quot.sound]
AXIOMS Luce.integral_observedPointMeasure: [propext, Classical.choice, Quot.sound]
AXIOMS Luce.integral_one_sub_exp_neg_disjointCountTest: [propext, Classical.choice, Quot.sound]
AXIOMS Luce.integral_one_sub_exp_neg_eq_mass_mul: [propext, Classical.choice, Quot.sound]
AXIOMS Luce.integral_pointCountSingletonTest: [propext, Classical.choice, Quot.sound]
AXIOMS Luce.integral_pointCountSingletonTest_comp: [propext, Classical.choice, Quot.sound]
AXIOMS Luce.integral_pointCountSingletonTest_finitePoissonLaw: [propext, Classical.choice, Quot.sound]
AXIOMS Luce.integral_pointLaplace_finitePoissonLaw: [propext, Classical.choice, Quot.sound]
AXIOMS Luce.integral_pointLaplace_iidPointLaw: [propext, Classical.choice, Quot.sound]
AXIOMS Luce.integral_pointMeasureOfFin: [propext, Classical.choice, Quot.sound]
AXIOMS Luce.integral_poissonMixture_of_power: [propext, Classical.choice, Quot.sound]
AXIOMS Luce.integral_pow_expMeasure_one: [propext, Classical.choice, Quot.sound]
AXIOMS Luce.integral_pow_poissonMeasure: [propext, Classical.choice, Quot.sound]
AXIOMS Luce.integral_profileGridKernel_step: [propext, Classical.choice, Quot.sound]
AXIOMS Luce.integral_profileLimitKernel_eq: [propext, Classical.choice, Quot.sound]
AXIOMS Luce.integral_selectedNormalizedGaps: [propext, Classical.choice, Quot.sound]
AXIOMS Luce.integral_selectedNormalizedGaps_mixed: [propext, Classical.choice, Quot.sound]
AXIOMS Luce.integral_selectedNormalizedGaps_taylorEnvelope: [propext, Classical.choice, Quot.sound]
AXIOMS Luce.integral_stepProfile_cell: [propext, Classical.choice, Quot.sound]
AXIOMS Luce.integral_sub_abs_le_on_set: [propext, Classical.choice, Quot.sound]
AXIOMS Luce.integral_sub_abs_le_uniform: [propext, Classical.choice, Quot.sound]
AXIOMS Luce.integral_sum_clockSurvivalIndicator: [propext, Classical.choice, Quot.sound]
AXIOMS Luce.integral_sum_mul_prod_expMeasure_one: [propext, Classical.choice, Quot.sound]
AXIOMS Luce.integral_survivalGe: [propext, Classical.choice, Quot.sound]
AXIOMS Luce.integral_terminalFixedPointCount: [propext, Classical.choice, Quot.sound]
AXIOMS Luce.integral_weightedPointMeasure: [propext, Classical.choice, Quot.sound]
AXIOMS Luce.integrated_rank_crossing_intensity: [propext, Classical.choice, Quot.sound]
AXIOMS Luce.interiorDensityMeasure_ae_mem: [propext, Classical.choice, Quot.sound]
AXIOMS Luce.interiorDensityMeasure_eq_closed: [propext, Classical.choice, Quot.sound]
AXIOMS Luce.interiorDensityMeasure_finite: [propext, Classical.choice, Quot.sound]
AXIOMS Luce.interiorDensityMeasure_mono: [propext, Classical.choice, Quot.sound]
AXIOMS Luce.interiorDensityMeasure_restrict: [propext, Classical.choice, Quot.sound]
AXIOMS Luce.interiorDensityMeasure_tail_le_test: [propext, Classical.choice, Quot.sound]
AXIOMS Luce.interiorFixedPoints_realMeasure: [propext, Classical.choice, Quot.sound]
AXIOMS Luce.interiorFixedPoints_toFiniteMeasure: [propext, Classical.choice, Quot.sound]
AXIOMS Luce.interiorIntensity_projection_recovery: [propext, Classical.choice, Quot.sound]
AXIOMS Luce.interiorLowCycleExpectation_nonneg: [propext, Classical.choice, Quot.sound]
AXIOMS Luce.interior_integral_eq_closed: [propext, Classical.choice, Quot.sound]
AXIOMS Luce.interior_observed_test_le_tail: [propext, Classical.choice, Quot.sound]
AXIOMS Luce.intervalTestExtension_eq: [propext, Classical.choice, Quot.sound]
AXIOMS Luce.inverse_fixed_iff: [Quot.sound]
AXIOMS Luce.inverse_ge_iff_no_earlier_draw: [propext, Quot.sound]
AXIOMS Luce.inverse_product_le_exp: [propext, Classical.choice, Quot.sound]
AXIOMS Luce.isInducing_pointMoment: [propext, Classical.choice, Quot.sound]
AXIOMS Luce.keepTerm_of_total_le: [propext, Classical.choice, Quot.sound]
AXIOMS Luce.laplace_gap_tail_bound: [propext, Classical.choice, Quot.sound]
AXIOMS Luce.lateGhostEntry_antitone: [propext, Classical.choice, Quot.sound]
AXIOMS Luce.lateGhostEntry_eq_window_integral: [propext, Classical.choice, Quot.sound]
AXIOMS Luce.lateGhostKernel_eq_entry: [propext, Classical.choice, Quot.sound]
AXIOMS Luce.lateGhostKernel_nonneg: [propext, Classical.choice, Quot.sound]
AXIOMS Luce.late_interior_source_bound: [propext, Classical.choice, Quot.sound]
AXIOMS Luce.late_marked_edge_integral: [propext, Classical.choice, Quot.sound]
AXIOMS Luce.late_ordered_pairs_bound: [propext, Classical.choice, Quot.sound]
AXIOMS Luce.late_ordered_pairs_le_common_cutoff: [propext, Classical.choice, Quot.sound]
AXIOMS Luce.late_retained_expectation_bound: [propext, Classical.choice, Quot.sound]
AXIOMS Luce.late_retained_pairs_bound: [propext, Classical.choice, Quot.sound]
AXIOMS Luce.late_return_sum_eq_integral: [propext, Classical.choice, Quot.sound]
AXIOMS Luce.late_return_sum_le: [propext, Classical.choice, Quot.sound]
AXIOMS Luce.late_source_shell_marked_integral: [propext, Classical.choice, Quot.sound]
AXIOMS Luce.late_terminal_source_bound: [propext, Classical.choice, Quot.sound]
AXIOMS Luce.le_shellFloor: [propext, Classical.choice, Quot.sound]
AXIOMS Luce.likelihood_denominator_pos: [propext, Classical.choice, Quot.sound]
AXIOMS Luce.likelihood_integral_error: [propext, Classical.choice, Quot.sound]
AXIOMS Luce.likelihood_product_integral: [propext, Classical.choice, Quot.sound]
AXIOMS Luce.likelihood_product_martingale: [propext, Classical.choice, Quot.sound]
AXIOMS Luce.limitingSieveRemainder_tendsto_zero: [propext, Classical.choice, Quot.sound]
AXIOMS Luce.lintegral_deletedGapKernel_product: [propext, Classical.choice, Quot.sound]
AXIOMS Luce.lintegral_ghostCountKernel_marked_product: [propext, Classical.choice, Quot.sound]
AXIOMS Luce.lintegral_ghostCountKernel_product: [propext, Classical.choice, Quot.sound]
AXIOMS Luce.lintegral_ghostCylinderProduct_le_one: [propext, Classical.choice, Quot.sound]
AXIOMS Luce.log_one_sub_remainder: [propext, Classical.choice, Quot.sound]
AXIOMS Luce.log_product_remainder: [propext, Classical.choice, Quot.sound]
AXIOMS Luce.lowCycleExpectation_nonneg: [propext, Classical.choice, Quot.sound]
AXIOMS Luce.lowRateDensity_eq_integral: [propext, Classical.choice, Quot.sound]
AXIOMS Luce.lt_arrivalTime_iff_clockBeforeCount: [propext, Classical.choice, Quot.sound]
AXIOMS Luce.luceInteriorCompensatorSum_race: [propext, Classical.choice, Quot.sound]
AXIOMS Luce.luce_cycle_test_integral_eq: [propext, Classical.choice, Quot.sound]
AXIOMS Luce.luce_cycle_vector_map_eq: [propext, Classical.choice, Quot.sound]
AXIOMS Luce.luce_event_probability: [propext, Classical.choice, Quot.sound]
AXIOMS Luce.luce_map_eq_raceDraw: [propext, Classical.choice, Quot.sound]
AXIOMS Luce.markedBeforeCount_eq_index: [propext, Classical.choice, Quot.sound]
AXIOMS Luce.markedGapCoefficient_eq_prod_scalar: [propext, Classical.choice, Quot.sound]
AXIOMS Luce.markedGapScalar_eq_deleted: [propext, Classical.choice, Quot.sound]
AXIOMS Luce.markedGap_taylor_expectation: [propext, Classical.choice, Quot.sound]
AXIOMS Luce.markedGap_taylor_pointwise: [propext, Classical.choice, Quot.sound]
AXIOMS Luce.markedImage_comp_perm: [propext, Classical.choice, Quot.sound]
AXIOMS Luce.markedRankCylinder_comp_perm: [propext, Classical.choice, Quot.sound]
AXIOMS Luce.markedRankCylinder_deleted_counts: [propext, Classical.choice, Quot.sound]
AXIOMS Luce.markedRankCylinder_iff_deleted_counts: [propext, Classical.choice, Quot.sound]
AXIOMS Luce.markedRankCylinder_probability_eq_deletedGapProduct: [propext, Classical.choice, Quot.sound]
AXIOMS Luce.markedRankCylinder_probability_eq_sortedGapProduct: [propext, Classical.choice, Quot.sound]
AXIOMS Luce.markedRankCylinder_probability_le_deletedGapProduct: [propext, Classical.choice, Quot.sound]
AXIOMS Luce.markedRankCylinder_probability_le_ghost: [propext, Classical.choice, Quot.sound]
AXIOMS Luce.markedRankCylinder_real_probability_eq_deletedGapProduct: [propext, Classical.choice, Quot.sound]
AXIOMS Luce.markedRankCylinder_taylor_expectation: [propext, Classical.choice, Quot.sound]
AXIOMS Luce.markedReturnWeight_nonneg: [propext, Classical.choice, Quot.sound]
AXIOMS Luce.markedReturnWeight_sum_le: [propext, Classical.choice, Quot.sound]
AXIOMS Luce.marked_raceGapStart_eq_consecutiveGapLower: [propext, Classical.choice, Quot.sound]
AXIOMS Luce.marked_return_product_eq_cylinder_sum: [propext, Classical.choice, Quot.sound]
AXIOMS Luce.marked_times_strictMono_of_deleted_counts: [propext, Classical.choice, Quot.sound]
AXIOMS Luce.marked_times_strictMono_of_rankCylinder: [propext, Classical.choice, Quot.sound]
AXIOMS Luce.meanArrival_eq_profileF: [propext, Classical.choice, Quot.sound]
AXIOMS Luce.meanRemaining_eq_profileD: [propext, Classical.choice, Quot.sound]
AXIOMS Luce.meanSurvivors_antitone: [propext, Classical.choice, Quot.sound]
AXIOMS Luce.meanSurvivors_cutoff_log_lower: [propext, Classical.choice, Quot.sound]
AXIOMS Luce.meanSurvivors_jensen: [propext, Classical.choice, Quot.sound]
AXIOMS Luce.meanSurvivors_lower_bound: [propext, Classical.choice, Quot.sound]
AXIOMS Luce.meanSurvivors_pos: [propext, Classical.choice, Quot.sound]
AXIOMS Luce.meanSurvivors_strictAnti: [propext, Classical.choice, Quot.sound]
AXIOMS Luce.meanSurvivors_zero: [propext, Classical.choice, Quot.sound]
AXIOMS Luce.mean_other_survivors_lower: [propext, Classical.choice, Quot.sound]
AXIOMS Luce.measurableSet_approximateClockPath: [propext, Classical.choice, Quot.sound]
AXIOMS Luce.measurableSet_beforeCount: [propext, Classical.choice, Quot.sound]
AXIOMS Luce.measurableSet_beforeRank: [propext, Classical.choice, Quot.sound]
AXIOMS Luce.measurableSet_boundedCycleEvent: [propext, Classical.choice, Quot.sound]
AXIOMS Luce.measurableSet_cycle_period: [propext, Classical.choice, Quot.sound]
AXIOMS Luce.measurableSet_cyclicProfileCell: [propext, Classical.choice, Quot.sound]
AXIOMS Luce.measurableSet_deletedGapCount: [propext, Classical.choice, Quot.sound]
AXIOMS Luce.measurableSet_deletedMarkedSuccess: [propext, Classical.choice, Quot.sound]
AXIOMS Luce.measurableSet_earlyGhostSurvivorEvent: [propext, Classical.choice, Quot.sound]
AXIOMS Luce.measurableSet_first_before_background: [propext, Classical.choice, Quot.sound]
AXIOMS Luce.measurableSet_ghostCountSuccess: [propext, Classical.choice, Quot.sound]
AXIOMS Luce.measurableSet_ghostCountWindow: [propext, Classical.choice, Quot.sound]
AXIOMS Luce.measurableSet_ghostFamilySuccess: [propext, Classical.choice, Quot.sound]
AXIOMS Luce.measurableSet_ghostMarkedSuccess: [propext, Classical.choice, Quot.sound]
AXIOMS Luce.measurableSet_ghostWindowByOrder: [propext, Classical.choice, Quot.sound]
AXIOMS Luce.measurableSet_injective_clocks: [propext, Classical.choice, Quot.sound]
AXIOMS Luce.measurableSet_keepTerm: [propext, Classical.choice, Quot.sound]
AXIOMS Luce.measurableSet_label_available: [propext, Classical.choice, Quot.sound]
AXIOMS Luce.measurableSet_markedRankCylinder: [propext, Classical.choice, Quot.sound]
AXIOMS Luce.measurableSet_retainedMaximumCycleEvent: [propext, Classical.choice, Quot.sound]
AXIOMS Luce.measurableSet_shortCycleVertex: [propext, Classical.choice, Quot.sound]
AXIOMS Luce.measurableSet_strictMono_clocks: [propext, Classical.choice, Quot.sound]
AXIOMS Luce.measurable_arrivalAt: [propext, Classical.choice, Quot.sound]
AXIOMS Luce.measurable_availability_indicator: [propext, Classical.choice, Quot.sound]
AXIOMS Luce.measurable_backgroundSurvivors: [propext, Classical.choice, Quot.sound]
AXIOMS Luce.measurable_beforeCount_probability: [propext, Classical.choice, Quot.sound]
AXIOMS Luce.measurable_boundedContinuousFunction_of_compact_exhaustion: [propext, Classical.choice, Quot.sound]
AXIOMS Luce.measurable_boundedContinuous_pointMeasure: [propext, Classical.choice, Quot.sound]
AXIOMS Luce.measurable_clockBand: [propext, Classical.choice, Quot.sound]
AXIOMS Luce.measurable_clockBeforeCount: [propext, Classical.choice, Quot.sound]
AXIOMS Luce.measurable_clockSurvivalIndicator: [propext, Classical.choice, Quot.sound]
AXIOMS Luce.measurable_comp_profileGridEndpoint: [propext, Classical.choice, Quot.sound]
AXIOMS Luce.measurable_cyclic_grid_comp: [propext, Classical.choice, Quot.sound]
AXIOMS Luce.measurable_deletedBeforeCount: [propext, Classical.choice, Quot.sound]
AXIOMS Luce.measurable_deletedGapKernel: [propext, Classical.choice, Quot.sound]
AXIOMS Luce.measurable_disjointCountTest: [propext, Classical.choice, Quot.sound]
AXIOMS Luce.measurable_draw_of_lt: [propext, Classical.choice, Quot.sound]
AXIOMS Luce.measurable_finCons: [propext, Classical.choice, Quot.sound]
AXIOMS Luce.measurable_fixedPoints: [propext, Classical.choice, Quot.sound]
AXIOMS Luce.measurable_ghostCountKernel: [propext, Classical.choice, Quot.sound]
AXIOMS Luce.measurable_ghostCountWindowVolume: [propext, Classical.choice, Quot.sound]
AXIOMS Luce.measurable_identityNormalizedGaps: [propext, Classical.choice, Quot.sound]
AXIOMS Luce.measurable_interiorFixedPoints_race: [propext, Classical.choice, Quot.sound]
AXIOMS Luce.measurable_markedGapCoefficient: [propext, Classical.choice, Quot.sound]
AXIOMS Luce.measurable_markedNormalizedGaps: [propext, Classical.choice, Quot.sound]
AXIOMS Luce.measurable_momentLaplaceAlgebra_pointMoment: [propext, Classical.choice, Quot.sound]
AXIOMS Luce.measurable_momentLaplace_pointMoment: [propext, Classical.choice, Quot.sound]
AXIOMS Luce.measurable_observedPointMeasure: [propext, Classical.choice, Quot.sound]
AXIOMS Luce.measurable_observedPointMeasure_of_measurable: [propext, Classical.choice, Quot.sound]
AXIOMS Luce.measurable_orderedNormalizedGaps: [propext, Classical.choice, Quot.sound]
AXIOMS Luce.measurable_otherSurvivorProbability: [propext, Classical.choice, Quot.sound]
AXIOMS Luce.measurable_otherSurvivors: [propext, Classical.choice, Quot.sound]
AXIOMS Luce.measurable_other_survivors: [propext, Classical.choice, Quot.sound]
AXIOMS Luce.measurable_pointLaplace: [propext, Classical.choice, Quot.sound]
AXIOMS Luce.measurable_pointMeasure_mass: [propext, Classical.choice, Quot.sound]
AXIOMS Luce.measurable_predictableChance_history: [propext, Classical.choice, Quot.sound]
AXIOMS Luce.measurable_profileGridEndpoint: [propext, Classical.choice, Quot.sound]
AXIOMS Luce.measurable_raceDraw: [propext, Classical.choice, Quot.sound]
AXIOMS Luce.measurable_raceGapRate: [propext, Classical.choice, Quot.sound]
AXIOMS Luce.measurable_raceGapStart: [propext, Classical.choice, Quot.sound]
AXIOMS Luce.measurable_raceNormalizedGaps: [propext, Classical.choice, Quot.sound]
AXIOMS Luce.measurable_raceRank: [propext, Classical.choice, Quot.sound]
AXIOMS Luce.measurable_raceRankPermutation_apply: [propext, Classical.choice, Quot.sound]
AXIOMS Luce.measurable_raceRankPermutation_function: [propext, Classical.choice, Quot.sound]
AXIOMS Luce.measurable_race_permutation_statistic: [propext, Classical.choice, Quot.sound]
AXIOMS Luce.measurable_rankOf: [propext, Classical.choice, Quot.sound]
AXIOMS Luce.measurable_remaining_weight: [propext, Classical.choice, Quot.sound]
AXIOMS Luce.measurable_shortCycleVertexCount: [propext, Classical.choice, Quot.sound]
AXIOMS Luce.measurable_stepProfile: [propext, Classical.choice, Quot.sound]
AXIOMS Luce.measurable_stoppedMass: [propext, Classical.choice, Quot.sound]
AXIOMS Luce.measurable_stoppedProbability: [propext, Classical.choice, Quot.sound]
AXIOMS Luce.measurable_survivalGe: [propext, Classical.choice, Quot.sound]
AXIOMS Luce.measurable_survivingAtRankProbability: [propext, Classical.choice, Quot.sound]
AXIOMS Luce.measurable_survivorProbability: [propext, Classical.choice, Quot.sound]
AXIOMS Luce.measurable_tailFixedPointCount: [propext, Classical.choice, Quot.sound]
AXIOMS Luce.measurable_weightedPointMeasure: [propext, Classical.choice, Quot.sound]
AXIOMS Luce.measurable_weightedPointMeasure_of_measurable: [propext, Classical.choice, Quot.sound]
AXIOMS Luce.measurePreserving_block_uncurry: [propext, Classical.choice, Quot.sound]
AXIOMS Luce.measurePreserving_markedNormalizedGaps: [propext, Classical.choice, Quot.sound]
AXIOMS Luce.measurePreserving_raceNormalizedGaps: [propext, Classical.choice, Quot.sound]
AXIOMS Luce.measurePreserving_selectedNormalizedGaps: [propext, Classical.choice, Quot.sound]
AXIOMS Luce.memLp_empiricalArrival: [propext, Classical.choice, Quot.sound]
AXIOMS Luce.memLp_empiricalRemaining: [propext, Classical.choice, Quot.sound]
AXIOMS Luce.memLp_weighted_survivalGe: [propext, Classical.choice, Quot.sound]
AXIOMS Luce.mem_consecutiveGap_iff_count: [propext, Classical.choice, Quot.sound]
AXIOMS Luce.mem_natCountBox: []
AXIOMS Luce.mem_terminalShell: [propext, Classical.choice, Quot.sound]
AXIOMS Luce.mem_terminalShellNumber: [propext, Classical.choice, Quot.sound]
AXIOMS Luce.mgf_neg_one_of_zero_one: [propext, Classical.choice, Quot.sound]
AXIOMS Luce.momentLaplaceAlgebra_bounded: [propext, Classical.choice, Quot.sound]
AXIOMS Luce.momentLaplaceAlgebra_eq_span: [propext, Classical.choice, Quot.sound]
AXIOMS Luce.momentLaplaceAlgebra_separatesPoints: [propext, Classical.choice, Quot.sound]
AXIOMS Luce.momentLaplace_add: [propext, Classical.choice, Quot.sound]
AXIOMS Luce.momentLaplace_apply: [propext, Classical.choice, Quot.sound]
AXIOMS Luce.momentLaplace_const_pointMoment: [propext, Classical.choice, Quot.sound]
AXIOMS Luce.momentLaplace_pointMoment_eq_pointLaplace: [propext, Classical.choice, Quot.sound]
AXIOMS Luce.momentLaplace_zero: [propext, Classical.choice, Quot.sound]
AXIOMS Luce.monotoneOn_profileF: [propext, Classical.choice, Quot.sound]
AXIOMS Luce.monotone_bracket_error: [propext, Classical.choice, Quot.sound]
AXIOMS Luce.monotone_grid_error: [propext, Classical.choice, Quot.sound]
AXIOMS Luce.monotone_uniform_convergence_in_probability: [propext, Classical.choice, Quot.sound]
AXIOMS Luce.natCountBox_compact: [propext, Classical.choice, Quot.sound]
AXIOMS Luce.natCountBox_eventually: [propext, Classical.choice, Quot.sound]
AXIOMS Luce.natCountBox_measurable: [propext, Classical.choice, Quot.sound]
AXIOMS Luce.natCountBox_tail_tendsto: [propext, Classical.choice, Quot.sound]
AXIOMS Luce.natCountLaplaceAlgebra_bounded: [propext, Classical.choice, Quot.sound]
AXIOMS Luce.natCountLaplaceAlgebra_eq_span: [propext, Classical.choice, Quot.sound]
AXIOMS Luce.natCountLaplaceAlgebra_separatesPoints: [propext, Classical.choice, Quot.sound]
AXIOMS Luce.natCountLaplace_add: [propext, Classical.choice, Quot.sound]
AXIOMS Luce.natCountLaplace_zero: [propext, Classical.choice, Quot.sound]
AXIOMS Luce.natCountLaw_eq_of_laplace: [propext, Classical.choice, Quot.sound]
AXIOMS Luce.nonneg_laplace_tendsto_zero: [propext, Classical.choice, Quot.sound]
AXIOMS Luce.nonneg_laplace_tightness: [propext, Classical.choice, Quot.sound]
AXIOMS Luce.nonnegativeTail_antitone: [propext, Classical.choice, Quot.sound]
AXIOMS Luce.nonnegativeTail_limit_iff: [propext, Classical.choice, Quot.sound]
AXIOMS Luce.norm_momentLaplace_le_one: [propext, Classical.choice, Quot.sound]
AXIOMS Luce.norm_natCountLaplace_le_one: [propext, Classical.choice, Quot.sound]
AXIOMS Luce.normalized_cyclicComparisonArray: [propext, Classical.choice, Quot.sound]
AXIOMS Luce.normalized_sum_cutoff_error_le: [propext, Classical.choice, Quot.sound]
AXIOMS Luce.normalized_sum_sq_le: [propext, Classical.choice, Quot.sound]
AXIOMS Luce.normalized_surviving_mass_le: [propext, Classical.choice, Quot.sound]
AXIOMS Luce.normalized_tuple_high_rate_le: [propext, Classical.choice, Quot.sound]
AXIOMS Luce.not_mem_retainedCycleLabels: [propext, Classical.choice, Quot.sound]
AXIOMS Luce.observedPointMeasure_count: [propext, Classical.choice, Quot.sound]
AXIOMS Luce.observedPointMeasure_mass: [propext, Classical.choice, Quot.sound]
AXIOMS Luce.observedPointMeasure_toFiniteMeasure: [propext, Classical.choice, Quot.sound]
AXIOMS Luce.one_sub_exp_neg_disjointCountTest: [propext, Classical.choice, Quot.sound]
AXIOMS Luce.orderTime_eq_arrivalTime: [propext, Classical.choice, Quot.sound]
AXIOMS Luce.orderTime_nonneg: [propext, Classical.choice, Quot.sound]
AXIOMS Luce.orderedNormalizedGaps_compactDeleted: [propext, Classical.choice, Quot.sound]
AXIOMS Luce.orderedNormalizedGaps_eq_rate_mul_gap: [propext, Classical.choice, Quot.sound]
AXIOMS Luce.orderedRemainingRate_eq_surviving_sum: [propext, Classical.choice, Quot.sound]
AXIOMS Luce.orderedRemainingRate_identity_succ: [propext, Classical.choice, Quot.sound]
AXIOMS Luce.orderedRemainingRate_identity_zero: [propext, Classical.choice, Quot.sound]
AXIOMS Luce.orderedRemainingRate_pos: [propext, Classical.choice, Quot.sound]
AXIOMS Luce.ordered_gap_eq_normalized_div_rate: [propext, Classical.choice, Quot.sound]
AXIOMS Luce.otherSurvivorProbability_early: [propext, Classical.choice, Quot.sound]
AXIOMS Luce.otherSurvivorProbability_le_one: [propext, Classical.choice, Quot.sound]
AXIOMS Luce.otherSurvivorProbability_nonneg: [propext, Classical.choice, Quot.sound]
AXIOMS Luce.other_survivors_eq_sum: [propext, Classical.choice, Quot.sound]
AXIOMS Luce.pairedExponentialRace_background: [propext, Classical.choice, Quot.sound]
AXIOMS Luce.pairedExponentialRace_families: [propext, Classical.choice, Quot.sound]
AXIOMS Luce.pairedExponentialRace_isProbability: [propext, Classical.choice, Quot.sound]
AXIOMS Luce.pointLaplace_disjointCountTest: [propext, Classical.choice, Quot.sound]
AXIOMS Luce.pointLaplace_mem_Icc: [propext, Classical.choice, Quot.sound]
AXIOMS Luce.pointLaplace_observedPointMeasure: [propext, Classical.choice, Quot.sound]
AXIOMS Luce.pointLaplace_ofFin: [propext, Classical.choice, Quot.sound]
AXIOMS Luce.pointLaplace_zero: [propext, Classical.choice, Quot.sound]
AXIOMS Luce.pointMeasureOfFin_mass: [propext, Classical.choice, Quot.sound]
AXIOMS Luce.pointMeasure_count_singleton_tendsto: [propext, Classical.choice, Quot.sound]
AXIOMS Luce.pointMeasure_eventually_mass_le: [propext, Classical.choice, Quot.sound]
AXIOMS Luce.pointMeasure_laplace_of_integrals: [propext, Classical.choice, Quot.sound]
AXIOMS Luce.pointMeasure_laplace_tendsto: [propext, Classical.choice, Quot.sound]
AXIOMS Luce.pointMeasure_law_convergence_of_laplace: [propext, Classical.choice, Quot.sound]
AXIOMS Luce.pointMeasure_mass_tail_tendsto_zero: [propext, Classical.choice, Quot.sound]
AXIOMS Luce.pointMeasure_random_count_singleton_poisson_tendsto: [propext, Classical.choice, Quot.sound]
AXIOMS Luce.pointMeasure_tightness_of_laplace: [propext, Classical.choice, Quot.sound]
AXIOMS Luce.point_indicator_difference_le_count_difference: [propext, Classical.choice, Quot.sound]
AXIOMS Luce.poissonMixture_isProbabilityMeasure: [propext, Classical.choice, Quot.sound]
AXIOMS Luce.predecessor_shell_buffer_le: [propext, Classical.choice, Quot.sound]
AXIOMS Luce.predecessor_shell_index_le: [propext, Classical.choice, Quot.sound]
AXIOMS Luce.predictableChance_eq_of_prefix_agreement: [propext, Classical.choice, Quot.sound]
AXIOMS Luce.predictableChance_formula: [propext, Classical.choice, Quot.sound]
AXIOMS Luce.predictableChance_le_rate_div: [propext, Classical.choice, Quot.sound]
AXIOMS Luce.predictable_fixed_point_probability: [propext, Classical.choice, Quot.sound]
AXIOMS Luce.predictable_poisson: [propext, Classical.choice, Quot.sound]
AXIOMS Luce.predictable_poisson_of_integrals: [propext, Classical.choice, Quot.sound]
AXIOMS Luce.prefixAgrees_decomposeFin: [propext, Classical.choice, Quot.sound]
AXIOMS Luce.prefixAgrees_self: [Quot.sound]
AXIOMS Luce.prefixAgrees_succ_iff: [propext, Classical.choice, Quot.sound]
AXIOMS Luce.prefixAgrees_zero: [propext, Quot.sound]
AXIOMS Luce.prefixMass_decomposeFin: [propext, Classical.choice, Quot.sound]
AXIOMS Luce.prefixMass_eq_of_prefix_agreement: [propext, Classical.choice, Quot.sound]
AXIOMS Luce.prefixMass_full: [propext, Classical.choice, Quot.sound]
AXIOMS Luce.prefixMass_succ: [propext, Classical.choice, Quot.sound]
AXIOMS Luce.prefixMass_zero: [propext, Classical.choice, Quot.sound]
AXIOMS Luce.prefixVector_eq_iff: [Quot.sound]
AXIOMS Luce.probabilityTotalVariation_le_finite_sum: [propext, Classical.choice, Quot.sound]
AXIOMS Luce.probabilityTotalVariation_le_one: [propext, Classical.choice, Quot.sound]
AXIOMS Luce.probabilityTotalVariation_nonneg: [propext, Classical.choice, Quot.sound]
AXIOMS Luce.probability_error_le_bad_add_integral: [propext, Classical.choice, Quot.sound]
AXIOMS Luce.probability_event_difference_le_totalVariation: [propext, Classical.choice, Quot.sound]
AXIOMS Luce.probability_le_of_denominator_close: [propext, Classical.choice, Quot.sound]
AXIOMS Luce.probability_limit_of_integral_abs_tendsto: [propext, Classical.choice, Quot.sound]
AXIOMS Luce.probability_survival_replacement_le: [propext, Classical.choice, Quot.sound]
AXIOMS Luce.probability_weighted_density_bound: [propext, Classical.choice, Quot.sound]
AXIOMS Luce.probability_weighted_tail_bound: [propext, Classical.choice, Quot.sound]
AXIOMS Luce.prod_exponentialGapMass_taylor: [propext, Classical.choice, Quot.sound]
AXIOMS Luce.prod_one_exception: [propext, Classical.choice, Quot.sound]
AXIOMS Luce.product_error_modulus: [propext, Classical.choice, Quot.sound]
AXIOMS Luce.product_poisson_error: [propext, Classical.choice, Quot.sound]
AXIOMS Luce.product_poisson_error_of_atom_bound: [propext, Classical.choice, Quot.sound]
AXIOMS Luce.profileCell_subset: [propext, Classical.choice, Quot.sound]
AXIOMS Luce.profileD_pos: [propext, Classical.choice, Quot.sound]
AXIOMS Luce.profileDiagonal_nonneg: [propext, Classical.choice, Quot.sound]
AXIOMS Luce.profileF_lt_one: [propext, Classical.choice, Quot.sound]
AXIOMS Luce.profileF_nonneg: [propext, Classical.choice, Quot.sound]
AXIOMS Luce.profileF_profileQuantile: [propext, Classical.choice, Quot.sound]
AXIOMS Luce.profileF_zero: [propext, Classical.choice, Quot.sound]
AXIOMS Luce.profileGapCoefficient_uniform_rank_modulus: [propext, Classical.choice, Quot.sound]
AXIOMS Luce.profileGridEndpoint_ge: [propext, Classical.choice, Quot.sound]
AXIOMS Luce.profileGridEndpoint_of_mem_cell: [propext, Classical.choice, Quot.sound]
AXIOMS Luce.profileGridEndpoint_pos: [propext, Classical.choice, Quot.sound]
AXIOMS Luce.profileMeasure_cell: [propext, Classical.choice, Quot.sound]
AXIOMS Luce.profileQuantile_nonneg: [propext, Classical.choice, Quot.sound]
AXIOMS Luce.profileQuantile_pos_of_pos: [propext, Classical.choice, Quot.sound]
AXIOMS Luce.profileQuantile_profileF: [propext, Classical.choice, Quot.sound]
AXIOMS Luce.profileQuantile_zero: [propext, Classical.choice, Quot.sound]
AXIOMS Luce.raceCycleVectorLaw_real_singleton: [propext, Classical.choice, Quot.sound]
AXIOMS Luce.raceDraw_eq: [propext, Classical.choice, Quot.sound]
AXIOMS Luce.raceDraw_event_probability: [propext, Classical.choice, Quot.sound]
AXIOMS Luce.raceDraw_fixed_iff_rankOf: [propext, Classical.choice, Quot.sound]
AXIOMS Luce.raceDraw_mass: [propext, Classical.choice, Quot.sound]
AXIOMS Luce.raceGapDuration_eq_normalized_div_rate: [propext, Classical.choice, Quot.sound]
AXIOMS Luce.raceGapStart_eq_consecutiveGapLower: [propext, Classical.choice, Quot.sound]
AXIOMS Luce.raceInteriorBernoulli_integral: [propext, Classical.choice, Quot.sound]
AXIOMS Luce.raceInteriorBernoulli_observation: [propext, Classical.choice, Quot.sound]
AXIOMS Luce.raceInteriorBernoulli_pointMeasure: [propext, Classical.choice, Quot.sound]
AXIOMS Luce.raceInteriorBernoulli_probability: [propext, Classical.choice, Quot.sound]
AXIOMS Luce.raceNormalizedGaps_nonneg: [propext, Classical.choice, Quot.sound]
AXIOMS Luce.raceRankPermutation_apply_eq_iff: [propext, Classical.choice, Quot.sound]
AXIOMS Luce.raceRankPermutation_eq: [propext, Classical.choice, Quot.sound]
AXIOMS Luce.raceRank_add_survivors: [propext, Classical.choice, Quot.sound]
AXIOMS Luce.raceRank_eq_iff_raceDraw: [propext, Classical.choice, Quot.sound]
AXIOMS Luce.raceRank_eq_iff_survivors: [propext, Classical.choice, Quot.sound]
AXIOMS Luce.raceRank_injective: [propext, Classical.choice, Quot.sound]
AXIOMS Luce.raceRank_probability_integral: [propext, Classical.choice, Quot.sound]
AXIOMS Luce.raceRank_strict: [propext, Classical.choice, Quot.sound]
AXIOMS Luce.race_probability_formula: [propext, Classical.choice, Quot.sound]
AXIOMS Luce.race_probability_le_on_good_event: [propext, Classical.choice, Quot.sound]
AXIOMS Luce.random_time_substitution_bound: [propext, Classical.choice, Quot.sound]
AXIOMS Luce.rankOf_eq_raceRank_for_tail: [propext, Classical.choice, Quot.sound]
AXIOMS Luce.rankPermutation_dist_le_of_count_window: [propext, Classical.choice, Quot.sound]
AXIOMS Luce.rank_integral: [propext, Classical.choice, Quot.sound]
AXIOMS Luce.rank_integral_common: [propext, Classical.choice, Quot.sound]
AXIOMS Luce.rank_integral_real: [propext, Classical.choice, Quot.sound]
AXIOMS Luce.rank_integral_survivors: [propext, Classical.choice, Quot.sound]
AXIOMS Luce.rank_integrand_integrable: [propext, Classical.choice, Quot.sound]
AXIOMS Luce.rank_survives_iff: [propext, Classical.choice, Quot.sound]
AXIOMS Luce.rateKernel_antitone_time: [propext, Classical.choice, Quot.sound]
AXIOMS Luce.rateKernel_le: [propext, Classical.choice, Quot.sound]
AXIOMS Luce.rateKernel_nonneg: [propext, Classical.choice, Quot.sound]
AXIOMS Luce.rate_le_rowMaxRate: [propext, Classical.choice, Quot.sound]
AXIOMS Luce.rate_sq_survival_le: [propext, Classical.choice, Quot.sound]
AXIOMS Luce.real_coe_nat_dist: [propext, Classical.choice, Quot.sound]
AXIOMS Luce.remaining_eq_clock_survivors: [propext, Classical.choice, Quot.sound]
AXIOMS Luce.remaining_eq_of_prefix_agreement: [propext, Classical.choice, Quot.sound]
AXIOMS Luce.remaining_nonempty: [propext, Classical.choice, Quot.sound]
AXIOMS Luce.remaining_rate_lower_pointwise: [propext, Classical.choice, Quot.sound]
AXIOMS Luce.remaining_rate_of_reservoir: [propext, Classical.choice, Quot.sound]
AXIOMS Luce.remaining_total_eq_tail_sum: [propext, Classical.choice, Quot.sound]
AXIOMS Luce.remaining_weight_eq_empirical: [propext, Classical.choice, Quot.sound]
AXIOMS Luce.removeFirst_zero_total: [propext, Classical.choice, Quot.sound]
AXIOMS Luce.removed_survivor_probability_le: [propext, Classical.choice, Quot.sound]
AXIOMS Luce.rescaled_gap_error_constant: [propext, Classical.choice, Quot.sound]
AXIOMS Luce.rescaled_prod_exponentialGapMass_taylor: [propext, Classical.choice, Quot.sound]
AXIOMS Luce.retainedDeepCycleCount_expectation: [propext, Classical.choice, Quot.sound]
AXIOMS Luce.retainedInteriorLabels_rate: [propext, Classical.choice, Quot.sound]
AXIOMS Luce.retainedMaximumCycleEvent_eq_actual_roots: [propext, Classical.choice, Quot.sound]
AXIOMS Luce.retained_deep_probability_bound: [propext, Classical.choice, Quot.sound]
AXIOMS Luce.retained_labels_complement: [propext, Classical.choice, Quot.sound]
AXIOMS Luce.retained_maximum_cycle_probability_le_ghost: [propext, Classical.choice, Quot.sound]
AXIOMS Luce.retained_maximum_cycle_probability_le_return: [propext, Classical.choice, Quot.sound]
AXIOMS Luce.retained_maximum_ghost_sum_le_return: [propext, Classical.choice, Quot.sound]
AXIOMS Luce.retained_maximum_probability_sum_le_time_split: [propext, Classical.choice, Quot.sound]
AXIOMS Luce.rootedGhostProduct_eq_forward: [propext, Classical.choice, Quot.sound]
AXIOMS Luce.section3UnitWeights_normalized: [propext, Classical.choice, Quot.sound]
AXIOMS Luce.section3UnitWeights_profileLimit: [propext, Classical.choice, Quot.sound]
AXIOMS Luce.section3_cell_real_measure: [propext, Classical.choice, Quot.sound]
AXIOMS Luce.section3_convergence_congr_ae: [propext, Classical.choice, Quot.sound]
AXIOMS Luce.section3_denominator_lower: [propext, Classical.choice, Quot.sound]
AXIOMS Luce.section3_interior_poisson: [propext, Classical.choice, Quot.sound]
AXIOMS Luce.section3_interior_poisson_general: [propext, Classical.choice, Quot.sound]
AXIOMS Luce.section3_max_probability: [propext, Classical.choice, Quot.sound]
AXIOMS Luce.section3_max_probability_general: [propext, Classical.choice, Quot.sound]
AXIOMS Luce.section3_max_probability_luce: [propext, Classical.choice, Quot.sound]
AXIOMS Luce.section3_order_statistics_general: [propext, Classical.choice, Quot.sound]
AXIOMS Luce.section3_predictable_maximum: [propext, Classical.choice, Quot.sound]
AXIOMS Luce.section3_predictable_tests: [propext, Classical.choice, Quot.sound]
AXIOMS Luce.section3_rowMaximum_lt: [propext, Classical.choice, Quot.sound]
AXIOMS Luce.section3_survival_fluctuation: [propext, Classical.choice, Quot.sound]
AXIOMS Luce.section3_survival_replacement: [propext, Classical.choice, Quot.sound]
AXIOMS Luce.section3_uniform_arrival: [propext, Classical.choice, Quot.sound]
AXIOMS Luce.section3_uniform_denominator: [propext, Classical.choice, Quot.sound]
AXIOMS Luce.section3_uniform_quantile: [propext, Classical.choice, Quot.sound]
AXIOMS Luce.section3_uniform_race: [propext, Classical.choice, Quot.sound]
AXIOMS Luce.section3_uniform_race_general: [propext, Classical.choice, Quot.sound]
AXIOMS Luce.section3_uniform_race_of_independent: [propext, Classical.choice, Quot.sound]
AXIOMS Luce.section3_uniform_remaining: [propext, Classical.choice, Quot.sound]
AXIOMS Luce.section3_uniform_remaining_weight_general: [propext, Classical.choice, Quot.sound]
AXIOMS Luce.section3_weighted_compensator: [propext, Classical.choice, Quot.sound]
AXIOMS Luce.section3_weighted_compensator_general: [propext, Classical.choice, Quot.sound]
AXIOMS Luce.section3_weighted_compensator_luce: [propext, Classical.choice, Quot.sound]
AXIOMS Luce.section3_weighted_compensator_on_interval: [propext, Classical.choice, Quot.sound]
AXIOMS Luce.section4_count_poisson: [propext, Classical.choice, Quot.sound]
AXIOMS Luce.section4_count_poisson_general: [propext, Classical.choice, Quot.sound]
AXIOMS Luce.section4_endpoint_bound: [propext, Classical.choice, Quot.sound]
AXIOMS Luce.section4_full_intensity_finite: [propext, Classical.choice, Quot.sound]
AXIOMS Luce.section4_full_laplace: [propext, Classical.choice, Quot.sound]
AXIOMS Luce.section4_full_poisson: [propext, Classical.choice, Quot.sound]
AXIOMS Luce.section4_full_poisson_general: [propext, Classical.choice, Quot.sound]
AXIOMS Luce.section4_intensity_tail_tendsto: [propext, Classical.choice, Quot.sound]
AXIOMS Luce.section4_intensity_test_bound: [propext, Classical.choice, Quot.sound]
AXIOMS Luce.section4_interior_intensity_bounded: [propext, Classical.choice, Quot.sound]
AXIOMS Luce.section4_interior_test_expectation_lower: [propext, Classical.choice, Quot.sound]
AXIOMS Luce.section4_lambda_nonneg: [propext, Classical.choice, Quot.sound]
AXIOMS Luce.section4_laplace_cutoff_error: [propext, Classical.choice, Quot.sound]
AXIOMS Luce.section4_main_poisson: [propext, Classical.choice, Quot.sound]
AXIOMS Luce.section4_main_poisson_general: [propext, Classical.choice, Quot.sound]
AXIOMS Luce.section4_point_measure_tail_tightness: [propext, Classical.choice, Quot.sound]
AXIOMS Luce.section4_profileDiagonal_integrable: [propext, Classical.choice, Quot.sound]
AXIOMS Luce.section4_tail_expectation_bound: [propext, Classical.choice, Quot.sound]
AXIOMS Luce.section4_tail_expectation_bound_of_endpoint_witness: [propext, Classical.choice, Quot.sound]
AXIOMS Luce.section5UnitWeights_assumptions: [propext, Classical.choice, Quot.sound]
AXIOMS Luce.section5_bounded_marked_asymptotic: [propext, Classical.choice, Quot.sound]
AXIOMS Luce.section5_cyclic_local: [propext, Classical.choice, Quot.sound]
AXIOMS Luce.section5_deleted_gap_rate: [propext, Classical.choice, Quot.sound]
AXIOMS Luce.section5_deleted_order_statistics: [propext, Classical.choice, Quot.sound]
AXIOMS Luce.section5_lemma52: [propext, Classical.choice, Quot.sound]
AXIOMS Luce.section5_main_general: [propext, Classical.choice, Quot.sound]
AXIOMS Luce.section5_marked_coefficient_expectation: [propext, Classical.choice, Quot.sound]
AXIOMS Luce.section5_measurableSet_injective_clocks: [propext, Classical.choice, Quot.sound]
AXIOMS Luce.section5_proposition54: [propext, Classical.choice, Quot.sound]
AXIOMS Luce.section5_sorted_marked_asymptotic: [propext, Classical.choice, Quot.sound]
AXIOMS Luce.section5_uniform_deleted_arrival: [propext, Classical.choice, Quot.sound]
AXIOMS Luce.section5_uniform_deleted_denominator: [propext, Classical.choice, Quot.sound]
AXIOMS Luce.section5_uniform_deleted_gap_coefficient: [propext, Classical.choice, Quot.sound]
AXIOMS Luce.section5_uniform_deleted_quantile: [propext, Classical.choice, Quot.sound]
AXIOMS Luce.section5_uniform_deleted_remaining: [propext, Classical.choice, Quot.sound]
AXIOMS Luce.section5_uniform_marked_gap_coefficient: [propext, Classical.choice, Quot.sound]
AXIOMS Luce.section5_uniform_shifted_gap_coefficient: [propext, Classical.choice, Quot.sound]
AXIOMS Luce.shellCost_eq_zero_of_row_lt: [propext, Classical.choice, Quot.sound]
AXIOMS Luce.shellCost_le_one: [propext, Classical.choice, Quot.sound]
AXIOMS Luce.shellExpectationCost_le: [propext, Classical.choice, Quot.sound]
AXIOMS Luce.shellExpectationTail_bound: [propext, Classical.choice, Quot.sound]
AXIOMS Luce.shellFloor_attained: [propext, Classical.choice, Quot.sound]
AXIOMS Luce.shellFloor_le_rate: [propext, Classical.choice, Quot.sound]
AXIOMS Luce.shellFloor_pos: [propext, Classical.choice, Quot.sound]
AXIOMS Luce.shellInteriorCutoff_lt_one: [propext, Classical.choice, Quot.sound]
AXIOMS Luce.shellMax_attained: [propext, Classical.choice, Quot.sound]
AXIOMS Luce.shellMax_exp_le: [propext, Classical.choice, Quot.sound]
AXIOMS Luce.shellMax_log: [propext, Classical.choice, Quot.sound]
AXIOMS Luce.shellMax_pos: [propext, Classical.choice, Quot.sound]
AXIOMS Luce.shellTailCost_antitone: [propext, Classical.choice, Quot.sound]
AXIOMS Luce.shellTailCost_eq_sum: [propext, Classical.choice, Quot.sound]
AXIOMS Luce.shellTailCost_ne_top: [propext, Classical.choice, Quot.sound]
AXIOMS Luce.shell_block_expectation_le: [propext, Classical.choice, Quot.sound]
AXIOMS Luce.shell_buffer_time_mono: [propext, Classical.choice, Quot.sound]
AXIOMS Luce.shell_card_le_max: [propext, Classical.choice, Quot.sound]
AXIOMS Luce.shell_early_envelope: [propext, Classical.choice, Quot.sound]
AXIOMS Luce.shell_early_envelope_offset: [propext, Classical.choice, Quot.sound]
AXIOMS Luce.shell_index_le_row: [propext, Classical.choice, Quot.sound]
AXIOMS Luce.shell_label_terminal: [propext, Classical.choice, Quot.sound]
AXIOMS Luce.shell_survivor_buffer: [propext, Classical.choice, Quot.sound]
AXIOMS Luce.shortCycleTailExpectation_antitone: [propext, Classical.choice, Quot.sound]
AXIOMS Luce.shortCycleTailExpectation_eq_integral: [propext, Classical.choice, Quot.sound]
AXIOMS Luce.shortCycleTailExpectation_nonneg: [propext, Classical.choice, Quot.sound]
AXIOMS Luce.shortCycleVertexCountAvoiding_expectation_le: [propext, Classical.choice, Quot.sound]
AXIOMS Luce.shortCycleVertexCountAvoiding_integrable: [propext, Classical.choice, Quot.sound]
AXIOMS Luce.shortCycleVertexCount_empty: [propext, Classical.choice, Quot.sound]
AXIOMS Luce.shortCycleVertexCount_eq_filter_period_le: [propext, Classical.choice, Quot.sound]
AXIOMS Luce.shortCycleVertexCount_expectation_eq: [propext, Classical.choice, Quot.sound]
AXIOMS Luce.shortCycleVertexCount_expectation_le: [propext, Classical.choice, Quot.sound]
AXIOMS Luce.shortCycleVertexCount_expectation_le_ghost: [propext, Classical.choice, Quot.sound]
AXIOMS Luce.shortCycleVertexCount_expectation_le_high_add_avoiding: [propext, Classical.choice, Quot.sound]
AXIOMS Luce.shortCycleVertexCount_integrable: [propext, Classical.choice, Quot.sound]
AXIOMS Luce.shortCycleVertexCount_inverse: [propext, Classical.choice, Quot.sound]
AXIOMS Luce.shortCycleVertexCount_le_card: [propext, Classical.choice, Quot.sound]
AXIOMS Luce.shortCycleVertexCount_le_high_add_avoiding: [propext, Classical.choice, Quot.sound]
AXIOMS Luce.shortCycleVertexCount_zero: [propext, Classical.choice, Quot.sound]
AXIOMS Luce.singleton_cycle_tail_le_fixed: [propext, Classical.choice, Quot.sound]
AXIOMS Luce.sortedMarkedGapIndex_add: [propext, Classical.choice, Quot.sound]
AXIOMS Luce.sortedMarkedGapIndex_lt_complement: [propext, Classical.choice, Quot.sound]
AXIOMS Luce.sortedMarkedGapIndex_strictMono: [propext, Classical.choice, Quot.sound]
AXIOMS Luce.source_shell_time_le_target: [propext, Classical.choice, Quot.sound]
AXIOMS Luce.spatial_tail_expectation_le_shells: [propext, Classical.choice, Quot.sound]
AXIOMS Luce.spatial_tail_iff_terminal_index: [propext, Classical.choice, Quot.sound]
AXIOMS Luce.spatial_tail_log_lower: [propext, Classical.choice, Quot.sound]
AXIOMS Luce.standardGapLaw_cons_integral: [propext, Classical.choice, Quot.sound]
AXIOMS Luce.standardGapLaw_isProbability: [propext, Classical.choice, Quot.sound]
AXIOMS Luce.standardGapLaw_select: [propext, Classical.choice, Quot.sound]
AXIOMS Luce.stepProfile_eq_of_mem_Ioc: [propext, Classical.choice, Quot.sound]
AXIOMS Luce.stepProfile_eq_on_cell: [propext, Classical.choice, Quot.sound]
AXIOMS Luce.stepProfile_nonneg: [propext, Classical.choice, Quot.sound]
AXIOMS Luce.stepProfile_superlevel_measure_le: [propext, Classical.choice, Quot.sound]
AXIOMS Luce.stoppedMass_le_cap: [propext, Classical.choice, Quot.sound]
AXIOMS Luce.stoppedMass_le_sum: [propext, Classical.choice, Quot.sound]
AXIOMS Luce.stoppedMass_nonneg: [propext, Classical.choice, Quot.sound]
AXIOMS Luce.stoppedMass_succ: [propext, Classical.choice, Quot.sound]
AXIOMS Luce.stoppedProbability_eq_of_total_le: [propext, Classical.choice, Quot.sound]
AXIOMS Luce.stoppedProbability_le: [propext, Classical.choice, Quot.sound]
AXIOMS Luce.stoppedProbability_le_cap: [propext, Classical.choice, Quot.sound]
AXIOMS Luce.stoppedProbability_nonneg: [propext, Classical.choice, Quot.sound]
AXIOMS Luce.strictMonoOn_profileF: [propext, Classical.choice, Quot.sound]
AXIOMS Luce.strictMonoOn_profileQuantile: [propext, Classical.choice, Quot.sound]
AXIOMS Luce.strictMono_clocks_iff: [propext, Classical.choice, Quot.sound]
AXIOMS Luce.strictMono_draw_clocks: [propext, Classical.choice, Quot.sound]
AXIOMS Luce.strictMono_sorted_markedRanks: [propext, Classical.choice, Quot.sound]
AXIOMS Luce.strictMono_sub_const_iff: [propext, Classical.choice, Quot.sound]
AXIOMS Luce.sum_beforeRank_probability: [propext, Classical.choice, Quot.sound]
AXIOMS Luce.sum_deletedClockLabel: [propext, Classical.choice, Quot.sound]
AXIOMS Luce.sum_embedding_eq_sum_injective: [propext, Classical.choice, Quot.sound]
AXIOMS Luce.sum_fullSurvivorProbability_le_one: [propext, Classical.choice, Quot.sound]
AXIOMS Luce.sum_ghostCountSuccess_probability_le: [propext, Classical.choice, Quot.sound]
AXIOMS Luce.sum_mass_cylinder_le: [propext, Classical.choice, Quot.sound]
AXIOMS Luce.sum_mass_event_next_le: [propext, Classical.choice, Quot.sound]
AXIOMS Luce.sum_mass_marked_cylinder_le: [propext, Classical.choice, Quot.sound]
AXIOMS Luce.sum_mass_prefix: [propext, Classical.choice, Quot.sound]
AXIOMS Luce.sum_mass_prefix_next: [propext, Classical.choice, Quot.sound]
AXIOMS Luce.sum_measures_eq_lintegral_count: [propext, Classical.choice, Quot.sound]
AXIOMS Luce.sum_otherSurvivorProbability_le_two: [propext, Classical.choice, Quot.sound]
AXIOMS Luce.sum_spatial_tail_le_shells: [propext, Classical.choice, Quot.sound]
AXIOMS Luce.sum_sq_le_max_mul_sum: [propext, Classical.choice, Quot.sound]
AXIOMS Luce.sum_stoppedProbability: [propext, Classical.choice, Quot.sound]
AXIOMS Luce.sum_tuple_high_rate_le: [propext, Classical.choice, Quot.sound]
AXIOMS Luce.summable_buffer_error: [propext, Classical.choice, Quot.sound]
AXIOMS Luce.survivalGe_abs_sub_le_one: [propext, Classical.choice, Quot.sound]
AXIOMS Luce.survivalGe_mem_Icc: [propext, Classical.choice, Quot.sound]
AXIOMS Luce.survivalGe_sub_le_band: [propext, Classical.choice, Quot.sound]
AXIOMS Luce.survivalKernel_antitone_time: [propext, Classical.choice, Quot.sound]
AXIOMS Luce.survivalKernel_le_one: [propext, Classical.choice, Quot.sound]
AXIOMS Luce.survivalKernel_pos: [propext, Classical.choice, Quot.sound]
AXIOMS Luce.survival_replacement_bound: [propext, Classical.choice, Quot.sound]
AXIOMS Luce.survival_replacement_converges: [propext, Classical.choice, Quot.sound]
AXIOMS Luce.survival_sum_add_before_le: [propext, Classical.choice, Quot.sound]
AXIOMS Luce.survivingAtRankProbability_eq: [propext, Classical.choice, Quot.sound]
AXIOMS Luce.swapClockCopies_involutive: [propext, Classical.choice, Quot.sound]
AXIOMS Luce.swapClockCopies_measurePreserving: [propext, Classical.choice, Quot.sound]
AXIOMS Luce.swapped_background_injective_ae: [propext, Classical.choice, Quot.sound]
AXIOMS Luce.swapped_background_measurePreserving: [propext, Classical.choice, Quot.sound]
AXIOMS Luce.swapped_deleted_count: [propext, Classical.choice, Quot.sound]
AXIOMS Luce.swapped_markedRankCylinder_iff_deleted_success: [propext, Classical.choice, Quot.sound]
AXIOMS Luce.swapped_rankCylinder_implies_ghost: [propext, Classical.choice, Quot.sound]
AXIOMS Luce.symmetricClip_eq_self: [propext, Classical.choice, Quot.sound]
AXIOMS Luce.tailExpectation_antitone: [propext, Classical.choice, Quot.sound]
AXIOMS Luce.tailFixedPointCount_antitone: [propext, Classical.choice, Quot.sound]
AXIOMS Luce.tailFixedPointCount_eq_terminalFixedPointCount: [propext, Classical.choice, Quot.sound]
AXIOMS Luce.tailFixedPointCount_expectation_eq: [propext, Classical.choice, Quot.sound]
AXIOMS Luce.tailFixedPointCount_le: [propext, Classical.choice, Quot.sound]
AXIOMS Luce.tailFixedPointCount_probability_eq: [propext, Classical.choice, Quot.sound]
AXIOMS Luce.tailFixedPointCount_probability_le_expectation: [propext, Classical.choice, Quot.sound]
AXIOMS Luce.tail_cycle_expectation_le_retained_and_truncations: [propext, Classical.choice, Quot.sound]
AXIOMS Luce.tail_cycles_le_retained_add_excluded: [propext, Classical.choice, Quot.sound]
AXIOMS Luce.tail_fixed_point_tightness: [propext, Classical.choice, Quot.sound]
AXIOMS Luce.tail_probability_le_epsilonTailExpectation: [propext, Classical.choice, Quot.sound]
AXIOMS Luce.tendstoUniformlyOn_profileD: [propext, Classical.choice, Quot.sound]
AXIOMS Luce.tendstoUniformlyOn_profileF: [propext, Classical.choice, Quot.sound]
AXIOMS Luce.tendsto_cyclicGridKernel: [propext, Classical.choice, Quot.sound]
AXIOMS Luce.tendsto_cyclic_array_sum_of_separated: [propext, Classical.choice, Quot.sound]
AXIOMS Luce.tendsto_endpoint_early_envelope: [propext, Classical.choice, Quot.sound]
AXIOMS Luce.tendsto_integral_abs_of_bounded_inMeasure: [propext, Classical.choice, Quot.sound]
AXIOMS Luce.tendsto_integral_abs_of_bounded_probability: [propext, Classical.choice, Quot.sound]
AXIOMS Luce.tendsto_integral_boundedContinuousFunction_of_tight_algebra: [propext, Classical.choice, Quot.sound]
AXIOMS Luce.tendsto_integral_continuous_comp_of_subalgebra: [propext, Classical.choice, Quot.sound]
AXIOMS Luce.tendsto_integral_cyclicGridKernel: [propext, Classical.choice, Quot.sound]
AXIOMS Luce.tendsto_integral_interiorIntensity_full: [propext, Classical.choice, Quot.sound]
AXIOMS Luce.tendsto_integral_interiorIntensity_full_of_tendsto: [propext, Classical.choice, Quot.sound]
AXIOMS Luce.tendsto_integral_momentLaplaceAlgebra: [propext, Classical.choice, Quot.sound]
AXIOMS Luce.tendsto_integral_of_uniform_approximation: [propext, Classical.choice, Quot.sound]
AXIOMS Luce.tendsto_integral_profileGridKernel: [propext, Classical.choice, Quot.sound]
AXIOMS Luce.tendsto_interior_late_error: [propext, Classical.choice, Quot.sound]
AXIOMS Luce.tendsto_laplace_finitePoissonLaw_interior_full: [propext, Classical.choice, Quot.sound]
AXIOMS Luce.tendsto_likelihood_integral: [propext, Classical.choice, Quot.sound]
AXIOMS Luce.tendsto_log_one_sub_exp: [propext, Classical.choice, Quot.sound]
AXIOMS Luce.tendsto_meanSurvivors_atTop: [propext, Classical.choice, Quot.sound]
AXIOMS Luce.tendsto_nat_add_one: [propext, Classical.choice, Quot.sound]
AXIOMS Luce.tendsto_normalized_weight_of_cells: [propext, Classical.choice, Quot.sound]
AXIOMS Luce.tendsto_of_finite_approximation: [propext, Classical.choice, Quot.sound]
AXIOMS Luce.tendsto_of_terminal_approximation: [propext, Classical.choice, Quot.sound]
AXIOMS Luce.tendsto_probabilityTotalVariation_of_integrals: [propext, Classical.choice, Quot.sound]
AXIOMS Luce.tendsto_probabilityTotalVariation_of_singletons: [propext, Classical.choice, Quot.sound]
AXIOMS Luce.tendsto_probabilityTotalVariation_of_weak: [propext, Classical.choice, Quot.sound]
AXIOMS Luce.tendsto_probability_singletons_of_weak: [propext, Classical.choice, Quot.sound]
AXIOMS Luce.tendsto_profileF_atTop: [propext, Classical.choice, Quot.sound]
AXIOMS Luce.tendsto_profileGridEndpoint: [propext, Classical.choice, Quot.sound]
AXIOMS Luce.tendsto_profileGridKernel: [propext, Classical.choice, Quot.sound]
AXIOMS Luce.tendsto_setIntegral_of_L1_of_measure_tendsto_zero: [propext, Classical.choice, Quot.sound]
AXIOMS Luce.tendsto_shellBufferTime_atTop: [propext, Classical.choice, Quot.sound]
AXIOMS Luce.tendsto_zero_of_endpoint_power_bound: [propext, Classical.choice, Quot.sound]
AXIOMS Luce.terminalCandidate_val_add: [propext, Quot.sound]
AXIOMS Luce.terminalDepth_add_label: [propext, Quot.sound]
AXIOMS Luce.terminalDepth_injective: [propext, Quot.sound]
AXIOMS Luce.terminalDepth_labelOfDepth: [propext, Quot.sound]
AXIOMS Luce.terminalDepth_le: []
AXIOMS Luce.terminalDepth_pos: [propext, Quot.sound]
AXIOMS Luce.terminalIntensityTest_bounds: [propext, Classical.choice, Quot.sound]
AXIOMS Luce.terminalIntensityTest_one: [propext, Classical.choice, Quot.sound]
AXIOMS Luce.terminalIntensityTest_zero: [propext, Classical.choice, Quot.sound]
AXIOMS Luce.terminalShellNumber_eq_of_mem: [propext, Classical.choice, Quot.sound]
AXIOMS Luce.terminalShell_cover: [propext, Classical.choice, Quot.sound]
AXIOMS Luce.totalPredictable_of_integrals: [propext, Classical.choice, Quot.sound]
AXIOMS Luce.totalPredictable_tendsto: [propext, Classical.choice, Quot.sound]
AXIOMS Luce.total_compl_deletedPrefixLabels: [propext, Classical.choice, Quot.sound]
AXIOMS Luce.two_candidate_bound: [propext, Classical.choice, Quot.sound]
AXIOMS Luce.two_candidate_bound_Icc: [propext, Classical.choice, Quot.sound]
AXIOMS Luce.two_candidate_bound_finset: [propext, Classical.choice, Quot.sound]
AXIOMS Luce.two_candidate_density_bound: [propext, Classical.choice, Quot.sound]
AXIOMS Luce.two_candidate_probability_bound: [propext, Classical.choice, Quot.sound]
AXIOMS Luce.two_candidate_sum_bound: [propext, Classical.choice, Quot.sound]
AXIOMS Luce.uniform_empiricalArrival: [propext, Classical.choice, Quot.sound]
AXIOMS Luce.uniform_empiricalRemaining: [propext, Classical.choice, Quot.sound]
AXIOMS Luce.uniform_empiricalRemainingGe: [propext, Classical.choice, Quot.sound]
AXIOMS Luce.uniform_integral_error_mul_small: [propext, Classical.choice, Quot.sound]
AXIOMS Luce.uniform_product_error_probability: [propext, Classical.choice, Quot.sound]
AXIOMS Luce.uniform_profile_inverse_modulus: [propext, Classical.choice, Quot.sound]
AXIOMS Luce.validMarkedGap_coordinates: [propext, Classical.choice, Quot.sound]
AXIOMS Luce.variance_empiricalArrival_le: [propext, Classical.choice, Quot.sound]
AXIOMS Luce.variance_empiricalRemaining_le: [propext, Classical.choice, Quot.sound]
AXIOMS Luce.variance_normalized_sum_le: [propext, Classical.choice, Quot.sound]
AXIOMS Luce.variance_normalized_survivalGe_le: [propext, Classical.choice, Quot.sound]
AXIOMS Luce.variance_weighted_survivalGe_le: [propext, Classical.choice, Quot.sound]
AXIOMS Luce.weightedPointMeasure_mass: [propext, Classical.choice, Quot.sound]
AXIOMS Luce.weighted_denominator_error_le: [propext, Classical.choice, Quot.sound]
AXIOMS Luce.weighted_exponential_band_eq: [propext, Classical.choice, Quot.sound]
AXIOMS Luce.weighted_exponential_band_le: [propext, Classical.choice, Quot.sound]
AXIOMS Luce.zeroCountSieve_error: [propext, Classical.choice, Quot.sound]
AXIOMS Luce.zeroCountSieve_succ: [propext, Classical.choice, Quot.sound]
AXIOMS Luce.zeroCountSieve_zero: [propext, Classical.choice, Quot.sound]
AXIOMS _private.Luce.ApprovedRankIntegral.0.Luce.measurable_otherSurvivors_at: [propext, Classical.choice, Quot.sound]
AXIOMS _private.Luce.ApprovedRankIntegral.0.Luce.measurable_survivorProbability_product: [propext,
 Classical.choice,
 Quot.sound]
AXIOMS _private.Luce.ApprovedRankIntegral.0.Luce.otherSurvivors_eq: [propext, Classical.choice, Quot.sound]
AXIOMS _private.Luce.ApprovedRankIntegral.0.Luce.rankOf_eq_raceRank: [propext, Classical.choice, Quot.sound]
AXIOMS _private.Luce.BernoulliPointMeasure.0.Luce.mass_sum_for_bernoulli: [propext, Classical.choice, Quot.sound]
AXIOMS _private.Luce.BernoulliPointMeasure.0.Luce.sum_selected_enumeration: [propext, Classical.choice, Quot.sound]
AXIOMS _private.Luce.DiscreteTotalVariation.0.Luce.probability_event_difference_le_one: [propext,
 Classical.choice,
 Quot.sound]
AXIOMS _private.Luce.DiscreteTotalVariation.0.Luce.probability_event_le_finite_part_add_tail: [propext,
 Classical.choice,
 Quot.sound]
AXIOMS _private.Luce.DiscreteTotalVariation.0.Luce.probability_finite_event_difference_le: [propext,
 Classical.choice,
 Quot.sound]
AXIOMS _private.Luce.DiscreteTotalVariation.0.Luce.probability_nat_tail_tendsto: [propext, Classical.choice, Quot.sound]
AXIOMS _private.Luce.FinitePointMeasure.0.Luce.finiteMeasure_mass_add: [propext, Classical.choice, Quot.sound]
AXIOMS _private.Luce.FinitePointMeasure.0.Luce.finiteMeasure_mass_sum: [propext, Classical.choice, Quot.sound]
AXIOMS _private.Luce.FinitePoissonLaw.0.Luce.nonempty_of_finiteMeasure_ne_zero: [propext, Classical.choice, Quot.sound]
AXIOMS _private.Luce.PoissonMixture.0.Luce.integrable_of_zero_le_le_one: [propext, Classical.choice, Quot.sound]
AXIOMS _private.Luce.Section3Expectation.0.Luce.profileGridKernel_step_eq_sum: [propext, Classical.choice, Quot.sound]
AXIOMS _private.Luce.Section3Mean.0.Luce.section3_cell_unique: [propext, Classical.choice, Quot.sound]
AXIOMS _private.Luce.Section3Quantile.0.Luce.integral_pos_of_ae_pos: [propext, Classical.choice, Quot.sound]
AXIOMS _private.Luce.Section3Race.0.Luce.section3_sum_rates: [propext, Classical.choice, Quot.sound]
AXIOMS _private.Luce.Section5GapMoments.0.Luce.coordinate_mul_prod_eq_mixed: [propext, Classical.choice, Quot.sound]
AXIOMS _private.Luce.Section5GapMoments.0.Luce.exponential_one_density_pow: [propext, Classical.choice, Quot.sound]
AXIOMS _private.Luce.UncappedPoisson.0.Luce.integral_difference_le_bad_probability: [propext,
 Classical.choice,
 Quot.sound]
AXIOMS Luce.ApproximateClockPath.eq_1: [propext, Classical.choice, Quot.sound]
AXIOMS Luce.ApproximatePermutationEdge.eq_1: [Quot.sound]
AXIOMS Luce.BernoulliCLT.boundedContinuous_tendsto: [propext, Classical.choice, Quot.sound]
AXIOMS Luce.BernoulliCLT.boundedContinuous_tendsto_of_eventual_reference: [propext, Classical.choice, Quot.sound]
AXIOMS Luce.BernoulliCLT.boundedContinuous_tendsto_of_reference: [propext, Classical.choice, Quot.sound]
AXIOMS Luce.BernoulliCLT.capped_characteristic_tendsto: [propext, Classical.choice, Quot.sound]
AXIOMS Luce.BernoulliCLT.capped_compensation_tendsto: [propext, Classical.choice, Quot.sound]
AXIOMS Luce.BernoulliCLT.characteristic_tendsto: [propext, Classical.choice, Quot.sound]
AXIOMS Luce.BernoulliCLT.characteristic_tendsto_of_one_le: [propext, Classical.choice, Quot.sound]
AXIOMS Luce.BernoulliCLT.coefficient_neg_re_le: [propext, Classical.choice, Quot.sound]
AXIOMS Luce.BernoulliCLT.coefficient_neg_re_le_all: [propext, Classical.choice, Quot.sound]
AXIOMS Luce.BernoulliCLT.coefficient_norm_le: [propext, Classical.choice, Quot.sound]
AXIOMS Luce.BernoulliCLT.coefficient_norm_le_all: [propext, Classical.choice, Quot.sound]
AXIOMS Luce.BernoulliCLT.coefficient_norm_le_two: [propext, Classical.choice, Quot.sound]
AXIOMS Luce.BernoulliCLT.coefficient_re_nonpos: [propext, Classical.choice, Quot.sound]
AXIOMS Luce.BernoulliCLT.exp_compensation_error: [propext, Classical.choice, Quot.sound]
AXIOMS Luce.BernoulliCLT.exp_difference_le: [propext, Classical.choice, Quot.sound]
AXIOMS Luce.BernoulliCLT.gaussian_exponent_error: [propext, Classical.choice, Quot.sound]
AXIOMS Luce.BernoulliCLT.gaussian_exponent_tendsto: [propext, Classical.choice, Quot.sound]
AXIOMS Luce.BernoulliCLT.gaussian_factor_tendsto: [propext, Classical.choice, Quot.sound]
AXIOMS Luce.BernoulliCLT.integral_complex_difference_off: [propext, Classical.choice, Quot.sound]
AXIOMS Luce.BernoulliCLT.integral_complex_product_error: [propext, Classical.choice, Quot.sound]
AXIOMS Luce.BernoulliCLT.integral_exp_difference_tendsto: [propext, Classical.choice, Quot.sound]
AXIOMS Luce.BernoulliCLT.mass_cap_probability: [propext, Classical.choice, Quot.sound]
AXIOMS Luce.BernoulliCLT.mean_tendsto_of_reference: [propext, Classical.choice, Quot.sound]
AXIOMS Luce.BernoulliCLT.norm_exp_le_one: [propext, Classical.choice, Quot.sound]
AXIOMS Luce.BernoulliCLT.relative_mass_probability: [propext, Classical.choice, Quot.sound]
AXIOMS Luce.BernoulliCLT.scaled_coefficient_bounds: [propext, Classical.choice, Quot.sound]
AXIOMS Luce.BernoulliProcess.adapted: [propext, Classical.choice, Quot.sound]
AXIOMS Luce.BernoulliProcess.capped_laplace_tendsto: [propext, Classical.choice, Quot.sound]
AXIOMS Luce.BernoulliProcess.capped_laplace_tendsto_rows: [propext, Classical.choice, Quot.sound]
AXIOMS Luce.BernoulliProcess.characteristicCompensation_adapted: [propext, Classical.choice, Quot.sound]
AXIOMS Luce.BernoulliProcess.characteristicCompensation_bound: [propext, Classical.choice, Quot.sound]
AXIOMS Luce.BernoulliProcess.characteristicCompensation_error: [propext, Classical.choice, Quot.sound]
AXIOMS Luce.BernoulliProcess.characteristicCompensation_integrable: [propext, Classical.choice, Quot.sound]
AXIOMS Luce.BernoulliProcess.characteristicCompensation_norm: [propext, Classical.choice, Quot.sound]
AXIOMS Luce.BernoulliProcess.characteristicCompensation_step_error: [propext, Classical.choice, Quot.sound]
AXIOMS Luce.BernoulliProcess.characteristicCompensation_succ: [propext, Classical.choice, Quot.sound]
AXIOMS Luce.BernoulliProcess.cltCount_measurable: [propext, Classical.choice, Quot.sound]
AXIOMS Luce.BernoulliProcess.cltMass_measurable: [propext, Classical.choice, Quot.sound]
AXIOMS Luce.BernoulliProcess.cltMass_mono: [propext, Classical.choice, Quot.sound]
AXIOMS Luce.BernoulliProcess.cltMass_nonneg: [propext, Classical.choice, Quot.sound]
AXIOMS Luce.BernoulliProcess.cltSquares_integrable: [propext, Classical.choice, Quot.sound]
AXIOMS Luce.BernoulliProcess.cltSquares_le_mass: [propext, Classical.choice, Quot.sound]
AXIOMS Luce.BernoulliProcess.cltSquares_measurable: [propext, Classical.choice, Quot.sound]
AXIOMS Luce.BernoulliProcess.cltSquares_nonneg: [propext, Classical.choice, Quot.sound]
AXIOMS Luce.BernoulliProcess.compensation_drift_integrable: [propext, Classical.choice, Quot.sound]
AXIOMS Luce.BernoulliProcess.conditional_mean: [propext, Classical.choice, Quot.sound]
AXIOMS Luce.BernoulliProcess.count_tail_le_of_sum_probability_le: [propext, Classical.choice, Quot.sound]
AXIOMS Luce.BernoulliProcess.count_tightness_rows: [propext, Classical.choice, Quot.sound]
AXIOMS Luce.BernoulliProcess.integrable_compensation_prefactor: [propext, Classical.choice, Quot.sound]
AXIOMS Luce.BernoulliProcess.integrable_laplaceRow: [propext, Classical.choice, Quot.sound]
AXIOMS Luce.BernoulliProcess.integrable_likelihood_sq: [propext, Classical.choice, Quot.sound]
AXIOMS Luce.BernoulliProcess.integrable_observation: [propext, Classical.choice, Quot.sound]
AXIOMS Luce.BernoulliProcess.integrable_observation_smul: [propext, Classical.choice, Quot.sound]
AXIOMS Luce.BernoulliProcess.integrable_probability: [propext, Classical.choice, Quot.sound]
AXIOMS Luce.BernoulliProcess.integrable_probability_smul: [propext, Classical.choice, Quot.sound]
AXIOMS Luce.BernoulliProcess.integral_bernoulli_affine: [propext, Classical.choice, Quot.sound]
AXIOMS Luce.BernoulliProcess.integral_characteristicCompensation_succ: [propext, Classical.choice, Quot.sound]
AXIOMS Luce.BernoulliProcess.integral_compensation_drift: [propext, Classical.choice, Quot.sound]
AXIOMS Luce.BernoulliProcess.integral_laplace_error_of_atom_bound: [propext, Classical.choice, Quot.sound]
AXIOMS Luce.BernoulliProcess.integral_likelihood: [propext, Classical.choice, Quot.sound]
AXIOMS Luce.BernoulliProcess.integral_likelihood_sq_le: [propext, Classical.choice, Quot.sound]
AXIOMS Luce.BernoulliProcess.integral_predictable_observation_smul: [propext, Classical.choice, Quot.sound]
AXIOMS Luce.BernoulliProcess.integral_sum_observation: [propext, Classical.choice, Quot.sound]
AXIOMS Luce.BernoulliProcess.laplaceCompensator_bounds: [propext, Classical.choice, Quot.sound]
AXIOMS Luce.BernoulliProcess.laplaceCompensator_integrable: [propext, Classical.choice, Quot.sound]
AXIOMS Luce.BernoulliProcess.laplaceFactor_bounds: [propext, Classical.choice, Quot.sound]
AXIOMS Luce.BernoulliProcess.laplaceFactor_conditional_mean: [propext, Classical.choice, Quot.sound]
AXIOMS Luce.BernoulliProcess.laplaceFactor_integrable: [propext, Classical.choice, Quot.sound]
AXIOMS Luce.BernoulliProcess.laplaceFactor_stronglyMeasurable: [propext, Classical.choice, Quot.sound]
AXIOMS Luce.BernoulliProcess.laplaceProduct_bounds: [propext, Classical.choice, Quot.sound]
AXIOMS Luce.BernoulliProcess.laplaceProduct_integrable: [propext, Classical.choice, Quot.sound]
AXIOMS Luce.BernoulliProcess.laplaceRow_bounds: [propext, Classical.choice, Quot.sound]
AXIOMS Luce.BernoulliProcess.likelihood_bounds_of_sum_le: [propext, Classical.choice, Quot.sound]
AXIOMS Luce.BernoulliProcess.likelihood_eq_laplace_div: [propext, Classical.choice, Quot.sound]
AXIOMS Luce.BernoulliProcess.likelihood_integrable: [propext, Classical.choice, Quot.sound]
AXIOMS Luce.BernoulliProcess.likelihood_martingale: [propext, Classical.choice, Quot.sound]
AXIOMS Luce.BernoulliProcess.likelihood_mul_laplaceProduct: [propext, Classical.choice, Quot.sound]
AXIOMS Luce.BernoulliProcess.measurable_laplaceRow: [propext, Classical.choice, Quot.sound]
AXIOMS Luce.BernoulliProcess.measurable_rowMaximum: [propext, Classical.choice, Quot.sound]
AXIOMS Luce.BernoulliProcess.observation_le_one: [propext, Classical.choice, Quot.sound]
AXIOMS Luce.BernoulliProcess.observation_nonneg: [propext, Classical.choice, Quot.sound]
AXIOMS Luce.BernoulliProcess.predictable: [propext, Classical.choice, Quot.sound]
AXIOMS Luce.BernoulliProcess.probability_le_one: [propext, Classical.choice, Quot.sound]
AXIOMS Luce.BernoulliProcess.probability_le_rowMaximum: [propext, Classical.choice, Quot.sound]
AXIOMS Luce.BernoulliProcess.probability_nonneg: [propext, Classical.choice, Quot.sound]
AXIOMS Luce.BernoulliProcess.reference_mass_error: [propext, Classical.choice, Quot.sound]
AXIOMS Luce.BernoulliProcess.reference_square_bound: [propext, Classical.choice, Quot.sound]
AXIOMS Luce.BernoulliProcess.rowMaximum_nonneg: [propext, Classical.choice, Quot.sound]
AXIOMS Luce.BernoulliProcess.row_bad_event_tendsto_zero: [propext, Classical.choice, Quot.sound]
AXIOMS Luce.BernoulliProcess.stop_cltMass_le: [propext, Classical.choice, Quot.sound]
AXIOMS Luce.BernoulliProcess.stop_cltSquares_le: [propext, Classical.choice, Quot.sound]
AXIOMS Luce.BernoulliProcess.stop_clt_eq_of_mass_le: [propext, Classical.choice, Quot.sound]
AXIOMS Luce.BernoulliProcess.stop_probability_le_cap: [propext, Classical.choice, Quot.sound]
AXIOMS Luce.BernoulliProcess.stop_sum_probability_le_cap: [propext, Classical.choice, Quot.sound]
AXIOMS Luce.BernoulliProcess.stopped_integral_likelihood_sq_le: [propext, Classical.choice, Quot.sound]
AXIOMS Luce.BernoulliProcess.sum_truncateAt_probability: [propext, Classical.choice, Quot.sound]
AXIOMS Luce.BernoulliProcess.truncateAt_observation: [propext, Classical.choice, Quot.sound]
AXIOMS Luce.BernoulliProcess.truncateAt_probability: [propext, Classical.choice, Quot.sound]
AXIOMS Luce.BernoulliProcess.truncateAt_probability_le_rowMaximum: [propext, Classical.choice, Quot.sound]
AXIOMS Luce.BernoulliProcess.truncatedStop_eq_on_good: [propext, Classical.choice, Quot.sound]
AXIOMS Luce.BernoulliProcess.uncapped_laplace_tendsto_rows: [propext, Classical.choice, Quot.sound]
AXIOMS Luce.BernoulliProcess.zero_one: [propext, Classical.choice, Quot.sound]
AXIOMS Luce.ConvergesInProbability.add: [propext, Classical.choice, Quot.sound]
AXIOMS Luce.ConvergesInProbability.congr_off: [propext, Classical.choice, Quot.sound]
AXIOMS Luce.ConvergesInProbability.deterministic: [propext, Classical.choice, Quot.sound]
AXIOMS Luce.ConvergesInProbability.integral_abs_tendsto: [propext, Classical.choice, Quot.sound]
AXIOMS Luce.ConvergesInProbability.le_limsup_integral: [propext, Classical.choice, Quot.sound]
AXIOMS Luce.ConvergesInProbability.mono: [propext, Classical.choice, Quot.sound]
AXIOMS Luce.ConvergesInProbability.neg: [propext, Classical.choice, Quot.sound]
AXIOMS Luce.ConvergesInProbability.of_arbitrarily_close: [propext, Classical.choice, Quot.sound]
AXIOMS Luce.ConvergesInProbability.of_sub: [propext, Classical.choice, Quot.sound]
AXIOMS Luce.ConvergesInProbability.sub: [propext, Classical.choice, Quot.sound]
AXIOMS Luce.ConvergesInProbability.upper_tail: [propext, Classical.choice, Quot.sound]
AXIOMS Luce.CountableLaw.probabilityTotalVariation_le_finite_sum: [propext, Classical.choice, Quot.sound]
AXIOMS Luce.CountableLaw.probabilityTotalVariation_le_one: [propext, Classical.choice, Quot.sound]
AXIOMS Luce.CountableLaw.probabilityTotalVariation_nonneg: [propext, Classical.choice, Quot.sound]
AXIOMS Luce.CountableLaw.probability_event_difference_le_totalVariation: [propext, Classical.choice, Quot.sound]
AXIOMS Luce.CountableLaw.probability_finite_tail_tendsto: [propext, Classical.choice, Quot.sound]
AXIOMS Luce.CountableLaw.tendsto_bounded_integrals_of_totalVariation: [propext, Classical.choice, Quot.sound]
AXIOMS Luce.CountableLaw.tendsto_event_probability_of_totalVariation: [propext, Classical.choice, Quot.sound]
AXIOMS Luce.CountableLaw.tendsto_probabilityMeasure_of_totalVariation: [propext, Classical.choice, Quot.sound]
AXIOMS Luce.CountableLaw.tendsto_probabilityTotalVariation_of_singletons: [propext, Classical.choice, Quot.sound]
AXIOMS Luce.DeletedMarkedSuccess.eq_1: [propext, Classical.choice, Quot.sound]
AXIOMS Luce.EndpointAssumption.eventually_terminal_rates: [propext, Classical.choice, Quot.sound]
AXIOMS Luce.EndpointShellAssumption.buffered_Q: [propext, Classical.choice, Quot.sound]
AXIOMS Luce.EndpointShellAssumption.buffered_Q_raw: [propext, Classical.choice, Quot.sound]
AXIOMS Luce.EndpointShellAssumption.buffered_exp: [propext, Classical.choice, Quot.sound]
AXIOMS Luce.EndpointShellAssumption.bulk_intensity_bounded: [propext, Classical.choice, Quot.sound]
AXIOMS Luce.EndpointShellAssumption.bulk_intensity_tail_small: [propext, Classical.choice, Quot.sound]
AXIOMS Luce.EndpointShellAssumption.bulk_intensity_tendsto: [propext, Classical.choice, Quot.sound]
AXIOMS Luce.EndpointShellAssumption.cycle_point_formula_tendsto: [propext, Classical.choice, Quot.sound]
AXIOMS Luce.EndpointShellAssumption.cycle_point_indicator_limit: [propext, Classical.choice, Quot.sound]
AXIOMS Luce.EndpointShellAssumption.cycle_point_probability_limit: [propext, Classical.choice, Quot.sound]
AXIOMS Luce.EndpointShellAssumption.cycle_shell_tightness: [propext, Classical.choice, Quot.sound]
AXIOMS Luce.EndpointShellAssumption.cycle_tail_limit_succ: [propext, Classical.choice, Quot.sound]
AXIOMS Luce.EndpointShellAssumption.cycle_tail_small: [propext, Classical.choice, Quot.sound]
AXIOMS Luce.EndpointShellAssumption.cycle_tail_small_succ: [propext, Classical.choice, Quot.sound]
AXIOMS Luce.EndpointShellAssumption.cycle_trace_integrable: [propext, Classical.choice, Quot.sound]
AXIOMS Luce.EndpointShellAssumption.cycle_vector_totalVariation: [propext, Classical.choice, Quot.sound]
AXIOMS Luce.EndpointShellAssumption.cycle_vector_weak: [propext, Classical.choice, Quot.sound]
AXIOMS Luce.EndpointShellAssumption.eventually_buffered_floor_gt_one: [propext, Classical.choice, Quot.sound]
AXIOMS Luce.EndpointShellAssumption.expectation_shells: [propext, Classical.choice, Quot.sound]
AXIOMS Luce.EndpointShellAssumption.expectation_tightness: [propext, Classical.choice, Quot.sound]
AXIOMS Luce.EndpointShellAssumption.probability_tightness: [propext, Classical.choice, Quot.sound]
AXIOMS Luce.EndpointShellAssumption.retained_expectation_tightness: [propext, Classical.choice, Quot.sound]
AXIOMS Luce.EndpointShellAssumption.retained_maximum_tightness: [propext, Classical.choice, Quot.sound]
AXIOMS Luce.EndpointShellAssumption.short_cycle_tail_small: [propext, Classical.choice, Quot.sound]
AXIOMS Luce.FiniteAdaptedBernoulli.adapted: [propext, Classical.choice, Quot.sound]
AXIOMS Luce.FiniteAdaptedBernoulli.conditional_mean: [propext, Classical.choice, Quot.sound]
AXIOMS Luce.FiniteAdaptedBernoulli.integrable_observationReal: [propext, Classical.choice, Quot.sound]
AXIOMS Luce.FiniteAdaptedBernoulli.integrable_probability: [propext, Classical.choice, Quot.sound]
AXIOMS Luce.FiniteAdaptedBernoulli.integral_observation_sum_eq_probability_sum: [propext, Classical.choice, Quot.sound]
AXIOMS Luce.FiniteAdaptedBernoulli.integral_predictableMeasure: [propext, Classical.choice, Quot.sound]
AXIOMS Luce.FiniteAdaptedBernoulli.integral_predictable_eq_observed: [propext, Classical.choice, Quot.sound]
AXIOMS Luce.FiniteAdaptedBernoulli.integral_probability_eq: [propext, Classical.choice, Quot.sound]
AXIOMS Luce.FiniteAdaptedBernoulli.laplaceCompensator_eq_integral_predictableMeasure: [propext,
 Classical.choice,
 Quot.sound]
AXIOMS Luce.FiniteAdaptedBernoulli.measurableSet_predictableMeasure_preimage: [propext, Classical.choice, Quot.sound]
AXIOMS Luce.FiniteAdaptedBernoulli.measurable_pointMeasure: [propext, Classical.choice, Quot.sound]
AXIOMS Luce.FiniteAdaptedBernoulli.measurable_predictableMeasure: [propext, Classical.choice, Quot.sound]
AXIOMS Luce.FiniteAdaptedBernoulli.observationReal_adapted: [propext, Classical.choice, Quot.sound]
AXIOMS Luce.FiniteAdaptedBernoulli.observationReal_le_one: [propext, Classical.choice, Quot.sound]
AXIOMS Luce.FiniteAdaptedBernoulli.observationReal_nonneg: [propext, Classical.choice, Quot.sound]
AXIOMS Luce.FiniteAdaptedBernoulli.observationReal_zero_one: [propext, Classical.choice, Quot.sound]
AXIOMS Luce.FiniteAdaptedBernoulli.pointLaplace_pointMeasure: [propext, Classical.choice, Quot.sound]
AXIOMS Luce.FiniteAdaptedBernoulli.pointMeasure_mass: [propext, Classical.choice, Quot.sound]
AXIOMS Luce.FiniteAdaptedBernoulli.predictableMeasure_mass: [propext, Classical.choice, Quot.sound]
AXIOMS Luce.FiniteAdaptedBernoulli.probability_ae_eq_condExp: [propext, Classical.choice, Quot.sound]
AXIOMS Luce.FiniteAdaptedBernoulli.probability_le_one: [propext, Classical.choice, Quot.sound]
AXIOMS Luce.FiniteAdaptedBernoulli.probability_nonneg: [propext, Classical.choice, Quot.sound]
AXIOMS Luce.FiniteAdaptedBernoulli.probability_predictable: [propext, Classical.choice, Quot.sound]
AXIOMS Luce.FiniteAdaptedBernoulli.spatialTest_at_fin: [propext, Classical.choice, Quot.sound]
AXIOMS Luce.FiniteAdaptedBernoulli.spatialTest_nonneg: [propext, Classical.choice, Quot.sound]
AXIOMS Luce.FiniteAdaptedBernoulli.toProcess_cltCount: [propext, Classical.choice, Quot.sound]
AXIOMS Luce.FiniteAdaptedBernoulli.toProcess_cltMass: [propext, Classical.choice, Quot.sound]
AXIOMS Luce.FiniteAdaptedBernoulli.toProcess_cltSquares: [propext, Classical.choice, Quot.sound]
AXIOMS Luce.FiniteAdaptedBernoulli.toProcess_filtration: [propext, Classical.choice, Quot.sound]
AXIOMS Luce.FiniteAdaptedBernoulli.toProcess_observation: [propext, Classical.choice, Quot.sound]
AXIOMS Luce.FiniteAdaptedBernoulli.toProcess_observation_of_le: [propext, Classical.choice, Quot.sound]
AXIOMS Luce.FiniteAdaptedBernoulli.toProcess_probability: [propext, Classical.choice, Quot.sound]
AXIOMS Luce.FiniteAdaptedBernoulli.toProcess_probability_of_le: [propext, Classical.choice, Quot.sound]
AXIOMS Luce.FinitePointMeasure.continuous_count_univ: [propext, Classical.choice, Quot.sound]
AXIOMS Luce.FinitePointMeasure.continuous_ofFin: [propext, Classical.choice, Quot.sound]
AXIOMS Luce.FinitePointMeasure.continuous_toFiniteMeasure: [propext, Classical.choice, Quot.sound]
AXIOMS Luce.FinitePointMeasure.count_coe_eq: [propext, Classical.choice, Quot.sound]
AXIOMS Luce.FinitePointMeasure.isCompact_mass_le: [propext, Classical.choice, Quot.sound]
AXIOMS Luce.FinitePointMeasure.measurable_count: [propext, Classical.choice, Quot.sound]
AXIOMS Luce.FinitePointMeasure.measurable_ofFin: [propext, Classical.choice, Quot.sound]
AXIOMS Luce.FinitePointMeasure.measurable_toFiniteMeasure: [propext, Classical.choice, Quot.sound]
AXIOMS Luce.FinitePointMeasure.measurable_toMeasure: [propext, Classical.choice, Quot.sound]
AXIOMS Luce.FinitePointMeasure.ofFin_mass: [propext, Classical.choice, Quot.sound]
AXIOMS Luce.FinitePointMeasure.toFiniteMeasure_ofFin: [propext, Classical.choice, Quot.sound]
AXIOMS Luce.FinitePointMeasure.toFiniteMeasure_zero: [propext, Classical.choice, Quot.sound]
AXIOMS Luce.GhostCountSuccess.eq_1: [propext, Classical.choice, Quot.sound]
AXIOMS Luce.GhostMarkedSuccess.eq_1: [propext, Classical.choice, Quot.sound]
AXIOMS Luce.GhostWindowByOrder._proof_1: [propext, Quot.sound]
AXIOMS Luce.GhostWindowByOrder._proof_2: [propext, Quot.sound]
AXIOMS Luce.GhostWindowByOrder._proof_3: [propext, Quot.sound]
AXIOMS Luce.GhostWindowByOrder._proof_4: [propext, Quot.sound]
AXIOMS Luce.GhostWindowByOrder.congr_simp: [propext, Classical.choice, Quot.sound]
AXIOMS Luce.GhostWindowByOrder.eq_1: [propext, Classical.choice, Quot.sound]
AXIOMS Luce.MarkedRankCylinder.eq_1: [propext, Classical.choice, Quot.sound]
AXIOMS Luce.NormalizedWeights.meanSurvivors_jensen: [propext, Classical.choice, Quot.sound]
AXIOMS Luce.NormalizedWeights.sum_rates_succ: [propext, Classical.choice, Quot.sound]
AXIOMS Luce.OrbitAvoids.eq_1: [propext, Classical.choice, Quot.sound]
AXIOMS Luce.PointMomentSpace._proof_1: [propext, Classical.choice, Quot.sound]
AXIOMS Luce.PointMomentSpace._proof_2: [propext, Classical.choice, Quot.sound]
AXIOMS Luce.PointMomentSpace._proof_3: [propext, Classical.choice, Quot.sound]
AXIOMS Luce.PointMomentSpace._proof_4: [propext, Classical.choice, Quot.sound]
AXIOMS Luce.ProfileAssumption.max_weight_div_tendsto_zero: [propext, Classical.choice, Quot.sound]
AXIOMS Luce.ProfileLimit.ae_nonneg: [propext, Classical.choice, Quot.sound]
AXIOMS Luce.ProfileLimit.ae_pos: [propext, Classical.choice, Quot.sound]
AXIOMS Luce.ProfileLimit.aestronglyMeasurable: [propext, Classical.choice, Quot.sound]
AXIOMS Luce.ProfileLimit.bounded_cycle_probability_uniform: [propext, Classical.choice, Quot.sound]
AXIOMS Luce.ProfileLimit.cyclicComparisonArray_weighted_bound: [propext, Classical.choice, Quot.sound]
AXIOMS Luce.ProfileLimit.cyclic_deterministic_limit: [propext, Classical.choice, Quot.sound]
AXIOMS Luce.ProfileLimit.cyclic_local_of_bounded_marked_asymptotic: [propext, Classical.choice, Quot.sound]
AXIOMS Luce.ProfileLimit.deleted_remaining_uniform_lower: [propext, Classical.choice, Quot.sound]
AXIOMS Luce.ProfileLimit.deleted_suffix_rate_uniform_lower: [propext, Classical.choice, Quot.sound]
AXIOMS Luce.ProfileLimit.deterministic_expectation_limit: [propext, Classical.choice, Quot.sound]
AXIOMS Luce.ProfileLimit.eventually_bulk_remaining_rate: [propext, Classical.choice, Quot.sound]
AXIOMS Luce.ProfileLimit.eventually_moderate_half_mass: [propext, Classical.choice, Quot.sound]
AXIOMS Luce.ProfileLimit.eventually_rowMean_le: [propext, Classical.choice, Quot.sound]
AXIOMS Luce.ProfileLimit.exists_large_superlevel: [propext, Classical.choice, Quot.sound]
AXIOMS Luce.ProfileLimit.highCycleExpectation_small: [propext, Classical.choice, Quot.sound]
AXIOMS Luce.ProfileLimit.highRateMass_small: [propext, Classical.choice, Quot.sound]
AXIOMS Luce.ProfileLimit.high_rate_cycles_vanish: [propext, Classical.choice, Quot.sound]
AXIOMS Luce.ProfileLimit.initial_mass_small: [propext, Classical.choice, Quot.sound]
AXIOMS Luce.ProfileLimit.integrable: [propext, Classical.choice, Quot.sound]
AXIOMS Luce.ProfileLimit.integrable_cyclic_density: [propext, Classical.choice, Quot.sound]
AXIOMS Luce.ProfileLimit.integrable_expectation_limit: [propext, Classical.choice, Quot.sound]
AXIOMS Luce.ProfileLimit.integral_eq_one: [propext, Classical.choice, Quot.sound]
AXIOMS Luce.ProfileLimit.interiorLowCycleExpectation_bound: [propext, Classical.choice, Quot.sound]
AXIOMS Luce.ProfileLimit.interiorLowCycleExpectation_small: [propext, Classical.choice, Quot.sound]
AXIOMS Luce.ProfileLimit.interior_ghostWindowLength: [propext, Classical.choice, Quot.sound]
AXIOMS Luce.ProfileLimit.interior_ghostWindowLength_uniform: [propext, Classical.choice, Quot.sound]
AXIOMS Luce.ProfileLimit.interior_low_rate_cycles_vanish: [propext, Classical.choice, Quot.sound]
AXIOMS Luce.ProfileLimit.lowCycleExpectation_bound: [propext, Classical.choice, Quot.sound]
AXIOMS Luce.ProfileLimit.lowCycleExpectation_small: [propext, Classical.choice, Quot.sound]
AXIOMS Luce.ProfileLimit.lowRateDensity_small: [propext, Classical.choice, Quot.sound]
AXIOMS Luce.ProfileLimit.lowTriangle_tail: [propext, Classical.choice, Quot.sound]
AXIOMS Luce.ProfileLimit.low_rate_cycles_vanish: [propext, Classical.choice, Quot.sound]
AXIOMS Luce.ProfileLimit.marked_gap_scalar_uniform_bound: [propext, Classical.choice, Quot.sound]
AXIOMS Luce.ProfileLimit.max_weight_div_tendsto_zero: [propext, Classical.choice, Quot.sound]
AXIOMS Luce.ProfileLimit.moderate_reservoir: [propext, Classical.choice, Quot.sound]
AXIOMS Luce.ProfileLimit.moderate_reservoir_with_remaining_rate: [propext, Classical.choice, Quot.sound]
AXIOMS Luce.ProfileLimit.positivePart_tail: [propext, Classical.choice, Quot.sound]
AXIOMS Luce.ProfileLimit.rate_div_tendsto_zero: [propext, Classical.choice, Quot.sound]
AXIOMS Luce.ProfileLimit.tendsto_cyclic_grid_profile_replacement: [propext, Classical.choice, Quot.sound]
AXIOMS Luce.ProfileLimit.tendsto_integral_abs_sub: [propext, Classical.choice, Quot.sound]
AXIOMS Luce.ProfileLimit.tendsto_integral_cyclic_stepKernel: [propext, Classical.choice, Quot.sound]
AXIOMS Luce.ProfileLimit.tendsto_integral_gridKernel: [propext, Classical.choice, Quot.sound]
AXIOMS Luce.ProfileLimit.tendsto_weighted_cyclic_array_sum: [propext, Classical.choice, Quot.sound]
AXIOMS Luce.ProfileLimit.uniform_profileD: [propext, Classical.choice, Quot.sound]
AXIOMS Luce.ProfileLimit.uniform_profileF: [propext, Classical.choice, Quot.sound]
AXIOMS Luce.ProfileLimit.weighted_bulk_cylinder: [propext, Classical.choice, Quot.sound]
AXIOMS Luce.ProfileLimit.weighted_bulk_cylinder_all: [propext, Classical.choice, Quot.sound]
AXIOMS Luce.ProfileLimit.weighted_bulk_draw_cylinder: [propext, Classical.choice, Quot.sound]
AXIOMS Luce.Section5.assignmentOfCollection_collectionOfAssignment: [propext, Classical.choice, Quot.sound]
AXIOMS Luce.Section5.bulkCycleCount_eq_maximum_roots: [propext, Classical.choice, Quot.sound]
AXIOMS Luce.Section5.bulk_cycle_factorial_eq_assignment_sum: [propext, Classical.choice, Quot.sound]
AXIOMS Luce.Section5.collectionBlock_mem: [propext, Classical.choice, Quot.sound]
AXIOMS Luce.Section5.collectionOfAssignment_assignmentOfCollection: [propext, Classical.choice, Quot.sound]
AXIOMS Luce.Section5.collectionWithin_card: [propext, Classical.choice, Quot.sound]
AXIOMS Luce.Section5.collectionWithin_iff_assignmentWithin: [propext, Classical.choice, Quot.sound]
AXIOMS Luce.Section5.cutoffCycleCollection_card: [propext, Classical.choice, Quot.sound]
AXIOMS Luce.Section5.cutoff_cycle_factorial_eq_assignment_card: [propext, Classical.choice, Quot.sound]
AXIOMS Luce.Section5.cutoff_cycle_factorial_eq_assignment_sum: [propext, Classical.choice, Quot.sound]
AXIOMS Luce.Section5.cycleAssignmentWeight_eq_indicator: [propext, Classical.choice, Quot.sound]
AXIOMS Luce.Section5.cycleAssignmentWithin_card: [propext, Classical.choice, Quot.sound]
AXIOMS Luce.Section5.cycleAssignment_card: [propext, Classical.choice, Quot.sound]
AXIOMS Luce.Section5.cycleAssignment_rootFactor_pos: [propext, Classical.choice, Quot.sound]
AXIOMS Luce.Section5.cycleCollection_card: [propext, Classical.choice, Quot.sound]
AXIOMS Luce.Section5.cycleCountWithin_univ: [propext, Classical.choice, Quot.sound]
AXIOMS Luce.Section5.cycleCount_eq_div_rootedCycle_card: [propext, Classical.choice, Quot.sound]
AXIOMS Luce.Section5.cycleCount_eq_fixedCount: [propext, Classical.choice, Quot.sound]
AXIOMS Luce.Section5.cycleCount_eq_tuple_sum: [propext, Classical.choice, Quot.sound]
AXIOMS Luce.Section5.cycleCount_eq_zero_of_card_lt: [propext, Classical.choice, Quot.sound]
AXIOMS Luce.Section5.cycleCount_symm: [propext, Classical.choice, Quot.sound]
AXIOMS Luce.Section5.cycleCount_zero: [propext, Classical.choice, Quot.sound]
AXIOMS Luce.Section5.cycleMaximum_cutoff_iff: [propext, Classical.choice, Quot.sound]
AXIOMS Luce.Section5.cycleMaximum_injective: [propext, Classical.choice, Quot.sound]
AXIOMS Luce.Section5.cycleMaximum_mem: [propext, Classical.choice, Quot.sound]
AXIOMS Luce.Section5.cycleMaximum_orbit: [propext, Classical.choice, Quot.sound]
AXIOMS Luce.Section5.cycleMaximum_upper: [propext, Classical.choice, Quot.sound]
AXIOMS Luce.Section5.cycleOrbit_card: [propext, Classical.choice, Quot.sound]
AXIOMS Luce.Section5.cycleOrbit_fiber: [propext, Classical.choice, Quot.sound]
AXIOMS Luce.Section5.cycleOrbit_length: [propext, Classical.choice, Quot.sound]
AXIOMS Luce.Section5.cycleOrbits_disjoint: [propext, Classical.choice, Quot.sound]
AXIOMS Luce.Section5.cycleRoots_card: [propext, Classical.choice, Quot.sound]
AXIOMS Luce.Section5.cycleVertex_card: [propext, Classical.choice, Quot.sound]
AXIOMS Luce.Section5.cycleVertices_card: [propext, Classical.choice, Quot.sound]
AXIOMS Luce.Section5.cycle_factorial_eq_assignment_card: [propext, Classical.choice, Quot.sound]
AXIOMS Luce.Section5.cycle_factorial_eq_assignment_sum: [propext, Classical.choice, Quot.sound]
AXIOMS Luce.Section5.isRootedCycle_iff_rotate: [propext, Classical.choice, Quot.sound]
AXIOMS Luce.Section5.maximumCycleRoots_card: [propext, Classical.choice, Quot.sound]
AXIOMS Luce.Section5.mem_maximumCycleRoots_iff: [propext, Classical.choice, Quot.sound]
AXIOMS Luce.Section5.mem_periodicOrbit_toFinset: [propext, Classical.choice, Quot.sound]
AXIOMS Luce.Section5.minimalPeriod_of_mem_cycleOrbit: [propext, Classical.choice, Quot.sound]
AXIOMS Luce.Section5.minimalPeriod_symm: [propext, Classical.choice, Quot.sound]
AXIOMS Luce.Section5.periodicOrbit_eq_of_mem_cycleOrbit: [propext, Classical.choice, Quot.sound]
AXIOMS Luce.Section5.periodicOrbit_toFinset_card: [propext, Classical.choice, Quot.sound]
AXIOMS Luce.Section5.rootedCycleCollectionWithin_card: [propext, Classical.choice, Quot.sound]
AXIOMS Luce.Section5.rootedCycleCollection_card: [propext, Classical.choice, Quot.sound]
AXIOMS Luce.Section5.rootedCycle_card: [propext, Classical.choice, Quot.sound]
AXIOMS Luce.Section5.rootedCycle_eq_iterate: [propext, Quot.sound]
AXIOMS Luce.Section5.rootedCycle_isPeriodicPt: [propext, Quot.sound]
AXIOMS Luce.Section5.rootedCycle_mem_periodicOrbit_iff: [propext, Classical.choice, Quot.sound]
AXIOMS Luce.Section5.rootedCycle_minimalPeriod: [propext, Classical.choice, Quot.sound]
AXIOMS Luce.Section5.sum_cycleAssignmentWeight: [propext, Classical.choice, Quot.sound]
AXIOMS Luce.Section5.sum_cycleBlockIndicator: [propext, Classical.choice, Quot.sound]
AXIOMS Luce.Section5.sum_cycleBlockIndicatorWithin: [propext, Classical.choice, Quot.sound]
AXIOMS Luce.Section5.tailCycleCount_eq_maximum_roots: [propext, Classical.choice, Quot.sound]
AXIOMS Luce.Section5.tailCycleExpectation_eq_maximum_probability_sum: [propext, Classical.choice, Quot.sound]
AXIOMS Luce.Section6.absolute_error_of_relative: [propext, Classical.choice, Quot.sound]
AXIOMS Luce.Section6.actual_normalized_product_error: [propext, Classical.choice, Quot.sound]
AXIOMS Luce.Section6.affine_power65: [propext, Classical.choice, Quot.sound]
AXIOMS Luce.Section6.affine_product_integral65: [propext, Classical.choice, Quot.sound]
AXIOMS Luce.Section6.antitoneOn_clip_max: [propext, Classical.choice, Quot.sound]
AXIOMS Luce.Section6.antitone_cell_sum_error: [propext, Classical.choice, Quot.sound]
AXIOMS Luce.Section6.antitone_depth_sum_le: [propext, Classical.choice, Quot.sound]
AXIOMS Luce.Section6.antitone_negative_power_quantile_error: [propext, Classical.choice, Quot.sound]
AXIOMS Luce.Section6.antitone_quantile_smallness: [propext, Classical.choice, Quot.sound]
AXIOMS Luce.Section6.antitone_sample_average_error: [propext, Classical.choice, Quot.sound]
AXIOMS Luce.Section6.arrivalQuantile_le_iff: [propext, Classical.choice, Quot.sound]
AXIOMS Luce.Section6.arrivalQuantile_nonneg: [propext, Classical.choice, Quot.sound]
AXIOMS Luce.Section6.arrivalQuantile_populationG: [propext, Classical.choice, Quot.sound]
AXIOMS Luce.Section6.arrivalQuantile_pos: [propext, Classical.choice, Quot.sound]
AXIOMS Luce.Section6.bernoulli_mgf_upper: [propext, Classical.choice, Quot.sound]
AXIOMS Luce.Section6.bernoulli_relative_lower_tail: [propext, Classical.choice, Quot.sound]
AXIOMS Luce.Section6.bernoulli_relative_upper_tail: [propext, Classical.choice, Quot.sound]
AXIOMS Luce.Section6.bernoulli_sum_exp_integrable: [propext, Classical.choice, Quot.sound]
AXIOMS Luce.Section6.bernoulli_upper_tail_of_mean_le_half: [propext, Classical.choice, Quot.sound]
AXIOMS Luce.Section6.bounded_terminal_logarithmic_kernel: [propext, Classical.choice, Quot.sound]
AXIOMS Luce.Section6.categoryAssignmentOfCollection_collectionOfAssignment: [propext, Classical.choice, Quot.sound]
AXIOMS Luce.Section6.categoryCollectionOfAssignment_assignmentOfCollection: [propext, Classical.choice, Quot.sound]
AXIOMS Luce.Section6.categorySetRootDepth_cycle65: [propext, Classical.choice, Quot.sound]
AXIOMS Luce.Section6.category_assignment_card: [propext, Classical.choice, Quot.sound]
AXIOMS Luce.Section6.category_assignment_orbit_set: [propext, Classical.choice, Quot.sound]
AXIOMS Luce.Section6.category_collection_block_mem: [propext, Classical.choice, Quot.sound]
AXIOMS Luce.Section6.category_collection_card: [propext, Classical.choice, Quot.sound]
AXIOMS Luce.Section6.category_collection_disjoint: [propext, Classical.choice, Quot.sound]
AXIOMS Luce.Section6.category_collection_distinct: [propext, Classical.choice, Quot.sound]
AXIOMS Luce.Section6.category_core_actual_sum_reindex: [propext, Classical.choice, Quot.sound]
AXIOMS Luce.Section6.category_core_enumeration_injective: [propext, Classical.choice, Quot.sound]
AXIOMS Luce.Section6.category_core_enumeration_rank_event: [propext, Classical.choice, Quot.sound]
AXIOMS Luce.Section6.category_core_enumeration_restrictions: [propext, Classical.choice, Quot.sound]
AXIOMS Luce.Section6.category_core_family_equiv_apply: [propext, Classical.choice, Quot.sound]
AXIOMS Luce.Section6.category_core_vertex_equiv_rotate: [propext, Classical.choice, Quot.sound]
AXIOMS Luce.Section6.category_factorial_eq_assignment_card: [propext, Classical.choice, Quot.sound]
AXIOMS Luce.Section6.category_factorial_eq_assignment_sum: [propext, Classical.choice, Quot.sound]
AXIOMS Luce.Section6.category_factorial_expectation_eq_rank_sum: [propext, Classical.choice, Quot.sound]
AXIOMS Luce.Section6.category_root_factor_pos: [propext, Classical.choice, Quot.sound]
AXIOMS Luce.Section6.category_roots_card: [propext, Classical.choice, Quot.sound]
AXIOMS Luce.Section6.category_rotation_factor_ge_one: [propext, Classical.choice, Quot.sound]
AXIOMS Luce.Section6.category_set_root_eq_tuple_root: [propext, Classical.choice, Quot.sound]
AXIOMS Luce.Section6.category_slot_product: [propext, Classical.choice, Quot.sound]
AXIOMS Luce.Section6.centeredPoissonMoment65_expansion: [propext, Classical.choice, Quot.sound]
AXIOMS Luce.Section6.centeredPoissonMoment65_one: [propext, Classical.choice, Quot.sound]
AXIOMS Luce.Section6.centeredPoissonMoment65_rec: [propext, Classical.choice, Quot.sound]
AXIOMS Luce.Section6.centeredPoissonMoment65_zero: [propext, Classical.choice, Quot.sound]
AXIOMS Luce.Section6.centered_polynomial_expansion65: [propext, Classical.choice, Quot.sound]
AXIOMS Luce.Section6.centered_power_expansion65: [propext, Classical.choice, Quot.sound]
AXIOMS Luce.Section6.charFun_derivative_moment_bound: [propext, Classical.choice, Quot.sound]
AXIOMS Luce.Section6.charFun_momentTaylor_bound: [propext, Classical.choice, Quot.sound]
AXIOMS Luce.Section6.charFun_one_tendsto_of_moments: [propext, Classical.choice, Quot.sound]
AXIOMS Luce.Section6.characteristic_integral_l1_bound65: [propext, Classical.choice, Quot.sound]
AXIOMS Luce.Section6.clippedSpan68_bounds: [propext, Classical.choice, Quot.sound]
AXIOMS Luce.Section6.clippedSpan68_full: [propext, Classical.choice, Quot.sound]
AXIOMS Luce.Section6.clipped_unimodal_identity: [propext, Classical.choice, Quot.sound]
AXIOMS Luce.Section6.clockArrivalIndicator_independent: [propext, Classical.choice, Quot.sound]
AXIOMS Luce.Section6.clockArrivalIndicator_zero_one: [propext, Classical.choice, Quot.sound]
AXIOMS Luce.Section6.clockBeforeCount_le_size: [propext, Classical.choice, Quot.sound]
AXIOMS Luce.Section6.closedLogCycleWeight_const_mul68: [propext, Classical.choice, Quot.sound]
AXIOMS Luce.Section6.closedLogCycleWeight_continuous68: [propext, Classical.choice, Quot.sound]
AXIOMS Luce.Section6.closedLogCycleWeight_eq_openPath: [propext, Classical.choice, Quot.sound]
AXIOMS Luce.Section6.closedLogCycleWeight_nonneg68: [propext, Classical.choice, Quot.sound]
AXIOMS Luce.Section6.closedLogCycleWeight_translate: [propext, Classical.choice, Quot.sound]
AXIOMS Luce.Section6.closed_cycle_perturbation68: [propext, Classical.choice, Quot.sound]
AXIOMS Luce.Section6.collisionCycleWeight_cons: [propext, Classical.choice, Quot.sound]
AXIOMS Luce.Section6.collisionCycleWeight_nonneg: [propext, Classical.choice, Quot.sound]
AXIOMS Luce.Section6.collisionCycleWeight_rotate: [propext, Classical.choice, Quot.sound]
AXIOMS Luce.Section6.collisionPairSum_mono: [propext, Classical.choice, Quot.sound]
AXIOMS Luce.Section6.collisionUnionSum_mono: [propext, Classical.choice, Quot.sound]
AXIOMS Luce.Section6.collision_card_complement: [propext, Classical.choice, Quot.sound]
AXIOMS Luce.Section6.collision_complement_product_le: [propext, Classical.choice, Quot.sound]
AXIOMS Luce.Section6.collision_core_cycle_test: [propext, Classical.choice, Quot.sound]
AXIOMS Luce.Section6.collision_core_cycle_trace: [propext, Classical.choice, Quot.sound]
AXIOMS Luce.Section6.collision_core_cycle_two_test: [propext, Classical.choice, Quot.sound]
AXIOMS Luce.Section6.collision_core_depth_sum_le: [propext, Classical.choice, Quot.sound]
AXIOMS Luce.Section6.collision_core_harmonic: [propext, Classical.choice, Quot.sound]
AXIOMS Luce.Section6.collision_core_matrix_row: [propext, Classical.choice, Quot.sound]
AXIOMS Luce.Section6.collision_core_square_sum: [propext, Classical.choice, Quot.sound]
AXIOMS Luce.Section6.collision_cycle_test_bound: [propext, Classical.choice, Quot.sound]
AXIOMS Luce.Section6.collision_cycle_test_reindex: [propext, Classical.choice, Quot.sound]
AXIOMS Luce.Section6.collision_cycle_test_zero_bound: [propext, Classical.choice, Quot.sound]
AXIOMS Luce.Section6.collision_cycle_two_test_bound: [propext, Classical.choice, Quot.sound]
AXIOMS Luce.Section6.collision_cycle_two_test_zero_bound: [propext, Classical.choice, Quot.sound]
AXIOMS Luce.Section6.collision_family_pair_bound: [propext, Classical.choice, Quot.sound]
AXIOMS Luce.Section6.collision_log_weight68: [propext, Classical.choice, Quot.sound]
AXIOMS Luce.Section6.collision_nearby_card: [propext, Classical.choice, Quot.sound]
AXIOMS Luce.Section6.collision_nearby_reciprocal_sum: [propext, Classical.choice, Quot.sound]
AXIOMS Luce.Section6.collision_pair_sum_test: [propext, Classical.choice, Quot.sound]
AXIOMS Luce.Section6.collision_path_test_bound: [propext, Classical.choice, Quot.sound]
AXIOMS Luce.Section6.collision_prod_split: [propext, Classical.choice, Quot.sound]
AXIOMS Luce.Section6.collision_product_test_one: [propext, Classical.choice, Quot.sound]
AXIOMS Luce.Section6.collision_product_test_two: [propext, Classical.choice, Quot.sound]
AXIOMS Luce.Section6.collision_same_corner_distance: [propext, Quot.sound]
AXIOMS Luce.Section6.collision_slot_card_le: [propext, Classical.choice, Quot.sound]
AXIOMS Luce.Section6.collision_two_complement_product_le: [propext, Classical.choice, Quot.sound]
AXIOMS Luce.Section6.collision_two_test_tensor: [propext, Classical.choice, Quot.sound]
AXIOMS Luce.Section6.collision_union_le_card_sq: [propext, Classical.choice, Quot.sound]
AXIOMS Luce.Section6.collision_varying_matrices_pair_bound: [propext, Classical.choice, Quot.sound]
AXIOMS Luce.Section6.common_decay_parameters: [propext, Classical.choice, Quot.sound]
AXIOMS Luce.Section6.comparable_depth_rpow_bounds: [propext, Classical.choice, Quot.sound]
AXIOMS Luce.Section6.complex_tendsto_of_finite_approximations: [propext, Classical.choice, Quot.sound]
AXIOMS Luce.Section6.continuousOn_reflect: [propext, Classical.choice, Quot.sound]
AXIOMS Luce.Section6.continuous_box_trace_bound68: [propext, Classical.choice, Quot.sound]
AXIOMS Luce.Section6.continuous_box_trace_integral68: [propext, Classical.choice, Quot.sound]
AXIOMS Luce.Section6.continuous_gapStartFromNormalized: [propext, Classical.choice, Quot.sound]
AXIOMS Luce.Section6.continuous_root_first_coordinate: [propext, Classical.choice, Quot.sound]
AXIOMS Luce.Section6.continuous_skeleton_start: [propext, Classical.choice, Quot.sound]
AXIOMS Luce.Section6.continuous_trace_first_coordinate: [propext, Classical.choice, Quot.sound]
AXIOMS Luce.Section6.continuous_trace_first_coordinate_Ioc68: [propext, Classical.choice, Quot.sound]
AXIOMS Luce.Section6.convolutionDensity_bound: [propext, Classical.choice, Quot.sound]
AXIOMS Luce.Section6.convolutionDensity_integrable: [propext, Classical.choice, Quot.sound]
AXIOMS Luce.Section6.convolutionDensity_integral: [propext, Classical.choice, Quot.sound]
AXIOMS Luce.Section6.convolutionDensity_nonneg: [propext, Classical.choice, Quot.sound]
AXIOMS Luce.Section6.convolutionDensity_pos65: [propext, Classical.choice, Quot.sound]
AXIOMS Luce.Section6.coordinate_mul_gap_product: [propext, Classical.choice, Quot.sound]
AXIOMS Luce.Section6.coreCategoryCount_eq_filtered65: [propext, Classical.choice, Quot.sound]
AXIOMS Luce.Section6.coreCount_le_windowCount65: [propext, Classical.choice, Quot.sound]
AXIOMS Luce.Section6.coreCount_meanApprox65: [propext, Classical.choice, Quot.sound]
AXIOMS Luce.Section6.core_category_cycle_sets_disjoint: [propext, Classical.choice, Quot.sound]
AXIOMS Luce.Section6.core_category_expectation_eq_family_sum: [propext, Classical.choice, Quot.sound]
AXIOMS Luce.Section6.core_category_expectation_eq_rank_sum: [propext, Classical.choice, Quot.sound]
AXIOMS Luce.Section6.core_category_ideal_product_eq_family_sum: [propext, Classical.choice, Quot.sound]
AXIOMS Luce.Section6.core_category_mean_eq_tuple_sum: [propext, Classical.choice, Quot.sound]
AXIOMS Luce.Section6.core_centered_moment_rapid65: [propext, Classical.choice, Quot.sound]
AXIOMS Luce.Section6.core_error_tendsto65: [propext, Classical.choice, Quot.sound]
AXIOMS Luce.Section6.core_factorial_rapid65: [propext, Classical.choice, Quot.sound]
AXIOMS Luce.Section6.core_family_actual_domination: [propext, Classical.choice, Quot.sound]
AXIOMS Luce.Section6.core_family_actual_nonneg: [propext, Classical.choice, Quot.sound]
AXIOMS Luce.Section6.core_family_bad_sum_bound: [propext, Classical.choice, Quot.sound]
AXIOMS Luce.Section6.core_family_block_injective: []
AXIOMS Luce.Section6.core_family_comparison_of_bounds: [propext, Classical.choice, Quot.sound]
AXIOMS Luce.Section6.core_family_ideal_le_product: [propext, Classical.choice, Quot.sound]
AXIOMS Luce.Section6.core_family_ideal_nonneg: [propext, Classical.choice, Quot.sound]
AXIOMS Luce.Section6.core_family_ideal_of_injective: [propext, Classical.choice, Quot.sound]
AXIOMS Luce.Section6.core_family_ideal_sum_factors: [propext, Classical.choice, Quot.sound]
AXIOMS Luce.Section6.core_family_injective_of_separated: [propext]
AXIOMS Luce.Section6.core_ideal_category_sum_reindex: [propext, Classical.choice, Quot.sound]
AXIOMS Luce.Section6.core_log_ratio_error65: [propext, Classical.choice, Quot.sound]
AXIOMS Luce.Section6.core_normalized_finite_moments65: [propext, Classical.choice, Quot.sound]
AXIOMS Luce.Section6.core_normalized_mixed_moments65: [propext, Classical.choice, Quot.sound]
AXIOMS Luce.Section6.core_polynomial_rapid65: [propext, Classical.choice, Quot.sound]
AXIOMS Luce.Section6.core_potential_row: [propext, Classical.choice, Quot.sound]
AXIOMS Luce.Section6.core_target_mixed_moments65: [propext, Classical.choice, Quot.sound]
AXIOMS Luce.Section6.core_tuple_labels_injective_iff: [propext, Quot.sound]
AXIOMS Luce.Section6.cornerCoefficient_logDensity68: [propext, Classical.choice, Quot.sound]
AXIOMS Luce.Section6.cornerCoefficient_pos65: [propext, Classical.choice, Quot.sound]
AXIOMS Luce.Section6.cornerCoreCount_filtered65: [propext, Classical.choice, Quot.sound]
AXIOMS Luce.Section6.cornerDistance_injective67: [propext, Quot.sound]
AXIOMS Luce.Section6.cornerDistance_le_population65: [propext, Quot.sound]
AXIOMS Luce.Section6.cornerDistance_pos67: [propext, Quot.sound]
AXIOMS Luce.Section6.cornerDistance_positive: [propext, Quot.sound]
AXIOMS Luce.Section6.cornerLogDensity68_differentiable: [propext, Classical.choice, Quot.sound]
AXIOMS Luce.Section6.cornerLogDensity68_envelope: [propext, Classical.choice, Quot.sound]
AXIOMS Luce.Section6.cornerLogDensity68_smooth_envelope: [propext, Classical.choice, Quot.sound]
AXIOMS Luce.Section6.cornerLogDensity68_traceDensity: [propext, Classical.choice, Quot.sound]
AXIOMS Luce.Section6.cornerQuantileTime_positive: [propext, Classical.choice, Quot.sound]
AXIOMS Luce.Section6.corner_potential_pos: [propext, Classical.choice, Quot.sound]
AXIOMS Luce.Section6.corner_potential_quotient: [propext, Classical.choice, Quot.sound]
AXIOMS Luce.Section6.corner_potential_ratio_power: [propext, Classical.choice, Quot.sound]
AXIOMS Luce.Section6.corner_weighted_row_to_potential: [propext, Classical.choice, Quot.sound]
AXIOMS Luce.Section6.countApprox65_of_bound: [propext, Classical.choice, Quot.sound]
AXIOMS Luce.Section6.countApprox65_of_const_bound: [propext, Classical.choice, Quot.sound]
AXIOMS Luce.Section6.covered_filter_card65: [propext, Classical.choice, Quot.sound]
AXIOMS Luce.Section6.critical: [propext, Classical.choice, Quot.sound]
AXIOMS Luce.Section6.criticalArrivalCount_measurable: [propext, Classical.choice, Quot.sound]
AXIOMS Luce.Section6.critical_arrival_count_card: [propext, Classical.choice, Quot.sound]
AXIOMS Luce.Section6.critical_arrival_linear_error: [propext, Classical.choice, Quot.sound]
AXIOMS Luce.Section6.critical_arrival_lower_tail: [propext, Classical.choice, Quot.sound]
AXIOMS Luce.Section6.critical_arrival_upper_tail: [propext, Classical.choice, Quot.sound]
AXIOMS Luce.Section6.critical_arrivals_le_rank: [propext, Classical.choice, Quot.sound]
AXIOMS Luce.Section6.critical_block_log_lower: [propext, Classical.choice, Quot.sound]
AXIOMS Luce.Section6.critical_block_square_sum: [propext, Classical.choice, Quot.sound]
AXIOMS Luce.Section6.critical_block_sum: [propext, Classical.choice, Quot.sound]
AXIOMS Luce.Section6.critical_contractCheck: [propext, Classical.choice, Quot.sound]
AXIOMS Luce.Section6.critical_corner_choice: [propext, Classical.choice, Quot.sound]
AXIOMS Luce.Section6.critical_cutoffs_eventually: [propext, Classical.choice, Quot.sound]
AXIOMS Luce.Section6.critical_cycle_count_complement: [propext, Classical.choice, Quot.sound]
AXIOMS Luce.Section6.critical_cycle_count_le: [propext, Classical.choice, Quot.sound]
AXIOMS Luce.Section6.critical_cycle_count_split: [propext, Classical.choice, Quot.sound]
AXIOMS Luce.Section6.critical_cycle_decay_pos: [propext, Classical.choice, Quot.sound]
AXIOMS Luce.Section6.critical_cycle_expectation_le: [propext, Classical.choice, Quot.sound]
AXIOMS Luce.Section6.critical_cycle_kernel_bound: [propext, Classical.choice, Quot.sound]
AXIOMS Luce.Section6.critical_cycle_one_drop: [propext, Classical.choice, Quot.sound]
AXIOMS Luce.Section6.critical_deleted_harmonic_lower: [propext, Classical.choice, Quot.sound]
AXIOMS Luce.Section6.critical_drawn_card: [propext, Classical.choice, Quot.sound]
AXIOMS Luce.Section6.critical_drawn_labels: [propext, Classical.choice, Quot.sound]
AXIOMS Luce.Section6.critical_early_sum_bound: [propext, Classical.choice, Quot.sound]
AXIOMS Luce.Section6.critical_exceptional_weight_absorption: [propext, Classical.choice, Quot.sound]
AXIOMS Luce.Section6.critical_full_count: [propext, Classical.choice, Quot.sound]
AXIOMS Luce.Section6.critical_full_observation: [propext, Classical.choice, Quot.sound]
AXIOMS Luce.Section6.critical_full_probability: [propext, Classical.choice, Quot.sound]
AXIOMS Luce.Section6.critical_harmonic_tail_lower: [propext, Classical.choice, Quot.sound]
AXIOMS Luce.Section6.critical_interior_contractCheck: [propext, Classical.choice, Quot.sound]
AXIOMS Luce.Section6.critical_inv_sq_integral: [propext, Classical.choice, Quot.sound]
AXIOMS Luce.Section6.critical_inverse_square_sum: [propext, Classical.choice, Quot.sound]
AXIOMS Luce.Section6.critical_label_image: [propext, Classical.choice, Quot.sound]
AXIOMS Luce.Section6.critical_log_cycle_exponential: [propext, Classical.choice, Quot.sound]
AXIOMS Luce.Section6.critical_log_error_power_bound: [propext, Classical.choice, Quot.sound]
AXIOMS Luce.Section6.critical_log_error_sum: [propext, Classical.choice, Quot.sound]
AXIOMS Luce.Section6.critical_log_primitive_deriv: [propext, Classical.choice, Quot.sound]
AXIOMS Luce.Section6.critical_log_root_sum: [propext, Classical.choice, Quot.sound]
AXIOMS Luce.Section6.critical_log_summand_deriv: [propext, Classical.choice, Quot.sound]
AXIOMS Luce.Section6.critical_loglog_tendsto: [propext, Classical.choice, Quot.sound]
AXIOMS Luce.Section6.critical_main_block_error_sum: [propext, Classical.choice, Quot.sound]
AXIOMS Luce.Section6.critical_main_error_sum: [propext, Classical.choice, Quot.sound]
AXIOMS Luce.Section6.critical_midpoint_contractCheck: [propext, Classical.choice, Quot.sound]
AXIOMS Luce.Section6.critical_missing_expectation_upper: [propext, Classical.choice, Quot.sound]
AXIOMS Luce.Section6.critical_path_variation_sum: [propext, Classical.choice, Quot.sound]
AXIOMS Luce.Section6.critical_pole_arrival_integral: [propext, Classical.choice, Quot.sound]
AXIOMS Luce.Section6.critical_pole_arrival_intervalIntegrable: [propext, Classical.choice, Quot.sound]
AXIOMS Luce.Section6.critical_pole_weight_integral: [propext, Classical.choice, Quot.sound]
AXIOMS Luce.Section6.critical_pole_weight_intervalIntegrable: [propext, Classical.choice, Quot.sound]
AXIOMS Luce.Section6.critical_predictable_error: [propext, Classical.choice, Quot.sound]
AXIOMS Luce.Section6.critical_predictable_integral_error: [propext, Classical.choice, Quot.sound]
AXIOMS Luce.Section6.critical_predictable_sum_expectation: [propext, Classical.choice, Quot.sound]
AXIOMS Luce.Section6.critical_probability_reference_error: [propext, Classical.choice, Quot.sound]
AXIOMS Luce.Section6.critical_probe_arrival_lower: [propext, Classical.choice, Quot.sound]
AXIOMS Luce.Section6.critical_probe_arrival_upper: [propext, Classical.choice, Quot.sound]
AXIOMS Luce.Section6.critical_probe_log: [propext, Classical.choice, Quot.sound]
AXIOMS Luce.Section6.critical_raceDraw_eq_rank_symm: [propext, Classical.choice, Quot.sound]
AXIOMS Luce.Section6.critical_range_decay: [propext, Classical.choice, Quot.sound]
AXIOMS Luce.Section6.critical_rank_le_arrivals: [propext, Classical.choice, Quot.sound]
AXIOMS Luce.Section6.critical_reciprocal_error: [propext, Classical.choice, Quot.sound]
AXIOMS Luce.Section6.critical_reference_error_split: [propext, Classical.choice, Quot.sound]
AXIOMS Luce.Section6.critical_reference_mass_bound: [propext, Classical.choice, Quot.sound]
AXIOMS Luce.Section6.critical_reference_row_bounds: [propext, Classical.choice, Quot.sound]
AXIOMS Luce.Section6.critical_reference_row_mass: [propext, Classical.choice, Quot.sound]
AXIOMS Luce.Section6.critical_reference_row_sum: [propext, Classical.choice, Quot.sound]
AXIOMS Luce.Section6.critical_reference_sum_integral: [propext, Classical.choice, Quot.sound]
AXIOMS Luce.Section6.critical_remaining_expectation_upper: [propext, Classical.choice, Quot.sound]
AXIOMS Luce.Section6.critical_remaining_harmonic_lower: [propext, Classical.choice, Quot.sound]
AXIOMS Luce.Section6.critical_remaining_survival_bound: [propext, Classical.choice, Quot.sound]
AXIOMS Luce.Section6.critical_retained_count_eq_subtype: [propext, Classical.choice, Quot.sound]
AXIOMS Luce.Section6.critical_retained_expectation: [propext, Classical.choice, Quot.sound]
AXIOMS Luce.Section6.critical_retained_probability_le_matrix: [propext, Classical.choice, Quot.sound]
AXIOMS Luce.Section6.critical_retained_probability_zero: [propext, Classical.choice, Quot.sound]
AXIOMS Luce.Section6.critical_retained_sum_bound: [propext, Classical.choice, Quot.sound]
AXIOMS Luce.Section6.critical_sampled_power_sum: [propext, Classical.choice, Quot.sound]
AXIOMS Luce.Section6.critical_shift_log_bounds: [propext, Classical.choice, Quot.sound]
AXIOMS Luce.Section6.critical_tuple_weight_sum: [propext, Classical.choice, Quot.sound]
AXIOMS Luce.Section6.critical_vertex_expectation_of_rates: [propext, Classical.choice, Quot.sound]
AXIOMS Luce.Section6.critical_weighted_vertex_sum: [propext, Classical.choice, Quot.sound]
AXIOMS Luce.Section6.crossDepthError_le_two: [propext, Classical.choice, Quot.sound]
AXIOMS Luce.Section6.crossDepthError_nonneg: [propext, Classical.choice, Quot.sound]
AXIOMS Luce.Section6.cross_depth_relative_transport: [propext, Classical.choice, Quot.sound]
AXIOMS Luce.Section6.cross_depth_uniform_transport: [propext, Classical.choice, Quot.sound]
AXIOMS Luce.Section6.cycleCount_meanApprox65: [propext, Classical.choice, Quot.sound]
AXIOMS Luce.Section6.cycle_closing_potential_bound: [propext, Classical.choice, Quot.sound]
AXIOMS Luce.Section6.cycle_count_at_maximum_eq_indicator: [propext, Classical.choice, Quot.sound]
AXIOMS Luce.Section6.cycle_edge_potential_bound: [propext, Classical.choice, Quot.sound]
AXIOMS Luce.Section6.cycle_exponential_moment68: [propext, Classical.choice, Quot.sound]
AXIOMS Luce.Section6.cycle_family_single_test_bound: [propext, Classical.choice, Quot.sound]
AXIOMS Luce.Section6.cycle_large_edge_potential_bound: [propext, Classical.choice, Quot.sound]
AXIOMS Luce.Section6.cycle_range_moment68: [propext, Classical.choice, Quot.sound]
AXIOMS Luce.Section6.cycle_vertex_envelope_lintegral: [propext, Classical.choice, Quot.sound]
AXIOMS Luce.Section6.cycle_vertex_probability_le_matrix_rows: [propext, Classical.choice, Quot.sound]
AXIOMS Luce.Section6.deletedD_le_populationD: [propext, Classical.choice, Quot.sound]
AXIOMS Luce.Section6.deletedG_le_populationG: [propext, Classical.choice, Quot.sound]
AXIOMS Luce.Section6.deletedGapKernel_le_earlier_survival: [propext, Classical.choice, Quot.sound]
AXIOMS Luce.Section6.deletedGapKernel_le_earlier_survival_ae: [propext, Classical.choice, Quot.sound]
AXIOMS Luce.Section6.deleted_arrival_relative_tails: [propext, Classical.choice, Quot.sound]
AXIOMS Luce.Section6.deleted_arrival_window_mean_lower: [propext, Classical.choice, Quot.sound]
AXIOMS Luce.Section6.deleted_arrivals_add_survivors: [propext, Classical.choice, Quot.sound]
AXIOMS Luce.Section6.deleted_arrivals_le_beforeCount_of_lt: [propext, Classical.choice, Quot.sound]
AXIOMS Luce.Section6.deleted_beforeCount_add_survivors_le: [propext, Classical.choice, Quot.sound]
AXIOMS Luce.Section6.deleted_beforeCount_le_arrivals: [propext, Classical.choice, Quot.sound]
AXIOMS Luce.Section6.deleted_before_count_upper_tail: [propext, Classical.choice, Quot.sound]
AXIOMS Luce.Section6.deleted_gapStart_gt_imp_arrivals_le: [propext, Classical.choice, Quot.sound]
AXIOMS Luce.Section6.deleted_gap_moment_le_earlier_survival: [propext, Classical.choice, Quot.sound]
AXIOMS Luce.Section6.deleted_gap_rate_eq_surviving_weight: [propext, Classical.choice, Quot.sound]
AXIOMS Luce.Section6.deleted_gap_rate_eq_surviving_weight_ae: [propext, Classical.choice, Quot.sound]
AXIOMS Luce.Section6.deleted_gap_start_relative_early_arrival: [propext, Classical.choice, Quot.sound]
AXIOMS Luce.Section6.deleted_gap_start_relative_early_survivor: [propext, Classical.choice, Quot.sound]
AXIOMS Luce.Section6.deleted_gap_start_relative_late_arrival: [propext, Classical.choice, Quot.sound]
AXIOMS Luce.Section6.deleted_gap_start_relative_late_survivor: [propext, Classical.choice, Quot.sound]
AXIOMS Luce.Section6.deleted_gap_start_tail_of_arrival_mean: [propext, Classical.choice, Quot.sound]
AXIOMS Luce.Section6.deleted_gap_start_tail_of_survivor_mean: [propext, Classical.choice, Quot.sound]
AXIOMS Luce.Section6.deleted_gap_start_tail_of_survivor_mean_sharp: [propext, Classical.choice, Quot.sound]
AXIOMS Luce.Section6.deleted_joint_window_probability: [propext, Classical.choice, Quot.sound]
AXIOMS Luce.Section6.deleted_kernel_Lp_exponent_mono: [propext, Classical.choice, Quot.sound]
AXIOMS Luce.Section6.deleted_kernel_Lp_of_rate_floor: [propext, Classical.choice, Quot.sound]
AXIOMS Luce.Section6.deleted_kernel_eLpNorm_eq_moment: [propext, Classical.choice, Quot.sound]
AXIOMS Luce.Section6.deleted_kernel_eLpNorm_le_of_moment: [propext, Classical.choice, Quot.sound]
AXIOMS Luce.Section6.deleted_kernel_eLpNorm_le_one: [propext, Classical.choice, Quot.sound]
AXIOMS Luce.Section6.deleted_kernel_le_insertionDominationMatrix: [propext, Classical.choice, Quot.sound]
AXIOMS Luce.Section6.deleted_kernel_memLp: [propext, Classical.choice, Quot.sound]
AXIOMS Luce.Section6.deleted_kernel_moment_bound_of_rate_floor: [propext, Classical.choice, Quot.sound]
AXIOMS Luce.Section6.deleted_kernel_moment_sum_bound: [propext, Classical.choice, Quot.sound]
AXIOMS Luce.Section6.deleted_kernel_power_integrable: [propext, Classical.choice, Quot.sound]
AXIOMS Luce.Section6.deleted_kernel_product_integrable: [propext, Classical.choice, Quot.sound]
AXIOMS Luce.Section6.deleted_kernel_product_le_Lp: [propext, Classical.choice, Quot.sound]
AXIOMS Luce.Section6.deleted_kernel_product_order_sum: [propext, Classical.choice, Quot.sound]
AXIOMS Luce.Section6.deleted_kernel_product_second_moment_bound: [propext, Classical.choice, Quot.sound]
AXIOMS Luce.Section6.deleted_kernel_product_square_integrable: [propext, Classical.choice, Quot.sound]
AXIOMS Luce.Section6.deleted_kernel_product_square_le_Lp: [propext, Classical.choice, Quot.sound]
AXIOMS Luce.Section6.deleted_order_gap_moment_bound: [propext, Classical.choice, Quot.sound]
AXIOMS Luce.Section6.deleted_order_integral_partition: [propext, Classical.choice, Quot.sound]
AXIOMS Luce.Section6.deleted_order_kernel_moment_bound: [propext, Classical.choice, Quot.sound]
AXIOMS Luce.Section6.deleted_order_kernel_product_integral: [propext, Classical.choice, Quot.sound]
AXIOMS Luce.Section6.deleted_order_normalized_integral: [propext, Classical.choice, Quot.sound]
AXIOMS Luce.Section6.deleted_remaining_weight_chebyshev: [propext, Classical.choice, Quot.sound]
AXIOMS Luce.Section6.deleted_remaining_weight_mean: [propext, Classical.choice, Quot.sound]
AXIOMS Luce.Section6.deleted_remaining_weight_variance: [propext, Classical.choice, Quot.sound]
AXIOMS Luce.Section6.deleted_survival_envelope_of_bounds: [propext, Classical.choice, Quot.sound]
AXIOMS Luce.Section6.deleted_survival_integrable: [propext, Classical.choice, Quot.sound]
AXIOMS Luce.Section6.deleted_survival_integral_le_one: [propext, Classical.choice, Quot.sound]
AXIOMS Luce.Section6.deleted_survival_integral_partition: [propext, Classical.choice, Quot.sound]
AXIOMS Luce.Section6.deleted_survival_split: [propext, Classical.choice, Quot.sound]
AXIOMS Luce.Section6.deleted_surviving_weight_antitone: [propext, Classical.choice, Quot.sound]
AXIOMS Luce.Section6.deleted_survivor_mean_identity: [propext, Classical.choice, Quot.sound]
AXIOMS Luce.Section6.deleted_survivor_relative_tails: [propext, Classical.choice, Quot.sound]
AXIOMS Luce.Section6.deleted_survivor_window_mean_lower: [propext, Classical.choice, Quot.sound]
AXIOMS Luce.Section6.deleted_weight_mean_drift: [propext, Classical.choice, Quot.sound]
AXIOMS Luce.Section6.deleted_weight_quantile_window_probability: [propext, Classical.choice, Quot.sound]
AXIOMS Luce.Section6.deleted_weight_random_time_bound: [propext, Classical.choice, Quot.sound]
AXIOMS Luce.Section6.deleted_weight_scaled_chebyshev: [propext, Classical.choice, Quot.sound]
AXIOMS Luce.Section6.density_envelope_product: [propext, Classical.choice, Quot.sound]
AXIOMS Luce.Section6.density_perturbation68: [propext, Classical.choice, Quot.sound]
AXIOMS Luce.Section6.depth_decay_mono: [propext, Classical.choice, Quot.sound]
AXIOMS Luce.Section6.descPochhammer_shift65: [propext, Classical.choice, Quot.sound]
AXIOMS Luce.Section6.discarded_expectation_real_of_nat: [propext, Classical.choice, Quot.sound]
AXIOMS Luce.Section6.disjoint_filter_card_sum_le65: [propext, Classical.choice, Quot.sound]
AXIOMS Luce.Section6.disjoint_indicators_sum_le_one65: [propext, Classical.choice, Quot.sound]
AXIOMS Luce.Section6.endpointEstimates_mono67: [propext, Classical.choice, Quot.sound]
AXIOMS Luce.Section6.endpoint_block_terminal_buffer: [propext, Classical.choice, Quot.sound]
AXIOMS Luce.Section6.endpoint_envelope_target_bound: [propext, Classical.choice, Quot.sound]
AXIOMS Luce.Section6.escaping_cycle_probability_le_cylinders: [propext, Classical.choice, Quot.sound]
AXIOMS Luce.Section6.escaping_cycle_probability_le_paths: [propext, Classical.choice, Quot.sound]
AXIOMS Luce.Section6.exactCycleVertexCount_le: [propext, Classical.choice, Quot.sound]
AXIOMS Luce.Section6.exceptionalEnvelope_column_summable: [propext, Classical.choice, Quot.sound]
AXIOMS Luce.Section6.exceptionalEnvelope_column_tail: [propext, Classical.choice, Quot.sound]
AXIOMS Luce.Section6.exceptionalEnvelope_le_exp: [propext, Classical.choice, Quot.sound]
AXIOMS Luce.Section6.exceptionalEnvelope_nonneg: [propext, Classical.choice, Quot.sound]
AXIOMS Luce.Section6.exceptionalEnvelope_restricted_sums: [propext, Classical.choice, Quot.sound]
AXIOMS Luce.Section6.exceptionalEnvelope_row_summable: [propext, Classical.choice, Quot.sound]
AXIOMS Luce.Section6.exceptionalEnvelope_row_tail: [propext, Classical.choice, Quot.sound]
AXIOMS Luce.Section6.exceptionalEnvelope_support: [propext, Classical.choice, Quot.sound]
AXIOMS Luce.Section6.exceptionalEnvelope_target_bound: [propext, Classical.choice, Quot.sound]
AXIOMS Luce.Section6.exceptionalEnvelope_transpose_restricted_sums: [propext, Classical.choice, Quot.sound]
AXIOMS Luce.Section6.exceptional_envelope_mono_decay: [propext, Classical.choice, Quot.sound]
AXIOMS Luce.Section6.exceptional_weighted_factor_le: [propext, Classical.choice, Quot.sound]
AXIOMS Luce.Section6.excursionCount_le_logarithmic65: [propext, Classical.choice, Quot.sound]
AXIOMS Luce.Section6.excursionCycleCount_symm65: [propext, Classical.choice, Quot.sound]
AXIOMS Luce.Section6.exists_escaping_cycle_tail: [propext, Classical.choice, Quot.sound]
AXIOMS Luce.Section6.exists_interior_label_block: [propext, Classical.choice, Quot.sound]
AXIOMS Luce.Section6.exists_populationG_eq: [propext, Classical.choice, Quot.sound]
AXIOMS Luce.Section6.exists_power_exp_bound: [propext, Classical.choice, Quot.sound]
AXIOMS Luce.Section6.exp_abs_shift_bound68: [propext, Classical.choice, Quot.sound]
AXIOMS Luce.Section6.exp_neg_min_le_sum: [propext, Classical.choice, Quot.sound]
AXIOMS Luce.Section6.exp_neg_rate_log_ratio: [propext, Classical.choice, Quot.sound]
AXIOMS Luce.Section6.exp_pathVariation68_integrable: [propext, Classical.choice, Quot.sound]
AXIOMS Luce.Section6.exponentialGapMass_factor: [propext, Classical.choice, Quot.sound]
AXIOMS Luce.Section6.exponentialGapMass_le_survival: [propext, Classical.choice, Quot.sound]
AXIOMS Luce.Section6.exponentialGapMass_normalized_pow_le: [propext, Classical.choice, Quot.sound]
AXIOMS Luce.Section6.exponentialPDF_toReal_integrable: [propext, Classical.choice, Quot.sound]
AXIOMS Luce.Section6.exponentialRace_biInter_disjoint_support: [propext, Classical.choice, Quot.sound]
AXIOMS Luce.Section6.exponentialRace_inter_of_disjoint_support: [propext, Classical.choice, Quot.sound]
AXIOMS Luce.Section6.exponential_le_power: [propext, Classical.choice, Quot.sound]
AXIOMS Luce.Section6.extremeTypicalEnvelope_le_exceptional: [propext, Classical.choice, Quot.sound]
AXIOMS Luce.Section6.extremeTypicalEnvelope_nonneg: [propext, Classical.choice, Quot.sound]
AXIOMS Luce.Section6.extreme_moment_absorption: [propext, Classical.choice, Quot.sound]
AXIOMS Luce.Section6.extreme_ratio_bounds: [propext, Classical.choice, Quot.sound]
AXIOMS Luce.Section6.factorial_core_error_inputs: [propext, Classical.choice, Quot.sound]
AXIOMS Luce.Section6.factorial_error_algebra: [propext, Classical.choice, Quot.sound]
AXIOMS Luce.Section6.factorial_finite_common_upper_bound: [propext, Classical.choice, Quot.sound]
AXIOMS Luce.Section6.factorial_finite_positive_lower_bound: [propext, Classical.choice, Quot.sound]
AXIOMS Luce.Section6.fallingBasis65_apply: [propext, Classical.choice, Quot.sound]
AXIOMS Luce.Section6.fast_arrival_boundary_continuous: [propext, Classical.choice, Quot.sound]
AXIOMS Luce.Section6.fast_arrival_boundary_hasDerivAt: [propext, Classical.choice, Quot.sound]
AXIOMS Luce.Section6.fast_arrival_boundary_tendsto: [propext, Classical.choice, Quot.sound]
AXIOMS Luce.Section6.fast_arrival_prototype_error: [propext, Classical.choice, Quot.sound]
AXIOMS Luce.Section6.fast_arrival_quadrature: [propext, Classical.choice, Quot.sound]
AXIOMS Luce.Section6.fast_arrival_tail_bound: [propext, Classical.choice, Quot.sound]
AXIOMS Luce.Section6.fast_power_envelope_average_bound: [propext, Classical.choice, Quot.sound]
AXIOMS Luce.Section6.fast_weighted_prototype_error: [propext, Classical.choice, Quot.sound]
AXIOMS Luce.Section6.fast_weighted_quadrature: [propext, Classical.choice, Quot.sound]
AXIOMS Luce.Section6.fast_weighted_tail_bound: [propext, Classical.choice, Quot.sound]
AXIOMS Luce.Section6.filter_card_le_add65: [propext, Classical.choice, Quot.sound]
AXIOMS Luce.Section6.filter_card_real65: [propext, Classical.choice, Quot.sound]
AXIOMS Luce.Section6.filtered_cycle_count_eq_indicator_sum: [propext, Classical.choice, Quot.sound]
AXIOMS Luce.Section6.filtered_cycle_count_eq_root_count: [propext, Classical.choice, Quot.sound]
AXIOMS Luce.Section6.filtered_cycle_expectation_eq_probability_sum: [propext, Classical.choice, Quot.sound]
AXIOMS Luce.Section6.filtered_root_orbit_count_symm65: [propext, Classical.choice, Quot.sound]
AXIOMS Luce.Section6.finite_average_deletion: [propext, Classical.choice, Quot.sound]
AXIOMS Luce.Section6.finite_average_deletion_bound: [propext, Classical.choice, Quot.sound]
AXIOMS Luce.Section6.finite_exponential_product_density: [propext, Classical.choice, Quot.sound]
AXIOMS Luce.Section6.finite_indicator_sum_eq_subtype: [propext, Classical.choice, Quot.sound]
AXIOMS Luce.Section6.finite_limit_eventually_bounds: [propext, Classical.choice, Quot.sound]
AXIOMS Luce.Section6.finite_local_comparison: [propext, Classical.choice, Quot.sound]
AXIOMS Luce.Section6.finite_local_kernel_bounds: [propext, Classical.choice, Quot.sound]
AXIOMS Luce.Section6.finite_nonneg_le_one_add_sum: [propext, Classical.choice, Quot.sound]
AXIOMS Luce.Section6.finite_or_weight_sum: [propext, Classical.choice, Quot.sound]
AXIOMS Luce.Section6.finite_positive_lower_bound: [propext, Classical.choice, Quot.sound]
AXIOMS Luce.Section6.finite_rank_cylinder_domination: [propext, Classical.choice, Quot.sound]
AXIOMS Luce.Section6.finite_rank_cylinder_reindex: [propext, Classical.choice, Quot.sound]
AXIOMS Luce.Section6.finite_sampled_rate_ratio_bound: [propext, Classical.choice, Quot.sound]
AXIOMS Luce.Section6.finite_uniform_cycle_constants: [propext, Classical.choice, Quot.sound]
AXIOMS Luce.Section6.finite_union_weight_sum: [propext, Classical.choice, Quot.sound]
AXIOMS Luce.Section6.forward_path_escape_bound: [propext, Classical.choice, Quot.sound]
AXIOMS Luce.Section6.forward_path_occupation_bound: [propext, Classical.choice, Quot.sound]
AXIOMS Luce.Section6.forward_path_terminal_potential: [propext, Classical.choice, Quot.sound]
AXIOMS Luce.Section6.gapCoordinates_map_law: [propext, Classical.choice, Quot.sound]
AXIOMS Luce.Section6.gapOrderedInsertion_congr_on_block: [propext, Classical.choice, Quot.sound]
AXIOMS Luce.Section6.gapOrderedKernel_eq_simplex_lintegral: [propext, Classical.choice, Quot.sound]
AXIOMS Luce.Section6.gapOrderedKernel_eq_simplex_measure: [propext, Classical.choice, Quot.sound]
AXIOMS Luce.Section6.gapOrderedKernel_le_one: [propext, Classical.choice, Quot.sound]
AXIOMS Luce.Section6.gapOrderedProduct_integrable: [propext, Classical.choice, Quot.sound]
AXIOMS Luce.Section6.gapSimplexIntegral_ae_eq_openValue: [propext, Classical.choice, Quot.sound]
AXIOMS Luce.Section6.gapSimplexIntegral_eq_open: [propext, Classical.choice, Quot.sound]
AXIOMS Luce.Section6.gapSimplexIntegral_integrable_and_eq: [propext, Classical.choice, Quot.sound]
AXIOMS Luce.Section6.gapSimplexProduct_integrable: [propext, Classical.choice, Quot.sound]
AXIOMS Luce.Section6.gapSimplexRegion_ae_eq_open: [propext, Classical.choice, Quot.sound]
AXIOMS Luce.Section6.gapSimplexRegion_preimage: [propext, Classical.choice, Quot.sound]
AXIOMS Luce.Section6.gapStartFromNormalized_congr: [propext, Classical.choice, Quot.sound]
AXIOMS Luce.Section6.gapStartFromNormalized_eq_previous: [propext, Classical.choice, Quot.sound]
AXIOMS Luce.Section6.gapStartFromNormalized_nonneg: [propext, Classical.choice, Quot.sound]
AXIOMS Luce.Section6.gapStartFromNormalized_update: [propext, Classical.choice, Quot.sound]
AXIOMS Luce.Section6.gapStart_indep_current: [propext, Classical.choice, Quot.sound]
AXIOMS Luce.Section6.gapStart_lt_imp_beforeCount: [propext, Classical.choice, Quot.sound]
AXIOMS Luce.Section6.gapStart_lt_of_beforeCount: [propext, Classical.choice, Quot.sound]
AXIOMS Luce.Section6.gapStart_survival_moment_factorization: [propext, Classical.choice, Quot.sound]
AXIOMS Luce.Section6.gap_label_blocks_disjoint: [propext, Classical.choice, Quot.sound]
AXIOMS Luce.Section6.gap_moment_coordinate_slice: [propext, Classical.choice, Quot.sound]
AXIOMS Luce.Section6.gap_start_eq_skeleton_add_selected: [propext, Classical.choice, Quot.sound]
AXIOMS Luce.Section6.gap_start_eq_skeleton_add_selected_indices: [propext, Classical.choice, Quot.sound]
AXIOMS Luce.Section6.gaussianMoment65_deriv: [propext, Classical.choice, Quot.sound]
AXIOMS Luce.Section6.gaussianMoment65_one: [propext, Classical.choice, Quot.sound]
AXIOMS Luce.Section6.gaussianMoment65_rec: [propext, Classical.choice, Quot.sound]
AXIOMS Luce.Section6.gaussianMoment65_sum_rec: [propext, Classical.choice, Quot.sound]
AXIOMS Luce.Section6.gaussianMoment65_zero: [propext, Classical.choice, Quot.sound]
AXIOMS Luce.Section6.gaussian_blocks_characteristic65: [propext, Classical.choice, Quot.sound]
AXIOMS Luce.Section6.gaussian_charFun_one_tendsto_of_moments: [propext, Classical.choice, Quot.sound]
AXIOMS Luce.Section6.gaussian_moment_remainder_tendsto: [propext, Classical.choice, Quot.sound]
AXIOMS Luce.Section6.half_relative_error_bounds: [propext, Classical.choice, Quot.sound]
AXIOMS Luce.Section6.harmonic_interval_sum67: [propext, Classical.choice, Quot.sound]
AXIOMS Luce.Section6.harmonic_real_subset67: [propext, Classical.choice, Quot.sound]
AXIOMS Luce.Section6.idealCoreLower_log_sublinear68: [propext, Classical.choice, Quot.sound]
AXIOMS Luce.Section6.idealCoreLower_pos68: [propext, Classical.choice, Quot.sound]
AXIOMS Luce.Section6.idealCycleWeight_log68: [propext, Classical.choice, Quot.sound]
AXIOMS Luce.Section6.idealRootTrace_floor68: [propext, Classical.choice, Quot.sound]
AXIOMS Luce.Section6.idealRootTrace_left_sub68: [propext, Classical.choice, Quot.sound]
AXIOMS Luce.Section6.idealRootTrace_right_sub68: [propext, Classical.choice, Quot.sound]
AXIOMS Luce.Section6.idealSpatialTrace68_window_bound: [propext, Classical.choice, Quot.sound]
AXIOMS Luce.Section6.idealSpatialTrace_meanApprox65: [propext, Classical.choice, Quot.sound]
AXIOMS Luce.Section6.idealSpatialWindow68_eventually: [propext, Classical.choice, Quot.sound]
AXIOMS Luce.Section6.idealTrace_eq_logDistinct68: [propext, Classical.choice, Quot.sound]
AXIOMS Luce.Section6.idealTrace_meanApprox65: [propext, Classical.choice, Quot.sound]
AXIOMS Luce.Section6.idealTrace_refined68: [propext, Classical.choice, Quot.sound]
AXIOMS Luce.Section6.idealTrace_restrict68: [propext, Classical.choice, Quot.sound]
AXIOMS Luce.Section6.idealTupleRoot_left_le68: [propext, Classical.choice, Quot.sound]
AXIOMS Luce.Section6.idealTupleRoot_right_gt68: [propext, Classical.choice, Quot.sound]
AXIOMS Luce.Section6.ideal_core_eventual_domain: [propext, Classical.choice, Quot.sound]
AXIOMS Luce.Section6.ideal_core_lower_tendsto: [propext, Classical.choice, Quot.sound]
AXIOMS Luce.Section6.ideal_core_nonempty_eventually: [propext, Classical.choice, Quot.sound]
AXIOMS Luce.Section6.ideal_core_upper_le_div: [propext, Classical.choice, Quot.sound]
AXIOMS Luce.Section6.ideal_core_upper_le_population: [propext, Classical.choice, Quot.sound]
AXIOMS Luce.Section6.imaginary_exp_integrable65: [propext, Classical.choice, Quot.sound]
AXIOMS Luce.Section6.imaginary_exp_lipschitz65: [propext, Classical.choice, Quot.sound]
AXIOMS Luce.Section6.inactive_coefficient_zero65: [propext, Classical.choice, Quot.sound]
AXIOMS Luce.Section6.inactive_terminal_kernel_row_bound: [propext, Classical.choice, Quot.sound]
AXIOMS Luce.Section6.inactive_terminal_kernel_subset_bound: [propext, Classical.choice, Quot.sound]
AXIOMS Luce.Section6.inactive_terminal_ordinary_row_bound: [propext, Classical.choice, Quot.sound]
AXIOMS Luce.Section6.incrementDensity_bound: [propext, Classical.choice, Quot.sound]
AXIOMS Luce.Section6.incrementDensity_continuous: [propext, Classical.choice, Quot.sound]
AXIOMS Luce.Section6.incrementDensity_deriv_bound: [propext, Classical.choice, Quot.sound]
AXIOMS Luce.Section6.incrementDensity_deriv_continuous: [propext, Classical.choice, Quot.sound]
AXIOMS Luce.Section6.incrementDensity_exponential_envelope: [propext, Classical.choice, Quot.sound]
AXIOMS Luce.Section6.incrementDensity_exponential_moment: [propext, Classical.choice, Quot.sound]
AXIOMS Luce.Section6.incrementDensity_hasDerivAt: [propext, Classical.choice, Quot.sound]
AXIOMS Luce.Section6.incrementDensity_integrable: [propext, Classical.choice, Quot.sound]
AXIOMS Luce.Section6.incrementDensity_integral: [propext, Classical.choice, Quot.sound]
AXIOMS Luce.Section6.incrementDensity_pos: [propext, Classical.choice, Quot.sound]
AXIOMS Luce.Section6.incrementDensity_traceDensity68: [propext, Classical.choice, Quot.sound]
AXIOMS Luce.Section6.independent_real_coordinates_avoid_ae: [propext, Classical.choice, Quot.sound]
AXIOMS Luce.Section6.independent_real_coordinates_injective_ae: [propext, Classical.choice, Quot.sound]
AXIOMS Luce.Section6.initial_block_remaining_rate: [propext, Classical.choice, Quot.sound]
AXIOMS Luce.Section6.injective_update_clock: [propext, Classical.choice, Quot.sound]
AXIOMS Luce.Section6.insertionChoices_nonempty: [propext, Classical.choice, Quot.sound]
AXIOMS Luce.Section6.insertionDominationENN_le_one: [propext, Classical.choice, Quot.sound]
AXIOMS Luce.Section6.insertionDominationMatrix_attained: [propext, Classical.choice, Quot.sound]
AXIOMS Luce.Section6.insertionDominationMatrix_le_one: [propext, Classical.choice, Quot.sound]
AXIOMS Luce.Section6.insertionDominationMatrix_nonneg: [propext, Classical.choice, Quot.sound]
AXIOMS Luce.Section6.insertionDominationMatrix_row_le_size: [propext, Classical.choice, Quot.sound]
AXIOMS Luce.Section6.insertionDominationMatrix_row_selection: [propext, Classical.choice, Quot.sound]
AXIOMS Luce.Section6.insertionDominationMatrix_weighted_row_le_size: [propext, Classical.choice, Quot.sound]
AXIOMS Luce.Section6.insertionDominationMatrix_weighted_row_transfer: [propext, Classical.choice, Quot.sound]
AXIOMS Luce.Section6.insertion_envelope_mono: [propext, Classical.choice, Quot.sound]
AXIOMS Luce.Section6.integrableOn_fast_arrival: [propext, Classical.choice, Quot.sound]
AXIOMS Luce.Section6.integrableOn_fast_weighted_power: [propext, Classical.choice, Quot.sound]
AXIOMS Luce.Section6.integrableOn_power_exp: [propext, Classical.choice, Quot.sound]
AXIOMS Luce.Section6.integrableOn_slow_survival: [propext, Classical.choice, Quot.sound]
AXIOMS Luce.Section6.integrableOn_weighted_power: [propext, Classical.choice, Quot.sound]
AXIOMS Luce.Section6.integrable_density_envelope: [propext, Classical.choice, Quot.sound]
AXIOMS Luce.Section6.integrable_exp_neg_abs68: [propext, Classical.choice, Quot.sound]
AXIOMS Luce.Section6.integrable_fin_cons68: [propext, Classical.choice, Quot.sound]
AXIOMS Luce.Section6.integrable_marked_gap_coordinate_product: [propext, Classical.choice, Quot.sound]
AXIOMS Luce.Section6.integrable_marked_gap_weighted_error: [propext, Classical.choice, Quot.sound]
AXIOMS Luce.Section6.integral_category_block_indicator: [propext, Classical.choice, Quot.sound]
AXIOMS Luce.Section6.integral_clockArrivalIndicator: [propext, Classical.choice, Quot.sound]
AXIOMS Luce.Section6.integral_comparison_good_bad: [propext, Classical.choice, Quot.sound]
AXIOMS Luce.Section6.integral_exp_neg_abs68: [propext, Classical.choice, Quot.sound]
AXIOMS Luce.Section6.integral_exp_substitution68: [propext, Classical.choice, Quot.sound]
AXIOMS Luce.Section6.integral_fast_arrival: [propext, Classical.choice, Quot.sound]
AXIOMS Luce.Section6.integral_fast_weighted_power: [propext, Classical.choice, Quot.sound]
AXIOMS Luce.Section6.integral_fin_cons68: [propext, Classical.choice, Quot.sound]
AXIOMS Luce.Section6.integral_marked_gap_coordinate_product: [propext, Classical.choice, Quot.sound]
AXIOMS Luce.Section6.integral_marked_gap_weighted_error: [propext, Classical.choice, Quot.sound]
AXIOMS Luce.Section6.integral_power_density: [propext, Classical.choice, Quot.sound]
AXIOMS Luce.Section6.integral_power_exp: [propext, Classical.choice, Quot.sound]
AXIOMS Luce.Section6.integral_power_weighted_density: [propext, Classical.choice, Quot.sound]
AXIOMS Luce.Section6.integral_slow_survival: [propext, Classical.choice, Quot.sound]
AXIOMS Luce.Section6.integral_weighted_power: [propext, Classical.choice, Quot.sound]
AXIOMS Luce.Section6.interior_deletedD_bounds: [propext, Classical.choice, Quot.sound]
AXIOMS Luce.Section6.interior_deleted_survivor_reservoir: [propext, Classical.choice, Quot.sound]
AXIOMS Luce.Section6.interior_envelope_le_inverse_row: [propext, Classical.choice, Quot.sound]
AXIOMS Luce.Section6.interior_envelope_sum_bound: [propext, Classical.choice, Quot.sound]
AXIOMS Luce.Section6.interior_logarithmic_survivor_mean: [propext, Classical.choice, Quot.sound]
AXIOMS Luce.Section6.interior_populationD_bounds: [propext, Classical.choice, Quot.sound]
AXIOMS Luce.Section6.interior_sampled_rate_bounds: [propext, Classical.choice, Quot.sound]
AXIOMS Luce.Section6.interval_discarded_count_eq_zero_of_lt: [propext, Classical.choice, Quot.sound]
AXIOMS Luce.Section6.interval_discarded_count_rounding: [propext, Classical.choice, Quot.sound]
AXIOMS Luce.Section6.invariant_statistic_raceDraw_eq_rank65: [propext, Classical.choice, Quot.sound]
AXIOMS Luce.Section6.inverse_power_kernel_row_bound: [propext, Classical.choice, Quot.sound]
AXIOMS Luce.Section6.inverse_power_relative_error: [propext, Classical.choice, Quot.sound]
AXIOMS Luce.Section6.joint_gap_moment_bound: [propext, Classical.choice, Quot.sound]
AXIOMS Luce.Section6.joint_normalized_estimate: [propext, Classical.choice, Quot.sound]
AXIOMS Luce.Section6.joint_power_error_small: [propext, Classical.choice, Quot.sound]
AXIOMS Luce.Section6.laplaceDensity68_traceDensity: [propext, Classical.choice, Quot.sound]
AXIOMS Luce.Section6.later_selected_rate_nonneg: [propext, Classical.choice, Quot.sound]
AXIOMS Luce.Section6.later_selected_rate_reindex: [propext, Classical.choice, Quot.sound]
AXIOMS Luce.Section6.leftQuantileTime_spec: [propext, Classical.choice, Quot.sound]
AXIOMS Luce.Section6.left_bounded_source_kernel_le_inverse_row: [propext, Classical.choice, Quot.sound]
AXIOMS Luce.Section6.left_corner_envelope_column_bound: [propext, Classical.choice, Quot.sound]
AXIOMS Luce.Section6.left_depth_factor_comparison: [propext, Classical.choice, Quot.sound]
AXIOMS Luce.Section6.left_double_threshold67: [propext, Classical.choice, Quot.sound]
AXIOMS Luce.Section6.left_envelope_weighted_sum_bound: [propext, Classical.choice, Quot.sound]
AXIOMS Luce.Section6.left_exceptional_weighted_row_bound: [propext, Classical.choice, Quot.sound]
AXIOMS Luce.Section6.left_excursion_depth_sum: [propext, Classical.choice, Quot.sound]
AXIOMS Luce.Section6.left_excursion_kernel_sum: [propext, Classical.choice, Quot.sound]
AXIOMS Luce.Section6.left_insertion_ratio_identity: [propext, Classical.choice, Quot.sound]
AXIOMS Luce.Section6.left_ordinary_column_bound: [propext, Classical.choice, Quot.sound]
AXIOMS Luce.Section6.left_ordinary_weighted_row_bound: [propext, Classical.choice, Quot.sound]
AXIOMS Luce.Section6.left_power_ratio: [propext, Classical.choice, Quot.sound]
AXIOMS Luce.Section6.left_power_time_identity: [propext, Classical.choice, Quot.sound]
AXIOMS Luce.Section6.left_rate_floor_ratio: [propext, Classical.choice, Quot.sound]
AXIOMS Luce.Section6.left_rate_time_leading: [propext, Classical.choice, Quot.sound]
AXIOMS Luce.Section6.left_typical_extreme_restricted_sums: [propext, Classical.choice, Quot.sound]
AXIOMS Luce.Section6.lemma612: [propext, Classical.choice, Quot.sound]
AXIOMS Luce.Section6.lemma612_contractCheck: [propext, Classical.choice, Quot.sound]
AXIOMS Luce.Section6.lemma64: [propext, Classical.choice, Quot.sound]
AXIOMS Luce.Section6.lemma64_contractCheck: [propext, Classical.choice, Quot.sound]
AXIOMS Luce.Section6.lemma64_cycles: [propext, Classical.choice, Quot.sound]
AXIOMS Luce.Section6.lemma64_cycles_contractCheck: [propext, Classical.choice, Quot.sound]
AXIOMS Luce.Section6.lemma64_matrix: [propext, Classical.choice, Quot.sound]
AXIOMS Luce.Section6.lemma66: [propext, Classical.choice, Quot.sound]
AXIOMS Luce.Section6.lemma67: [propext, Classical.choice, Quot.sound]
AXIOMS Luce.Section6.lemma67_active: [propext, Classical.choice, Quot.sound]
AXIOMS Luce.Section6.lemma67_excursion_totals: [propext, Classical.choice, Quot.sound]
AXIOMS Luce.Section6.lemma67_regular: [propext, Classical.choice, Quot.sound]
AXIOMS Luce.Section6.lemma67_regular_totals: [propext, Classical.choice, Quot.sound]
AXIOMS Luce.Section6.lemma68: [propext, Classical.choice, Quot.sound]
AXIOMS Luce.Section6.lemma68_contractCheck: [propext, Classical.choice, Quot.sound]
AXIOMS Luce.Section6.lemma68_spatial: [propext, Classical.choice, Quot.sound]
AXIOMS Luce.Section6.lemma68_total: [propext, Classical.choice, Quot.sound]
AXIOMS Luce.Section6.lemma69: [propext, Classical.choice, Quot.sound]
AXIOMS Luce.Section6.lemma69_contractCheck: [propext, Classical.choice, Quot.sound]
AXIOMS Luce.Section6.linearCombination65_power: [propext, Classical.choice, Quot.sound]
AXIOMS Luce.Section6.linearCombination_blocks65: [propext, Classical.choice, Quot.sound]
AXIOMS Luce.Section6.linear_exp_absorption: [propext, Classical.choice, Quot.sound]
AXIOMS Luce.Section6.linear_exponential_bound: [propext, Classical.choice, Quot.sound]
AXIOMS Luce.Section6.lintegral_single_coordinate: [propext, Classical.choice, Quot.sound]
AXIOMS Luce.Section6.localCornerRatio_positive: [propext, Classical.choice, Quot.sound]
AXIOMS Luce.Section6.localEnvelopeKernel_antitone: [propext, Classical.choice, Quot.sound]
AXIOMS Luce.Section6.localEnvelopeKernel_positive: [propext, Classical.choice, Quot.sound]
AXIOMS Luce.Section6.localIdealKernel_le_envelope: [propext, Classical.choice, Quot.sound]
AXIOMS Luce.Section6.localIdealKernel_log68: [propext, Classical.choice, Quot.sound]
AXIOMS Luce.Section6.localIdealKernel_nonneg: [propext, Classical.choice, Quot.sound]
AXIOMS Luce.Section6.localPowerError_interval: [propext, Classical.choice, Quot.sound]
AXIOMS Luce.Section6.localPowerError_nonneg: [propext, Classical.choice, Quot.sound]
AXIOMS Luce.Section6.local_coefficient_slack: [propext, Classical.choice, Quot.sound]
AXIOMS Luce.Section6.local_envelope_matrix_bounds: [propext, Classical.choice, Quot.sound]
AXIOMS Luce.Section6.local_envelope_target_bound: [propext, Classical.choice, Quot.sound]
AXIOMS Luce.Section6.local_envelope_weighted_rows: [propext, Classical.choice, Quot.sound]
AXIOMS Luce.Section6.local_error_powers: [propext, Classical.choice, Quot.sound]
AXIOMS Luce.Section6.local_gap_coefficient_bounds: [propext, Classical.choice, Quot.sound]
AXIOMS Luce.Section6.local_ideal_eq_scaled_envelope: [propext, Classical.choice, Quot.sound]
AXIOMS Luce.Section6.local_ideal_matrix_bounds: [propext, Classical.choice, Quot.sound]
AXIOMS Luce.Section6.localization65: [propext, Classical.choice, Quot.sound]
AXIOMS Luce.Section6.logCell68_disjoint: [propext, Classical.choice, Quot.sound]
AXIOMS Luce.Section6.logCell68_offset: [propext, Classical.choice, Quot.sound]
AXIOMS Luce.Section6.logCell68_union: [propext, Classical.choice, Quot.sound]
AXIOMS Luce.Section6.logCellCorrection68_bounds: [propext, Classical.choice, Quot.sound]
AXIOMS Luce.Section6.logCellCorrection68_product_bounds: [propext, Classical.choice, Quot.sound]
AXIOMS Luce.Section6.logCellCube68_constant_identity: [propext, Classical.choice, Quot.sound]
AXIOMS Luce.Section6.logCellCube68_disjoint: [propext, Classical.choice, Quot.sound]
AXIOMS Luce.Section6.logCellCube68_integrable: [propext, Classical.choice, Quot.sound]
AXIOMS Luce.Section6.logCellCube68_integral_error: [propext, Classical.choice, Quot.sound]
AXIOMS Luce.Section6.logCellCube68_measurable: [propext, Classical.choice, Quot.sound]
AXIOMS Luce.Section6.logCellCube68_pointwise_error: [propext, Classical.choice, Quot.sound]
AXIOMS Luce.Section6.logCellCube68_union: [propext, Classical.choice, Quot.sound]
AXIOMS Luce.Section6.logCellCube68_volume: [propext, Classical.choice, Quot.sound]
AXIOMS Luce.Section6.logCellWidth68_bounds: [propext, Classical.choice, Quot.sound]
AXIOMS Luce.Section6.logCellWidth68_pos: [propext, Classical.choice, Quot.sound]
AXIOMS Luce.Section6.logDistinctTrace68_comparison: [propext, Classical.choice, Quot.sound]
AXIOMS Luce.Section6.logDistinctTrace68_refined: [propext, Classical.choice, Quot.sound]
AXIOMS Luce.Section6.logGridTrace68_comparison: [propext, Classical.choice, Quot.sound]
AXIOMS Luce.Section6.logGrowth65_const: [propext, Classical.choice, Quot.sound]
AXIOMS Luce.Section6.logGrowth65_of_ratio: [propext, Classical.choice, Quot.sound]
AXIOMS Luce.Section6.logLocation_window_iff65: [propext, Classical.choice, Quot.sound]
AXIOMS Luce.Section6.logTraceBox68_integrable: [propext, Classical.choice, Quot.sound]
AXIOMS Luce.Section6.logTraceBox68_measurable: [propext, Classical.choice, Quot.sound]
AXIOMS Luce.Section6.logTupleRange_continuous68: [propext, Classical.choice, Quot.sound]
AXIOMS Luce.Section6.logTupleRange_le_pathVariation68: [propext, Classical.choice, Quot.sound]
AXIOMS Luce.Section6.logTupleRange_nonneg: [propext, Classical.choice, Quot.sound]
AXIOMS Luce.Section6.logTupleRoot_continuous68: [propext, Classical.choice, Quot.sound]
AXIOMS Luce.Section6.logTupleRoot_translate: [propext, Classical.choice, Quot.sound]
AXIOMS Luce.Section6.logWeight65_one_le: [propext, Classical.choice, Quot.sound]
AXIOMS Luce.Section6.log_core_lower_sqrt_tendsto65: [propext, Classical.choice, Quot.sound]
AXIOMS Luce.Section6.log_distance_left_ratio: [propext, Classical.choice, Quot.sound]
AXIOMS Luce.Section6.log_distance_right_ratio: [propext, Classical.choice, Quot.sound]
AXIOMS Luce.Section6.log_envelope_box_bound68: [propext, Classical.choice, Quot.sound]
AXIOMS Luce.Section6.log_floor_errors68: [propext, Classical.choice, Quot.sound]
AXIOMS Luce.Section6.log_floor_errors_le_one68: [propext, Classical.choice, Quot.sound]
AXIOMS Luce.Section6.log_grid_raw_comparison68: [propext, Classical.choice, Quot.sound]
AXIOMS Luce.Section6.log_kernel_row68: [propext, Classical.choice, Quot.sound]
AXIOMS Luce.Section6.log_kernel_target68: [propext, Classical.choice, Quot.sound]
AXIOMS Luce.Section6.log_population_core_upper65: [propext, Classical.choice, Quot.sound]
AXIOMS Luce.Section6.log_two_sub_half_pos: [propext, Classical.choice, Quot.sound]
AXIOMS Luce.Section6.logarithmic_excursion_expectation_of_root_bound: [propext, Classical.choice, Quot.sound]
AXIOMS Luce.Section6.logarithmic_gap_start_tail: [propext, Classical.choice, Quot.sound]
AXIOMS Luce.Section6.logarithmic_survival_envelope: [propext, Classical.choice, Quot.sound]
AXIOMS Luce.Section6.logarithmic_survival_sqrt_identity: [propext, Classical.choice, Quot.sound]
AXIOMS Luce.Section6.luce_cycle_statistic_integral_eq: [propext, Classical.choice, Quot.sound]
AXIOMS Luce.Section6.luce_invariant_integral_eq65: [propext, Classical.choice, Quot.sound]
AXIOMS Luce.Section6.markedNormalizedGaps_nonneg_ae: [propext, Classical.choice, Quot.sound]
AXIOMS Luce.Section6.markedRankCylinder_iff_ordered_counts: [propext, Classical.choice, Quot.sound]
AXIOMS Luce.Section6.markedRankCylinder_probability_eq_gap_product: [propext, Classical.choice, Quot.sound]
AXIOMS Luce.Section6.markedRankCylinder_probability_eq_orderedInsertion: [propext, Classical.choice, Quot.sound]
AXIOMS Luce.Section6.markedRankCylinder_probability_eq_sortedOrderedInsertion: [propext, Classical.choice, Quot.sound]
AXIOMS Luce.Section6.markedRankCylinder_probability_le_Lp_product: [propext, Classical.choice, Quot.sound]
AXIOMS Luce.Section6.markedRankCylinder_probability_le_domination_matrix: [propext, Classical.choice, Quot.sound]
AXIOMS Luce.Section6.markedRankCylinder_real_probability_eq_gap_product: [propext, Classical.choice, Quot.sound]
AXIOMS Luce.Section6.markedRankCylinder_real_probability_eq_openSimplex_product: [propext, Classical.choice, Quot.sound]
AXIOMS Luce.Section6.markedRankCylinder_real_probability_eq_simplex_product: [propext, Classical.choice, Quot.sound]
AXIOMS Luce.Section6.markedRankCylinder_real_probability_eq_sortedOrderedInsertion: [propext,
 Classical.choice,
 Quot.sound]
AXIOMS Luce.Section6.markedRankCylinder_real_probability_le_domination_matrix: [propext, Classical.choice, Quot.sound]
AXIOMS Luce.Section6.markedRankCylinder_real_probability_le_gap_product: [propext, Classical.choice, Quot.sound]
AXIOMS Luce.Section6.marked_normalized_skeleton_integral: [propext, Classical.choice, Quot.sound]
AXIOMS Luce.Section6.maximumCycleRoots_symm65: [propext, Classical.choice, Quot.sound]
AXIOMS Luce.Section6.maximum_root_expectation_le_cycle_probability: [propext, Classical.choice, Quot.sound]
AXIOMS Luce.Section6.maximum_root_left_escape_iff: [propext, Classical.choice, Quot.sound]
AXIOMS Luce.Section6.maximum_root_right_escape_iff: [propext, Classical.choice, Quot.sound]
AXIOMS Luce.Section6.meanApprox65_of_core_log_bound: [propext, Classical.choice, Quot.sound]
AXIOMS Luce.Section6.measurableSet_gapOrderedInsertion: [propext, Classical.choice, Quot.sound]
AXIOMS Luce.Section6.measurableSet_gapSimplexRegion: [propext, Classical.choice, Quot.sound]
AXIOMS Luce.Section6.measurableSet_openOrderGap: [propext, Classical.choice, Quot.sound]
AXIOMS Luce.Section6.measurableSet_orderedMarkedInsertion: [propext, Classical.choice, Quot.sound]
AXIOMS Luce.Section6.measurable_clockArrivalIndicator: [propext, Classical.choice, Quot.sound]
AXIOMS Luce.Section6.measurable_exactCycleVertexCount: [propext, Classical.choice, Quot.sound]
AXIOMS Luce.Section6.measurable_gapOrderedKernel: [propext, Classical.choice, Quot.sound]
AXIOMS Luce.Section6.measurable_orderedInsertionKernel: [propext, Classical.choice, Quot.sound]
AXIOMS Luce.Section6.memLp_race_permutation_statistic65: [propext, Classical.choice, Quot.sound]
AXIOMS Luce.Section6.mem_openOrderGap_iff_count: [propext, Classical.choice, Quot.sound]
AXIOMS Luce.Section6.mem_terminalGap_iff_count: [propext, Classical.choice, Quot.sound]
AXIOMS Luce.Section6.moderate_exponential_sum_le: [propext, Classical.choice, Quot.sound]
AXIOMS Luce.Section6.moderate_ratio_le_depth: [propext, Classical.choice, Quot.sound]
AXIOMS Luce.Section6.momentTaylor_eq_taylor: [propext, Classical.choice, Quot.sound]
AXIOMS Luce.Section6.momentTaylor_tendsto: [propext, Classical.choice, Quot.sound]
AXIOMS Luce.Section6.moment_remainder_tendsto: [propext, Classical.choice, Quot.sound]
AXIOMS Luce.Section6.monotoneOn_clip_min: [propext, Classical.choice, Quot.sound]
AXIOMS Luce.Section6.monotone_nat_log68: [propext, Classical.choice, Quot.sound]
AXIOMS Luce.Section6.monotone_positive_power_quantile_error: [propext, Classical.choice, Quot.sound]
AXIOMS Luce.Section6.monotone_quantile_smallness: [propext, Classical.choice, Quot.sound]
AXIOMS Luce.Section6.monotone_sample_average_error: [propext, Classical.choice, Quot.sound]
AXIOMS Luce.Section6.negative_power_inverse_estimate: [propext, Classical.choice, Quot.sound]
AXIOMS Luce.Section6.negative_power_weighted_comparison: [propext, Classical.choice, Quot.sound]
AXIOMS Luce.Section6.negative_power_window_region: [propext, Classical.choice, Quot.sound]
AXIOMS Luce.Section6.noninjective_cycle_sum68: [propext, Classical.choice, Quot.sound]
AXIOMS Luce.Section6.nonmoderate_cycle_edge_sum: [propext, Classical.choice, Quot.sound]
AXIOMS Luce.Section6.nonmoderate_cycle_family_sum: [propext, Classical.choice, Quot.sound]
AXIOMS Luce.Section6.nonmoderate_edge_has_large_potential: [propext, Classical.choice, Quot.sound]
AXIOMS Luce.Section6.normalization_affine65: [propext, Classical.choice, Quot.sound]
AXIOMS Luce.Section6.normalized_gap_comparison: [propext, Classical.choice, Quot.sound]
AXIOMS Luce.Section6.normalized_gap_product_comparison: [propext, Classical.choice, Quot.sound]
AXIOMS Luce.Section6.normalized_gap_taylor_with_decay: [propext, Classical.choice, Quot.sound]
AXIOMS Luce.Section6.normalized_insertion_product_bounds: [propext, Classical.choice, Quot.sound]
AXIOMS Luce.Section6.normalized_insertion_product_integrable: [propext, Classical.choice, Quot.sound]
AXIOMS Luce.Section6.normalized_local_pointwise: [propext, Classical.choice, Quot.sound]
AXIOMS Luce.Section6.normalized_skeleton_integral: [propext, Classical.choice, Quot.sound]
AXIOMS Luce.Section6.not_offActiveLabels65: [propext, Classical.choice, Quot.sound]
AXIOMS Luce.Section6.ofReal_insertionDominationMatrix: [propext, Classical.choice, Quot.sound]
AXIOMS Luce.Section6.one_add_log_core_lower_sqrt_tendsto65: [propext, Classical.choice, Quot.sound]
AXIOMS Luce.Section6.one_depth_error_le_cross: [propext, Classical.choice, Quot.sound]
AXIOMS Luce.Section6.one_gap_moment_bound: [propext, Classical.choice, Quot.sound]
AXIOMS Luce.Section6.one_sub_exp_neg_bounds: [propext, Classical.choice, Quot.sound]
AXIOMS Luce.Section6.openGapSimplexIntegral_integrable: [propext, Classical.choice, Quot.sound]
AXIOMS Luce.Section6.openGapSimplexProduct_integrable: [propext, Classical.choice, Quot.sound]
AXIOMS Luce.Section6.openPathWeight68_const_mul: [propext, Classical.choice, Quot.sound]
AXIOMS Luce.Section6.openPathWeight68_continuous: [propext, Classical.choice, Quot.sound]
AXIOMS Luce.Section6.openPathWeight68_eq_prod: [propext, Classical.choice, Quot.sound]
AXIOMS Luce.Section6.openPathWeight68_exp: [propext, Classical.choice, Quot.sound]
AXIOMS Luce.Section6.openPathWeight68_mono: [propext, Classical.choice, Quot.sound]
AXIOMS Luce.Section6.openPathWeight68_nonneg: [propext, Classical.choice, Quot.sound]
AXIOMS Luce.Section6.opposite_core_sets_disjoint: [propext, Classical.choice, Quot.sound]
AXIOMS Luce.Section6.orderedInsertionKernel_eq_gap_product: [propext, Classical.choice, Quot.sound]
AXIOMS Luce.Section6.orderedInsertionKernel_eq_product_of_strictMono: [propext, Classical.choice, Quot.sound]
AXIOMS Luce.Section6.orderedInsertionKernel_integrable: [propext, Classical.choice, Quot.sound]
AXIOMS Luce.Section6.orderedInsertionKernel_le_one: [propext, Classical.choice, Quot.sound]
AXIOMS Luce.Section6.orderedInsertionKernel_le_product: [propext, Classical.choice, Quot.sound]
AXIOMS Luce.Section6.orderedMarkedInsertion_iff_gap_partition: [propext, Classical.choice, Quot.sound]
AXIOMS Luce.Section6.ordered_gap_integrable_transfer: [propext, Classical.choice, Quot.sound]
AXIOMS Luce.Section6.ordered_gap_integral_transfer: [propext, Classical.choice, Quot.sound]
AXIOMS Luce.Section6.ordered_race_gap_moment_bound: [propext, Classical.choice, Quot.sound]
AXIOMS Luce.Section6.ordered_remaining_rate_antitone: [propext, Classical.choice, Quot.sound]
AXIOMS Luce.Section6.ordinary_envelope_mono_decay: [propext, Classical.choice, Quot.sound]
AXIOMS Luce.Section6.ordinary_power_column_bound: [propext, Classical.choice, Quot.sound]
AXIOMS Luce.Section6.outside_depth_decay: [propext, Classical.choice, Quot.sound]
AXIOMS Luce.Section6.outside_left_weighted_power_identity: [propext, Classical.choice, Quot.sound]
AXIOMS Luce.Section6.outside_left_weighted_subset_bound: [propext, Classical.choice, Quot.sound]
AXIOMS Luce.Section6.outside_left_weighted_sum_bound: [propext, Classical.choice, Quot.sound]
AXIOMS Luce.Section6.outside_right_kernel_inverse_row: [propext, Classical.choice, Quot.sound]
AXIOMS Luce.Section6.pathVariation68_nonneg: [propext, Classical.choice, Quot.sound]
AXIOMS Luce.Section6.pathVariation68_vertex: [propext, Classical.choice, Quot.sound]
AXIOMS Luce.Section6.periodicOrbit_finset_sameCycle65: [propext, Classical.choice, Quot.sound]
AXIOMS Luce.Section6.periodicOrbit_finset_symm65: [propext, Classical.choice, Quot.sound]
AXIOMS Luce.Section6.poissonFunctional65_centered_stein: [propext, Classical.choice, Quot.sound]
AXIOMS Luce.Section6.poissonFunctional65_desc: [propext, Classical.choice, Quot.sound]
AXIOMS Luce.Section6.poissonFunctional65_expansion: [propext, Classical.choice, Quot.sound]
AXIOMS Luce.Section6.poissonFunctional65_one: [propext, Classical.choice, Quot.sound]
AXIOMS Luce.Section6.poissonFunctional65_stein: [propext, Classical.choice, Quot.sound]
AXIOMS Luce.Section6.polynomial_eval_expansion65: [propext, Classical.choice, Quot.sound]
AXIOMS Luce.Section6.polynomial_expansion65: [propext, Classical.choice, Quot.sound]
AXIOMS Luce.Section6.populationD_absolute_variation: [propext, Classical.choice, Quot.sound]
AXIOMS Luce.Section6.populationD_antitone: [propext, Classical.choice, Quot.sound]
AXIOMS Luce.Section6.populationD_hasDerivAt: [propext, Classical.choice, Quot.sound]
AXIOMS Luce.Section6.populationD_one_deletion_bound: [propext, Classical.choice, Quot.sound]
AXIOMS Luce.Section6.populationD_one_difference_bound: [propext, Classical.choice, Quot.sound]
AXIOMS Luce.Section6.populationD_one_eq_reflected_samples: [propext, Classical.choice, Quot.sound]
AXIOMS Luce.Section6.populationD_one_eq_samples: [propext, Classical.choice, Quot.sound]
AXIOMS Luce.Section6.populationD_one_upper: [propext, Classical.choice, Quot.sound]
AXIOMS Luce.Section6.populationD_pos: [propext, Classical.choice, Quot.sound]
AXIOMS Luce.Section6.populationD_relative_stability: [propext, Classical.choice, Quot.sound]
AXIOMS Luce.Section6.populationD_relative_variation: [propext, Classical.choice, Quot.sound]
AXIOMS Luce.Section6.populationD_two_le: [propext, Classical.choice, Quot.sound]
AXIOMS Luce.Section6.populationG_arrivalQuantile: [propext, Classical.choice, Quot.sound]
AXIOMS Luce.Section6.populationG_deletion_bound: [propext, Classical.choice, Quot.sound]
AXIOMS Luce.Section6.populationG_eq_one_sub_H: [propext, Classical.choice, Quot.sound]
AXIOMS Luce.Section6.populationG_eq_samples: [propext, Classical.choice, Quot.sound]
AXIOMS Luce.Section6.populationG_hasDerivAt: [propext, Classical.choice, Quot.sound]
AXIOMS Luce.Section6.populationG_le_uniform_rate: [propext, Classical.choice, Quot.sound]
AXIOMS Luce.Section6.populationG_mean_separation: [propext, Classical.choice, Quot.sound]
AXIOMS Luce.Section6.populationG_separation: [propext, Classical.choice, Quot.sound]
AXIOMS Luce.Section6.populationG_strictMono: [propext, Classical.choice, Quot.sound]
AXIOMS Luce.Section6.populationG_tendsto_one: [propext, Classical.choice, Quot.sound]
AXIOMS Luce.Section6.populationG_zero: [propext, Classical.choice, Quot.sound]
AXIOMS Luce.Section6.populationH_deletion_bound: [propext, Classical.choice, Quot.sound]
AXIOMS Luce.Section6.populationH_eq_reflected_samples: [propext, Classical.choice, Quot.sound]
AXIOMS Luce.Section6.populationH_hasDerivAt: [propext, Classical.choice, Quot.sound]
AXIOMS Luce.Section6.populationH_le_uniform_rate: [propext, Classical.choice, Quot.sound]
AXIOMS Luce.Section6.populationH_mean_separation: [propext, Classical.choice, Quot.sound]
AXIOMS Luce.Section6.populationH_separation: [propext, Classical.choice, Quot.sound]
AXIOMS Luce.Section6.populationH_strictAnti: [propext, Classical.choice, Quot.sound]
AXIOMS Luce.Section6.populationH_survivorQuantile: [propext, Classical.choice, Quot.sound]
AXIOMS Luce.Section6.populationH_tendsto_zero: [propext, Classical.choice, Quot.sound]
AXIOMS Luce.Section6.populationH_zero: [propext, Classical.choice, Quot.sound]
AXIOMS Luce.Section6.population_moments_from_power_window: [propext, Classical.choice, Quot.sound]
AXIOMS Luce.Section6.positive_continuous_compact_bounds: [propext, Classical.choice, Quot.sound]
AXIOMS Luce.Section6.positive_continuous_lower_from_left: [propext, Classical.choice, Quot.sound]
AXIOMS Luce.Section6.positive_continuous_upper_from_left: [propext, Classical.choice, Quot.sound]
AXIOMS Luce.Section6.positive_depth_interval_rounding: [propext, Classical.choice, Quot.sound]
AXIOMS Luce.Section6.positive_depth_subset_sum_le: [propext, Classical.choice, Quot.sound]
AXIOMS Luce.Section6.positive_natset_order_bound: [propext, Classical.choice, Quot.sound]
AXIOMS Luce.Section6.positive_natset_rpow_sum_ge: [propext, Classical.choice, Quot.sound]
AXIOMS Luce.Section6.positive_power_inverse_estimate: [propext, Classical.choice, Quot.sound]
AXIOMS Luce.Section6.positive_power_relative_error: [propext, Classical.choice, Quot.sound]
AXIOMS Luce.Section6.positive_power_sum_upper: [propext, Classical.choice, Quot.sound]
AXIOMS Luce.Section6.positive_power_weighted_comparison: [propext, Classical.choice, Quot.sound]
AXIOMS Luce.Section6.positive_power_window_region: [propext, Classical.choice, Quot.sound]
AXIOMS Luce.Section6.positive_reflect: [propext, Classical.choice, Quot.sound]
AXIOMS Luce.Section6.powerCategories_disjoint65: [propext, Classical.choice, Quot.sound]
AXIOMS Luce.Section6.powerCornerWeight_square_sum65: [propext, Classical.choice, Quot.sound]
AXIOMS Luce.Section6.powerLaw65: [propext, Classical.choice, Quot.sound]
AXIOMS Luce.Section6.powerLaw65_contractCheck: [propext, Classical.choice, Quot.sound]
AXIOMS Luce.Section6.power_core_target_moments65: [propext, Classical.choice, Quot.sound]
AXIOMS Luce.Section6.power_density_cell_bound: [propext, Classical.choice, Quot.sound]
AXIOMS Luce.Section6.power_density_integrable: [propext, Classical.choice, Quot.sound]
AXIOMS Luce.Section6.power_density_positive_sum_bound: [propext, Classical.choice, Quot.sound]
AXIOMS Luce.Section6.power_envelope_absorption: [propext, Classical.choice, Quot.sound]
AXIOMS Luce.Section6.power_envelope_average_bound: [propext, Classical.choice, Quot.sound]
AXIOMS Luce.Section6.power_over_depth_comparison: [propext, Classical.choice, Quot.sound]
AXIOMS Luce.Section6.power_race_clt65: [propext, Classical.choice, Quot.sound]
AXIOMS Luce.Section6.power_weighted_cell_bound: [propext, Classical.choice, Quot.sound]
AXIOMS Luce.Section6.power_weighted_density_integrable: [propext, Classical.choice, Quot.sound]
AXIOMS Luce.Section6.power_weighted_positive_sum_bound: [propext, Classical.choice, Quot.sound]
AXIOMS Luce.Section6.power_window_comparison: [propext, Classical.choice, Quot.sound]
AXIOMS Luce.Section6.power_window_inside_core65: [propext, Classical.choice, Quot.sound]
AXIOMS Luce.Section6.prod_perturbation68: [propext, Classical.choice, Quot.sound]
AXIOMS Luce.Section6.product_eq_multiplicity65: [propext, Classical.choice, Quot.sound]
AXIOMS Luce.Section6.proposition610: [propext, Classical.choice, Quot.sound]
AXIOMS Luce.Section6.proposition610_contractCheck: [propext, Classical.choice, Quot.sound]
AXIOMS Luce.Section6.proposition611: [propext, Classical.choice, Quot.sound]
AXIOMS Luce.Section6.proposition611_contractCheck: [propext, Classical.choice, Quot.sound]
AXIOMS Luce.Section6.proposition65: [propext, Classical.choice, Quot.sound]
AXIOMS Luce.Section6.proposition65_contractCheck: [propext, Classical.choice, Quot.sound]
AXIOMS Luce.Section6.proposition65_localLaw: [propext, Classical.choice, Quot.sound]
AXIOMS Luce.Section6.quantile_exponential_tail_le_polynomial: [propext, Classical.choice, Quot.sound]
AXIOMS Luce.Section6.quarter_window_cutoff: [propext, Classical.choice, Quot.sound]
AXIOMS Luce.Section6.quarter_window_probability_scale: [propext, Classical.choice, Quot.sound]
AXIOMS Luce.Section6.quarter_window_square_root: [propext, Classical.choice, Quot.sound]
AXIOMS Luce.Section6.raceGapRate_eq_surviving_weight: [propext, Classical.choice, Quot.sound]
AXIOMS Luce.Section6.race_affine_moments65: [propext, Classical.choice, Quot.sound]
AXIOMS Luce.Section6.race_characteristic_clt65: [propext, Classical.choice, Quot.sound]
AXIOMS Luce.Section6.race_characteristic_perturbation65: [propext, Classical.choice, Quot.sound]
AXIOMS Luce.Section6.race_integral_add65: [propext, Classical.choice, Quot.sound]
AXIOMS Luce.Section6.race_integral_sum65: [propext, Classical.choice, Quot.sound]
AXIOMS Luce.Section6.race_linear_moment_tendsto65: [propext, Classical.choice, Quot.sound]
AXIOMS Luce.Section6.race_moments_characteristic65: [propext, Classical.choice, Quot.sound]
AXIOMS Luce.Section6.race_moments_clt65: [propext, Classical.choice, Quot.sound]
AXIOMS Luce.Section6.random_gap_weight_probability_bound: [propext, Classical.choice, Quot.sound]
AXIOMS Luce.Section6.rapidError65_of_core_bound: [propext, Classical.choice, Quot.sound]
AXIOMS Luce.Section6.rapidError65_zero: [propext, Classical.choice, Quot.sound]
AXIOMS Luce.Section6.rateKernel_antitone_after_peak: [propext, Classical.choice, Quot.sound]
AXIOMS Luce.Section6.rateKernel_bound_above_lower: [propext, Classical.choice, Quot.sound]
AXIOMS Luce.Section6.rateKernel_le_exp_neg_one_div: [propext, Classical.choice, Quot.sound]
AXIOMS Luce.Section6.rateKernel_monotone_before_peak: [propext, Classical.choice, Quot.sound]
AXIOMS Luce.Section6.rateKernel_split_time: [propext, Classical.choice, Quot.sound]
AXIOMS Luce.Section6.rateKernel_sub_bound_with_decay: [propext, Classical.choice, Quot.sound]
AXIOMS Luce.Section6.rate_times_half_power_bound: [propext, Classical.choice, Quot.sound]
AXIOMS Luce.Section6.ratio_power_over_depth_le: [propext, Classical.choice, Quot.sound]
AXIOMS Luce.Section6.reciprocal_depth_power_product_le_one: [propext, Classical.choice, Quot.sound]
AXIOMS Luce.Section6.reciprocal_scaled_rpow: [propext, Classical.choice, Quot.sound]
AXIOMS Luce.Section6.reciprocal_square_sum68: [propext, Classical.choice, Quot.sound]
AXIOMS Luce.Section6.refined_interval_core_bound68: [propext, Classical.choice, Quot.sound]
AXIOMS Luce.Section6.relativeIdealTrace68_error: [propext, Classical.choice, Quot.sound]
AXIOMS Luce.Section6.relativeIdealTrace68_remainder: [propext, Classical.choice, Quot.sound]
AXIOMS Luce.Section6.relative_error_power_upper: [propext, Classical.choice, Quot.sound]
AXIOMS Luce.Section6.relative_mean_separation: [propext, Classical.choice, Quot.sound]
AXIOMS Luce.Section6.relative_product_error: [propext, Classical.choice, Quot.sound]
AXIOMS Luce.Section6.relative_quotient_error: [propext, Classical.choice, Quot.sound]
AXIOMS Luce.Section6.relative_trace_integrable68: [propext, Classical.choice, Quot.sound]
AXIOMS Luce.Section6.relative_window_budget: [propext, Classical.choice, Quot.sound]
AXIOMS Luce.Section6.replacementPathCode_injective: [propext, Quot.sound]
AXIOMS Luce.Section6.replacementPath_count_le: [propext, Classical.choice, Quot.sound]
AXIOMS Luce.Section6.replacementPath_dist: [propext]
AXIOMS Luce.Section6.replacement_cycle_has_path: [propext, Classical.choice, Quot.sound]
AXIOMS Luce.Section6.restore_bounded_exponential: [propext, Classical.choice, Quot.sound]
AXIOMS Luce.Section6.restrictedKernelSums_of_exceptional_domination: [propext, Classical.choice, Quot.sound]
AXIOMS Luce.Section6.restrictedKernelSums_transpose: [propext, Classical.choice, Quot.sound]
AXIOMS Luce.Section6.restricted_embedding_sum: [propext, Classical.choice, Quot.sound]
AXIOMS Luce.Section6.reverse_ratio_power: [propext, Classical.choice, Quot.sound]
AXIOMS Luce.Section6.rightQuantileTime_spec: [propext, Classical.choice, Quot.sound]
AXIOMS Luce.Section6.right_corner_envelope_column_bound: [propext, Classical.choice, Quot.sound]
AXIOMS Luce.Section6.right_depth_factor_comparison: [propext, Classical.choice, Quot.sound]
AXIOMS Luce.Section6.right_envelope_weighted_sum_bound: [propext, Classical.choice, Quot.sound]
AXIOMS Luce.Section6.right_exceptional_weighted_row_bound: [propext, Classical.choice, Quot.sound]
AXIOMS Luce.Section6.right_excursion_depth_sum: [propext, Classical.choice, Quot.sound]
AXIOMS Luce.Section6.right_excursion_kernel_sum: [propext, Classical.choice, Quot.sound]
AXIOMS Luce.Section6.right_extreme_depth_cutoff: [propext, Classical.choice, Quot.sound]
AXIOMS Luce.Section6.right_extreme_depth_le: [propext, Classical.choice, Quot.sound]
AXIOMS Luce.Section6.right_extreme_exponent_bounds: [propext, Classical.choice, Quot.sound]
AXIOMS Luce.Section6.right_extreme_scale_identity: [propext, Classical.choice, Quot.sound]
AXIOMS Luce.Section6.right_fixed_targets_weighted_row: [propext, Classical.choice, Quot.sound]
AXIOMS Luce.Section6.right_half_threshold67: [propext, Classical.choice, Quot.sound]
AXIOMS Luce.Section6.right_insertion_ratio_identity: [propext, Classical.choice, Quot.sound]
AXIOMS Luce.Section6.right_ordinary_column_bound: [propext, Classical.choice, Quot.sound]
AXIOMS Luce.Section6.right_ordinary_weighted_row_bound: [propext, Classical.choice, Quot.sound]
AXIOMS Luce.Section6.right_outside_kernel_subset_bound: [propext, Classical.choice, Quot.sound]
AXIOMS Luce.Section6.right_perturbation_power_identity: [propext, Classical.choice, Quot.sound]
AXIOMS Luce.Section6.right_power_time_identity: [propext, Classical.choice, Quot.sound]
AXIOMS Luce.Section6.right_rate_time_leading: [propext, Classical.choice, Quot.sound]
AXIOMS Luce.Section6.right_typical_extreme_restricted_sums: [propext, Classical.choice, Quot.sound]
AXIOMS Luce.Section6.rootCoreSpan68_bounds: [propext, Classical.choice, Quot.sound]
AXIOMS Luce.Section6.rootCoreSpan68_full: [propext, Classical.choice, Quot.sound]
AXIOMS Luce.Section6.rooted_category_collection_card: [propext, Classical.choice, Quot.sound]
AXIOMS Luce.Section6.rpow_relative_lipschitz: [propext, Classical.choice, Quot.sound]
AXIOMS Luce.Section6.samplePoint_ge_half_label: [propext, Classical.choice, Quot.sound]
AXIOMS Luce.Section6.samplePoint_le_label: [propext, Classical.choice, Quot.sound]
AXIOMS Luce.Section6.samplePoint_mem: [propext, Classical.choice, Quot.sound]
AXIOMS Luce.Section6.samplePoint_power_relative_error: [propext, Classical.choice, Quot.sound]
AXIOMS Luce.Section6.samplePoint_ratio_interval: [propext, Classical.choice, Quot.sound]
AXIOMS Luce.Section6.samplePoint_relative_error: [propext, Classical.choice, Quot.sound]
AXIOMS Luce.Section6.samplePoint_rev: [propext, Classical.choice, Quot.sound]
AXIOMS Luce.Section6.samplePoint_scaled_cell: [propext, Classical.choice, Quot.sound]
AXIOMS Luce.Section6.sampledWeights_sampled: [propext, Classical.choice, Quot.sound]
AXIOMS Luce.Section6.sampled_power_ratio: [propext, Classical.choice, Quot.sound]
AXIOMS Luce.Section6.scaledPoissonMoment65_one: [propext, Classical.choice, Quot.sound]
AXIOMS Luce.Section6.scaledPoissonMoment65_rec: [propext, Classical.choice, Quot.sound]
AXIOMS Luce.Section6.scaledPoissonMoment65_tendsto: [propext, Classical.choice, Quot.sound]
AXIOMS Luce.Section6.scaledPoissonMoment65_zero: [propext, Classical.choice, Quot.sound]
AXIOMS Luce.Section6.scaled_deletion_error: [propext, Classical.choice, Quot.sound]
AXIOMS Luce.Section6.scaled_fast_weighted_average_bound: [propext, Classical.choice, Quot.sound]
AXIOMS Luce.Section6.scaled_integral_weighted_power: [propext, Classical.choice, Quot.sound]
AXIOMS Luce.Section6.scaled_power_density_factor: [propext, Classical.choice, Quot.sound]
AXIOMS Luce.Section6.scaled_power_envelope_average_bound: [propext, Classical.choice, Quot.sound]
AXIOMS Luce.Section6.scaled_power_kernel_row_bound: [propext, Classical.choice, Quot.sound]
AXIOMS Luce.Section6.scaled_power_le_of_depth_le: [propext, Classical.choice, Quot.sound]
AXIOMS Luce.Section6.scaled_weighted_prototype_power_error: [propext, Classical.choice, Quot.sound]
AXIOMS Luce.Section6.section6: [propext, Classical.choice, Quot.sound]
AXIOMS Luce.Section6.section65: [propext, Classical.choice, Quot.sound]
AXIOMS Luce.Section6.section65_interior_contractCheck: [propext, Classical.choice, Quot.sound]
AXIOMS Luce.Section6.section65_midpoint_contractCheck: [propext, Classical.choice, Quot.sound]
AXIOMS Luce.Section6.section6_contractCheck: [propext, Classical.choice, Quot.sound]
AXIOMS Luce.Section6.selectedRootCycleCount_eq_sum65: [propext, Classical.choice, Quot.sound]
AXIOMS Luce.Section6.selectedRootCycleCount_expectation_sum65: [propext, Classical.choice, Quot.sound]
AXIOMS Luce.Section6.selectedRootCycleCount_harmonic65: [propext, Classical.choice, Quot.sound]
AXIOMS Luce.Section6.selected_coordinate_integral: [propext, Classical.choice, Quot.sound]
AXIOMS Luce.Section6.selected_fill_selected: [propext, Classical.choice, Quot.sound]
AXIOMS Luce.Section6.selected_gap_factor_error: [propext, Classical.choice, Quot.sound]
AXIOMS Luce.Section6.selected_gap_integral: [propext, Classical.choice, Quot.sound]
AXIOMS Luce.Section6.selected_gap_relative_error: [propext, Classical.choice, Quot.sound]
AXIOMS Luce.Section6.selected_gaps_product_integral: [propext, Classical.choice, Quot.sound]
AXIOMS Luce.Section6.selected_insertion_product_skeleton: [propext, Classical.choice, Quot.sound]
AXIOMS Luce.Section6.selected_root_count_le_vertices: [propext, Classical.choice, Quot.sound]
AXIOMS Luce.Section6.selected_root_expectation_of_rates: [propext, Classical.choice, Quot.sound]
AXIOMS Luce.Section6.selected_root_singleton67: [propext, Classical.choice, Quot.sound]
AXIOMS Luce.Section6.selected_survival_product: [propext, Classical.choice, Quot.sound]
AXIOMS Luce.Section6.selected_survival_sum_swap: [propext, Classical.choice, Quot.sound]
AXIOMS Luce.Section6.selected_weighted_starts: [propext, Classical.choice, Quot.sound]
AXIOMS Luce.Section6.separated_cylinder_eq_gap_product: [propext, Classical.choice, Quot.sound]
AXIOMS Luce.Section6.separated_cylinder_order_sum: [propext, Classical.choice, Quot.sound]
AXIOMS Luce.Section6.separated_cylinder_skeleton_formula: [propext, Classical.choice, Quot.sound]
AXIOMS Luce.Section6.setIntegral_le_second_moment: [propext, Classical.choice, Quot.sound]
AXIOMS Luce.Section6.shifted_exponential_kernel_bound: [propext, Classical.choice, Quot.sound]
AXIOMS Luce.Section6.shifted_interior_gap_bounds: [propext, Classical.choice, Quot.sound]
AXIOMS Luce.Section6.shifted_left_gap_bounds: [propext, Classical.choice, Quot.sound]
AXIOMS Luce.Section6.shifted_left_nonterminal: [propext, Quot.sound]
AXIOMS Luce.Section6.shifted_right_survivor_bounds: [propext, Classical.choice, Quot.sound]
AXIOMS Luce.Section6.single_coordinate_sum_bound: [propext, Classical.choice, Quot.sound]
AXIOMS Luce.Section6.single_replacement_cycle_count_le: [propext, Classical.choice, Quot.sound]
AXIOMS Luce.Section6.skeleton_displacement_bound: [propext, Classical.choice, Quot.sound]
AXIOMS Luce.Section6.skeleton_start_congr_unselected: [propext, Classical.choice, Quot.sound]
AXIOMS Luce.Section6.skeleton_start_eq_actual_start_sub_selected: [propext, Classical.choice, Quot.sound]
AXIOMS Luce.Section6.skeleton_start_fill: [propext, Classical.choice, Quot.sound]
AXIOMS Luce.Section6.skeleton_start_nonneg: [propext, Classical.choice, Quot.sound]
AXIOMS Luce.Section6.slow_prototype_population_error: [propext, Classical.choice, Quot.sound]
AXIOMS Luce.Section6.slow_survival_antitone: [propext, Classical.choice, Quot.sound]
AXIOMS Luce.Section6.slow_survival_average_le: [propext, Classical.choice, Quot.sound]
AXIOMS Luce.Section6.slow_survival_quadrature: [propext, Classical.choice, Quot.sound]
AXIOMS Luce.Section6.slow_survival_tail_bound: [propext, Classical.choice, Quot.sound]
AXIOMS Luce.Section6.small_ratio_absorption67: [propext, Classical.choice, Quot.sound]
AXIOMS Luce.Section6.small_rpow_nonneg: [propext, Classical.choice, Quot.sound]
AXIOMS Luce.Section6.sortedMarkedGapIndex_monotone: [propext, Classical.choice, Quot.sound]
AXIOMS Luce.Section6.sorted_demanded_gap_shift: [propext, Classical.choice, Quot.sound]
AXIOMS Luce.Section6.sorted_gap_injective_of_separated: [propext, Classical.choice, Quot.sound]
AXIOMS Luce.Section6.sorted_gap_left_displacement: [propext, Classical.choice, Quot.sound]
AXIOMS Luce.Section6.sorted_gap_nonfinal_of_terminal_buffer: [propext, Classical.choice, Quot.sound]
AXIOMS Luce.Section6.sorted_gap_right_displacement: [propext, Classical.choice, Quot.sound]
AXIOMS Luce.Section6.spatial65: [propext, Classical.choice, Quot.sound]
AXIOMS Luce.Section6.spatial65_contractCheck: [propext, Classical.choice, Quot.sound]
AXIOMS Luce.Section6.spatialCategories_disjoint65: [propext, Classical.choice, Quot.sound]
AXIOMS Luce.Section6.spatialCore_count_le65: [propext, Classical.choice, Quot.sound]
AXIOMS Luce.Section6.spatialCore_error_bound65: [propext, Classical.choice, Quot.sound]
AXIOMS Luce.Section6.spatialCount_approx65: [propext, Classical.choice, Quot.sound]
AXIOMS Luce.Section6.spatialCount_meanApprox65: [propext, Classical.choice, Quot.sound]
AXIOMS Luce.Section6.spatialCycleCount_symm65: [propext, Classical.choice, Quot.sound]
AXIOMS Luce.Section6.spatial_core_target_moments65: [propext, Classical.choice, Quot.sound]
AXIOMS Luce.Section6.spatial_race_clt65: [propext, Classical.choice, Quot.sound]
AXIOMS Luce.Section6.spatial_windowCount65: [propext, Classical.choice, Quot.sound]
AXIOMS Luce.Section6.sqrt_sum_le_sum_sqrt: [propext, Classical.choice, Quot.sound]
AXIOMS Luce.Section6.standardGapLaw_nonneg_ae: [propext, Classical.choice, Quot.sound]
AXIOMS Luce.Section6.standardNormalVector_characteristic65: [propext, Classical.choice, Quot.sound]
AXIOMS Luce.Section6.standardNormalVector_linear_exp65: [propext, Classical.choice, Quot.sound]
AXIOMS Luce.Section6.standardNormalVector_linear_expabs65: [propext, Classical.choice, Quot.sound]
AXIOMS Luce.Section6.standardNormalVector_linear_memLp65: [propext, Classical.choice, Quot.sound]
AXIOMS Luce.Section6.standardNormalVector_linear_moment65: [propext, Classical.choice, Quot.sound]
AXIOMS Luce.Section6.standardNormalVector_mixed_integrable65: [propext, Classical.choice, Quot.sound]
AXIOMS Luce.Section6.standardNormalVector_mixed_moment65: [propext, Classical.choice, Quot.sound]
AXIOMS Luce.Section6.stretched_exp_le_inverse_depth: [propext, Classical.choice, Quot.sound]
AXIOMS Luce.Section6.stretched_tail_mono: [propext, Classical.choice, Quot.sound]
AXIOMS Luce.Section6.sublinear_power_cutoff: [propext, Classical.choice, Quot.sound]
AXIOMS Luce.Section6.sum_activeCorners65: [propext, Classical.choice, Quot.sound]
AXIOMS Luce.Section6.sum_active_coefficients65: [propext, Classical.choice, Quot.sound]
AXIOMS Luce.Section6.sum_category_block_indicator: [propext, Classical.choice, Quot.sound]
AXIOMS Luce.Section6.sum_cycle_expectations67: [propext, Classical.choice, Quot.sound]
AXIOMS Luce.Section6.sum_endpoint_difference: [propext, Classical.choice, Quot.sound]
AXIOMS Luce.Section6.sum_exp_neg_le_twice_min: [propext, Classical.choice, Quot.sound]
AXIOMS Luce.Section6.sum_logCellCube68_integrals: [propext, Classical.choice, Quot.sound]
AXIOMS Luce.Section6.sum_previous_gaps: [propext, Classical.choice, Quot.sound]
AXIOMS Luce.Section6.sum_tuple_restrict68: [propext, Classical.choice, Quot.sound]
AXIOMS Luce.Section6.summable_weighted_stretched_exp: [propext, Classical.choice, Quot.sound]
AXIOMS Luce.Section6.survivalKernel_hasDerivAt_time: [propext, Classical.choice, Quot.sound]
AXIOMS Luce.Section6.survivalKernel_sub_bound_with_decay: [propext, Classical.choice, Quot.sound]
AXIOMS Luce.Section6.survival_indicator_memLp_two: [propext, Classical.choice, Quot.sound]
AXIOMS Luce.Section6.survival_indicator_variance_le_mean: [propext, Classical.choice, Quot.sound]
AXIOMS Luce.Section6.survival_integral_split: [propext, Classical.choice, Quot.sound]
AXIOMS Luce.Section6.survivorQuantile_le_iff: [propext, Classical.choice, Quot.sound]
AXIOMS Luce.Section6.survivorQuantile_nonneg: [propext, Classical.choice, Quot.sound]
AXIOMS Luce.Section6.survivorQuantile_populationH: [propext, Classical.choice, Quot.sound]
AXIOMS Luce.Section6.survivorQuantile_pos: [propext, Classical.choice, Quot.sound]
AXIOMS Luce.Section6.swapped_rankCylinder_iff_ordered_insertion: [propext, Classical.choice, Quot.sound]
AXIOMS Luce.Section6.terminal_logarithmic_insertion_Lp: [propext, Classical.choice, Quot.sound]
AXIOMS Luce.Section6.terminal_power_kernel_factor: [propext, Classical.choice, Quot.sound]
AXIOMS Luce.Section6.terminal_power_sum_half_bound: [propext, Classical.choice, Quot.sound]
AXIOMS Luce.Section6.terminal_power_sum_upper: [propext, Classical.choice, Quot.sound]
AXIOMS Luce.Section6.terminal_window_reference_gap: [propext, Classical.choice, Quot.sound]
AXIOMS Luce.Section6.time_mul_fast_weighted_power: [propext, Classical.choice, Quot.sound]
AXIOMS Luce.Section6.time_mul_weighted_power: [propext, Classical.choice, Quot.sound]
AXIOMS Luce.Section6.totalCoreCount_error65: [propext, Classical.choice, Quot.sound]
AXIOMS Luce.Section6.totalCoreCount_le65: [propext, Classical.choice, Quot.sound]
AXIOMS Luce.Section6.totalCore_error_bound65: [propext, Classical.choice, Quot.sound]
AXIOMS Luce.Section6.totalCore_meanApprox65: [propext, Classical.choice, Quot.sound]
AXIOMS Luce.Section6.totalCore_normalized_projection65: [propext, Classical.choice, Quot.sound]
AXIOMS Luce.Section6.totalCount_approx65: [propext, Classical.choice, Quot.sound]
AXIOMS Luce.Section6.traceConvolution68_incrementDensity: [propext, Classical.choice, Quot.sound]
AXIOMS Luce.Section6.traceConvolution68_reflect: [propext, Classical.choice, Quot.sound]
AXIOMS Luce.Section6.trace_subtraction_error68: [propext, Classical.choice, Quot.sound]
AXIOMS Luce.Section6.translated_box_Ioc_iff68: [propext, Classical.choice, Quot.sound]
AXIOMS Luce.Section6.translated_box_iff: [propext, Classical.choice, Quot.sound]
AXIOMS Luce.Section6.translated_trace_integrable68: [propext, Classical.choice, Quot.sound]
AXIOMS Luce.Section6.tsum_le_scaled_of_nonneg: [propext, Classical.choice, Quot.sound]
AXIOMS Luce.Section6.two_power_small_time: [propext, Classical.choice, Quot.sound]
AXIOMS Luce.Section6.uniform_moment_decay: [propext, Classical.choice, Quot.sound]
AXIOMS Luce.Section6.unimodal_sample_average_error: [propext, Classical.choice, Quot.sound]
AXIOMS Luce.Section6.unit_exponential_laplace: [propext, Classical.choice, Quot.sound]
AXIOMS Luce.Section6.unit_exponential_nonneg_ae: [propext, Classical.choice, Quot.sound]
AXIOMS Luce.Section6.unit_exponential_weighted_density: [propext, Classical.choice, Quot.sound]
AXIOMS Luce.Section6.varying_cycle_family_collision_bound: [propext, Classical.choice, Quot.sound]
AXIOMS Luce.Section6.varying_cycle_family_nonneg: [propext, Classical.choice, Quot.sound]
AXIOMS Luce.Section6.varying_cycle_family_sum_bound: [propext, Classical.choice, Quot.sound]
AXIOMS Luce.Section6.weighted_forward_density_identity: [propext, Classical.choice, Quot.sound]
AXIOMS Luce.Section6.weighted_inverse_density_identity: [propext, Classical.choice, Quot.sound]
AXIOMS Luce.Section6.weighted_normalization65: [propext, Classical.choice, Quot.sound]
AXIOMS Luce.Section6.weighted_power_kernel_identity: [propext, Classical.choice, Quot.sound]
AXIOMS Luce.Section6.weighted_power_quadrature: [propext, Classical.choice, Quot.sound]
AXIOMS Luce.Section6.weighted_power_tail_bound: [propext, Classical.choice, Quot.sound]
AXIOMS Luce.Section6.weighted_rate_kernel_comparison: [propext, Classical.choice, Quot.sound]
AXIOMS Luce.Section6.weighted_stretched_exp_tail: [propext, Classical.choice, Quot.sound]
AXIOMS Luce.Section6.windowCount_sub_coreCount_le_discarded65: [propext, Classical.choice, Quot.sound]
AXIOMS Luce.Section7.background_probability: [propext, Classical.choice, Quot.sound]
AXIOMS Luce.Section7.bulkDensityAt_exponential: [propext, Classical.choice, Quot.sound]
AXIOMS Luce.Section7.bulkDensityAt_integrable: [propext, Classical.choice, Quot.sound]
AXIOMS Luce.Section7.bulkDensityAt_integral: [propext, Classical.choice, Quot.sound]
AXIOMS Luce.Section7.bulkDensityAt_nonneg: [propext, Classical.choice, Quot.sound]
AXIOMS Luce.Section7.bulkDensity_integral: [propext, Classical.choice, Quot.sound]
AXIOMS Luce.Section7.clockRace_collision_zero: [propext, Classical.choice, Quot.sound]
AXIOMS Luce.Section7.clockRace_disintegrate: [propext, Classical.choice, Quot.sound]
AXIOMS Luce.Section7.clockRace_eval: [propext, Classical.choice, Quot.sound]
AXIOMS Luce.Section7.clockRace_independent: [propext, Classical.choice, Quot.sound]
AXIOMS Luce.Section7.clockRace_injective_ae: [propext, Classical.choice, Quot.sound]
AXIOMS Luce.Section7.clockRace_rank_integral: [propext, Classical.choice, Quot.sound]
AXIOMS Luce.Section7.clockRace_tail: [propext, Classical.choice, Quot.sound]
AXIOMS Luce.Section7.clockRace_tail_integrals: [propext, Classical.choice, Quot.sound]
AXIOMS Luce.Section7.density_integral_bound: [propext, Classical.choice, Quot.sound]
AXIOMS Luce.Section7.gammaDensity_law: [propext, Classical.choice, Quot.sound]
AXIOMS Luce.Section7.gammaDensity_one_law: [propext, Classical.choice, Quot.sound]
AXIOMS Luce.Section7.gamma_common_integrable_envelope: [propext, Classical.choice, Quot.sound]
AXIOMS Luce.Section7.gamma_density_envelope: [propext, Classical.choice, Quot.sound]
AXIOMS Luce.Section7.gamma_density_integrable: [propext, Classical.choice, Quot.sound]
AXIOMS Luce.Section7.gamma_rate_envelope: [propext, Classical.choice, Quot.sound]
AXIOMS Luce.Section7.general_clock_rank_integral: [propext, Classical.choice, Quot.sound]
AXIOMS Luce.Section7.general_clock_tail: [propext, Classical.choice, Quot.sound]
AXIOMS Luce.Section7.general_clock_tail_tendsto_zero: [propext, Classical.choice, Quot.sound]
AXIOMS Luce.Section7.instIsProbabilityMeasureForallFinRealClockRace: [propext, Classical.choice, Quot.sound]
AXIOMS Luce.Section7.instIsProbabilityMeasureRealLaw: [propext, Classical.choice, Quot.sound]
AXIOMS Luce.Section7.instNullSingletonClassRealLaw: [propext, Classical.choice, Quot.sound]
AXIOMS Luce.Section7.integral_survivalIndicator: [propext, Classical.choice, Quot.sound]
AXIOMS Luce.Section7.mean_other_survivors_lower: [propext, Classical.choice, Quot.sound]
AXIOMS Luce.Section7.measurable_survivorProbability: [propext, Classical.choice, Quot.sound]
AXIOMS Luce.Section7.otherSurvivors_eq_erase: [propext, Classical.choice, Quot.sound]
AXIOMS Luce.Section7.populationCDF_quantile: [propext, Classical.choice, Quot.sound]
AXIOMS Luce.Section7.populationQuantile_unique: [propext, Classical.choice, Quot.sound]
AXIOMS Luce.Section7.proposition71: [propext, Classical.choice, Quot.sound]
AXIOMS Luce.Section7.rankOf_eq_raceRank: [propext, Classical.choice, Quot.sound]
AXIOMS Luce.Section7.rank_integral_survivors: [propext, Classical.choice, Quot.sound]
AXIOMS Luce.Section7.rank_integrand_integrable: [propext, Classical.choice, Quot.sound]
AXIOMS Luce.Section7.sum_survivorProbability_le_two: [propext, Classical.choice, Quot.sound]
AXIOMS Luce.Section7.survivorMean_antitone: [propext, Classical.choice, Quot.sound]
AXIOMS Luce.Section7.survivorProbability_early: [propext, Classical.choice, Quot.sound]
AXIOMS Luce.Section7.tailConstant_pos: [propext, Classical.choice, Quot.sound]
AXIOMS Luce.Section7.terminalLabel_val: [propext, Quot.sound]
AXIOMS Luce.Shell.aestronglyMeasurable_profileDiagonal_full: [propext, Classical.choice, Quot.sound]
AXIOMS Luce.Shell.fullIntensity_eq_uniform: [propext, Classical.choice, Quot.sound]
AXIOMS Luce.Shell.fullIntensity_mass: [propext, Classical.choice, Quot.sound]
AXIOMS Luce.Shell.fullIntensity_mass_eq_toNNReal_integral: [propext, Classical.choice, Quot.sound]
AXIOMS Luce.Shell.fullIntensity_projection_recovery: [propext, Classical.choice, Quot.sound]
AXIOMS Luce.Shell.integral_fullIntensity: [propext, Classical.choice, Quot.sound]
AXIOMS Luce.Shell.intensity_test_bound: [propext, Classical.choice, Quot.sound]
AXIOMS Luce.Shell.section4_count_poisson: [propext, Classical.choice, Quot.sound]
AXIOMS Luce.Shell.section4_count_poisson_general: [propext, Classical.choice, Quot.sound]
AXIOMS Luce.Shell.section4_full_intensity_finite: [propext, Classical.choice, Quot.sound]
AXIOMS Luce.Shell.section4_full_laplace: [propext, Classical.choice, Quot.sound]
AXIOMS Luce.Shell.section4_full_poisson: [propext, Classical.choice, Quot.sound]
AXIOMS Luce.Shell.section4_full_poisson_general: [propext, Classical.choice, Quot.sound]
AXIOMS Luce.Shell.section4_intensity_tail_tendsto: [propext, Classical.choice, Quot.sound]
AXIOMS Luce.Shell.section4_interior_intensity_bounded: [propext, Classical.choice, Quot.sound]
AXIOMS Luce.Shell.section4_main_poisson: [propext, Classical.choice, Quot.sound]
AXIOMS Luce.Shell.section4_main_poisson_general: [propext, Classical.choice, Quot.sound]
AXIOMS Luce.Shell.section4_profileDiagonal_integrable: [propext, Classical.choice, Quot.sound]
AXIOMS Luce.Shell.tendsto_integral_interiorIntensity_full: [propext, Classical.choice, Quot.sound]
AXIOMS Luce.Shell.tendsto_integral_interiorIntensity_full_of_tendsto: [propext, Classical.choice, Quot.sound]
AXIOMS Luce.Shell.tendsto_laplace_finitePoissonLaw_interior_full: [propext, Classical.choice, Quot.sound]
AXIOMS Luce.UniformEndpointAssumption.shell: [propext, Classical.choice, Quot.sound]
AXIOMS Luce.WeakMeasureConvergesInProbability.integral: [propext, Classical.choice, Quot.sound]
AXIOMS Luce.Weights.choice_le_one: [propext, Classical.choice, Quot.sound]
AXIOMS Luce.Weights.choice_nonneg: [propext, Classical.choice, Quot.sound]
AXIOMS Luce.Weights.choice_scale: [propext, Classical.choice, Quot.sound]
AXIOMS Luce.Weights.decomposeFin_tail_sum: [propext, Classical.choice, Quot.sound]
AXIOMS Luce.Weights.mass_decomposeFin: [propext, Classical.choice, Quot.sound]
AXIOMS Luce.Weights.mass_pos: [propext, Classical.choice, Quot.sound]
AXIOMS Luce.Weights.mass_scale: [propext, Classical.choice, Quot.sound]
AXIOMS Luce.Weights.positive: [propext, Classical.choice, Quot.sound]
AXIOMS Luce.Weights.rate_le_total: [propext, Classical.choice, Quot.sound]
AXIOMS Luce.Weights.sum_choice: [propext, Classical.choice, Quot.sound]
AXIOMS Luce.Weights.sum_mass: [propext, Classical.choice, Quot.sound]
AXIOMS Luce.Weights.sum_rate_perm: [propext, Classical.choice, Quot.sound]
AXIOMS Luce.Weights.total_nonneg: [propext, Classical.choice, Quot.sound]
AXIOMS Luce.Weights.total_pos: [propext, Classical.choice, Quot.sound]
AXIOMS Luce.Weights.total_scale: [propext, Classical.choice, Quot.sound]
AXIOMS Luce.abs_div_sub_div_le._simp_1_1: [propext]
AXIOMS Luce.abs_div_sub_div_le._simp_1_2: [propext]
AXIOMS Luce.abs_div_sub_div_le._simp_1_3: [propext]
AXIOMS Luce.abs_div_sub_div_le._simp_1_4: [propext]
AXIOMS Luce.abs_div_sub_div_le._simp_1_5: [propext]
AXIOMS Luce.abs_div_sub_div_le._simp_1_6: [propext, Classical.choice, Quot.sound]
AXIOMS Luce.abs_div_sub_div_le._simp_1_7: [propext]
AXIOMS Luce.added_predecessor._simp_1_1: [propext, Classical.choice, Quot.sound]
AXIOMS Luce.approximatePermutationEdge_iff_oneBased._proof_1_3: [propext, Classical.choice, Quot.sound]
AXIOMS Luce.approximatePermutationEdge_iff_oneBased._simp_1_2: [propext, Quot.sound]
AXIOMS Luce.approximatePermutationPathCode._proof_1: [propext, Quot.sound]
AXIOMS Luce.approximatePermutationPathCode._proof_2: [propext, Quot.sound]
AXIOMS Luce.approximatePermutationPathCode_injective._proof_1_1: [propext, Quot.sound]
AXIOMS Luce.arrivalAt.eq_1: [propext, Classical.choice, Quot.sound]
AXIOMS Luce.arrivalTime.congr_simp: [propext, Classical.choice, Quot.sound]
AXIOMS Luce.arrivalTime.eq_1: [propext, Classical.choice, Quot.sound]
AXIOMS Luce.arrivalTime_lt_iff_clockBeforeCount._proof_1_1: [propext, Classical.choice, Quot.sound]
AXIOMS Luce.arrivalTime_lt_iff_clockBeforeCount._proof_1_2: [propext, Classical.choice, Quot.sound]
AXIOMS Luce.backgroundRace.eq_1: [propext, Classical.choice, Quot.sound]
AXIOMS Luce.backgroundSurvivors.eq_1: [propext, Classical.choice, Quot.sound]
AXIOMS Luce.backgroundSurvivors_eq_all._simp_1_1: [propext, Classical.choice, Quot.sound]
AXIOMS Luce.backgroundSurvivors_eq_erase._proof_1_1: [propext, Classical.choice, Quot.sound]
AXIOMS Luce.background_all_probability._simp_1_1: [propext, Classical.choice, Quot.sound]
AXIOMS Luce.background_all_probability._simp_1_2: [propext]
AXIOMS Luce.background_all_probability._simp_1_3: [propext]
AXIOMS Luce.background_all_probability._simp_1_4: [propext]
AXIOMS Luce.background_all_probability._simp_1_5: [propext]
AXIOMS Luce.background_all_probability._simp_1_7: [propext, Quot.sound]
AXIOMS Luce.beforeRank_probability_eq_intensity._simp_1_1: [propext]
AXIOMS Luce.beforeRank_probability_integral._simp_1_1: [propext]
AXIOMS Luce.bernoulliLowerTailConstant._proof_1: [propext]
AXIOMS Luce.bernoulli_block_lower_tail._simp_1_1: [propext]
AXIOMS Luce.bernoulli_block_lower_tail._simp_1_2: [propext]
AXIOMS Luce.bernoulli_block_lower_tail._simp_1_3: [propext]
AXIOMS Luce.bernoulli_block_lower_tail._simp_1_4: [propext]
AXIOMS Luce.bernoulli_block_lower_tail._simp_1_5: [propext]
AXIOMS Luce.bernoulli_block_lower_tail._simp_1_6: [propext, Classical.choice, Quot.sound]
AXIOMS Luce.bernoulli_block_lower_tail._simp_1_7: [propext]
AXIOMS Luce.block_endpoint_capacity._proof_1_1: [propext, Classical.choice, Quot.sound]
AXIOMS Luce.block_fixedPoint_expectation_eq._simp_1_1: [propext]
AXIOMS Luce.block_fixedPoint_expectation_eq._simp_1_2: [propext]
AXIOMS Luce.boundedCycleEvent.eq_1: [propext, Classical.choice, Quot.sound]
AXIOMS Luce.bounded_cycle_probability_le_ghost._proof_1_1: [propext, Classical.choice, Quot.sound]
AXIOMS Luce.bufferedShellExpCost.eq_1: [propext, Classical.choice, Quot.sound]
AXIOMS Luce.bufferedShellExpCost_le._proof_1_1: [propext, Quot.sound]
AXIOMS Luce.bufferedShellQCost.eq_1: [propext, Classical.choice, Quot.sound]
AXIOMS Luce.bufferedShellQCost_le_of_small_tail._simp_1_2: [propext]
AXIOMS Luce.buffered_exp_tail_bound._simp_1_2: [propext]
AXIOMS Luce.bulkCycleTraceIntensity.eq_1: [propext, Classical.choice, Quot.sound]
AXIOMS Luce.capacity_candidate_density_le._simp_1_1: [propext]
AXIOMS Luce.capacity_candidate_density_le._simp_1_2: [propext]
AXIOMS Luce.capacity_candidate_density_le._simp_1_3: [propext]
AXIOMS Luce.capacity_candidate_density_le._simp_1_4: [propext]
AXIOMS Luce.capacity_candidate_density_le._simp_1_5: [propext]
AXIOMS Luce.capacity_candidate_density_le._simp_1_6: [propext, Classical.choice, Quot.sound]
AXIOMS Luce.capacity_candidate_density_le._simp_1_7: [propext]
AXIOMS Luce.capacity_integral_bound._simp_1_1: [propext]
AXIOMS Luce.capacity_integral_bound._simp_1_2: [propext]
AXIOMS Luce.capacity_integral_bound._simp_1_3: [propext]
AXIOMS Luce.card_removed_before_rank._simp_1_1: [propext, Classical.choice, Quot.sound]
AXIOMS Luce.card_removed_before_rank._simp_1_2: [propext, Classical.choice, Quot.sound]
AXIOMS Luce.card_removed_before_rank._simp_1_3: [propext, Classical.choice, Quot.sound]
AXIOMS Luce.card_removed_before_rank._simp_1_4: [propext]
AXIOMS Luce.card_removed_before_rank._simp_1_5: [propext, Classical.choice, Quot.sound]
AXIOMS Luce.card_removed_before_rank._simp_1_6: [propext, Classical.choice, Quot.sound]
AXIOMS Luce.choose_mul_zero_indicator._proof_1_1: [propext, Quot.sound]
AXIOMS Luce.choose_mul_zero_indicator._proof_1_2: [propext, Quot.sound]
AXIOMS Luce.choose_product_eq_factorial_ratio._proof_1_1: [propext, Quot.sound]
AXIOMS Luce.clockBand.eq_1: [propext, Classical.choice, Quot.sound]
AXIOMS Luce.clockBeforeCount.eq_1: [propext, Classical.choice, Quot.sound]
AXIOMS Luce.clockBeforeCount_background_at_self._simp_1_1: [propext]
AXIOMS Luce.clockBeforeCount_dist_le_of_eq_off._proof_1_1: [propext, Classical.choice, Quot.sound]
AXIOMS Luce.clockBeforeCount_le_add_of_eq_off._simp_1_1: [propext, Classical.choice, Quot.sound]
AXIOMS Luce.clockBeforeCount_le_add_of_eq_off._simp_1_2: [propext, Classical.choice, Quot.sound]
AXIOMS Luce.clockBeforeCount_lt_of_clock_lt._simp_1_1: [propext, Classical.choice, Quot.sound]
AXIOMS Luce.clockBeforeCount_lt_of_clock_lt._simp_1_2: [propext, Classical.choice, Quot.sound]
AXIOMS Luce.clockBeforeCount_mono._simp_1_1: [propext, Classical.choice, Quot.sound]
AXIOMS Luce.clockBeforeCount_mono._simp_1_2: [propext, Classical.choice, Quot.sound]
AXIOMS Luce.clockBeforeCount_window_dist._proof_1_1: [propext, Classical.choice, Quot.sound]
AXIOMS Luce.clockRank.eq_1: [propext, Classical.choice, Quot.sound]
AXIOMS Luce.clockRank_le_iff._proof_1_3: [propext, Classical.choice, Quot.sound]
AXIOMS Luce.clockSurvivalIndicator.eq_1: [propext, Classical.choice, Quot.sound]
AXIOMS Luce.compactDeletedWeights._proof_1: [propext, Classical.choice, Quot.sound]
AXIOMS Luce.compactDeletedWeights.eq_1: [propext, Classical.choice, Quot.sound]
AXIOMS Luce.condExp_finite_history._simp_1_1: [propext]
AXIOMS Luce.condExp_normalized_bernoulli._simp_1_1: []
AXIOMS Luce.consecutiveGapLower._proof_1: [propext, Quot.sound]
AXIOMS Luce.consecutiveGapLower._proof_2: [propext, Quot.sound]
AXIOMS Luce.consecutiveGapLower.congr_simp: [propext, Classical.choice, Quot.sound]
AXIOMS Luce.consecutiveGapLower.eq_1: [propext, Classical.choice, Quot.sound]
AXIOMS Luce.consecutiveGapLower_le_upper._proof_1_1: [propext, Quot.sound]
AXIOMS Luce.consecutiveGapLower_le_upper._proof_1_2: [propext, Quot.sound]
AXIOMS Luce.countSieve.eq_1: [propext, Classical.choice, Quot.sound]
AXIOMS Luce.countVectorSieve.eq_1: [propext, Classical.choice, Quot.sound]
AXIOMS Luce.countVectorSieve_error._simp_1_1: [propext, Quot.sound]
AXIOMS Luce.countWindow_multiplicity_le._proof_1_1: [propext, Quot.sound]
AXIOMS Luce.countWindow_multiplicity_le._proof_1_2: [propext, Quot.sound]
AXIOMS Luce.cycleCountVector.eq_1: [propext, Classical.choice, Quot.sound]
AXIOMS Luce.cycleTraceIntegrand.eq_1: [propext, Classical.choice, Quot.sound]
AXIOMS Luce.cycleTraceIntensity.eq_1: [propext, Classical.choice, Quot.sound]
AXIOMS Luce.cycleVectorPoissonProbability._proof_1: [propext, Classical.choice, Quot.sound]
AXIOMS Luce.cycle_period_has_rankCylinder._proof_1_1: [propext, Classical.choice, Quot.sound]
AXIOMS Luce.cyclicCellStep.eq_1: [propext, Classical.choice, Quot.sound]
AXIOMS Luce.cyclicDensityCoefficient.eq_1: [propext, Classical.choice, Quot.sound]
AXIOMS Luce.cyclicGridKernel.eq_1: [propext, Classical.choice, Quot.sound]
AXIOMS Luce.cyclicLimitKernel.eq_1: [propext, Classical.choice, Quot.sound]
AXIOMS Luce.cyclicProfileDensity.eq_1: [propext, Classical.choice, Quot.sound]
AXIOMS Luce.cyclicProfileIntegral.eq_1: [propext, Classical.choice, Quot.sound]
AXIOMS Luce.cyclicProfileMeasure.eq_1: [propext, Classical.choice, Quot.sound]
AXIOMS Luce.cyclicProfileMeasure_injective_ae._simp_1_1: [propext, Classical.choice, Quot.sound]
AXIOMS Luce.cyclicRaceSum.eq_1: [propext, Classical.choice, Quot.sound]
AXIOMS Luce.cyclicScaledRaceTerm.eq_1: [propext, Classical.choice, Quot.sound]
AXIOMS Luce.cyclicTupleProbability.eq_1: [propext, Classical.choice, Quot.sound]
AXIOMS Luce.cyclic_array_truncation_error._simp_1_1: [propext]
AXIOMS Luce.cyclic_array_truncation_error._simp_1_2: [propext]
AXIOMS Luce.cyclic_array_truncation_error._simp_1_3: [propext]
AXIOMS Luce.cyclic_array_truncation_error._simp_1_4: [propext, Classical.choice, Quot.sound]
AXIOMS Luce.cyclic_array_truncation_error._simp_1_5: [propext]
AXIOMS Luce.deep_roots_le_retained_add_excluded._proof_1_1: [propext, Classical.choice, Quot.sound]
AXIOMS Luce.deletedBeforeCount.eq_1: [propext, Classical.choice, Quot.sound]
AXIOMS Luce.deletedEmpiricalArrival.eq_1: [propext, Classical.choice, Quot.sound]
AXIOMS Luce.deletedEmpiricalArrival_gapLower._proof_1_1: [propext, Classical.choice, Quot.sound]
AXIOMS Luce.deletedEmpiricalArrival_gapLower._proof_1_2: [propext, Classical.choice, Quot.sound]
AXIOMS Luce.deletedEmpiricalRemaining.eq_1: [propext, Classical.choice, Quot.sound]
AXIOMS Luce.deletedEmpiricalRemainingGe.eq_1: [propext, Classical.choice, Quot.sound]
AXIOMS Luce.deletedEmpiricalRemaining_lower_of_reservoir._simp_1_1: [propext, Classical.choice, Quot.sound]
AXIOMS Luce.deletedEmpiricalRemaining_lower_of_reservoir._simp_1_2: [propext, Classical.choice, Quot.sound]
AXIOMS Luce.deletedEmpiricalRemaining_lower_of_reservoir._simp_1_3: [propext, Classical.choice, Quot.sound]
AXIOMS Luce.deletedEmpiricalRemaining_lower_of_reservoir._simp_1_4: [propext, Classical.choice, Quot.sound]
AXIOMS Luce.deletedEmpiricalRemaining_lower_of_reservoir._simp_1_5: [propext]
AXIOMS Luce.deletedEmpiricalRemaining_lower_of_reservoir._simp_1_6: [propext]
AXIOMS Luce.deletedEmpiricalRemaining_lower_of_reservoir._simp_1_7: [propext]
AXIOMS Luce.deletedGapKernel_marked_product._simp_1_1: [propext, Classical.choice, Quot.sound]
AXIOMS Luce.deletedPrefixLabels.eq_1: [propext, Classical.choice, Quot.sound]
AXIOMS Luce.deleted_remaining_weak_strict_error._simp_1_3: [propext, Classical.choice, Quot.sound]
AXIOMS Luce.deleted_remaining_weak_strict_error._simp_1_4: [propext, Classical.choice, Quot.sound]
AXIOMS Luce.disjointCountTest.eq_1: [propext, Classical.choice, Quot.sound]
AXIOMS Luce.drawHistory.eq_1: [propext, Classical.choice, Quot.sound]
AXIOMS Luce.drawPermutation.congr_simp: [propext, Classical.choice, Quot.sound]
AXIOMS Luce.drawPermutation.eq_1: [propext, Classical.choice, Quot.sound]
AXIOMS Luce.earlyCycleShellCost.eq_1: [propext, Classical.choice, Quot.sound]
AXIOMS Luce.earlyCycleShellTail_le._simp_1_1: [propext]
AXIOMS Luce.earlyGhostEntry.congr_simp: [propext, Classical.choice, Quot.sound]
AXIOMS Luce.earlyGhostEntry.eq_1: [propext, Classical.choice, Quot.sound]
AXIOMS Luce.earlyGhostKernel.eq_1: [propext, Classical.choice, Quot.sound]
AXIOMS Luce.empiricalArrival.eq_1: [propext, Classical.choice, Quot.sound]
AXIOMS Luce.empiricalRemaining.eq_1: [propext, Classical.choice, Quot.sound]
AXIOMS Luce.empiricalRemainingGe.eq_1: [propext, Classical.choice, Quot.sound]
AXIOMS Luce.empiricalRemainingGe_ae_eq._simp_1_1: [propext, Classical.choice, Quot.sound]
AXIOMS Luce.empiricalRemainingGe_ae_eq._simp_1_2: [propext, Classical.choice, Quot.sound]
AXIOMS Luce.endpointQ.eq_1: [propext, Classical.choice, Quot.sound]
AXIOMS Luce.endpoint_fixedPoint_probability_bound._proof_1_1: [propext, Quot.sound]
AXIOMS Luce.endpoint_integral_bound._simp_1_1: [propext]
AXIOMS Luce.endpoint_integral_bound._simp_1_2: [propext]
AXIOMS Luce.endpoint_integral_bound._simp_1_3: [propext]
AXIOMS Luce.ennreal_tendsto_tail_sum._simp_1_1: [propext, Classical.choice, Quot.sound]
AXIOMS Luce.ennreal_tendsto_tail_sum._simp_1_2: [propext]
AXIOMS Luce.epsilonTailExpectation.eq_1: [propext, Classical.choice, Quot.sound]
AXIOMS Luce.exists_finite_oscillation_grid._simp_1_1: [propext, Classical.choice, Quot.sound]
AXIOMS Luce.exists_profile_cell._proof_1_1: [propext, Classical.choice, Quot.sound]
AXIOMS Luce.exists_profile_cell._proof_1_2: [propext, Classical.choice, Quot.sound]
AXIOMS Luce.exponentialGapMass.eq_1: [propext, Classical.choice, Quot.sound]
AXIOMS Luce.exponentialGapMass_eq_measure._simp_1_2: [propext]
AXIOMS Luce.exponentialGapMass_eq_measure._simp_1_3: [propext]
AXIOMS Luce.exponentialGapMass_eq_measure._simp_1_4: [propext]
AXIOMS Luce.exponentialGapMass_eq_measure._simp_1_5: [propext]
AXIOMS Luce.exponentialGapMass_eq_measure._simp_1_6: [propext]
AXIOMS Luce.exponentialRace.eq_1: [propext, Classical.choice, Quot.sound]
AXIOMS Luce.exponentialRace_collision_zero._simp_1_1: [propext]
AXIOMS Luce.exponentialRace_event_disintegrate._simp_1_1: [propext]
AXIOMS Luce.exponentialRace_first_choice._proof_1_1: [propext, Quot.sound]
AXIOMS Luce.exponentialRace_first_choice._proof_1_2: [propext, Quot.sound]
AXIOMS Luce.exponentialRace_first_choice._simp_1_3: [propext, Classical.choice, Quot.sound]
AXIOMS Luce.exponentialRace_identityNormalizedGaps._simp_1_1: [propext]
AXIOMS Luce.exponentialRace_identityNormalizedGaps._simp_1_2: [propext]
AXIOMS Luce.exponentialRace_identityNormalizedGaps_integral._simp_1_4: [propext]
AXIOMS Luce.exponentialRace_injective_ae._simp_1_1: [propext, Classical.choice, Quot.sound]
AXIOMS Luce.exponentialRace_order_disintegrate._simp_1_1: [propext, Classical.choice, Quot.sound]
AXIOMS Luce.exponentialRace_orderedNormalizedGaps._simp_1_1: [propext]
AXIOMS Luce.exponentialRace_orderedNormalizedGaps._simp_1_2: [propext]
AXIOMS Luce.exponentialRace_surviving_order._simp_1_1: [propext]
AXIOMS Luce.exponentialRace_surviving_order._simp_1_2: [propext]
AXIOMS Luce.exponentialRace_surviving_order._simp_1_3: [propext, Quot.sound]
AXIOMS Luce.exponentialRace_surviving_order._simp_1_4: [propext]
AXIOMS Luce.exponentialRace_surviving_order._simp_1_5: [propext, Classical.choice, Quot.sound]
AXIOMS Luce.exponentialRace_surviving_order_integral._simp_1_1: [propext, Quot.sound]
AXIOMS Luce.exponentialRace_surviving_order_integral._simp_1_2: [propext]
AXIOMS Luce.exponentialRace_surviving_order_integral._simp_1_3: [propext, Classical.choice, Quot.sound]
AXIOMS Luce.exponential_residual_measure._simp_1_1: [propext]
AXIOMS Luce.exponential_residual_measure._simp_1_2: [propext]
AXIOMS Luce.exponential_residual_measure._simp_1_3: [propext]
AXIOMS Luce.exponential_residual_measure._simp_1_4: [propext]
AXIOMS Luce.exponential_residual_measure._simp_1_5: [propext]
AXIOMS Luce.exponential_residual_measure._simp_1_6: [propext]
AXIOMS Luce.exponential_scale_to_unit._simp_1_1: [propext]
AXIOMS Luce.exponential_scale_to_unit._simp_1_2: [propext]
AXIOMS Luce.factorialBlockPermutation.eq_1: [propext, Classical.choice, Quot.sound]
AXIOMS Luce.finiteCyclicDensity.eq_1: [propext, Classical.choice, Quot.sound]
AXIOMS Luce.finitePoissonLaw.eq_1: [propext, Classical.choice, Quot.sound]
AXIOMS Luce.finite_insertion_path._simp_1_1: [propext, Classical.choice, Quot.sound]
AXIOMS Luce.first_clock_event_iff._simp_1_1: [propext, Quot.sound]
AXIOMS Luce.first_clock_event_iff._simp_1_2: [propext, Classical.choice, Quot.sound]
AXIOMS Luce.first_gap_density._simp_1_1: [propext]
AXIOMS Luce.first_gap_density._simp_1_2: [propext]
AXIOMS Luce.first_gap_density._simp_1_3: [propext]
AXIOMS Luce.first_gap_density._simp_1_4: [propext]
AXIOMS Luce.first_gap_density._simp_1_5: [propext]
AXIOMS Luce.first_gap_density._simp_1_6: [propext, Classical.choice, Quot.sound]
AXIOMS Luce.first_gap_density._simp_1_7: [propext]
AXIOMS Luce.fixedCount.eq_1: [propext, Classical.choice, Quot.sound]
AXIOMS Luce.fixedCount_inverse._simp_1_2: [propext, Quot.sound]
AXIOMS Luce.fixedPointCount.eq_1: [propext, Classical.choice, Quot.sound]
AXIOMS Luce.fixedPointCountLaw._proof_1: [propext, Classical.choice, Quot.sound]
AXIOMS Luce.fixedPointCount_eq_card._simp_1_2: [propext, Classical.choice, Quot.sound]
AXIOMS Luce.fixedPointCount_eq_card._simp_1_3: [propext, Classical.choice, Quot.sound]
AXIOMS Luce.fixedPointCount_eq_card._simp_1_4: [propext]
AXIOMS Luce.fixedPointCount_eq_card._simp_1_5: [propext, Quot.sound]
AXIOMS Luce.fixedPoints.eq_1: [propext, Classical.choice, Quot.sound]
AXIOMS Luce.fixed_point_mass_fiber_identity._simp_1_1: [propext, Quot.sound]
AXIOMS Luce.fixed_point_probability_integral._proof_1_1: [propext, Quot.sound]
AXIOMS Luce.fixed_point_probability_integral._proof_1_2: [propext, Quot.sound]
AXIOMS Luce.forwardPathWeight.eq_1: [propext, Classical.choice, Quot.sound]
AXIOMS Luce.fullDensityMeasure_restrict_Iio._simp_1_2: [propext]
AXIOMS Luce.fullDensityMeasure_restrict_Iio._simp_1_3: [propext]
AXIOMS Luce.fullDensityMeasure_restrict_Iio._simp_1_4: [propext]
AXIOMS Luce.fullDensityMeasure_restrict_Iio._simp_1_5: [propext]
AXIOMS Luce.fullIntensity._proof_1: [propext, Classical.choice, Quot.sound]
AXIOMS Luce.fullIntensity.congr_simp: [propext, Classical.choice, Quot.sound]
AXIOMS Luce.fullIntensity_mass._simp_1_1: [propext, Classical.choice, Quot.sound]
AXIOMS Luce.fullSurvivorProbability.eq_1: [propext, Classical.choice, Quot.sound]
AXIOMS Luce.ghostCountKernel.eq_1: [propext, Classical.choice, Quot.sound]
AXIOMS Luce.ghostCountKernel_marked_product._simp_1_1: [propext, Classical.choice, Quot.sound]
AXIOMS Luce.ghostCountKernel_product._simp_1_1: [propext, Classical.choice, Quot.sound]
AXIOMS Luce.ghostCountSuccess_implies_swapped_path._proof_1_1: [propext, Classical.choice, Quot.sound]
AXIOMS Luce.ghostCountWindow_probability_le_rank_sum._proof_1_2: [propext, Classical.choice, Quot.sound]
AXIOMS Luce.ghostCountWindow_probability_le_rank_sum._proof_1_3: [propext, Classical.choice, Quot.sound]
AXIOMS Luce.ghostCountWindow_probability_le_rank_sum._simp_1_1: [propext]
AXIOMS Luce.ghostCountWindow_probability_le_rank_sum._simp_1_4: [propext]
AXIOMS Luce.ghostCountWindow_probability_le_rank_sum._simp_1_5: [propext]
AXIOMS Luce.ghostCycleVertexSum._proof_1: [propext]
AXIOMS Luce.ghostCycleVertexSum.eq_1: [propext, Classical.choice, Quot.sound]
AXIOMS Luce.ghostEntry.eq_1: [propext, Classical.choice, Quot.sound]
AXIOMS Luce.ghostOrderKernel.eq_1: [propext, Classical.choice, Quot.sound]
AXIOMS Luce.ghostPathSum.eq_1: [propext, Classical.choice, Quot.sound]
AXIOMS Luce.ghostPredecessorSum._proof_1: [propext]
AXIOMS Luce.ghostPredecessorSum.eq_1: [propext, Classical.choice, Quot.sound]
AXIOMS Luce.ghostWindowByOrder_count_bounds._proof_1_1: [propext, Classical.choice, Quot.sound]
AXIOMS Luce.ghostWindowByOrder_count_bounds._proof_1_2: [propext, Classical.choice, Quot.sound]
AXIOMS Luce.ghostWindowByOrder_count_bounds._proof_1_3: [propext, Classical.choice, Quot.sound]
AXIOMS Luce.ghostWindowByOrder_count_bounds._proof_1_4: [propext, Classical.choice, Quot.sound]
AXIOMS Luce.ghostWindowByOrder_count_bounds._proof_1_5: [propext, Classical.choice, Quot.sound]
AXIOMS Luce.ghostWindowByOrder_iff_count._proof_1_1: [propext, Classical.choice, Quot.sound]
AXIOMS Luce.ghostWindowByOrder_iff_count._proof_1_2: [propext, Classical.choice, Quot.sound]
AXIOMS Luce.ghostWindowByOrder_iff_count._proof_1_3: [propext, Classical.choice, Quot.sound]
AXIOMS Luce.ghostWindowByOrder_iff_count._proof_1_4: [propext, Classical.choice, Quot.sound]
AXIOMS Luce.ghostWindowByOrder_iff_count._proof_1_5: [propext, Classical.choice, Quot.sound]
AXIOMS Luce.ghostWindowByOrder_iff_count._proof_1_6: [propext, Classical.choice, Quot.sound]
AXIOMS Luce.ghostWindowByOrder_iff_count._proof_1_7: [propext, Classical.choice, Quot.sound]
AXIOMS Luce.ghostWindowLength.eq_1: [propext, Classical.choice, Quot.sound]
AXIOMS Luce.ghostWindowVolume.eq_1: [propext, Classical.choice, Quot.sound]
AXIOMS Luce.ghostWindowVolume_expectation_le._proof_1_1: [propext, Quot.sound]
AXIOMS Luce.ghostWindowVolume_ne_top_of_interior._proof_1_2: [propext, Quot.sound]
AXIOMS Luce.ghost_marked_edge_bound._proof_1_1: [propext, Quot.sound]
AXIOMS Luce.highCycleConstant.eq_1: [propext, Classical.choice, Quot.sound]
AXIOMS Luce.highRateMass.eq_1: [propext, Classical.choice, Quot.sound]
AXIOMS Luce.high_rate_cycle_vertices_bound._simp_1_1: [propext, Quot.sound]
AXIOMS Luce.high_rate_cycle_vertices_bound._simp_1_2: [propext, Quot.sound]
AXIOMS Luce.high_rate_cycle_vertices_bound._simp_1_3: [propext, Classical.choice, Quot.sound]
AXIOMS Luce.high_rate_density_bound._simp_1_1: [propext]
AXIOMS Luce.high_rate_density_bound._simp_1_2: [propext]
AXIOMS Luce.high_rate_density_bound._simp_1_3: [propext]
AXIOMS Luce.high_rate_density_bound._simp_1_4: [propext]
AXIOMS Luce.high_rate_density_bound._simp_1_5: [propext]
AXIOMS Luce.high_rate_density_bound._simp_1_6: [propext, Classical.choice, Quot.sound]
AXIOMS Luce.high_rate_density_bound._simp_1_7: [propext]
AXIOMS Luce.high_rate_density_bound._simp_1_8: []
AXIOMS Luce.identityGapDuration.eq_1: [propext, Classical.choice, Quot.sound]
AXIOMS Luce.identityGapDuration_succ._proof_1_3: [propext, Quot.sound]
AXIOMS Luce.identityGapDuration_succ._simp_1_1: [propext]
AXIOMS Luce.identityGapDuration_succ._simp_1_2: [propext]
AXIOMS Luce.identityNormalizedGaps._proof_1: [propext]
AXIOMS Luce.identityNormalizedGaps.eq_1: [propext, Classical.choice, Quot.sound]
AXIOMS Luce.identityNormalizedGaps.eq_2: [propext, Classical.choice, Quot.sound]
AXIOMS Luce.identityNormalizedGaps.eq_def: [propext, Classical.choice, Quot.sound]
AXIOMS Luce.identityNormalizedGaps_order_recursion._simp_1_4: [propext, Classical.choice, Quot.sound]
AXIOMS Luce.iidPointLaw.eq_1: [propext, Classical.choice, Quot.sound]
AXIOMS Luce.initialRateMass.eq_1: [propext, Classical.choice, Quot.sound]
AXIOMS Luce.insertionColumn_le_new_add_length._simp_1_1: [propext, Classical.choice, Quot.sound]
AXIOMS Luce.insertionPathSum.congr_simp: [propext, Classical.choice, Quot.sound]
AXIOMS Luce.insertionPathSum.eq_1: [propext, Classical.choice, Quot.sound]
AXIOMS Luce.insertionPathSum_succ._simp_1_1: [propext, Quot.sound]
AXIOMS Luce.insertionPathWeight.eq_1: [propext, Classical.choice, Quot.sound]
AXIOMS Luce.insertionPathWeight_cons._simp_1_1: [propext, Quot.sound]
AXIOMS Luce.integrable_finite_state._simp_1_1: [propext]
AXIOMS Luce.integral_comp_stepProfile._simp_1_1: [propext]
AXIOMS Luce.integral_exponentialPDFReal._simp_1_1: [propext]
AXIOMS Luce.integral_finite_state._simp_1_1: [propext]
AXIOMS Luce.integral_markedNormalizedGaps_prod_sq._simp_1_1: [propext, Quot.sound]
AXIOMS Luce.integral_natCountLaplace_pi_poisson._simp_1_2: [propext, Quot.sound]
AXIOMS Luce.integral_natCountSingletonTest._simp_1_2: [propext]
AXIOMS Luce.integral_profileGridKernel_step._simp_1_1: [propext]
AXIOMS Luce.integrated_rank_crossing_intensity._simp_1_1: [propext, Classical.choice, Quot.sound]
AXIOMS Luce.interiorCompensatorSum.eq_1: [propext, Classical.choice, Quot.sound]
AXIOMS Luce.interiorDensityMeasure.eq_1: [propext, Classical.choice, Quot.sound]
AXIOMS Luce.interiorDensityMeasure_restrict._simp_1_2: [propext]
AXIOMS Luce.interiorDensityMeasure_restrict._simp_1_3: [propext]
AXIOMS Luce.interiorDensityMeasure_restrict._simp_1_4: [propext]
AXIOMS Luce.interiorDensityMeasure_restrict._simp_1_5: [propext]
AXIOMS Luce.interiorFixedPoints.eq_1: [propext, Classical.choice, Quot.sound]
AXIOMS Luce.interiorIntensity._proof_1: [propext, Classical.choice, Quot.sound]
AXIOMS Luce.interiorIntensity.congr_simp: [propext, Classical.choice, Quot.sound]
AXIOMS Luce.interior_observed_test_le_tail._simp_1_1: [propext]
AXIOMS Luce.intervalTestExtension.eq_1: [propext, Classical.choice, Quot.sound]
AXIOMS Luce.inverse_product_le_exp._simp_1_1: [propext]
AXIOMS Luce.inverse_product_le_exp._simp_1_2: [propext]
AXIOMS Luce.inverse_product_le_exp._simp_1_3: [propext]
AXIOMS Luce.inverse_product_le_exp._simp_1_4: [propext]
AXIOMS Luce.inverse_product_le_exp._simp_1_5: [propext]
AXIOMS Luce.inverse_product_le_exp._simp_1_6: [propext, Classical.choice, Quot.sound]
AXIOMS Luce.inverse_product_le_exp._simp_1_7: [propext]
AXIOMS Luce.keepTerm.eq_1: [propext, Classical.choice, Quot.sound]
AXIOMS Luce.lateGhostEntry.congr_simp: [propext, Classical.choice, Quot.sound]
AXIOMS Luce.lateGhostEntry.eq_1: [propext, Classical.choice, Quot.sound]
AXIOMS Luce.lateGhostKernel.eq_1: [propext, Classical.choice, Quot.sound]
AXIOMS Luce.late_retained_pairs_bound._simp_1_1: [propext]
AXIOMS Luce.limitingSieveRemainder.eq_1: [propext, Classical.choice, Quot.sound]
AXIOMS Luce.lowRateDensity.eq_1: [propext, Classical.choice, Quot.sound]
AXIOMS Luce.lt_arrivalTime_iff_clockBeforeCount._proof_1_1: [propext, Classical.choice, Quot.sound]
AXIOMS Luce.lt_arrivalTime_iff_clockBeforeCount._proof_1_2: [propext, Classical.choice, Quot.sound]
AXIOMS Luce.markedGapCoefficient.eq_1: [propext, Classical.choice, Quot.sound]
AXIOMS Luce.markedGapScalar.eq_1: [propext, Classical.choice, Quot.sound]
AXIOMS Luce.markedImage_comp_perm._simp_1_1: [propext, Classical.choice, Quot.sound]
AXIOMS Luce.markedImage_comp_perm._simp_1_2: [propext, Classical.choice, Quot.sound]
AXIOMS Luce.markedNormalizedGaps.eq_1: [propext, Classical.choice, Quot.sound]
AXIOMS Luce.markedRankCylinder_deleted_counts._proof_1_1: [propext, Classical.choice, Quot.sound]
AXIOMS Luce.markedRankCylinder_iff_deleted_counts._proof_1_1: [propext, Classical.choice, Quot.sound]
AXIOMS Luce.markedRankCylinder_iff_deleted_counts._proof_1_2: [propext, Classical.choice, Quot.sound]
AXIOMS Luce.markedRankCylinder_probability_eq_sortedGapProduct._simp_1_1: [propext, Classical.choice, Quot.sound]
AXIOMS Luce.markedRankCylinder_probability_le_deletedGapProduct._proof_1_1: [propext, Classical.choice, Quot.sound]
AXIOMS Luce.markedReturnWeight.eq_1: [propext, Classical.choice, Quot.sound]
AXIOMS Luce.marked_times_strictMono_of_rankCylinder._proof_1_1: [propext, Classical.choice, Quot.sound]
AXIOMS Luce.meanArrival.eq_1: [propext, Classical.choice, Quot.sound]
AXIOMS Luce.meanSurvivors.eq_1: [propext, Classical.choice, Quot.sound]
AXIOMS Luce.measurableSet_boundedCycleEvent._simp_1_2: [propext]
AXIOMS Luce.measurableSet_boundedCycleEvent._simp_1_3: [propext]
AXIOMS Luce.measurableSet_injective_clocks._simp_1_1: [propext]
AXIOMS Luce.measurableSet_label_available._simp_1_1: [propext]
AXIOMS Luce.measurableSet_retainedMaximumCycleEvent._simp_1_2: [propext]
AXIOMS Luce.measurableSet_retainedMaximumCycleEvent._simp_1_3: [propext]
AXIOMS Luce.measurable_other_survivors._simp_1_1: [propext, Classical.choice, Quot.sound]
AXIOMS Luce.measurable_raceDraw._simp_1_1: [propext]
AXIOMS Luce.measurable_raceDraw._simp_1_2: [propext]
AXIOMS Luce.measurable_raceDraw._simp_1_3: [propext]
AXIOMS Luce.measurable_raceDraw._simp_1_4: [propext]
AXIOMS Luce.measurable_raceGapStart._proof_1_1: [propext, Quot.sound]
AXIOMS Luce.measurable_raceRankPermutation_apply._simp_1_1: [propext]
AXIOMS Luce.measurable_raceRankPermutation_apply._simp_1_2: [propext]
AXIOMS Luce.measurable_raceRankPermutation_apply._simp_1_3: [propext]
AXIOMS Luce.measurable_raceRankPermutation_apply._simp_1_4: [propext]
AXIOMS Luce.measurePreserving_block_uncurry._simp_1_1: [propext]
AXIOMS Luce.measurePreserving_block_uncurry._simp_1_2: [propext]
AXIOMS Luce.mem_consecutiveGap_iff_count._proof_1_2: [propext, Classical.choice, Quot.sound]
AXIOMS Luce.mem_consecutiveGap_iff_count._proof_1_3: [propext, Classical.choice, Quot.sound]
AXIOMS Luce.mem_consecutiveGap_iff_count._proof_1_4: [propext, Classical.choice, Quot.sound]
AXIOMS Luce.moderateReservoir.eq_1: [propext, Classical.choice, Quot.sound]
AXIOMS Luce.momentLaplace._proof_1: [propext, Classical.choice, Quot.sound]
AXIOMS Luce.momentLaplace.eq_1: [propext, Classical.choice, Quot.sound]
AXIOMS Luce.momentLaplaceAlgebra._proof_1: [propext, Classical.choice, Quot.sound]
AXIOMS Luce.momentLaplaceAlgebra.eq_1: [propext, Classical.choice, Quot.sound]
AXIOMS Luce.momentLaplaceMonoid._proof_1: [propext, Classical.choice, Quot.sound]
AXIOMS Luce.momentLaplaceMonoid._proof_2: [propext, Classical.choice, Quot.sound]
AXIOMS Luce.momentLaplaceMonoid._proof_3: [propext, Classical.choice, Quot.sound]
AXIOMS Luce.natCountLaplace._proof_1: [propext, Classical.choice, Quot.sound]
AXIOMS Luce.natCountLaplace.eq_1: [propext, Classical.choice, Quot.sound]
AXIOMS Luce.natCountLaplaceAlgebra._proof_1: [propext, Classical.choice, Quot.sound]
AXIOMS Luce.natCountLaplaceAlgebra.eq_1: [propext, Classical.choice, Quot.sound]
AXIOMS Luce.natCountLaplaceMonoid._proof_1: [propext, Classical.choice, Quot.sound]
AXIOMS Luce.natCountLaplaceMonoid._proof_2: [propext, Classical.choice, Quot.sound]
AXIOMS Luce.natCountLaplaceMonoid._proof_3: [propext, Classical.choice, Quot.sound]
AXIOMS Luce.natCountSingletonTest._proof_1: [propext, Classical.choice, Quot.sound]
AXIOMS Luce.natCountSingletonTest._proof_2: [propext, Classical.choice, Quot.sound]
AXIOMS Luce.natCountSingletonTest.eq_1: [propext, Classical.choice, Quot.sound]
AXIOMS Luce.nonnegativeTail.eq_1: [propext, Classical.choice, Quot.sound]
AXIOMS Luce.nonnegativeTail_antitone._proof_1_1: [propext, Quot.sound]
AXIOMS Luce.normalized_tuple_high_rate_le._simp_1_1: [propext]
AXIOMS Luce.normalized_tuple_high_rate_le._simp_1_2: [propext]
AXIOMS Luce.normalized_tuple_high_rate_le._simp_1_3: [propext]
AXIOMS Luce.normalized_tuple_high_rate_le._simp_1_4: [propext]
AXIOMS Luce.normalized_tuple_high_rate_le._simp_1_5: [propext]
AXIOMS Luce.normalized_tuple_high_rate_le._simp_1_6: [propext, Classical.choice, Quot.sound]
AXIOMS Luce.normalized_tuple_high_rate_le._simp_1_7: [propext]
AXIOMS Luce.not_mem_retainedCycleLabels._simp_1_2: [propext, Classical.choice, Quot.sound]
AXIOMS Luce.not_mem_retainedCycleLabels._simp_1_3: [propext, Classical.choice, Quot.sound]
AXIOMS Luce.not_mem_retainedCycleLabels._simp_1_4: [propext, Classical.choice, Quot.sound]
AXIOMS Luce.not_mem_retainedCycleLabels._simp_1_5: [propext]
AXIOMS Luce.not_mem_retainedCycleLabels._simp_1_6: [propext, Classical.choice, Quot.sound]
AXIOMS Luce.orderTime.eq_1: [propext, Classical.choice, Quot.sound]
AXIOMS Luce.orderedRemainingRate.eq_1: [propext, Classical.choice, Quot.sound]
AXIOMS Luce.orderedRemainingRate_eq_surviving_sum._proof_1_2: [propext, Quot.sound]
AXIOMS Luce.orderedRemainingRate_eq_surviving_sum._proof_1_3: [propext, Classical.choice, Quot.sound]
AXIOMS Luce.orderedWeights._proof_1: [propext, Classical.choice, Quot.sound]
AXIOMS Luce.ordered_gap_eq_normalized_div_rate._simp_1_1: [propext]
AXIOMS Luce.ordered_gap_eq_normalized_div_rate._simp_1_2: [propext]
AXIOMS Luce.ordered_gap_eq_normalized_div_rate._simp_1_3: [propext]
AXIOMS Luce.ordered_gap_eq_normalized_div_rate._simp_1_4: [propext]
AXIOMS Luce.ordered_gap_eq_normalized_div_rate._simp_1_5: [propext]
AXIOMS Luce.ordered_gap_eq_normalized_div_rate._simp_1_6: [propext, Classical.choice, Quot.sound]
AXIOMS Luce.ordered_gap_eq_normalized_div_rate._simp_1_7: [propext]
AXIOMS Luce.otherSurvivorProbability.eq_1: [propext, Classical.choice, Quot.sound]
AXIOMS Luce.otherSurvivorProbability_early._simp_1_1: [propext, Classical.choice, Quot.sound]
AXIOMS Luce.otherSurvivorProbability_early._simp_1_2: [propext]
AXIOMS Luce.otherSurvivors.eq_1: [propext, Classical.choice, Quot.sound]
AXIOMS Luce.other_survivors_eq_sum._simp_1_1: [propext, Classical.choice, Quot.sound]
AXIOMS Luce.pointCountSingletonTest._proof_1: [propext, Classical.choice, Quot.sound]
AXIOMS Luce.pointCountSingletonTest._proof_2: [propext, Classical.choice, Quot.sound]
AXIOMS Luce.pointCountSingletonTest.eq_1: [propext, Classical.choice, Quot.sound]
AXIOMS Luce.pointLaplace.eq_1: [propext, Classical.choice, Quot.sound]
AXIOMS Luce.pointMeasureOfFin.eq_1: [propext, Classical.choice, Quot.sound]
AXIOMS Luce.pointMeasure_law_convergence_of_laplace._simp_1_2: [propext]
AXIOMS Luce.pointMeasure_law_convergence_of_laplace._simp_1_3: [propext]
AXIOMS Luce.pointMoment.congr_simp: [propext, Classical.choice, Quot.sound]
AXIOMS Luce.point_indicator_difference_le_count_difference._proof_1_1: [propext, Quot.sound]
AXIOMS Luce.poissonMixture.eq_1: [propext, Classical.choice, Quot.sound]
AXIOMS Luce.poissonProbabilityMeasure._proof_1: [propext, Classical.choice, Quot.sound]
AXIOMS Luce.predecessorConstant.eq_1: [propext]
AXIOMS Luce.predecessor_shell_index_le._proof_1_1: [propext, Quot.sound]
AXIOMS Luce.predecessor_shell_index_le._proof_1_2: [propext, Quot.sound]
AXIOMS Luce.predictableChance.eq_1: [propext, Classical.choice, Quot.sound]
AXIOMS Luce.prefixAgrees.eq_1: [Quot.sound]
AXIOMS Luce.prefixAgrees_decomposeFin._simp_1_2: [propext]
AXIOMS Luce.prefixAgrees_decomposeFin._simp_1_3: [propext]
AXIOMS Luce.prefixAgrees_decomposeFin._simp_1_4: [propext]
AXIOMS Luce.prefixAgrees_decomposeFin._simp_1_5: [propext]
AXIOMS Luce.prefixMass.eq_1: [propext, Classical.choice, Quot.sound]
AXIOMS Luce.prefixMass_decomposeFin._simp_1_2: [propext]
AXIOMS Luce.prefixMass_decomposeFin._simp_1_3: [propext]
AXIOMS Luce.prefixMass_succ._proof_1_5: [propext, Classical.choice, Quot.sound]
AXIOMS Luce.prefixMass_succ._simp_1_1: [propext, Classical.choice, Quot.sound]
AXIOMS Luce.prefixMass_succ._simp_1_2: [propext, Classical.choice, Quot.sound]
AXIOMS Luce.prefixMass_succ._simp_1_3: [propext, Classical.choice, Quot.sound]
AXIOMS Luce.prefixMass_succ._simp_1_4: [propext]
AXIOMS Luce.prefixVector.eq_1: [Quot.sound]
AXIOMS Luce.previousOrderedTime._proof_1: [propext, Quot.sound]
AXIOMS Luce.previousOrderedTime._proof_2: [propext, Quot.sound]
AXIOMS Luce.previousOrderedTime.eq_1: [propext, Classical.choice, Quot.sound]
AXIOMS Luce.probabilityTotalVariation.eq_1: [propext, Classical.choice, Quot.sound]
AXIOMS Luce.profileCell.eq_1: [propext, Classical.choice, Quot.sound]
AXIOMS Luce.profileD.eq_1: [propext, Classical.choice, Quot.sound]
AXIOMS Luce.profileF.eq_1: [propext, Classical.choice, Quot.sound]
AXIOMS Luce.profileGapCoefficient.eq_1: [propext, Classical.choice, Quot.sound]
AXIOMS Luce.profileGridKernel.eq_1: [propext, Classical.choice, Quot.sound]
AXIOMS Luce.profileH.eq_1: [propext, Classical.choice, Quot.sound]
AXIOMS Luce.profileLimitKernel.eq_1: [propext, Classical.choice, Quot.sound]
AXIOMS Luce.profileMeasure.eq_1: [propext, Classical.choice, Quot.sound]
AXIOMS Luce.raceCycleVectorLaw._proof_1: [propext, Classical.choice, Quot.sound]
AXIOMS Luce.raceDraw.eq_1: [propext, Classical.choice, Quot.sound]
AXIOMS Luce.raceDrawFiltration._proof_1: [propext, Classical.choice, Quot.sound]
AXIOMS Luce.raceDrawFiltration._proof_2: [propext, Classical.choice, Quot.sound]
AXIOMS Luce.raceDraw_event_probability._simp_1_1: [propext]
AXIOMS Luce.raceDraw_event_probability._simp_1_2: [propext, Classical.choice, Quot.sound]
AXIOMS Luce.raceDraw_event_probability._simp_1_3: [propext, Classical.choice, Quot.sound]
AXIOMS Luce.raceDraw_event_probability._simp_1_4: [propext, Classical.choice, Quot.sound]
AXIOMS Luce.raceDraw_fixed_iff_rankOf._proof_1_1: [propext, Classical.choice, Quot.sound]
AXIOMS Luce.raceGapRate.eq_1: [propext, Classical.choice, Quot.sound]
AXIOMS Luce.raceGapStart.eq_1: [propext, Classical.choice, Quot.sound]
AXIOMS Luce.raceInteriorBernoulli._proof_1: [propext, Classical.choice, Quot.sound]
AXIOMS Luce.raceInteriorBernoulli.eq_1: [propext, Classical.choice, Quot.sound]
AXIOMS Luce.raceInteriorBernoulli_observation._simp_1_2: [propext, Quot.sound]
AXIOMS Luce.raceInteriorBernoulli_pointMeasure._simp_1_1: [propext, Quot.sound]
AXIOMS Luce.raceNormalizedGaps.eq_1: [propext, Classical.choice, Quot.sound]
AXIOMS Luce.raceRank.eq_1: [propext, Classical.choice, Quot.sound]
AXIOMS Luce.raceRankPermutation.eq_1: [propext, Classical.choice, Quot.sound]
AXIOMS Luce.raceRankPermutation_apply_eq_iff._proof_1_1: [propext, Classical.choice, Quot.sound]
AXIOMS Luce.raceRank_add_survivors._proof_1_6: [propext, Classical.choice, Quot.sound]
AXIOMS Luce.raceRank_add_survivors._simp_1_1: [propext, Classical.choice, Quot.sound]
AXIOMS Luce.raceRank_add_survivors._simp_1_2: [propext, Classical.choice, Quot.sound]
AXIOMS Luce.raceRank_add_survivors._simp_1_3: [propext, Classical.choice, Quot.sound]
AXIOMS Luce.raceRank_add_survivors._simp_1_5: [propext, Classical.choice, Quot.sound]
AXIOMS Luce.raceRank_eq_iff_raceDraw._proof_1_2: [propext, Classical.choice, Quot.sound]
AXIOMS Luce.raceRank_eq_iff_survivors._proof_1_1: [propext, Classical.choice, Quot.sound]
AXIOMS Luce.raceRank_injective._proof_1_1: [propext, Classical.choice, Quot.sound]
AXIOMS Luce.raceRank_injective._proof_1_2: [propext, Classical.choice, Quot.sound]
AXIOMS Luce.raceRank_strict._proof_1_1: [propext, Classical.choice, Quot.sound]
AXIOMS Luce.rankOf.eq_1: [propext, Classical.choice, Quot.sound]
AXIOMS Luce.rankPermutation._proof_1: [propext, Classical.choice, Quot.sound]
AXIOMS Luce.rankPermutation.congr_simp: [propext, Classical.choice, Quot.sound]
AXIOMS Luce.rank_integral_real._simp_1_1: [propext]
AXIOMS Luce.rank_integral_survivors._simp_1_1: [propext]
AXIOMS Luce.rateKernel.eq_1: [propext, Classical.choice, Quot.sound]
AXIOMS Luce.remaining.eq_1: [propext, Classical.choice, Quot.sound]
AXIOMS Luce.remaining_eq_clock_survivors._simp_1_1: [propext, Classical.choice, Quot.sound]
AXIOMS Luce.remaining_eq_clock_survivors._simp_1_2: [propext, Classical.choice, Quot.sound]
AXIOMS Luce.remaining_eq_of_prefix_agreement._simp_1_1: [propext, Classical.choice, Quot.sound]
AXIOMS Luce.remaining_eq_of_prefix_agreement._simp_1_2: [propext, Classical.choice, Quot.sound]
AXIOMS Luce.remaining_eq_of_prefix_agreement._simp_1_3: [propext, Quot.sound]
AXIOMS Luce.remaining_rate_lower_pointwise._proof_1_2: [propext, Classical.choice, Quot.sound]
AXIOMS Luce.remaining_rate_lower_pointwise._simp_1_1: [propext]
AXIOMS Luce.remaining_rate_lower_pointwise._simp_1_3: [propext]
AXIOMS Luce.removed_survivor_probability_le._simp_1_1: [propext, Classical.choice, Quot.sound]
AXIOMS Luce.removed_survivor_probability_le._simp_1_2: [propext]
AXIOMS Luce.rescaled_gap_error_constant._simp_1_1: [propext]
AXIOMS Luce.rescaled_gap_error_constant._simp_1_2: [propext]
AXIOMS Luce.rescaled_gap_error_constant._simp_1_3: [propext]
AXIOMS Luce.rescaled_gap_error_constant._simp_1_4: [propext]
AXIOMS Luce.rescaled_gap_error_constant._simp_1_5: [propext]
AXIOMS Luce.rescaled_gap_error_constant._simp_1_6: [propext, Classical.choice, Quot.sound]
AXIOMS Luce.rescaled_gap_error_constant._simp_1_7: [propext]
AXIOMS Luce.rescaled_prod_exponentialGapMass_taylor._simp_1_1: [propext]
AXIOMS Luce.rescaled_prod_exponentialGapMass_taylor._simp_1_2: [propext]
AXIOMS Luce.rescaled_prod_exponentialGapMass_taylor._simp_1_3: [propext]
AXIOMS Luce.rescaled_prod_exponentialGapMass_taylor._simp_1_4: [propext]
AXIOMS Luce.rescaled_prod_exponentialGapMass_taylor._simp_1_5: [propext]
AXIOMS Luce.rescaled_prod_exponentialGapMass_taylor._simp_1_6: [propext, Classical.choice, Quot.sound]
AXIOMS Luce.rescaled_prod_exponentialGapMass_taylor._simp_1_7: [propext]
AXIOMS Luce.retainedCycleLabels.eq_1: [propext, Classical.choice, Quot.sound]
AXIOMS Luce.retainedDeepCycleCount.eq_1: [propext, Classical.choice, Quot.sound]
AXIOMS Luce.retainedMaximumCycleEvent.eq_1: [propext, Classical.choice, Quot.sound]
AXIOMS Luce.retainedMaximumCycleEvent_eq_actual_roots._simp_1_2: [propext, Classical.choice, Quot.sound]
AXIOMS Luce.retainedMaximumCycleEvent_eq_actual_roots._simp_1_3: [propext]
AXIOMS Luce.retained_labels_complement._simp_1_1: [propext, Classical.choice, Quot.sound]
AXIOMS Luce.retained_labels_complement._simp_1_2: [propext, Classical.choice, Quot.sound]
AXIOMS Luce.retained_labels_complement._simp_1_3: [propext, Classical.choice, Quot.sound]
AXIOMS Luce.retained_labels_complement._simp_1_4: [propext, Classical.choice, Quot.sound]
AXIOMS Luce.retained_labels_complement._simp_1_5: [propext, Classical.choice, Quot.sound]
AXIOMS Luce.retained_maximum_cycle_probability_le_ghost._proof_1_1: [propext, Classical.choice, Quot.sound]
AXIOMS Luce.rowMaxRate._proof_1: [propext, Classical.choice, Quot.sound]
AXIOMS Luce.section3Location._proof_1: [propext, Classical.choice, Quot.sound]
AXIOMS Luce.section3Location.eq_1: [propext, Classical.choice, Quot.sound]
AXIOMS Luce.section3UnitWeights._proof_1: [propext, Classical.choice, Quot.sound]
AXIOMS Luce.section3UnitWeights.eq_1: [propext, Classical.choice, Quot.sound]
AXIOMS Luce.section4_intensity_tail_tendsto._simp_1_1: [propext]
AXIOMS Luce.section4_intensity_tail_tendsto._simp_1_2: [propext]
AXIOMS Luce.section4_intensity_tail_tendsto._simp_1_3: [propext]
AXIOMS Luce.section4_intensity_test_bound._proof_1_1: [propext, Quot.sound]
AXIOMS Luce.section4_intensity_test_bound._proof_1_2: [propext, Quot.sound]
AXIOMS Luce.section5_sorted_marked_asymptotic._proof_1_1: [propext, Classical.choice, Quot.sound]
AXIOMS Luce.shellCost.eq_1: [propext, Classical.choice, Quot.sound]
AXIOMS Luce.shellExpectationCost.eq_1: [propext, Classical.choice, Quot.sound]
AXIOMS Luce.shellExpectationCost_le._proof_1_2: [propext, Quot.sound]
AXIOMS Luce.shellExpectationCost_le._simp_1_3: [propext]
AXIOMS Luce.shellExpectationTail_bound._simp_1_1: [propext]
AXIOMS Luce.shellFloor._proof_1: [propext, Classical.choice, Quot.sound]
AXIOMS Luce.shellFloor.congr_simp: [propext, Classical.choice, Quot.sound]
AXIOMS Luce.shellMax._proof_1: [propext, Classical.choice, Quot.sound]
AXIOMS Luce.shellMax.congr_simp: [propext, Classical.choice, Quot.sound]
AXIOMS Luce.shellTailCost.eq_1: [propext, Classical.choice, Quot.sound]
AXIOMS Luce.shellTailCost_antitone._proof_1_1: [propext, Quot.sound]
AXIOMS Luce.shellTailCost_eq_sum._proof_1_2: [propext, Quot.sound]
AXIOMS Luce.shellTailCost_eq_sum._simp_1_1: [propext, Classical.choice, Quot.sound]
AXIOMS Luce.shortCycleTailExpectation.eq_1: [propext, Classical.choice, Quot.sound]
AXIOMS Luce.shortCycleVertexCount.eq_1: [propext, Classical.choice, Quot.sound]
AXIOMS Luce.shortCycleVertexCountAvoiding.eq_1: [propext, Classical.choice, Quot.sound]
AXIOMS Luce.shortCycleVertexCountAvoiding_expectation_le._proof_1_1: [propext, Classical.choice, Quot.sound]
AXIOMS Luce.shortCycleVertexCountAvoiding_expectation_le._proof_1_2: [propext, Classical.choice, Quot.sound]
AXIOMS Luce.shortCycleVertexCountAvoiding_expectation_le._proof_1_3: [propext, Classical.choice, Quot.sound]
AXIOMS Luce.shortCycleVertexCountAvoiding_expectation_le._simp_1_5: [propext, Classical.choice, Quot.sound]
AXIOMS Luce.shortCycleVertexCount_eq_filter_period_le._proof_1_1: [propext, Classical.choice, Quot.sound]
AXIOMS Luce.shortCycleVertexCount_eq_filter_period_le._proof_1_2: [propext, Classical.choice, Quot.sound]
AXIOMS Luce.shortCycleVertexCount_eq_filter_period_le._proof_1_3: [propext, Classical.choice, Quot.sound]
AXIOMS Luce.shortCycleVertexCount_le_high_add_avoiding._proof_1_6: [propext, Classical.choice, Quot.sound]
AXIOMS Luce.shortCycleVertexCount_le_high_add_avoiding._simp_1_2: [propext, Classical.choice, Quot.sound]
AXIOMS Luce.shortCycleVertexCount_le_high_add_avoiding._simp_1_3: [propext, Classical.choice, Quot.sound]
AXIOMS Luce.shortCycleVertexCount_le_high_add_avoiding._simp_1_4: [propext, Classical.choice, Quot.sound]
AXIOMS Luce.shortCycleVertexCount_le_high_add_avoiding._simp_1_5: [propext]
AXIOMS Luce.singleton_cycle_tail_le_fixed._proof_1_2: [propext, Classical.choice, Quot.sound]
AXIOMS Luce.singleton_cycle_tail_le_fixed._simp_1_1: [propext, Classical.choice, Quot.sound]
AXIOMS Luce.sortedMarkedGapIndex_lt_complement._proof_1_1: [propext, Classical.choice, Quot.sound]
AXIOMS Luce.sortedMarkedGapIndex_strictMono._proof_1_1: [propext, Classical.choice, Quot.sound]
AXIOMS Luce.spatial_tail_iff_terminal_index._proof_1_1: [propext, Quot.sound]
AXIOMS Luce.standardGapLaw.eq_1: [propext, Classical.choice, Quot.sound]
AXIOMS Luce.stepProfile.eq_1: [propext, Classical.choice, Quot.sound]
AXIOMS Luce.stepProfile_superlevel_measure_le._simp_1_1: [propext]
AXIOMS Luce.stepProfile_superlevel_measure_le._simp_1_3: [propext, Classical.choice, Quot.sound]
AXIOMS Luce.stepProfile_superlevel_measure_le._simp_1_4: [propext, Classical.choice, Quot.sound]
AXIOMS Luce.stoppedMass.eq_1: [propext, Classical.choice, Quot.sound]
AXIOMS Luce.stoppedMass.eq_2: [propext, Classical.choice, Quot.sound]
AXIOMS Luce.stoppedMass.eq_def: [propext, Classical.choice, Quot.sound]
AXIOMS Luce.stoppedProbability.eq_1: [propext, Classical.choice, Quot.sound]
AXIOMS Luce.sum_beforeRank_probability._simp_1_1: [propext, Classical.choice, Quot.sound]
AXIOMS Luce.sum_beforeRank_probability._simp_1_2: [propext, Classical.choice, Quot.sound]
AXIOMS Luce.sum_beforeRank_probability._simp_1_3: [propext, Classical.choice, Quot.sound]
AXIOMS Luce.sum_fullSurvivorProbability_le_one._proof_1_1: [propext, Quot.sound]
AXIOMS Luce.sum_ghostCountSuccess_probability_le._simp_1_1: [propext, Classical.choice, Quot.sound]
AXIOMS Luce.sum_ghostCountSuccess_probability_le._simp_1_2: [propext, Classical.choice, Quot.sound]
AXIOMS Luce.sum_mass_cylinder_le._simp_1_1: [propext, Classical.choice, Quot.sound]
AXIOMS Luce.sum_mass_cylinder_le._simp_1_2: [propext]
AXIOMS Luce.sum_mass_marked_cylinder_le._simp_1_1: [propext, Classical.choice, Quot.sound]
AXIOMS Luce.sum_mass_marked_cylinder_le._simp_1_2: [propext, Classical.choice, Quot.sound]
AXIOMS Luce.sum_mass_marked_cylinder_le._simp_1_3: [propext]
AXIOMS Luce.sum_mass_prefix._simp_1_1: [propext, Quot.sound]
AXIOMS Luce.sum_mass_prefix._simp_1_2: [propext, Classical.choice, Quot.sound]
AXIOMS Luce.sum_mass_prefix_next._simp_1_1: [propext, Classical.choice, Quot.sound]
AXIOMS Luce.sum_mass_prefix_next._simp_1_2: [propext, Classical.choice, Quot.sound]
AXIOMS Luce.sum_spatial_tail_le_shells._simp_1_1: [propext, Classical.choice, Quot.sound]
AXIOMS Luce.survivalGe.eq_1: [propext, Classical.choice, Quot.sound]
AXIOMS Luce.survivalGe_sub_le_band._simp_1_1: [propext]
AXIOMS Luce.survivalGe_sub_le_band._simp_1_2: [propext]
AXIOMS Luce.survivalKernel.eq_1: [propext, Classical.choice, Quot.sound]
AXIOMS Luce.survivingAtRankProbability.eq_1: [propext, Classical.choice, Quot.sound]
AXIOMS Luce.survivingAtRankProbability_eq._simp_1_1: [propext]
AXIOMS Luce.survivingAtRankProbability_eq._simp_1_2: [propext]
AXIOMS Luce.survivingAtRankProbability_eq._simp_1_3: [propext]
AXIOMS Luce.survivorSet.eq_1: [propext, Classical.choice, Quot.sound]
AXIOMS Luce.swapClockCopies.eq_1: [propext, Classical.choice, Quot.sound]
AXIOMS Luce.swapped_rankCylinder_implies_ghost._proof_1_1: [propext, Classical.choice, Quot.sound]
AXIOMS Luce.swapped_rankCylinder_implies_ghost._proof_1_2: [propext, Classical.choice, Quot.sound]
AXIOMS Luce.symmetricClip.eq_1: [propext, Classical.choice, Quot.sound]
AXIOMS Luce.tailFixedPointCount.eq_1: [propext, Classical.choice, Quot.sound]
AXIOMS Luce.tailFixedPointCount_antitone._simp_1_1: [propext, Classical.choice, Quot.sound]
AXIOMS Luce.tailFixedPointCount_antitone._simp_1_2: [propext, Classical.choice, Quot.sound]
AXIOMS Luce.tailFixedPointCount_eq_terminalFixedPointCount._proof_1_1: [propext, Classical.choice, Quot.sound]
AXIOMS Luce.tailFixedPointCount_eq_terminalFixedPointCount._proof_1_2: [propext, Classical.choice, Quot.sound]
AXIOMS Luce.tailFixedPointCount_eq_terminalFixedPointCount._proof_1_3: [propext, Classical.choice, Quot.sound]
AXIOMS Luce.tailFixedPointCount_eq_terminalFixedPointCount._proof_1_4: [propext, Classical.choice, Quot.sound]
AXIOMS Luce.tailFixedPointCount_probability_le_expectation._simp_1_1: [propext, Classical.choice, Quot.sound]
AXIOMS Luce.tailFixedPointCount_probability_le_expectation._simp_1_2: [propext]
AXIOMS Luce.tailFixedPointCount_probability_le_expectation._simp_1_3: [propext]
AXIOMS Luce.tendsto_integral_interiorIntensity_full._simp_1_1: [propext]
AXIOMS Luce.tendsto_laplace_finitePoissonLaw_interior_full._simp_1_1: [propext]
AXIOMS Luce.terminalCandidate._proof_1: []
AXIOMS Luce.terminalCandidate.eq_1: []
AXIOMS Luce.terminalCandidate_val_add._proof_1_2: [propext, Quot.sound]
AXIOMS Luce.terminalDepth.eq_1: []
AXIOMS Luce.terminalDepth_add_label._proof_1_1: [propext, Quot.sound]
AXIOMS Luce.terminalDepth_injective._proof_1_1: [propext, Quot.sound]
AXIOMS Luce.terminalDepth_labelOfDepth._proof_1: [propext, Quot.sound]
AXIOMS Luce.terminalDepth_labelOfDepth._proof_1_1: [propext, Quot.sound]
AXIOMS Luce.terminalDepth_pos._proof_1_1: [propext, Quot.sound]
AXIOMS Luce.terminalFixedPointCount.eq_1: [propext, Classical.choice, Quot.sound]
AXIOMS Luce.terminalIntensityTest._proof_1: [propext, Classical.choice, Quot.sound]
AXIOMS Luce.terminalIntensityTest._proof_2: [propext, Classical.choice, Quot.sound]
AXIOMS Luce.terminalShell.eq_1: [propext, Classical.choice, Quot.sound]
AXIOMS Luce.terminalShellTime.eq_1: [propext, Classical.choice, Quot.sound]
AXIOMS Luce.total_compl_deletedPrefixLabels._simp_1_1: [propext, Classical.choice, Quot.sound]
AXIOMS Luce.total_compl_deletedPrefixLabels._simp_1_2: [propext, Classical.choice, Quot.sound]
AXIOMS Luce.total_compl_deletedPrefixLabels._simp_1_4: [propext, Classical.choice, Quot.sound]
AXIOMS Luce.total_compl_deletedPrefixLabels._simp_1_5: [propext, Classical.choice, Quot.sound]
AXIOMS Luce.total_compl_deletedPrefixLabels._simp_1_6: [propext, Classical.choice, Quot.sound]
AXIOMS Luce.total_compl_deletedPrefixLabels._simp_1_7: [propext]
AXIOMS Luce.total_compl_deletedPrefixLabels._simp_1_8: [propext, Classical.choice, Quot.sound]
AXIOMS Luce.total_compl_deletedPrefixLabels._simp_1_9: [propext]
AXIOMS Luce.two_candidate_bound_Icc._proof_1_1: [propext, Quot.sound]
AXIOMS Luce.two_candidate_bound_Icc._proof_1_2: [propext, Quot.sound]
AXIOMS Luce.variance_normalized_survivalGe_le._simp_1_1: [propext]
AXIOMS Luce.variance_normalized_survivalGe_le._simp_1_2: [propext]
AXIOMS Luce.variance_normalized_survivalGe_le._simp_1_3: [propext]
AXIOMS Luce.variance_normalized_survivalGe_le._simp_1_4: [propext]
AXIOMS Luce.variance_normalized_survivalGe_le._simp_1_5: [propext]
AXIOMS Luce.variance_normalized_survivalGe_le._simp_1_6: [propext, Classical.choice, Quot.sound]
AXIOMS Luce.variance_normalized_survivalGe_le._simp_1_7: [propext]
AXIOMS Luce.weightedPointMeasure._proof_1: [propext, Classical.choice, Quot.sound]
AXIOMS Luce.weightedPointMeasure._proof_2: [propext, Classical.choice, Quot.sound]
AXIOMS Luce.weightedPointMeasure.eq_1: [propext, Classical.choice, Quot.sound]
AXIOMS Luce.weighted_exponential_band_eq._simp_1_1: [propext]
AXIOMS Luce.weighted_exponential_band_eq._simp_1_2: [propext]
AXIOMS Luce.weighted_exponential_band_eq._simp_1_3: [propext]
AXIOMS Luce.weighted_exponential_band_eq._simp_1_4: [propext]
AXIOMS Luce.weighted_exponential_band_eq._simp_1_5: [propext, Quot.sound]
AXIOMS Luce.zeroCountSieve_error._proof_1_2: [propext, Quot.sound]
AXIOMS Luce.zeroCountSieve_error._simp_1_1: [propext]
AXIOMS _private.Luce.CountableTotalVariation.0.Luce.CountableLaw.probability_event_difference_le_one: [propext,
 Classical.choice,
 Quot.sound]
AXIOMS _private.Luce.CountableTotalVariation.0.Luce.CountableLaw.probability_event_le_finite_part_add_tail: [propext,
 Classical.choice,
 Quot.sound]
AXIOMS _private.Luce.CountableTotalVariation.0.Luce.CountableLaw.probability_finite_event_difference_le: [propext,
 Classical.choice,
 Quot.sound]
AXIOMS _private.Luce.DiscreteTotalVariation.0.Luce.probability_finite_event_difference_le._simp_1_1: [propext]
AXIOMS _private.Luce.LikelihoodSecondMoment.0.Luce.BernoulliProcess.likelihood_bounds_of_terminal_cap: [propext,
 Classical.choice,
 Quot.sound]
AXIOMS _private.Luce.Section3Mean.0.Luce.section3_cell_unique._proof_1_1: [propext, Quot.sound]
AXIOMS Luce.BernoulliCLT.coefficient.eq_1: [propext, Classical.choice, Quot.sound]
AXIOMS Luce.BernoulliCLT.gaussian_exponent_error._simp_1_1: [propext]
AXIOMS Luce.BernoulliCLT.gaussian_exponent_error._simp_1_2: [propext]
AXIOMS Luce.BernoulliCLT.gaussian_exponent_error._simp_1_3: [propext]
AXIOMS Luce.BernoulliCLT.gaussian_exponent_error._simp_1_4: [propext]
AXIOMS Luce.BernoulliCLT.gaussian_exponent_error._simp_1_5: [propext]
AXIOMS Luce.BernoulliCLT.gaussian_exponent_error._simp_1_6: [propext, Classical.choice, Quot.sound]
AXIOMS Luce.BernoulliCLT.gaussian_exponent_error._simp_1_7: [propext]
AXIOMS Luce.BernoulliCLT.relative_mass_probability._simp_1_1: [propext]
AXIOMS Luce.BernoulliCLT.relative_mass_probability._simp_1_2: [propext]
AXIOMS Luce.BernoulliCLT.relative_mass_probability._simp_1_3: [propext]
AXIOMS Luce.BernoulliCLT.relative_mass_probability._simp_1_4: [propext]
AXIOMS Luce.BernoulliCLT.relative_mass_probability._simp_1_5: [propext]
AXIOMS Luce.BernoulliCLT.relative_mass_probability._simp_1_6: [propext, Classical.choice, Quot.sound]
AXIOMS Luce.BernoulliCLT.relative_mass_probability._simp_1_7: [propext]
AXIOMS Luce.BernoulliCLT.scaled_coefficient_bounds._simp_1_1: [propext]
AXIOMS Luce.BernoulliCLT.scaled_coefficient_bounds._simp_1_2: [propext]
AXIOMS Luce.BernoulliCLT.scaled_coefficient_bounds._simp_1_3: [propext]
AXIOMS Luce.BernoulliCLT.scaled_coefficient_bounds._simp_1_4: [propext]
AXIOMS Luce.BernoulliCLT.scaled_coefficient_bounds._simp_1_5: [propext]
AXIOMS Luce.BernoulliCLT.scaled_coefficient_bounds._simp_1_6: [propext, Classical.choice, Quot.sound]
AXIOMS Luce.BernoulliCLT.scaled_coefficient_bounds._simp_1_7: [propext]
AXIOMS Luce.BernoulliProcess.characteristicCompensation.eq_1: [propext, Classical.choice, Quot.sound]
AXIOMS Luce.BernoulliProcess.cltCount.eq_1: [propext, Classical.choice, Quot.sound]
AXIOMS Luce.BernoulliProcess.cltMass.eq_1: [propext, Classical.choice, Quot.sound]
AXIOMS Luce.BernoulliProcess.cltSquares.eq_1: [propext, Classical.choice, Quot.sound]
AXIOMS Luce.BernoulliProcess.count_tightness_rows._simp_1_1: [propext]
AXIOMS Luce.BernoulliProcess.count_tightness_rows._simp_1_2: [propext]
AXIOMS Luce.BernoulliProcess.count_tightness_rows._simp_1_3: [propext]
AXIOMS Luce.BernoulliProcess.laplaceFactor.eq_1: [propext, Classical.choice, Quot.sound]
AXIOMS Luce.BernoulliProcess.laplaceProduct.eq_1: [propext, Classical.choice, Quot.sound]
AXIOMS Luce.BernoulliProcess.laplaceRow.eq_1: [propext, Classical.choice, Quot.sound]
AXIOMS Luce.BernoulliProcess.likelihood.eq_1: [propext, Classical.choice, Quot.sound]
AXIOMS Luce.BernoulliProcess.likelihood_eq_laplace_div._simp_1_4: [propext, Classical.choice, Quot.sound]
AXIOMS Luce.BernoulliProcess.mk.congr_simp: [propext, Classical.choice, Quot.sound]
AXIOMS Luce.BernoulliProcess.mk.inj: [propext, Classical.choice, Quot.sound]
AXIOMS Luce.BernoulliProcess.mk.injEq: [propext, Classical.choice, Quot.sound]
AXIOMS Luce.BernoulliProcess.mk.sizeOf_spec: [propext, Classical.choice, Quot.sound]
AXIOMS Luce.BernoulliProcess.probability_le_rowMaximum._proof_1_1: [propext, Quot.sound]
AXIOMS Luce.BernoulliProcess.stop._proof_1: [propext, Classical.choice, Quot.sound]
AXIOMS Luce.BernoulliProcess.stop._proof_2: [propext, Classical.choice, Quot.sound]
AXIOMS Luce.BernoulliProcess.stop._proof_3: [propext, Classical.choice, Quot.sound]
AXIOMS Luce.BernoulliProcess.stop._proof_4: [propext, Classical.choice, Quot.sound]
AXIOMS Luce.BernoulliProcess.stop._proof_5: [propext, Classical.choice, Quot.sound]
AXIOMS Luce.BernoulliProcess.stop._proof_6: [propext, Classical.choice, Quot.sound]
AXIOMS Luce.BernoulliProcess.truncateAt._proof_1: [propext, Classical.choice, Quot.sound]
AXIOMS Luce.BernoulliProcess.truncateAt._proof_2: [propext, Classical.choice, Quot.sound]
AXIOMS Luce.BernoulliProcess.truncateAt._proof_3: [propext, Classical.choice, Quot.sound]
AXIOMS Luce.BernoulliProcess.truncateAt._proof_4: [propext, Classical.choice, Quot.sound]
AXIOMS Luce.BernoulliProcess.truncateAt._proof_5: [propext, Classical.choice, Quot.sound]
AXIOMS Luce.BernoulliProcess.truncateAt._proof_6: [propext, Classical.choice, Quot.sound]
AXIOMS Luce.BernoulliProcess.truncateAt.eq_1: [propext, Classical.choice, Quot.sound]
AXIOMS Luce.BernoulliProcess.uncapped_laplace_tendsto_rows._simp_1_1: [propext]
AXIOMS Luce.BernoulliProcess.uncapped_laplace_tendsto_rows._simp_1_2: [propext]
AXIOMS Luce.BernoulliProcess.uncapped_laplace_tendsto_rows._simp_1_3: [propext]
AXIOMS Luce.ConvergesInProbability.deterministic._simp_1_1: [propext]
AXIOMS Luce.ConvergesInProbability.le_limsup_integral._simp_1_1: [propext, Quot.sound]
AXIOMS Luce.CountableLaw.probabilityTotalVariation.eq_1: [propext, Classical.choice, Quot.sound]
AXIOMS Luce.CountableLaw.probability_finite_tail_tendsto._simp_1_1: [propext]
AXIOMS Luce.CountableLaw.probability_finite_tail_tendsto._simp_1_2: [propext]
AXIOMS Luce.EndpointShellAssumption.cycle_shell_tightness._simp_1_1: [propext, Classical.choice, Quot.sound]
AXIOMS Luce.EndpointShellAssumption.expectation_tightness._proof_1_1: [propext, Classical.choice, Quot.sound]
AXIOMS Luce.EndpointShellAssumption.retained_maximum_tightness._proof_1_1: [propext, Quot.sound]
AXIOMS Luce.FiniteAdaptedBernoulli.mk.congr_simp: [propext, Classical.choice, Quot.sound]
AXIOMS Luce.FiniteAdaptedBernoulli.mk.inj: [propext, Classical.choice, Quot.sound]
AXIOMS Luce.FiniteAdaptedBernoulli.mk.injEq: [propext, Classical.choice, Quot.sound]
AXIOMS Luce.FiniteAdaptedBernoulli.mk.sizeOf_spec: [propext, Classical.choice, Quot.sound]
AXIOMS Luce.FiniteAdaptedBernoulli.observationReal.eq_1: [propext, Classical.choice, Quot.sound]
AXIOMS Luce.FiniteAdaptedBernoulli.pointMeasure.eq_1: [propext, Classical.choice, Quot.sound]
AXIOMS Luce.FiniteAdaptedBernoulli.spatialTest.eq_1: [propext, Classical.choice, Quot.sound]
AXIOMS Luce.FiniteAdaptedBernoulli.toProcess._proof_1: [propext, Classical.choice, Quot.sound]
AXIOMS Luce.FiniteAdaptedBernoulli.toProcess._proof_2: [propext, Classical.choice, Quot.sound]
AXIOMS Luce.FiniteAdaptedBernoulli.toProcess._proof_3: [propext, Classical.choice, Quot.sound]
AXIOMS Luce.FiniteAdaptedBernoulli.toProcess._proof_4: [propext, Classical.choice, Quot.sound]
AXIOMS Luce.FiniteAdaptedBernoulli.toProcess._proof_5: [propext, Classical.choice, Quot.sound]
AXIOMS Luce.FiniteAdaptedBernoulli.toProcess._proof_6: [propext, Classical.choice, Quot.sound]
AXIOMS Luce.FiniteAdaptedBernoulli.toProcess.congr_simp: [propext, Classical.choice, Quot.sound]
AXIOMS Luce.FiniteAdaptedBernoulli.toProcess.eq_1: [propext, Classical.choice, Quot.sound]
AXIOMS Luce.FinitePointMeasure.count_coe_eq._simp_1_1: [propext, Classical.choice, Quot.sound]
AXIOMS Luce.FinitePointMeasure.instMeasurableSpace._proof_3: [propext, Classical.choice, Quot.sound]
AXIOMS Luce.FinitePointMeasure.instMeasurableSpace._proof_4: [propext, Classical.choice, Quot.sound]
AXIOMS Luce.FinitePointMeasure.instMeasurableSpace._proof_5: [propext, Classical.choice, Quot.sound]
AXIOMS Luce.FinitePointMeasure.instTopologicalSpace._proof_3: [propext, Classical.choice, Quot.sound]
AXIOMS Luce.FinitePointMeasure.instTopologicalSpace._proof_4: [propext, Classical.choice, Quot.sound]
AXIOMS Luce.FinitePointMeasure.instTopologicalSpace._proof_5: [propext, Classical.choice, Quot.sound]
AXIOMS Luce.FinitePointMeasure.instZero._proof_1: [propext, Classical.choice, Quot.sound]
AXIOMS Luce.FinitePointMeasure.ofFin._proof_1: [propext, Classical.choice, Quot.sound]
AXIOMS Luce.MarkedGapIndexData.mk.inj: [propext, Classical.choice, Quot.sound]
AXIOMS Luce.MarkedGapIndexData.mk.injEq: [propext, Classical.choice, Quot.sound]
AXIOMS Luce.MarkedGapIndexData.mk.sizeOf_spec: [propext, Classical.choice, Quot.sound]
AXIOMS Luce.ProfileLimit.bounded_cycle_probability_uniform._proof_1_2: [propext, Quot.sound]
AXIOMS Luce.ProfileLimit.cyclicComparisonArray_weighted_bound._simp_1_1: [propext]
AXIOMS Luce.ProfileLimit.cyclicComparisonArray_weighted_bound._simp_1_2: [propext]
AXIOMS Luce.ProfileLimit.cyclicComparisonArray_weighted_bound._simp_1_3: [propext]
AXIOMS Luce.ProfileLimit.cyclicComparisonArray_weighted_bound._simp_1_4: [propext]
AXIOMS Luce.ProfileLimit.cyclicComparisonArray_weighted_bound._simp_1_5: [propext]
AXIOMS Luce.ProfileLimit.cyclicComparisonArray_weighted_bound._simp_1_6: [propext, Classical.choice, Quot.sound]
AXIOMS Luce.ProfileLimit.cyclicComparisonArray_weighted_bound._simp_1_7: [propext]
AXIOMS Luce.ProfileLimit.cyclic_deterministic_limit._simp_1_1: [propext, Classical.choice, Quot.sound]
AXIOMS Luce.ProfileLimit.eventually_moderate_half_mass._proof_1_1: [propext, Quot.sound]
AXIOMS Luce.ProfileLimit.exists_large_superlevel._simp_1_1: [propext]
AXIOMS Luce.ProfileLimit.exists_large_superlevel._simp_1_2: [propext]
AXIOMS Luce.ProfileLimit.interior_ghostWindowLength._proof_1_1: [propext, Quot.sound]
AXIOMS Luce.ProfileLimit.interior_ghostWindowLength_uniform._proof_1_1: [propext, Quot.sound]
AXIOMS Luce.ProfileLimit.lowRateDensity_small._proof_1_1: [propext, Quot.sound]
AXIOMS Luce.ProfileLimit.weighted_bulk_draw_cylinder._simp_1_1: [propext]
AXIOMS Luce.ProfileLimit.weighted_bulk_draw_cylinder._simp_1_2: [propext]
AXIOMS Luce.ProfileLimit.weighted_bulk_draw_cylinder._simp_1_3: [propext]
AXIOMS Luce.ProfileLimit.weighted_bulk_draw_cylinder._simp_1_4: [propext]
AXIOMS Luce.ProfileLimit.weighted_bulk_draw_cylinder._simp_1_5: [propext]
AXIOMS Luce.ProfileLimit.weighted_bulk_draw_cylinder._simp_1_6: [propext, Classical.choice, Quot.sound]
AXIOMS Luce.ProfileLimit.weighted_bulk_draw_cylinder._simp_1_7: [propext]
AXIOMS Luce.Section5.CycleCollection.disjoint: [propext, Classical.choice, Quot.sound]
AXIOMS Luce.Section5.CycleCollection.distinct: [propext, Classical.choice, Quot.sound]
AXIOMS Luce.Section5.IsRootedCycle._proof_1: [propext]
AXIOMS Luce.Section5.IsRootedCycle.eq_1: [propext, Quot.sound]
AXIOMS Luce.Section5.assignmentBlock._proof_1: [propext, Classical.choice, Quot.sound]
AXIOMS Luce.Section5.assignmentBlock._proof_2: [propext, Classical.choice, Quot.sound]
AXIOMS Luce.Section5.assignmentOfCollection._proof_1: [propext, Classical.choice, Quot.sound]
AXIOMS Luce.Section5.assignmentOfCollection._proof_2: [propext, Classical.choice, Quot.sound]
AXIOMS Luce.Section5.bulkCycleCount.eq_1: [propext, Classical.choice, Quot.sound]
AXIOMS Luce.Section5.bulkCycleCount_eq_maximum_roots._simp_1_2: [propext, Classical.choice, Quot.sound]
AXIOMS Luce.Section5.bulkCycleCount_eq_maximum_roots._simp_1_3: [propext, Classical.choice, Quot.sound]
AXIOMS Luce.Section5.bulkCycleCount_eq_maximum_roots._simp_1_4: [propext, Classical.choice, Quot.sound]
AXIOMS Luce.Section5.bulkCycleLabelSet.eq_1: [propext, Classical.choice, Quot.sound]
AXIOMS Luce.Section5.bulk_cycle_factorial_eq_assignment_sum._simp_1_4: [propext, Classical.choice, Quot.sound]
AXIOMS Luce.Section5.bulk_cycle_factorial_eq_assignment_sum._simp_1_5: [propext, Classical.choice, Quot.sound]
AXIOMS Luce.Section5.collectionBlock._proof_1: [propext, Classical.choice, Quot.sound]
AXIOMS Luce.Section5.collectionOfAssignment._proof_1: [propext]
AXIOMS Luce.Section5.collectionOfAssignment._proof_2: [propext, Classical.choice, Quot.sound]
AXIOMS Luce.Section5.collectionOfAssignment._proof_3: [propext, Classical.choice, Quot.sound]
AXIOMS Luce.Section5.collectionOfAssignment._proof_4: [propext, Classical.choice, Quot.sound]
AXIOMS Luce.Section5.collectionWithinEquivCutoffCollection._proof_1: [propext, Classical.choice, Quot.sound]
AXIOMS Luce.Section5.collectionWithinEquivCutoffCollection._proof_10: [propext, Classical.choice, Quot.sound]
AXIOMS Luce.Section5.collectionWithinEquivCutoffCollection._proof_11: [propext, Classical.choice, Quot.sound]
AXIOMS Luce.Section5.collectionWithinEquivCutoffCollection._proof_12: [propext, Classical.choice, Quot.sound]
AXIOMS Luce.Section5.collectionWithinEquivCutoffCollection._proof_2: [propext, Classical.choice, Quot.sound]
AXIOMS Luce.Section5.collectionWithinEquivCutoffCollection._proof_3: [propext, Classical.choice, Quot.sound]
AXIOMS Luce.Section5.collectionWithinEquivCutoffCollection._proof_4: [propext, Classical.choice, Quot.sound]
AXIOMS Luce.Section5.collectionWithinEquivCutoffCollection._proof_5: [propext, Classical.choice, Quot.sound]
AXIOMS Luce.Section5.collectionWithinEquivCutoffCollection._proof_6: [propext, Classical.choice, Quot.sound]
AXIOMS Luce.Section5.collectionWithinEquivCutoffCollection._proof_7: [propext, Classical.choice, Quot.sound]
AXIOMS Luce.Section5.collectionWithinEquivCutoffCollection._proof_8: [propext, Classical.choice, Quot.sound]
AXIOMS Luce.Section5.collectionWithinEquivCutoffCollection._proof_9: [propext, Classical.choice, Quot.sound]
AXIOMS Luce.Section5.cycleAssignmentWeight.congr_simp: [propext, Classical.choice, Quot.sound]
AXIOMS Luce.Section5.cycleAssignmentWeight.eq_1: [propext, Classical.choice, Quot.sound]
AXIOMS Luce.Section5.cycleBlockIndicator.congr_simp: [propext, Classical.choice, Quot.sound]
AXIOMS Luce.Section5.cycleBlockIndicator.eq_1: [propext, Classical.choice, Quot.sound]
AXIOMS Luce.Section5.cycleBlockIndicatorWithin.congr_simp: [propext, Classical.choice, Quot.sound]
AXIOMS Luce.Section5.cycleBlockIndicatorWithin.eq_1: [propext, Classical.choice, Quot.sound]
AXIOMS Luce.Section5.cycleCount.congr_simp: [propext, Classical.choice, Quot.sound]
AXIOMS Luce.Section5.cycleCount.eq_1: [propext, Classical.choice, Quot.sound]
AXIOMS Luce.Section5.cycleCountWithin.congr_simp: [propext, Classical.choice, Quot.sound]
AXIOMS Luce.Section5.cycleCountWithin.eq_1: [propext, Classical.choice, Quot.sound]
AXIOMS Luce.Section5.cycleCount_eq_zero_of_card_lt._proof_1_1: [propext, Classical.choice, Quot.sound]
AXIOMS Luce.Section5.cycleCount_zero._simp_1_2: [propext, Classical.choice, Quot.sound]
AXIOMS Luce.Section5.cycleMaximum._proof_1: [propext, Quot.sound]
AXIOMS Luce.Section5.cycleMaximum._proof_2: [propext, Classical.choice, Quot.sound]
AXIOMS Luce.Section5.cycleOrbit_fiber._proof_1_1: [propext, Classical.choice, Quot.sound]
AXIOMS Luce.Section5.cycleOrbit_fiber._proof_1_6: [propext, Classical.choice, Quot.sound]
AXIOMS Luce.Section5.cycleOrbit_fiber._simp_1_2: [propext, Classical.choice, Quot.sound]
AXIOMS Luce.Section5.cycleOrbit_fiber._simp_1_4: [propext, Classical.choice, Quot.sound]
AXIOMS Luce.Section5.cycleOrbit_fiber._simp_1_5: [propext, Classical.choice, Quot.sound]
AXIOMS Luce.Section5.cycleOrbitsWithin.eq_1: [propext, Classical.choice, Quot.sound]
AXIOMS Luce.Section5.cycleOrbits_disjoint._proof_1_1: [propext, Classical.choice, Quot.sound]
AXIOMS Luce.Section5.cycleVertices.eq_1: [propext, Classical.choice, Quot.sound]
AXIOMS Luce.Section5.maximumCycleRoots.eq_1: [propext, Classical.choice, Quot.sound]
AXIOMS Luce.Section5.mem_periodicOrbit_toFinset._simp_1_1: [propext, Classical.choice, Quot.sound]
AXIOMS Luce.Section5.mem_periodicOrbit_toFinset._simp_1_2: [propext, Quot.sound]
AXIOMS Luce.Section5.periodicOrbit_eq_of_mem_cycleOrbit._proof_1_1: [propext, Classical.choice, Quot.sound]
AXIOMS Luce.Section5.rootedCycleEquivPeriodicPoint._proof_1: [propext, Classical.choice, Quot.sound]
AXIOMS Luce.Section5.rootedCycleEquivPeriodicPoint._proof_2: [propext, Classical.choice, Quot.sound]
AXIOMS Luce.Section5.rootedCycleEquivPeriodicPoint._proof_3: [propext, Classical.choice, Quot.sound]
AXIOMS Luce.Section5.rootedCycleOfPeriodicPoint._proof_1: [propext, Classical.choice, Quot.sound]
AXIOMS Luce.Section5.rootedCycleOfPeriodicPoint._proof_2: [propext, Classical.choice, Quot.sound]
AXIOMS Luce.Section5.rootedCycle_mem_periodicOrbit_iff._simp_1_1: [propext, Quot.sound]
AXIOMS Luce.Section5.rootedCycle_mem_periodicOrbit_iff._simp_1_2: [propext, Quot.sound]
AXIOMS Luce.Section5.rootedCycle_mem_periodicOrbit_iff._simp_1_3: [propext, Quot.sound]
AXIOMS Luce.Section5.rootedCycle_minimalPeriod._proof_1_1: [propext, Classical.choice, Quot.sound]
AXIOMS Luce.Section5.rootedCycle_minimalPeriod._proof_1_2: [propext, Classical.choice, Quot.sound]
AXIOMS Luce.Section5.tailCycleCount_eq_maximum_roots._proof_1_2: [propext, Classical.choice, Quot.sound]
AXIOMS Luce.Section5.tailCycleCount_eq_maximum_roots._simp_1_1: [propext]
AXIOMS Luce.Section6.CategoryAdmissible.eq_1: [propext, Classical.choice, Quot.sound]
AXIOMS Luce.Section6.CategoryCycleAssignment.congr_simp: [propext, Classical.choice, Quot.sound]
AXIOMS Luce.Section6.Corner.ofNat_ctorIdx: []
AXIOMS Luce.Section6.CountApprox65.mean: [propext, Classical.choice, Quot.sound]
AXIOMS Luce.Section6.CountApprox65.normalized: [propext, Classical.choice, Quot.sound]
AXIOMS Luce.Section6.CriticalProfile.critical_domination_matrix: [propext, Classical.choice, Quot.sound]
AXIOMS Luce.Section6.CriticalProfile.critical_insertion_Lp: [propext, Classical.choice, Quot.sound]
AXIOMS Luce.Section6.CriticalProfile.critical_root_probability: [propext, Classical.choice, Quot.sound]
AXIOMS Luce.Section6.CriticalProfile.deleted_gap_survival: [propext, Classical.choice, Quot.sound]
AXIOMS Luce.Section6.CriticalProfile.deleted_remaining_floor: [propext, Classical.choice, Quot.sound]
AXIOMS Luce.Section6.CriticalProfile.eventually_comparable: [propext, Classical.choice, Quot.sound]
AXIOMS Luce.Section6.CriticalProfile.fixed_point_limits: [propext, Classical.choice, Quot.sound]
AXIOMS Luce.Section6.CriticalProfile.fixed_point_race_limits: [propext, Classical.choice, Quot.sound]
AXIOMS Luce.Section6.CriticalProfile.global_comparison: [propext, Classical.choice, Quot.sound]
AXIOMS Luce.Section6.CriticalProfile.global_error_bound: [propext, Classical.choice, Quot.sound]
AXIOMS Luce.Section6.CriticalProfile.hazard_approximation: [propext, Classical.choice, Quot.sound]
AXIOMS Luce.Section6.CriticalProfile.late_vertex_expectation: [propext, Classical.choice, Quot.sound]
AXIOMS Luce.Section6.CriticalProfile.longer_cycle_race_bound: [propext, Classical.choice, Quot.sound]
AXIOMS Luce.Section6.CriticalProfile.main_missing_expectation: [propext, Classical.choice, Quot.sound]
AXIOMS Luce.Section6.CriticalProfile.main_probability_approximation: [propext, Classical.choice, Quot.sound]
AXIOMS Luce.Section6.CriticalProfile.main_remaining_expectation: [propext, Classical.choice, Quot.sound]
AXIOMS Luce.Section6.CriticalProfile.population_estimates: [propext, Classical.choice, Quot.sound]
AXIOMS Luce.Section6.CriticalProfile.population_pole_comparison: [propext, Classical.choice, Quot.sound]
AXIOMS Luce.Section6.CriticalProfile.predictable_envelope: [propext, Classical.choice, Quot.sound]
AXIOMS Luce.Section6.CriticalProfile.probe_brackets: [propext, Classical.choice, Quot.sound]
AXIOMS Luce.Section6.CriticalProfile.probe_estimates: [propext, Classical.choice, Quot.sound]
AXIOMS Luce.Section6.CriticalProfile.reference_rows: [propext, Classical.choice, Quot.sound]
AXIOMS Luce.Section6.CriticalProfile.remaining_weight_floor: [propext, Classical.choice, Quot.sound]
AXIOMS Luce.Section6.CriticalProfile.sampled_error_average: [propext, Classical.choice, Quot.sound]
AXIOMS Luce.Section6.CriticalProfile.sampled_global_comparison: [propext, Classical.choice, Quot.sound]
AXIOMS Luce.Section6.IdealSpatialWindow68.core_le_n: [propext, Classical.choice, Quot.sound]
AXIOMS Luce.Section6.IdealSpatialWindow68.floor_a_error: [propext, Classical.choice, Quot.sound]
AXIOMS Luce.Section6.IdealSpatialWindow68.floor_b_error: [propext, Classical.choice, Quot.sound]
AXIOMS Luce.Section6.IdealSpatialWindow68.left_gap: [propext, Classical.choice, Quot.sound]
AXIOMS Luce.Section6.IdealSpatialWindow68.lower_le: [propext, Classical.choice, Quot.sound]
AXIOMS Luce.Section6.IdealSpatialWindow68.n_pos: [propext, Classical.choice, Quot.sound]
AXIOMS Luce.Section6.IdealSpatialWindow68.right_gap: [propext, Classical.choice, Quot.sound]
AXIOMS Luce.Section6.IdealSpatialWindow68.succ_a_error: [propext, Classical.choice, Quot.sound]
AXIOMS Luce.Section6.IdealSpatialWindow68.succ_b_error: [propext, Classical.choice, Quot.sound]
AXIOMS Luce.Section6.IdealSpatialWindow68.threshold_le: [propext, Classical.choice, Quot.sound]
AXIOMS Luce.Section6.IdealSpatialWindow68.upper_le: [propext, Classical.choice, Quot.sound]
AXIOMS Luce.Section6.LeftBehavior.eventually_lower: [propext, Classical.choice, Quot.sound]
AXIOMS Luce.Section6.LogGrowth65.eq_1: [propext, Classical.choice, Quot.sound]
AXIOMS Luce.Section6.LogGrowth65.mul: [propext, Classical.choice, Quot.sound]
AXIOMS Luce.Section6.LogGrowth65.neg: [propext, Classical.choice, Quot.sound]
AXIOMS Luce.Section6.LogGrowth65.pow: [propext, Classical.choice, Quot.sound]
AXIOMS Luce.Section6.LogGrowth65.prod: [propext, Classical.choice, Quot.sound]
AXIOMS Luce.Section6.MeanApprox65.diverges: [propext, Classical.choice, Quot.sound]
AXIOMS Luce.Section6.MeanApprox65.eq_1: [propext, Classical.choice, Quot.sound]
AXIOMS Luce.Section6.MeanApprox65.growth: [propext, Classical.choice, Quot.sound]
AXIOMS Luce.Section6.MeanApprox65.ratio: [propext, Classical.choice, Quot.sound]
AXIOMS Luce.Section6.MeanApprox65.ratio_one: [propext, Classical.choice, Quot.sound]
AXIOMS Luce.Section6.MeanApprox65.scale: [propext, Classical.choice, Quot.sound]
AXIOMS Luce.Section6.MeanApprox65.shift: [propext, Classical.choice, Quot.sound]
AXIOMS Luce.Section6.PowerExpansion.absolute_error_bound: [propext, Classical.choice, Quot.sound]
AXIOMS Luce.Section6.PowerExpansion.eventually_comparable: [propext, Classical.choice, Quot.sound]
AXIOMS Luce.Section6.PowerExpansion.exists_comparison_neighborhood: [propext, Classical.choice, Quot.sound]
AXIOMS Luce.Section6.PowerExpansion.exists_fast_error_exponent: [propext, Classical.choice, Quot.sound]
AXIOMS Luce.Section6.PowerExpansion.kernel_perturbation_bounds: [propext, Classical.choice, Quot.sound]
AXIOMS Luce.Section6.PowerExpansion.mono_error_exponent: [propext, Classical.choice, Quot.sound]
AXIOMS Luce.Section6.PowerExpansion.relative_error_tendsto: [propext, Classical.choice, Quot.sound]
AXIOMS Luce.Section6.PowerExpansion.sampled_relative_error: [propext, Classical.choice, Quot.sound]
AXIOMS Luce.Section6.PowerProfile.active_discarded_bounds: [propext, Classical.choice, Quot.sound]
AXIOMS Luce.Section6.PowerProfile.active_left_envelope: [propext, Classical.choice, Quot.sound]
AXIOMS Luce.Section6.PowerProfile.active_log_expectation: [propext, Classical.choice, Quot.sound]
AXIOMS Luce.Section6.PowerProfile.active_matrix_column: [propext, Classical.choice, Quot.sound]
AXIOMS Luce.Section6.PowerProfile.active_matrix_target: [propext, Classical.choice, Quot.sound]
AXIOMS Luce.Section6.PowerProfile.active_matrix_target_columns: [propext, Classical.choice, Quot.sound]
AXIOMS Luce.Section6.PowerProfile.active_right_envelope: [propext, Classical.choice, Quot.sound]
AXIOMS Luce.Section6.PowerProfile.active_root_bounds: [propext, Classical.choice, Quot.sound]
AXIOMS Luce.Section6.PowerProfile.bounds_off_active: [propext, Classical.choice, Quot.sound]
AXIOMS Luce.Section6.PowerProfile.common_weighted_exponent: [propext, Classical.choice, Quot.sound]
AXIOMS Luce.Section6.PowerProfile.core_family_local_law: [propext, Classical.choice, Quot.sound]
AXIOMS Luce.Section6.PowerProfile.core_family_quantitative: [propext, Classical.choice, Quot.sound]
AXIOMS Luce.Section6.PowerProfile.cornerCoefficient_nonneg65: [propext, Classical.choice, Quot.sound]
AXIOMS Luce.Section6.PowerProfile.cornerCoefficient_pos65: [propext, Classical.choice, Quot.sound]
AXIOMS Luce.Section6.PowerProfile.corner_cross_depth_relative_error: [propext, Classical.choice, Quot.sound]
AXIOMS Luce.Section6.PowerProfile.corner_joint_quantile_window: [propext, Classical.choice, Quot.sound]
AXIOMS Luce.Section6.PowerProfile.corner_moderate_insertion_moment: [propext, Classical.choice, Quot.sound]
AXIOMS Luce.Section6.PowerProfile.corner_pointwise_window: [propext, Classical.choice, Quot.sound]
AXIOMS Luce.Section6.PowerProfile.domination_matrix_common_weighted_rows: [propext, Classical.choice, Quot.sound]
AXIOMS Luce.Section6.PowerProfile.domination_matrix_fixed_left_column: [propext, Classical.choice, Quot.sound]
AXIOMS Luce.Section6.PowerProfile.domination_matrix_fixed_left_power: [propext, Classical.choice, Quot.sound]
AXIOMS Luce.Section6.PowerProfile.domination_matrix_fixed_left_rate: [propext, Classical.choice, Quot.sound]
AXIOMS Luce.Section6.PowerProfile.domination_matrix_fixed_right_column: [propext, Classical.choice, Quot.sound]
AXIOMS Luce.Section6.PowerProfile.domination_matrix_fixed_right_common: [propext, Classical.choice, Quot.sound]
AXIOMS Luce.Section6.PowerProfile.domination_matrix_fixed_right_decay: [propext, Classical.choice, Quot.sound]
AXIOMS Luce.Section6.PowerProfile.domination_matrix_fixed_right_outside: [propext, Classical.choice, Quot.sound]
AXIOMS Luce.Section6.PowerProfile.domination_matrix_interior_column: [propext, Classical.choice, Quot.sound]
AXIOMS Luce.Section6.PowerProfile.domination_matrix_interior_column_all_n: [propext, Classical.choice, Quot.sound]
AXIOMS Luce.Section6.PowerProfile.domination_matrix_interior_target: [propext, Classical.choice, Quot.sound]
AXIOMS Luce.Section6.PowerProfile.domination_matrix_interior_target_all_n: [propext, Classical.choice, Quot.sound]
AXIOMS Luce.Section6.PowerProfile.domination_matrix_left_column: [propext, Classical.choice, Quot.sound]
AXIOMS Luce.Section6.PowerProfile.domination_matrix_left_column_above_cutoff: [propext, Classical.choice, Quot.sound]
AXIOMS Luce.Section6.PowerProfile.domination_matrix_left_corner_column: [propext, Classical.choice, Quot.sound]
AXIOMS Luce.Section6.PowerProfile.domination_matrix_left_corner_envelope: [propext, Classical.choice, Quot.sound]
AXIOMS Luce.Section6.PowerProfile.domination_matrix_left_envelope_assembly: [propext, Classical.choice, Quot.sound]
AXIOMS Luce.Section6.PowerProfile.domination_matrix_left_target: [propext, Classical.choice, Quot.sound]
AXIOMS Luce.Section6.PowerProfile.domination_matrix_left_weighted_row: [propext, Classical.choice, Quot.sound]
AXIOMS Luce.Section6.PowerProfile.domination_matrix_left_weighted_row_all_n: [propext, Classical.choice, Quot.sound]
AXIOMS Luce.Section6.PowerProfile.domination_matrix_outside_left_column: [propext, Classical.choice, Quot.sound]
AXIOMS Luce.Section6.PowerProfile.domination_matrix_outside_left_target: [propext, Classical.choice, Quot.sound]
AXIOMS Luce.Section6.PowerProfile.domination_matrix_outside_right_column: [propext, Classical.choice, Quot.sound]
AXIOMS Luce.Section6.PowerProfile.domination_matrix_outside_right_target: [propext, Classical.choice, Quot.sound]
AXIOMS Luce.Section6.PowerProfile.domination_matrix_right_column: [propext, Classical.choice, Quot.sound]
AXIOMS Luce.Section6.PowerProfile.domination_matrix_right_column_above_cutoff: [propext, Classical.choice, Quot.sound]
AXIOMS Luce.Section6.PowerProfile.domination_matrix_right_corner_column: [propext, Classical.choice, Quot.sound]
AXIOMS Luce.Section6.PowerProfile.domination_matrix_right_corner_envelope: [propext, Classical.choice, Quot.sound]
AXIOMS Luce.Section6.PowerProfile.domination_matrix_right_envelope_assembly: [propext, Classical.choice, Quot.sound]
AXIOMS Luce.Section6.PowerProfile.domination_matrix_right_target: [propext, Classical.choice, Quot.sound]
AXIOMS Luce.Section6.PowerProfile.domination_matrix_right_weighted_row: [propext, Classical.choice, Quot.sound]
AXIOMS Luce.Section6.PowerProfile.domination_matrix_right_weighted_row_all_n: [propext, Classical.choice, Quot.sound]
AXIOMS Luce.Section6.PowerProfile.domination_matrix_row_bound: [propext, Classical.choice, Quot.sound]
AXIOMS Luce.Section6.PowerProfile.domination_matrix_row_bound_all_n: [propext, Classical.choice, Quot.sound]
AXIOMS Luce.Section6.PowerProfile.early_insertion_rate_Lp: [propext, Classical.choice, Quot.sound]
AXIOMS Luce.Section6.PowerProfile.early_insertion_rate_row: [propext, Classical.choice, Quot.sound]
AXIOMS Luce.Section6.PowerProfile.early_left_insertion_Lp: [propext, Classical.choice, Quot.sound]
AXIOMS Luce.Section6.PowerProfile.early_left_weighted_insertion_row: [propext, Classical.choice, Quot.sound]
AXIOMS Luce.Section6.PowerProfile.early_right_weighted_row: [propext, Classical.choice, Quot.sound]
AXIOMS Luce.Section6.PowerProfile.early_shifted_rate_Lp: [propext, Classical.choice, Quot.sound]
AXIOMS Luce.Section6.PowerProfile.endpoint_estimates67: [propext, Classical.choice, Quot.sound]
AXIOMS Luce.Section6.PowerProfile.factorial_domination_data: [propext, Classical.choice, Quot.sound]
AXIOMS Luce.Section6.PowerProfile.fixed_right_kernel_moment: [propext, Classical.choice, Quot.sound]
AXIOMS Luce.Section6.PowerProfile.global_left_sampled_power_upper: [propext, Classical.choice, Quot.sound]
AXIOMS Luce.Section6.PowerProfile.global_left_weighted_insertion_row: [propext, Classical.choice, Quot.sound]
AXIOMS Luce.Section6.PowerProfile.global_lower_of_right_finite: [propext, Classical.choice, Quot.sound]
AXIOMS Luce.Section6.PowerProfile.global_right_weighted_insertion_row: [propext, Classical.choice, Quot.sound]
AXIOMS Luce.Section6.PowerProfile.global_uniform_insertion_row: [propext, Classical.choice, Quot.sound]
AXIOMS Luce.Section6.PowerProfile.global_upper_of_left_finite: [propext, Classical.choice, Quot.sound]
AXIOMS Luce.Section6.PowerProfile.inactive_left_insertion_Lp: [propext, Classical.choice, Quot.sound]
AXIOMS Luce.Section6.PowerProfile.inactive_left_shifted_Lp: [propext, Classical.choice, Quot.sound]
AXIOMS Luce.Section6.PowerProfile.inactive_right_all_gaps_envelope: [propext, Classical.choice, Quot.sound]
AXIOMS Luce.Section6.PowerProfile.inactive_right_all_gaps_power_kernel: [propext, Classical.choice, Quot.sound]
AXIOMS Luce.Section6.PowerProfile.inactive_right_insertion_Lp: [propext, Classical.choice, Quot.sound]
AXIOMS Luce.Section6.PowerProfile.inactive_right_insertion_envelope: [propext, Classical.choice, Quot.sound]
AXIOMS Luce.Section6.PowerProfile.inactive_right_insertion_row: [propext, Classical.choice, Quot.sound]
AXIOMS Luce.Section6.PowerProfile.inactive_right_shifted_moment: [propext, Classical.choice, Quot.sound]
AXIOMS Luce.Section6.PowerProfile.interior_cycle_vertex_probability: [propext, Classical.choice, Quot.sound]
AXIOMS Luce.Section6.PowerProfile.interior_deleted_insertion_moment: [propext, Classical.choice, Quot.sound]
AXIOMS Luce.Section6.PowerProfile.interior_gap_start_lower_tail: [propext, Classical.choice, Quot.sound]
AXIOMS Luce.Section6.PowerProfile.interior_insertion_Lp: [propext, Classical.choice, Quot.sound]
AXIOMS Luce.Section6.PowerProfile.interior_insertion_envelope: [propext, Classical.choice, Quot.sound]
AXIOMS Luce.Section6.PowerProfile.interior_insertion_rate_row: [propext, Classical.choice, Quot.sound]
AXIOMS Luce.Section6.PowerProfile.interior_insertion_target_bound: [propext, Classical.choice, Quot.sound]
AXIOMS Luce.Section6.PowerProfile.interior_insertion_uniform_row: [propext, Classical.choice, Quot.sound]
AXIOMS Luce.Section6.PowerProfile.interior_maximum_root_expectation: [propext, Classical.choice, Quot.sound]
AXIOMS Luce.Section6.PowerProfile.interior_quantile_deletedD_bounds: [propext, Classical.choice, Quot.sound]
AXIOMS Luce.Section6.PowerProfile.interior_quantile_populationD_bounds: [propext, Classical.choice, Quot.sound]
AXIOMS Luce.Section6.PowerProfile.interior_quantile_time_bounds: [propext, Classical.choice, Quot.sound]
AXIOMS Luce.Section6.PowerProfile.interior_quantile_time_lower: [propext, Classical.choice, Quot.sound]
AXIOMS Luce.Section6.PowerProfile.interior_rank_cylinder_bound: [propext, Classical.choice, Quot.sound]
AXIOMS Luce.Section6.PowerProfile.interior_rate_remainder: [propext, Classical.choice, Quot.sound]
AXIOMS Luce.Section6.PowerProfile.interior_remaining_rate: [propext, Classical.choice, Quot.sound]
AXIOMS Luce.Section6.PowerProfile.interior_remaining_rate_deleted: [propext, Classical.choice, Quot.sound]
AXIOMS Luce.Section6.PowerProfile.interior_shifted_insertion_moment: [propext, Classical.choice, Quot.sound]
AXIOMS Luce.Section6.PowerProfile.interior_survival_envelope: [propext, Classical.choice, Quot.sound]
AXIOMS Luce.Section6.PowerProfile.large_time_populationH: [propext, Classical.choice, Quot.sound]
AXIOMS Luce.Section6.PowerProfile.left_arrival_difference_bound: [propext, Classical.choice, Quot.sound]
AXIOMS Luce.Section6.PowerProfile.left_corner_all_targets_weighted_row: [propext, Classical.choice, Quot.sound]
AXIOMS Luce.Section6.PowerProfile.left_corner_insertion_target_bound: [propext, Classical.choice, Quot.sound]
AXIOMS Luce.Section6.PowerProfile.left_corner_weighted_insertion_row: [propext, Classical.choice, Quot.sound]
AXIOMS Luce.Section6.PowerProfile.left_cross_depth_relative_error: [propext, Classical.choice, Quot.sound]
AXIOMS Luce.Section6.PowerProfile.left_cycle_vertex_probability: [propext, Classical.choice, Quot.sound]
AXIOMS Luce.Section6.PowerProfile.left_deletedD_relative_error: [propext, Classical.choice, Quot.sound]
AXIOMS Luce.Section6.PowerProfile.left_deletedG_relative_error: [propext, Classical.choice, Quot.sound]
AXIOMS Luce.Section6.PowerProfile.left_deleted_insertion_moment: [propext, Classical.choice, Quot.sound]
AXIOMS Luce.Section6.PowerProfile.left_deleted_populations_relative_error: [propext, Classical.choice, Quot.sound]
AXIOMS Luce.Section6.PowerProfile.left_deleted_quantile_separation: [propext, Classical.choice, Quot.sound]
AXIOMS Luce.Section6.PowerProfile.left_discarded_expectation: [propext, Classical.choice, Quot.sound]
AXIOMS Luce.Section6.PowerProfile.left_discarded_expectation_nat: [propext, Classical.choice, Quot.sound]
AXIOMS Luce.Section6.PowerProfile.left_early_deleted_mean: [propext, Classical.choice, Quot.sound]
AXIOMS Luce.Section6.PowerProfile.left_endpoint_uniform_row: [propext, Classical.choice, Quot.sound]
AXIOMS Luce.Section6.PowerProfile.left_endpoint_weighted_insertion_row: [propext, Classical.choice, Quot.sound]
AXIOMS Luce.Section6.PowerProfile.left_escaping_path_bound: [propext, Classical.choice, Quot.sound]
AXIOMS Luce.Section6.PowerProfile.left_eventually_comparable: [propext, Classical.choice, Quot.sound]
AXIOMS Luce.Section6.PowerProfile.left_excursion_cycle_probability: [propext, Classical.choice, Quot.sound]
AXIOMS Luce.Section6.PowerProfile.left_extreme_insertion_Lp: [propext, Classical.choice, Quot.sound]
AXIOMS Luce.Section6.PowerProfile.left_fixed_removal_rate_floor: [propext, Classical.choice, Quot.sound]
AXIOMS Luce.Section6.PowerProfile.left_gap_quantile_window: [propext, Classical.choice, Quot.sound]
AXIOMS Luce.Section6.PowerProfile.left_gap_start_lower_tail: [propext, Classical.choice, Quot.sound]
AXIOMS Luce.Section6.PowerProfile.left_initial_block_rate_floor: [propext, Classical.choice, Quot.sound]
AXIOMS Luce.Section6.PowerProfile.left_insertion_Lp_envelope: [propext, Classical.choice, Quot.sound]
AXIOMS Luce.Section6.PowerProfile.left_insertion_exponential_moment: [propext, Classical.choice, Quot.sound]
AXIOMS Luce.Section6.PowerProfile.left_insertion_moment_reduction: [propext, Classical.choice, Quot.sound]
AXIOMS Luce.Section6.PowerProfile.left_insertion_moments: [propext, Classical.choice, Quot.sound]
AXIOMS Luce.Section6.PowerProfile.left_joint_quantile_window: [propext, Classical.choice, Quot.sound]
AXIOMS Luce.Section6.PowerProfile.left_marked_rate_time_lower: [propext, Classical.choice, Quot.sound]
AXIOMS Luce.Section6.PowerProfile.left_maximum_root_expectation: [propext, Classical.choice, Quot.sound]
AXIOMS Luce.Section6.PowerProfile.left_moderate_insertion_Lp: [propext, Classical.choice, Quot.sound]
AXIOMS Luce.Section6.PowerProfile.left_moderate_insertion_moment: [propext, Classical.choice, Quot.sound]
AXIOMS Luce.Section6.PowerProfile.left_outside_insertion_Lp: [propext, Classical.choice, Quot.sound]
AXIOMS Luce.Section6.PowerProfile.left_outside_insertion_target_bound: [propext, Classical.choice, Quot.sound]
AXIOMS Luce.Section6.PowerProfile.left_outside_scaled_rate_bounded: [propext, Classical.choice, Quot.sound]
AXIOMS Luce.Section6.PowerProfile.left_outside_scaled_rate_small: [propext, Classical.choice, Quot.sound]
AXIOMS Luce.Section6.PowerProfile.left_outside_shifted_insertion_Lp: [propext, Classical.choice, Quot.sound]
AXIOMS Luce.Section6.PowerProfile.left_populationD_comparable: [propext, Classical.choice, Quot.sound]
AXIOMS Luce.Section6.PowerProfile.left_populationD_quantile_window: [propext, Classical.choice, Quot.sound]
AXIOMS Luce.Section6.PowerProfile.left_populationD_relative_error: [propext, Classical.choice, Quot.sound]
AXIOMS Luce.Section6.PowerProfile.left_populationG_comparison: [propext, Classical.choice, Quot.sound]
AXIOMS Luce.Section6.PowerProfile.left_populationG_envelope: [propext, Classical.choice, Quot.sound]
AXIOMS Luce.Section6.PowerProfile.left_populationG_power_error: [propext, Classical.choice, Quot.sound]
AXIOMS Luce.Section6.PowerProfile.left_populationG_relative_error: [propext, Classical.choice, Quot.sound]
AXIOMS Luce.Section6.PowerProfile.left_populations_power_error: [propext, Classical.choice, Quot.sound]
AXIOMS Luce.Section6.PowerProfile.left_quantile_comparable: [propext, Classical.choice, Quot.sound]
AXIOMS Luce.Section6.PowerProfile.left_quantile_hazard_relative_error: [propext, Classical.choice, Quot.sound]
AXIOMS Luce.Section6.PowerProfile.left_quantile_mean_separation: [propext, Classical.choice, Quot.sound]
AXIOMS Luce.Section6.PowerProfile.left_quantile_moments: [propext, Classical.choice, Quot.sound]
AXIOMS Luce.Section6.PowerProfile.left_quantile_relative_error: [propext, Classical.choice, Quot.sound]
AXIOMS Luce.Section6.PowerProfile.left_quantile_scaledD_relative_error: [propext, Classical.choice, Quot.sound]
AXIOMS Luce.Section6.PowerProfile.left_quantile_weight_stability: [propext, Classical.choice, Quot.sound]
AXIOMS Luce.Section6.PowerProfile.left_rate_time_relative_error: [propext, Classical.choice, Quot.sound]
AXIOMS Luce.Section6.PowerProfile.left_remaining_rate_floor: [propext, Classical.choice, Quot.sound]
AXIOMS Luce.Section6.PowerProfile.left_remaining_rate_floor_bounded_displacement: [propext,
 Classical.choice,
 Quot.sound]
AXIOMS Luce.Section6.PowerProfile.left_root_log_probability: [propext, Classical.choice, Quot.sound]
AXIOMS Luce.Section6.PowerProfile.left_sampled_ordinary_weighted_row: [propext, Classical.choice, Quot.sound]
AXIOMS Luce.Section6.PowerProfile.left_sampled_rate_relative_error: [propext, Classical.choice, Quot.sound]
AXIOMS Luce.Section6.PowerProfile.left_sampled_rate_upper: [propext, Classical.choice, Quot.sound]
AXIOMS Luce.Section6.PowerProfile.left_sampled_weighted_subset: [propext, Classical.choice, Quot.sound]
AXIOMS Luce.Section6.PowerProfile.left_scaled_populationD_comparison: [propext, Classical.choice, Quot.sound]
AXIOMS Luce.Section6.PowerProfile.left_scaled_populationD_power_error: [propext, Classical.choice, Quot.sound]
AXIOMS Luce.Section6.PowerProfile.left_scaled_rate_difference_bound: [propext, Classical.choice, Quot.sound]
AXIOMS Luce.Section6.PowerProfile.left_shifted_insertion_moment: [propext, Classical.choice, Quot.sound]
AXIOMS Luce.Section6.PowerProfile.left_survival_envelope: [propext, Classical.choice, Quot.sound]
AXIOMS Luce.Section6.PowerProfile.left_unrestricted_insertion_Lp: [propext, Classical.choice, Quot.sound]
AXIOMS Luce.Section6.PowerProfile.left_weight_quantile_concentration: [propext, Classical.choice, Quot.sound]
AXIOMS Luce.Section6.PowerProfile.left_weighted_rate_bound: [propext, Classical.choice, Quot.sound]
AXIOMS Luce.Section6.PowerProfile.local_corner_parameters_pos: [propext, Classical.choice, Quot.sound]
AXIOMS Luce.Section6.PowerProfile.logarithmic_rate_remainder: [propext, Classical.choice, Quot.sound]
AXIOMS Luce.Section6.PowerProfile.lower_away_right: [propext, Classical.choice, Quot.sound]
AXIOMS Luce.Section6.PowerProfile.off_active_root_expectation: [propext, Classical.choice, Quot.sound]
AXIOMS Luce.Section6.PowerProfile.outside_left_all_weighted_row: [propext, Classical.choice, Quot.sound]
AXIOMS Luce.Section6.PowerProfile.outside_left_manuscript_weighted_row: [propext, Classical.choice, Quot.sound]
AXIOMS Luce.Section6.PowerProfile.outside_left_weighted_insertion_row: [propext, Classical.choice, Quot.sound]
AXIOMS Luce.Section6.PowerProfile.outside_right_all_weighted_row: [propext, Classical.choice, Quot.sound]
AXIOMS Luce.Section6.PowerProfile.outside_right_weighted_insertion_row: [propext, Classical.choice, Quot.sound]
AXIOMS Luce.Section6.PowerProfile.outside_terminal_insertion_rate_row: [propext, Classical.choice, Quot.sound]
AXIOMS Luce.Section6.PowerProfile.proposition65_sum: [propext, Classical.choice, Quot.sound]
AXIOMS Luce.Section6.PowerProfile.right_comparison_depth_survival: [propext, Classical.choice, Quot.sound]
AXIOMS Luce.Section6.PowerProfile.right_comparison_depth_survival_rate: [propext, Classical.choice, Quot.sound]
AXIOMS Luce.Section6.PowerProfile.right_corner_all_targets_weighted_row: [propext, Classical.choice, Quot.sound]
AXIOMS Luce.Section6.PowerProfile.right_corner_insertion_target_bound: [propext, Classical.choice, Quot.sound]
AXIOMS Luce.Section6.PowerProfile.right_corner_weighted_insertion_row: [propext, Classical.choice, Quot.sound]
AXIOMS Luce.Section6.PowerProfile.right_cross_depth_relative_error: [propext, Classical.choice, Quot.sound]
AXIOMS Luce.Section6.PowerProfile.right_cycle_vertex_probability: [propext, Classical.choice, Quot.sound]
AXIOMS Luce.Section6.PowerProfile.right_deletedD_relative_error: [propext, Classical.choice, Quot.sound]
AXIOMS Luce.Section6.PowerProfile.right_deletedH_lower_region: [propext, Classical.choice, Quot.sound]
AXIOMS Luce.Section6.PowerProfile.right_deletedH_relative_error: [propext, Classical.choice, Quot.sound]
AXIOMS Luce.Section6.PowerProfile.right_deleted_insertion_moment: [propext, Classical.choice, Quot.sound]
AXIOMS Luce.Section6.PowerProfile.right_deleted_populations_relative_error: [propext, Classical.choice, Quot.sound]
AXIOMS Luce.Section6.PowerProfile.right_deleted_quantile_separation: [propext, Classical.choice, Quot.sound]
AXIOMS Luce.Section6.PowerProfile.right_discarded_expectation: [propext, Classical.choice, Quot.sound]
AXIOMS Luce.Section6.PowerProfile.right_discarded_expectation_nat: [propext, Classical.choice, Quot.sound]
AXIOMS Luce.Section6.PowerProfile.right_early_deleted_mean: [propext, Classical.choice, Quot.sound]
AXIOMS Luce.Section6.PowerProfile.right_early_deleted_mean_real_depth: [propext, Classical.choice, Quot.sound]
AXIOMS Luce.Section6.PowerProfile.right_endpoint_uniform_row: [propext, Classical.choice, Quot.sound]
AXIOMS Luce.Section6.PowerProfile.right_endpoint_weighted_insertion_row: [propext, Classical.choice, Quot.sound]
AXIOMS Luce.Section6.PowerProfile.right_escaping_path_bound: [propext, Classical.choice, Quot.sound]
AXIOMS Luce.Section6.PowerProfile.right_eventually_comparable: [propext, Classical.choice, Quot.sound]
AXIOMS Luce.Section6.PowerProfile.right_excursion_cycle_probability: [propext, Classical.choice, Quot.sound]
AXIOMS Luce.Section6.PowerProfile.right_extreme_insertion_Lp: [propext, Classical.choice, Quot.sound]
AXIOMS Luce.Section6.PowerProfile.right_extreme_survival: [propext, Classical.choice, Quot.sound]
AXIOMS Luce.Section6.PowerProfile.right_gap_quantile_window: [propext, Classical.choice, Quot.sound]
AXIOMS Luce.Section6.PowerProfile.right_gap_start_lower_tail: [propext, Classical.choice, Quot.sound]
AXIOMS Luce.Section6.PowerProfile.right_global_lower_power: [propext, Classical.choice, Quot.sound]
AXIOMS Luce.Section6.PowerProfile.right_insertion_Lp_envelope: [propext, Classical.choice, Quot.sound]
AXIOMS Luce.Section6.PowerProfile.right_insertion_exponential_moment: [propext, Classical.choice, Quot.sound]
AXIOMS Luce.Section6.PowerProfile.right_insertion_moment_reduction: [propext, Classical.choice, Quot.sound]
AXIOMS Luce.Section6.PowerProfile.right_insertion_moments: [propext, Classical.choice, Quot.sound]
AXIOMS Luce.Section6.PowerProfile.right_joint_quantile_window: [propext, Classical.choice, Quot.sound]
AXIOMS Luce.Section6.PowerProfile.right_marked_rate_time_lower: [propext, Classical.choice, Quot.sound]
AXIOMS Luce.Section6.PowerProfile.right_maximum_root_expectation: [propext, Classical.choice, Quot.sound]
AXIOMS Luce.Section6.PowerProfile.right_moderate_insertion_Lp: [propext, Classical.choice, Quot.sound]
AXIOMS Luce.Section6.PowerProfile.right_moderate_insertion_moment: [propext, Classical.choice, Quot.sound]
AXIOMS Luce.Section6.PowerProfile.right_outside_insertion_Lp: [propext, Classical.choice, Quot.sound]
AXIOMS Luce.Section6.PowerProfile.right_outside_insertion_envelope: [propext, Classical.choice, Quot.sound]
AXIOMS Luce.Section6.PowerProfile.right_outside_insertion_inverse_row: [propext, Classical.choice, Quot.sound]
AXIOMS Luce.Section6.PowerProfile.right_outside_insertion_target_bound: [propext, Classical.choice, Quot.sound]
AXIOMS Luce.Section6.PowerProfile.right_outside_survival: [propext, Classical.choice, Quot.sound]
AXIOMS Luce.Section6.PowerProfile.right_outside_targets_scaled_row: [propext, Classical.choice, Quot.sound]
AXIOMS Luce.Section6.PowerProfile.right_outside_targets_weighted_row: [propext, Classical.choice, Quot.sound]
AXIOMS Luce.Section6.PowerProfile.right_populationD_comparable: [propext, Classical.choice, Quot.sound]
AXIOMS Luce.Section6.PowerProfile.right_populationD_quantile_window: [propext, Classical.choice, Quot.sound]
AXIOMS Luce.Section6.PowerProfile.right_populationD_relative_error: [propext, Classical.choice, Quot.sound]
AXIOMS Luce.Section6.PowerProfile.right_populationH_comparison: [propext, Classical.choice, Quot.sound]
AXIOMS Luce.Section6.PowerProfile.right_populationH_error: [propext, Classical.choice, Quot.sound]
AXIOMS Luce.Section6.PowerProfile.right_populationH_power_error: [propext, Classical.choice, Quot.sound]
AXIOMS Luce.Section6.PowerProfile.right_populationH_relative_error: [propext, Classical.choice, Quot.sound]
AXIOMS Luce.Section6.PowerProfile.right_quantile_comparable: [propext, Classical.choice, Quot.sound]
AXIOMS Luce.Section6.PowerProfile.right_quantile_hazard_relative_error: [propext, Classical.choice, Quot.sound]
AXIOMS Luce.Section6.PowerProfile.right_quantile_mean_separation: [propext, Classical.choice, Quot.sound]
AXIOMS Luce.Section6.PowerProfile.right_quantile_moments: [propext, Classical.choice, Quot.sound]
AXIOMS Luce.Section6.PowerProfile.right_quantile_relative_error: [propext, Classical.choice, Quot.sound]
AXIOMS Luce.Section6.PowerProfile.right_quantile_scaledD_relative_error: [propext, Classical.choice, Quot.sound]
AXIOMS Luce.Section6.PowerProfile.right_quantile_weight_stability: [propext, Classical.choice, Quot.sound]
AXIOMS Luce.Section6.PowerProfile.right_rate_remainder: [propext, Classical.choice, Quot.sound]
AXIOMS Luce.Section6.PowerProfile.right_rate_time_relative_error: [propext, Classical.choice, Quot.sound]
AXIOMS Luce.Section6.PowerProfile.right_remaining_rate_floor: [propext, Classical.choice, Quot.sound]
AXIOMS Luce.Section6.PowerProfile.right_root_log_probability: [propext, Classical.choice, Quot.sound]
AXIOMS Luce.Section6.PowerProfile.right_sampled_ordinary_weighted_row: [propext, Classical.choice, Quot.sound]
AXIOMS Luce.Section6.PowerProfile.right_sampled_rate_floor: [propext, Classical.choice, Quot.sound]
AXIOMS Luce.Section6.PowerProfile.right_sampled_rate_relative_error: [propext, Classical.choice, Quot.sound]
AXIOMS Luce.Section6.PowerProfile.right_sampled_rate_upper: [propext, Classical.choice, Quot.sound]
AXIOMS Luce.Section6.PowerProfile.right_sampled_weighted_subset: [propext, Classical.choice, Quot.sound]
AXIOMS Luce.Section6.PowerProfile.right_scaled_populationD_comparison: [propext, Classical.choice, Quot.sound]
AXIOMS Luce.Section6.PowerProfile.right_scaled_populationD_power_error: [propext, Classical.choice, Quot.sound]
AXIOMS Luce.Section6.PowerProfile.right_scaled_rate_difference_bound: [propext, Classical.choice, Quot.sound]
AXIOMS Luce.Section6.PowerProfile.right_shifted_insertion_moment: [propext, Classical.choice, Quot.sound]
AXIOMS Luce.Section6.PowerProfile.right_source_full_weighted_insertion_row: [propext, Classical.choice, Quot.sound]
AXIOMS Luce.Section6.PowerProfile.right_survival_difference_bound: [propext, Classical.choice, Quot.sound]
AXIOMS Luce.Section6.PowerProfile.right_survival_envelope: [propext, Classical.choice, Quot.sound]
AXIOMS Luce.Section6.PowerProfile.right_unrestricted_shifted_moment: [propext, Classical.choice, Quot.sound]
AXIOMS Luce.Section6.PowerProfile.right_weight_quantile_concentration: [propext, Classical.choice, Quot.sound]
AXIOMS Luce.Section6.PowerProfile.sampled_lower_outside_right: [propext, Classical.choice, Quot.sound]
AXIOMS Luce.Section6.PowerProfile.sampled_rate_polynomial_upper: [propext, Classical.choice, Quot.sound]
AXIOMS Luce.Section6.PowerProfile.sampled_upper_outside_left: [propext, Classical.choice, Quot.sound]
AXIOMS Luce.Section6.PowerProfile.small_time_populationG: [propext, Classical.choice, Quot.sound]
AXIOMS Luce.Section6.PowerProfile.terminal_inactive_right_envelope: [propext, Classical.choice, Quot.sound]
AXIOMS Luce.Section6.PowerProfile.terminal_outside_right_Lp: [propext, Classical.choice, Quot.sound]
AXIOMS Luce.Section6.PowerProfile.terminal_right_depth_Lp: [propext, Classical.choice, Quot.sound]
AXIOMS Luce.Section6.PowerProfile.totalCoefficient_pos65: [propext, Classical.choice, Quot.sound]
AXIOMS Luce.Section6.PowerProfile.upper_away_left: [propext, Classical.choice, Quot.sound]
AXIOMS Luce.Section6.RapidError65.add: [propext, Classical.choice, Quot.sound]
AXIOMS Luce.Section6.RapidError65.congr: [propext, Classical.choice, Quot.sound]
AXIOMS Luce.Section6.RapidError65.const_mul: [propext, Classical.choice, Quot.sound]
AXIOMS Luce.Section6.RapidError65.mul_growth: [propext, Classical.choice, Quot.sound]
AXIOMS Luce.Section6.RapidError65.sum: [propext, Classical.choice, Quot.sound]
AXIOMS Luce.Section6.RapidError65.tendsto: [propext, Classical.choice, Quot.sound]
AXIOMS Luce.Section6.ReplacementPath._proof_1: [propext]
AXIOMS Luce.Section6.RightBehavior.eventually_upper: [propext, Classical.choice, Quot.sound]
AXIOMS Luce.Section6.SamplingGrid.ofNat_ctorIdx: []
AXIOMS Luce.Section6.TraceDensity68.bounded: [propext, Classical.choice, Quot.sound]
AXIOMS Luce.Section6.TraceDensity68.closedPath_integrable: [propext, Classical.choice, Quot.sound]
AXIOMS Luce.Section6.TraceDensity68.closedPath_integral: [propext, Classical.choice, Quot.sound]
AXIOMS Luce.Section6.TraceDensity68.continuous: [propext, Classical.choice, Quot.sound]
AXIOMS Luce.Section6.TraceDensity68.continuous_root_trace: [propext, Classical.choice, Quot.sound]
AXIOMS Luce.Section6.TraceDensity68.convolution_bound: [propext, Classical.choice, Quot.sound]
AXIOMS Luce.Section6.TraceDensity68.convolution_continuous: [propext, Classical.choice, Quot.sound]
AXIOMS Luce.Section6.TraceDensity68.convolution_integrable: [propext, Classical.choice, Quot.sound]
AXIOMS Luce.Section6.TraceDensity68.convolution_nonneg: [propext, Classical.choice, Quot.sound]
AXIOMS Luce.Section6.TraceDensity68.integrable: [propext, Classical.choice, Quot.sound]
AXIOMS Luce.Section6.TraceDensity68.integral_one: [propext, Classical.choice, Quot.sound]
AXIOMS Luce.Section6.TraceDensity68.nonneg: [propext, Classical.choice, Quot.sound]
AXIOMS Luce.Section6.TraceDensity68.openPath_integral: [propext, Classical.choice, Quot.sound]
AXIOMS Luce.Section6.TraceDensity68.reflect: [propext, Classical.choice, Quot.sound]
AXIOMS Luce.Section6.antitone_depth_sum_le._proof_1_1: [propext, Quot.sound]
AXIOMS Luce.Section6.categoryAssignmentBlock._proof_1: [propext, Classical.choice, Quot.sound]
AXIOMS Luce.Section6.categoryAssignmentBlock._proof_2: [propext, Classical.choice, Quot.sound]
AXIOMS Luce.Section6.categoryAssignmentBlock.eq_1: [propext, Classical.choice, Quot.sound]
AXIOMS Luce.Section6.categoryAssignmentOfCollection._proof_1: [propext, Classical.choice, Quot.sound]
AXIOMS Luce.Section6.categoryAssignmentOfCollection._proof_2: [propext, Classical.choice, Quot.sound]
AXIOMS Luce.Section6.categoryBlockIndicator.congr_simp: [propext, Classical.choice, Quot.sound]
AXIOMS Luce.Section6.categoryBlockIndicator.eq_1: [propext, Classical.choice, Quot.sound]
AXIOMS Luce.Section6.categoryBlockVertexSet.eq_1: [propext, Classical.choice, Quot.sound]
AXIOMS Luce.Section6.categoryCollectionBlock._proof_1: [propext, Classical.choice, Quot.sound]
AXIOMS Luce.Section6.categoryCollectionOfAssignment._proof_1: [propext]
AXIOMS Luce.Section6.categoryCollectionOfAssignment._proof_2: [propext, Classical.choice, Quot.sound]
AXIOMS Luce.Section6.categoryCollectionOfAssignment._proof_3: [propext, Classical.choice, Quot.sound]
AXIOMS Luce.Section6.categoryCollectionOfAssignment._proof_4: [propext, Classical.choice, Quot.sound]
AXIOMS Luce.Section6.categoryFamilyRestriction.eq_1: [propext, Classical.choice, Quot.sound]
AXIOMS Luce.Section6.categorySetRootDepth.eq_1: [propext, Quot.sound]
AXIOMS Luce.Section6.categorySetRootDepth.eq_2: [propext, Quot.sound]
AXIOMS Luce.Section6.centeredPoissonMoment65.eq_1: [propext, Classical.choice, Quot.sound]
AXIOMS Luce.Section6.charFun_one_tendsto_of_moments._proof_1_1: [propext, Quot.sound]
AXIOMS Luce.Section6.charFun_one_tendsto_of_moments._proof_1_2: [propext, Quot.sound]
AXIOMS Luce.Section6.clippedSpan68.eq_1: [propext, Classical.choice, Quot.sound]
AXIOMS Luce.Section6.clockArrivalIndicator.eq_1: [propext, Classical.choice, Quot.sound]
AXIOMS Luce.Section6.closedLogCycleWeight.eq_1: [propext, Classical.choice, Quot.sound]
AXIOMS Luce.Section6.collisionCycleWeight.eq_1: [propext, Classical.choice, Quot.sound]
AXIOMS Luce.Section6.collisionPairSum.eq_1: [propext, Classical.choice, Quot.sound]
AXIOMS Luce.Section6.collision_core_square_sum._proof_1_1: [propext, Quot.sound]
AXIOMS Luce.Section6.collision_family_pair_bound._proof_1_1: [propext, Quot.sound]
AXIOMS Luce.Section6.collision_nearby_card._proof_1_1: [propext, Classical.choice, Quot.sound]
AXIOMS Luce.Section6.collision_nearby_card._proof_1_2: [propext, Classical.choice, Quot.sound]
AXIOMS Luce.Section6.collision_same_corner_distance._proof_1_4: [propext, Quot.sound]
AXIOMS Luce.Section6.collision_same_corner_distance._proof_1_5: [propext, Quot.sound]
AXIOMS Luce.Section6.collision_varying_matrices_pair_bound._proof_1_1: [propext, Quot.sound]
AXIOMS Luce.Section6.continuous_box_trace_integral68._simp_1_2: [propext]
AXIOMS Luce.Section6.continuous_box_trace_integral68._simp_1_3: [propext]
AXIOMS Luce.Section6.continuous_box_trace_integral68._simp_1_4: [propext]
AXIOMS Luce.Section6.continuous_box_trace_integral68._simp_1_5: [propext]
AXIOMS Luce.Section6.continuous_trace_first_coordinate._simp_1_1: [propext, Classical.choice, Quot.sound]
AXIOMS Luce.Section6.continuous_trace_first_coordinate._simp_1_2: [propext]
AXIOMS Luce.Section6.continuous_trace_first_coordinate_Ioc68._simp_1_1: [propext, Classical.choice, Quot.sound]
AXIOMS Luce.Section6.convolutionDensity._proof_1: [propext, Classical.choice, Quot.sound]
AXIOMS Luce.Section6.convolutionDensity.eq_1: [propext, Classical.choice, Quot.sound]
AXIOMS Luce.Section6.convolutionDensity.eq_2: [propext, Classical.choice, Quot.sound]
AXIOMS Luce.Section6.convolutionDensity.eq_def: [propext, Classical.choice, Quot.sound]
AXIOMS Luce.Section6.convolutionDensity_pos65._simp_1_1: [propext]
AXIOMS Luce.Section6.convolutionDensity_pos65._simp_1_2: [propext]
AXIOMS Luce.Section6.coreCategoryCount_eq_filtered65._simp_1_1: [propext, Classical.choice, Quot.sound]
AXIOMS Luce.Section6.coreCategoryCount_eq_filtered65._simp_1_2: [propext, Classical.choice, Quot.sound]
AXIOMS Luce.Section6.coreCategoryIdealMean.eq_1: [propext, Classical.choice, Quot.sound]
AXIOMS Luce.Section6.coreDepthEquiv._proof_1: [propext, Classical.choice, Quot.sound]
AXIOMS Luce.Section6.coreDepthEquiv._proof_10: [propext, Classical.choice, Quot.sound]
AXIOMS Luce.Section6.coreDepthEquiv._proof_11: [propext, Classical.choice, Quot.sound]
AXIOMS Luce.Section6.coreDepthEquiv._proof_12: [propext, Classical.choice, Quot.sound]
AXIOMS Luce.Section6.coreDepthEquiv._proof_13: [propext, Classical.choice, Quot.sound]
AXIOMS Luce.Section6.coreDepthEquiv._proof_14: [propext, Classical.choice, Quot.sound]
AXIOMS Luce.Section6.coreDepthEquiv._proof_15: [propext, Classical.choice, Quot.sound]
AXIOMS Luce.Section6.coreDepthEquiv._proof_16: [propext, Classical.choice, Quot.sound]
AXIOMS Luce.Section6.coreDepthEquiv._proof_17: [propext, Classical.choice, Quot.sound]
AXIOMS Luce.Section6.coreDepthEquiv._proof_18: [propext, Classical.choice, Quot.sound]
AXIOMS Luce.Section6.coreDepthEquiv._proof_19: [propext, Classical.choice, Quot.sound]
AXIOMS Luce.Section6.coreDepthEquiv._proof_2: [propext, Classical.choice, Quot.sound]
AXIOMS Luce.Section6.coreDepthEquiv._proof_20: [propext, Classical.choice, Quot.sound]
AXIOMS Luce.Section6.coreDepthEquiv._proof_21: [propext, Classical.choice, Quot.sound]
AXIOMS Luce.Section6.coreDepthEquiv._proof_22: [propext, Classical.choice, Quot.sound]
AXIOMS Luce.Section6.coreDepthEquiv._proof_23: [propext, Classical.choice, Quot.sound]
AXIOMS Luce.Section6.coreDepthEquiv._proof_24: [propext, Classical.choice, Quot.sound]
AXIOMS Luce.Section6.coreDepthEquiv._proof_3: [propext, Classical.choice, Quot.sound]
AXIOMS Luce.Section6.coreDepthEquiv._proof_4: [propext, Classical.choice, Quot.sound]
AXIOMS Luce.Section6.coreDepthEquiv._proof_5: [propext, Quot.sound]
AXIOMS Luce.Section6.coreDepthEquiv._proof_6: [propext, Classical.choice, Quot.sound]
AXIOMS Luce.Section6.coreDepthEquiv._proof_7: [propext, Classical.choice, Quot.sound]
AXIOMS Luce.Section6.coreDepthEquiv._proof_8: [propext, Classical.choice, Quot.sound]
AXIOMS Luce.Section6.coreDepthEquiv._proof_9: [propext, Classical.choice, Quot.sound]
AXIOMS Luce.Section6.core_category_cycle_sets_disjoint._proof_1_1: [propext, Classical.choice, Quot.sound]
AXIOMS Luce.Section6.core_category_cycle_sets_disjoint._proof_1_2: [propext, Classical.choice, Quot.sound]
AXIOMS Luce.Section6.core_ideal_category_sum_reindex._simp_1_1: [propext, Quot.sound]
AXIOMS Luce.Section6.cornerBehavior.eq_1: [propext, Classical.choice, Quot.sound]
AXIOMS Luce.Section6.cornerBehavior.eq_2: [propext, Classical.choice, Quot.sound]
AXIOMS Luce.Section6.cornerCoefficient.eq_1: [propext, Classical.choice, Quot.sound]
AXIOMS Luce.Section6.cornerCoefficient.eq_2: [propext, Classical.choice, Quot.sound]
AXIOMS Luce.Section6.cornerCoefficient.eq_3: [propext, Classical.choice, Quot.sound]
AXIOMS Luce.Section6.cornerDepthPotential.eq_1: [propext, Classical.choice, Quot.sound]
AXIOMS Luce.Section6.cornerDepthPotential.eq_2: [propext, Classical.choice, Quot.sound]
AXIOMS Luce.Section6.cornerDistance.eq_1: []
AXIOMS Luce.Section6.cornerDistance.eq_2: []
AXIOMS Luce.Section6.cornerDistance_injective67._proof_1_4: [propext, Quot.sound]
AXIOMS Luce.Section6.cornerDistance_injective67._proof_1_5: [propext, Quot.sound]
AXIOMS Luce.Section6.cornerDistance_le_population65._proof_1_1: [propext, Quot.sound]
AXIOMS Luce.Section6.cornerDistance_le_population65._proof_1_2: [propext, Quot.sound]
AXIOMS Luce.Section6.cornerDistance_pos67._proof_1_4: [propext, Quot.sound]
AXIOMS Luce.Section6.cornerDistance_pos67._proof_1_5: [propext, Quot.sound]
AXIOMS Luce.Section6.cornerDistance_positive._proof_1_4: [propext, Quot.sound]
AXIOMS Luce.Section6.cornerDistance_positive._proof_1_5: [propext, Quot.sound]
AXIOMS Luce.Section6.cornerQuantileTime.eq_1: [propext, Classical.choice, Quot.sound]
AXIOMS Luce.Section6.cornerQuantileTime.eq_2: [propext, Classical.choice, Quot.sound]
AXIOMS Luce.Section6.cornerRowRatio.eq_1: [propext, Classical.choice, Quot.sound]
AXIOMS Luce.Section6.cornerRowRatio.eq_2: [propext, Classical.choice, Quot.sound]
AXIOMS Luce.Section6.corner_potential_ratio_power._simp_1_1: [propext]
AXIOMS Luce.Section6.corner_potential_ratio_power._simp_1_2: [propext]
AXIOMS Luce.Section6.corner_potential_ratio_power._simp_1_3: [propext]
AXIOMS Luce.Section6.corner_potential_ratio_power._simp_1_4: [propext]
AXIOMS Luce.Section6.corner_potential_ratio_power._simp_1_5: [propext]
AXIOMS Luce.Section6.corner_potential_ratio_power._simp_1_6: [propext, Classical.choice, Quot.sound]
AXIOMS Luce.Section6.corner_potential_ratio_power._simp_1_7: [propext]
AXIOMS Luce.Section6.corner_weighted_row_to_potential._simp_1_1: [propext]
AXIOMS Luce.Section6.corner_weighted_row_to_potential._simp_1_2: [propext]
AXIOMS Luce.Section6.corner_weighted_row_to_potential._simp_1_3: [propext]
AXIOMS Luce.Section6.corner_weighted_row_to_potential._simp_1_4: [propext]
AXIOMS Luce.Section6.corner_weighted_row_to_potential._simp_1_5: [propext]
AXIOMS Luce.Section6.corner_weighted_row_to_potential._simp_1_6: [propext, Classical.choice, Quot.sound]
AXIOMS Luce.Section6.corner_weighted_row_to_potential._simp_1_7: [propext]
AXIOMS Luce.Section6.covered_filter_card65._simp_1_1: [propext]
AXIOMS Luce.Section6.critical._proof_1_1: [propext, Quot.sound]
AXIOMS Luce.Section6.criticalArrivalCount.eq_1: [propext, Classical.choice, Quot.sound]
AXIOMS Luce.Section6.criticalBlock.eq_1: [propext, Classical.choice, Quot.sound]
AXIOMS Luce.Section6.criticalCycleDecay._proof_1: [propext]
AXIOMS Luce.Section6.criticalMissingIndicator.eq_1: [propext, Classical.choice, Quot.sound]
AXIOMS Luce.Section6.criticalProbeTime.eq_1: [propext, Classical.choice, Quot.sound]
AXIOMS Luce.Section6.criticalReference.eq_1: [propext, Classical.choice, Quot.sound]
AXIOMS Luce.Section6.criticalRemainingWeight.eq_1: [propext, Classical.choice, Quot.sound]
AXIOMS Luce.Section6.critical_arrival_count_card._simp_1_1: [propext]
AXIOMS Luce.Section6.critical_arrival_count_card._simp_1_2: [propext]
AXIOMS Luce.Section6.critical_block_square_sum._proof_1_1: [propext, Quot.sound]
AXIOMS Luce.Section6.critical_block_sum._proof_1_6: [propext, Quot.sound]
AXIOMS Luce.Section6.critical_block_sum._proof_1_7: [propext, Classical.choice, Quot.sound]
AXIOMS Luce.Section6.critical_block_sum._proof_1_8: [propext, Quot.sound]
AXIOMS Luce.Section6.critical_block_sum._simp_1_2: [propext, Classical.choice, Quot.sound]
AXIOMS Luce.Section6.critical_block_sum._simp_1_3: [propext, Classical.choice, Quot.sound]
AXIOMS Luce.Section6.critical_block_sum._simp_1_4: [propext, Classical.choice, Quot.sound]
AXIOMS Luce.Section6.critical_block_sum._simp_1_5: [propext, Classical.choice, Quot.sound]
AXIOMS Luce.Section6.critical_cycle_count_complement._proof_1_1: [propext, Classical.choice, Quot.sound]
AXIOMS Luce.Section6.critical_cycle_count_split._proof_1_3: [propext, Classical.choice, Quot.sound]
AXIOMS Luce.Section6.critical_cycle_count_split._proof_1_4: [propext, Classical.choice, Quot.sound]
AXIOMS Luce.Section6.critical_cycle_count_split._simp_1_1: [propext, Classical.choice, Quot.sound]
AXIOMS Luce.Section6.critical_cycle_count_split._simp_1_2: [propext, Classical.choice, Quot.sound]
AXIOMS Luce.Section6.critical_cycle_kernel_bound._proof_1_1: [propext, Quot.sound]
AXIOMS Luce.Section6.critical_deleted_harmonic_lower._proof_1_1: [propext, Quot.sound]
AXIOMS Luce.Section6.critical_drawn_labels._simp_1_1: [propext, Classical.choice, Quot.sound]
AXIOMS Luce.Section6.critical_drawn_labels._simp_1_2: [propext, Classical.choice, Quot.sound]
AXIOMS Luce.Section6.critical_drawn_labels._simp_1_3: [propext, Classical.choice, Quot.sound]
AXIOMS Luce.Section6.critical_drawn_labels._simp_1_4: [propext]
AXIOMS Luce.Section6.critical_drawn_labels._simp_1_5: [propext, Classical.choice, Quot.sound]
AXIOMS Luce.Section6.critical_drawn_labels._simp_1_6: [propext, Classical.choice, Quot.sound]
AXIOMS Luce.Section6.critical_early_sum_bound._proof_1_1: [propext, Quot.sound]
AXIOMS Luce.Section6.critical_early_sum_bound._proof_1_2: [propext, Quot.sound]
AXIOMS Luce.Section6.critical_early_sum_bound._simp_1_3: [propext]
AXIOMS Luce.Section6.critical_early_sum_bound._simp_1_4: [propext]
AXIOMS Luce.Section6.critical_early_sum_bound._simp_1_5: [propext]
AXIOMS Luce.Section6.critical_early_sum_bound._simp_1_6: [propext]
AXIOMS Luce.Section6.critical_early_sum_bound._simp_1_7: [propext]
AXIOMS Luce.Section6.critical_early_sum_bound._simp_1_8: [propext, Classical.choice, Quot.sound]
AXIOMS Luce.Section6.critical_early_sum_bound._simp_1_9: [propext]
AXIOMS Luce.Section6.critical_exceptional_weight_absorption._simp_1_1: [propext]
AXIOMS Luce.Section6.critical_exceptional_weight_absorption._simp_1_2: [propext]
AXIOMS Luce.Section6.critical_exceptional_weight_absorption._simp_1_3: [propext]
AXIOMS Luce.Section6.critical_exceptional_weight_absorption._simp_1_4: [propext]
AXIOMS Luce.Section6.critical_exceptional_weight_absorption._simp_1_5: [propext]
AXIOMS Luce.Section6.critical_exceptional_weight_absorption._simp_1_6: [propext, Classical.choice, Quot.sound]
AXIOMS Luce.Section6.critical_exceptional_weight_absorption._simp_1_7: [propext]
AXIOMS Luce.Section6.critical_harmonic_tail_lower._proof_1_1: [propext, Quot.sound]
AXIOMS Luce.Section6.critical_inverse_square_sum._proof_1_1: [propext, Quot.sound]
AXIOMS Luce.Section6.critical_label_image._proof_1_4: [propext, Quot.sound]
AXIOMS Luce.Section6.critical_label_image._proof_1_5: [propext, Quot.sound]
AXIOMS Luce.Section6.critical_label_image._proof_1_6: [propext, Quot.sound]
AXIOMS Luce.Section6.critical_label_image._simp_1_1: [propext, Classical.choice, Quot.sound]
AXIOMS Luce.Section6.critical_label_image._simp_1_2: [propext, Classical.choice, Quot.sound]
AXIOMS Luce.Section6.critical_label_image._simp_1_3: [propext, Classical.choice, Quot.sound]
AXIOMS Luce.Section6.critical_log_error_sum._proof_1_1: [propext, Quot.sound]
AXIOMS Luce.Section6.critical_log_root_sum._proof_1_1: [propext, Quot.sound]
AXIOMS Luce.Section6.critical_log_summand_deriv._simp_1_1: [propext]
AXIOMS Luce.Section6.critical_log_summand_deriv._simp_1_2: [propext]
AXIOMS Luce.Section6.critical_log_summand_deriv._simp_1_3: [propext]
AXIOMS Luce.Section6.critical_log_summand_deriv._simp_1_4: [propext]
AXIOMS Luce.Section6.critical_log_summand_deriv._simp_1_5: [propext]
AXIOMS Luce.Section6.critical_log_summand_deriv._simp_1_6: [propext, Classical.choice, Quot.sound]
AXIOMS Luce.Section6.critical_log_summand_deriv._simp_1_7: [propext]
AXIOMS Luce.Section6.critical_main_block_error_sum._proof_1_1: [propext, Quot.sound]
AXIOMS Luce.Section6.critical_main_block_error_sum._proof_1_2: [propext, Quot.sound]
AXIOMS Luce.Section6.critical_main_block_error_sum._proof_1_3: [propext, Quot.sound]
AXIOMS Luce.Section6.critical_main_error_sum._proof_1_1: [propext, Quot.sound]
AXIOMS Luce.Section6.critical_main_error_sum._simp_1_2: [propext]
AXIOMS Luce.Section6.critical_main_error_sum._simp_1_3: [propext]
AXIOMS Luce.Section6.critical_main_error_sum._simp_1_4: [propext]
AXIOMS Luce.Section6.critical_main_error_sum._simp_1_5: [propext]
AXIOMS Luce.Section6.critical_main_error_sum._simp_1_6: [propext]
AXIOMS Luce.Section6.critical_main_error_sum._simp_1_7: [propext, Classical.choice, Quot.sound]
AXIOMS Luce.Section6.critical_main_error_sum._simp_1_8: [propext]
AXIOMS Luce.Section6.critical_path_variation_sum._simp_1_1: [propext, Quot.sound]
AXIOMS Luce.Section6.critical_pole_arrival_integral._simp_1_1: [propext]
AXIOMS Luce.Section6.critical_pole_arrival_integral._simp_1_2: [propext]
AXIOMS Luce.Section6.critical_pole_arrival_integral._simp_1_3: [propext]
AXIOMS Luce.Section6.critical_pole_arrival_integral._simp_1_4: [propext]
AXIOMS Luce.Section6.critical_pole_arrival_integral._simp_1_5: [propext]
AXIOMS Luce.Section6.critical_pole_arrival_integral._simp_1_6: [propext, Classical.choice, Quot.sound]
AXIOMS Luce.Section6.critical_pole_arrival_integral._simp_1_7: [propext]
AXIOMS Luce.Section6.critical_pole_weight_integral._simp_1_1: [propext]
AXIOMS Luce.Section6.critical_pole_weight_integral._simp_1_2: [propext]
AXIOMS Luce.Section6.critical_pole_weight_integral._simp_1_3: [propext]
AXIOMS Luce.Section6.critical_pole_weight_integral._simp_1_4: [propext]
AXIOMS Luce.Section6.critical_pole_weight_integral._simp_1_5: [propext]
AXIOMS Luce.Section6.critical_pole_weight_integral._simp_1_6: [propext, Classical.choice, Quot.sound]
AXIOMS Luce.Section6.critical_pole_weight_integral._simp_1_7: [propext]
AXIOMS Luce.Section6.critical_predictable_sum_expectation._simp_1_1: [propext, Classical.choice, Quot.sound]
AXIOMS Luce.Section6.critical_probe_arrival_lower._simp_1_1: [propext]
AXIOMS Luce.Section6.critical_probe_arrival_lower._simp_1_2: [propext]
AXIOMS Luce.Section6.critical_probe_arrival_lower._simp_1_3: [propext]
AXIOMS Luce.Section6.critical_probe_arrival_lower._simp_1_4: [propext]
AXIOMS Luce.Section6.critical_probe_arrival_lower._simp_1_5: [propext]
AXIOMS Luce.Section6.critical_probe_arrival_lower._simp_1_6: [propext, Classical.choice, Quot.sound]
AXIOMS Luce.Section6.critical_probe_arrival_lower._simp_1_7: [propext]
AXIOMS Luce.Section6.critical_rank_le_arrivals._proof_1_1: [propext, Classical.choice, Quot.sound]
AXIOMS Luce.Section6.critical_reciprocal_error._simp_1_1: [propext]
AXIOMS Luce.Section6.critical_reciprocal_error._simp_1_2: [propext]
AXIOMS Luce.Section6.critical_reciprocal_error._simp_1_3: [propext]
AXIOMS Luce.Section6.critical_reciprocal_error._simp_1_4: [propext]
AXIOMS Luce.Section6.critical_reciprocal_error._simp_1_5: [propext]
AXIOMS Luce.Section6.critical_reciprocal_error._simp_1_6: [propext, Classical.choice, Quot.sound]
AXIOMS Luce.Section6.critical_reciprocal_error._simp_1_7: [propext]
AXIOMS Luce.Section6.critical_reference_error_split._proof_1_10: [propext, Quot.sound]
AXIOMS Luce.Section6.critical_reference_error_split._proof_1_11: [propext, Quot.sound]
AXIOMS Luce.Section6.critical_reference_error_split._proof_1_2: [propext, Classical.choice, Quot.sound]
AXIOMS Luce.Section6.critical_reference_error_split._proof_1_3: [propext, Quot.sound]
AXIOMS Luce.Section6.critical_reference_error_split._proof_1_4: [propext, Quot.sound]
AXIOMS Luce.Section6.critical_reference_error_split._proof_1_7: [propext, Classical.choice, Quot.sound]
AXIOMS Luce.Section6.critical_reference_error_split._proof_1_8: [propext, Quot.sound]
AXIOMS Luce.Section6.critical_reference_error_split._proof_1_9: [propext, Quot.sound]
AXIOMS Luce.Section6.critical_reference_error_split._simp_1_1: [propext, Quot.sound]
AXIOMS Luce.Section6.critical_reference_error_split._simp_1_6: [propext]
AXIOMS Luce.Section6.critical_reference_mass_bound._proof_1_1: [propext, Quot.sound]
AXIOMS Luce.Section6.critical_reference_row_bounds._proof_1_1: [propext, Quot.sound]
AXIOMS Luce.Section6.critical_reference_row_mass._proof_1_1: [propext, Quot.sound]
AXIOMS Luce.Section6.critical_reference_sum_integral._proof_1_1: [propext, Quot.sound]
AXIOMS Luce.Section6.critical_reference_sum_integral._simp_1_2: [propext]
AXIOMS Luce.Section6.critical_reference_sum_integral._simp_1_3: [propext]
AXIOMS Luce.Section6.critical_reference_sum_integral._simp_1_4: [propext]
AXIOMS Luce.Section6.critical_reference_sum_integral._simp_1_5: [propext]
AXIOMS Luce.Section6.critical_reference_sum_integral._simp_1_6: [propext]
AXIOMS Luce.Section6.critical_reference_sum_integral._simp_1_7: [propext, Classical.choice, Quot.sound]
AXIOMS Luce.Section6.critical_reference_sum_integral._simp_1_8: [propext]
AXIOMS Luce.Section6.critical_remaining_survival_bound._proof_1_3: [propext, Classical.choice, Quot.sound]
AXIOMS Luce.Section6.critical_remaining_survival_bound._simp_1_1: [propext, Classical.choice, Quot.sound]
AXIOMS Luce.Section6.critical_remaining_survival_bound._simp_1_2: [propext, Classical.choice, Quot.sound]
AXIOMS Luce.Section6.critical_retained_probability_le_matrix._proof_1_1: [propext, Classical.choice, Quot.sound]
AXIOMS Luce.Section6.critical_retained_sum_bound._proof_1_1: [propext, Quot.sound]
AXIOMS Luce.Section6.critical_tuple_weight_sum._proof_1_1: [propext, Quot.sound]
AXIOMS Luce.Section6.critical_tuple_weight_sum._proof_1_3: [propext, Classical.choice, Quot.sound]
AXIOMS Luce.Section6.critical_tuple_weight_sum._proof_1_4: [propext, Quot.sound]
AXIOMS Luce.Section6.critical_tuple_weight_sum._simp_1_2: [propext]
AXIOMS Luce.Section6.critical_vertex_expectation_of_rates._proof_1_1: [propext, Quot.sound]
AXIOMS Luce.Section6.crossDepthError.eq_1: [propext, Classical.choice, Quot.sound]
AXIOMS Luce.Section6.cross_depth_relative_transport._simp_1_1: [propext]
AXIOMS Luce.Section6.cross_depth_relative_transport._simp_1_2: [propext]
AXIOMS Luce.Section6.cross_depth_relative_transport._simp_1_3: [propext]
AXIOMS Luce.Section6.cross_depth_relative_transport._simp_1_4: [propext]
AXIOMS Luce.Section6.cross_depth_relative_transport._simp_1_5: [propext]
AXIOMS Luce.Section6.cross_depth_relative_transport._simp_1_6: [propext, Classical.choice, Quot.sound]
AXIOMS Luce.Section6.cross_depth_relative_transport._simp_1_7: [propext]
AXIOMS Luce.Section6.cycle_closing_potential_bound._simp_1_1: [propext]
AXIOMS Luce.Section6.cycle_closing_potential_bound._simp_1_2: [propext]
AXIOMS Luce.Section6.cycle_closing_potential_bound._simp_1_3: [propext]
AXIOMS Luce.Section6.cycle_closing_potential_bound._simp_1_4: [propext]
AXIOMS Luce.Section6.cycle_closing_potential_bound._simp_1_5: [propext]
AXIOMS Luce.Section6.cycle_closing_potential_bound._simp_1_6: [propext, Classical.choice, Quot.sound]
AXIOMS Luce.Section6.cycle_closing_potential_bound._simp_1_7: [propext]
AXIOMS Luce.Section6.cycle_count_at_maximum_eq_indicator._simp_1_1: [propext, Classical.choice, Quot.sound]
AXIOMS Luce.Section6.cycle_count_at_maximum_eq_indicator._simp_1_2: [propext, Classical.choice, Quot.sound]
AXIOMS Luce.Section6.cycle_count_at_maximum_eq_indicator._simp_1_3: [propext, Classical.choice, Quot.sound]
AXIOMS Luce.Section6.cycle_edge_potential_bound._abel_1_1: [propext, Quot.sound]
AXIOMS Luce.Section6.deletedD.eq_1: [propext, Classical.choice, Quot.sound]
AXIOMS Luce.Section6.deletedG.eq_1: [propext, Classical.choice, Quot.sound]
AXIOMS Luce.Section6.deletedH.eq_1: [propext, Classical.choice, Quot.sound]
AXIOMS Luce.Section6.deleted_arrival_relative_tails._simp_1_1: [propext]
AXIOMS Luce.Section6.deleted_arrival_relative_tails._simp_1_2: [propext]
AXIOMS Luce.Section6.deleted_arrival_relative_tails._simp_1_3: [propext]
AXIOMS Luce.Section6.deleted_arrival_relative_tails._simp_1_4: [propext]
AXIOMS Luce.Section6.deleted_arrival_relative_tails._simp_1_5: [propext]
AXIOMS Luce.Section6.deleted_arrival_relative_tails._simp_1_6: [propext, Classical.choice, Quot.sound]
AXIOMS Luce.Section6.deleted_arrival_relative_tails._simp_1_7: [propext]
AXIOMS Luce.Section6.deleted_arrival_window_mean_lower._simp_1_1: [propext]
AXIOMS Luce.Section6.deleted_arrival_window_mean_lower._simp_1_2: [propext]
AXIOMS Luce.Section6.deleted_arrival_window_mean_lower._simp_1_3: [propext]
AXIOMS Luce.Section6.deleted_arrival_window_mean_lower._simp_1_4: [propext]
AXIOMS Luce.Section6.deleted_arrival_window_mean_lower._simp_1_5: [propext]
AXIOMS Luce.Section6.deleted_arrival_window_mean_lower._simp_1_6: [propext, Classical.choice, Quot.sound]
AXIOMS Luce.Section6.deleted_arrival_window_mean_lower._simp_1_7: [propext]
AXIOMS Luce.Section6.deleted_before_count_upper_tail._simp_1_1: [propext]
AXIOMS Luce.Section6.deleted_before_count_upper_tail._simp_1_2: [propext]
AXIOMS Luce.Section6.deleted_before_count_upper_tail._simp_1_3: [propext]
AXIOMS Luce.Section6.deleted_before_count_upper_tail._simp_1_4: [propext]
AXIOMS Luce.Section6.deleted_before_count_upper_tail._simp_1_5: [propext]
AXIOMS Luce.Section6.deleted_before_count_upper_tail._simp_1_6: [propext, Classical.choice, Quot.sound]
AXIOMS Luce.Section6.deleted_before_count_upper_tail._simp_1_7: [propext]
AXIOMS Luce.Section6.deleted_joint_window_probability._simp_1_1: [propext]
AXIOMS Luce.Section6.deleted_joint_window_probability._simp_1_2: [propext]
AXIOMS Luce.Section6.deleted_joint_window_probability._simp_1_3: [propext]
AXIOMS Luce.Section6.deleted_kernel_Lp_of_rate_floor._proof_1_1: [propext, Quot.sound]
AXIOMS Luce.Section6.deleted_kernel_le_insertionDominationMatrix._proof_1_1: [propext, Quot.sound]
AXIOMS Luce.Section6.deleted_kernel_product_le_Lp._simp_1_1: [propext, Classical.choice, Quot.sound]
AXIOMS Luce.Section6.deleted_kernel_product_square_le_Lp._proof_1_1: [propext, Quot.sound]
AXIOMS Luce.Section6.deleted_kernel_product_square_le_Lp._simp_1_2: [propext, Classical.choice, Quot.sound]
AXIOMS Luce.Section6.deleted_kernel_product_square_le_Lp._simp_1_3: [propext, Classical.choice, Quot.sound]
AXIOMS Luce.Section6.deleted_survivor_mean_identity._simp_1_2: [propext]
AXIOMS Luce.Section6.deleted_survivor_mean_identity._simp_1_3: [propext]
AXIOMS Luce.Section6.deleted_survivor_mean_identity._simp_1_4: [propext]
AXIOMS Luce.Section6.deleted_survivor_mean_identity._simp_1_5: [propext]
AXIOMS Luce.Section6.deleted_survivor_mean_identity._simp_1_6: [propext]
AXIOMS Luce.Section6.deleted_survivor_mean_identity._simp_1_7: [propext, Classical.choice, Quot.sound]
AXIOMS Luce.Section6.deleted_survivor_mean_identity._simp_1_8: [propext]
AXIOMS Luce.Section6.deleted_survivor_window_mean_lower._simp_1_1: [propext]
AXIOMS Luce.Section6.deleted_survivor_window_mean_lower._simp_1_2: [propext]
AXIOMS Luce.Section6.deleted_survivor_window_mean_lower._simp_1_3: [propext]
AXIOMS Luce.Section6.deleted_survivor_window_mean_lower._simp_1_4: [propext]
AXIOMS Luce.Section6.deleted_survivor_window_mean_lower._simp_1_5: [propext]
AXIOMS Luce.Section6.deleted_survivor_window_mean_lower._simp_1_6: [propext, Classical.choice, Quot.sound]
AXIOMS Luce.Section6.deleted_survivor_window_mean_lower._simp_1_7: [propext]
AXIOMS Luce.Section6.deleted_weight_mean_drift._simp_1_1: [propext]
AXIOMS Luce.Section6.deleted_weight_mean_drift._simp_1_2: [propext]
AXIOMS Luce.Section6.deleted_weight_mean_drift._simp_1_3: [propext]
AXIOMS Luce.Section6.deleted_weight_mean_drift._simp_1_4: [propext]
AXIOMS Luce.Section6.deleted_weight_mean_drift._simp_1_5: [propext]
AXIOMS Luce.Section6.deleted_weight_mean_drift._simp_1_6: [propext, Classical.choice, Quot.sound]
AXIOMS Luce.Section6.deleted_weight_mean_drift._simp_1_7: [propext]
AXIOMS Luce.Section6.deleted_weight_quantile_window_probability._simp_1_1: [propext]
AXIOMS Luce.Section6.deleted_weight_quantile_window_probability._simp_1_2: [propext]
AXIOMS Luce.Section6.deleted_weight_quantile_window_probability._simp_1_3: [propext]
AXIOMS Luce.Section6.deleted_weight_quantile_window_probability._simp_1_4: [propext]
AXIOMS Luce.Section6.deleted_weight_quantile_window_probability._simp_1_5: [propext]
AXIOMS Luce.Section6.deleted_weight_quantile_window_probability._simp_1_6: [propext, Classical.choice, Quot.sound]
AXIOMS Luce.Section6.deleted_weight_quantile_window_probability._simp_1_7: [propext]
AXIOMS Luce.Section6.deleted_weight_scaled_chebyshev._simp_1_1: [propext]
AXIOMS Luce.Section6.deleted_weight_scaled_chebyshev._simp_1_2: [propext]
AXIOMS Luce.Section6.deleted_weight_scaled_chebyshev._simp_1_3: [propext]
AXIOMS Luce.Section6.deleted_weight_scaled_chebyshev._simp_1_4: [propext]
AXIOMS Luce.Section6.deleted_weight_scaled_chebyshev._simp_1_5: [propext]
AXIOMS Luce.Section6.deleted_weight_scaled_chebyshev._simp_1_6: [propext, Classical.choice, Quot.sound]
AXIOMS Luce.Section6.deleted_weight_scaled_chebyshev._simp_1_7: [propext]
AXIOMS Luce.Section6.density_envelope_product._proof_1_1: [propext, Quot.sound]
AXIOMS Luce.Section6.disjoint_indicators_sum_le_one65._simp_1_1: [propext]
AXIOMS Luce.Section6.endpoint_block_terminal_buffer._proof_1_1: [propext, Quot.sound]
AXIOMS Luce.Section6.endpoint_block_terminal_buffer._proof_1_5: [propext, Quot.sound]
AXIOMS Luce.Section6.endpoint_envelope_target_bound._proof_1_1: [propext, Quot.sound]
AXIOMS Luce.Section6.escaping_cycle_probability_le_cylinders._proof_1_1: [propext, Classical.choice, Quot.sound]
AXIOMS Luce.Section6.exactCycleVertexCount.eq_1: [propext, Classical.choice, Quot.sound]
AXIOMS Luce.Section6.exceptionalEnvelope.eq_1: [propext, Classical.choice, Quot.sound]
AXIOMS Luce.Section6.exceptionalEnvelope_column_summable._simp_1_1: [propext]
AXIOMS Luce.Section6.exceptionalEnvelope_column_summable._simp_1_2: [propext, Classical.choice, Quot.sound]
AXIOMS Luce.Section6.exceptionalEnvelope_column_tail._simp_1_1: [propext]
AXIOMS Luce.Section6.exceptionalEnvelope_column_tail._simp_1_2: [propext, Classical.choice, Quot.sound]
AXIOMS Luce.Section6.exceptionalEnvelope_column_tail._simp_1_3: [propext, Classical.choice, Quot.sound]
AXIOMS Luce.Section6.exceptional_weighted_factor_le._proof_1_2: [propext, Quot.sound]
AXIOMS Luce.Section6.exceptional_weighted_factor_le._simp_1_1: [propext]
AXIOMS Luce.Section6.excursionCount_le_logarithmic65._proof_1_1: [propext, Quot.sound]
AXIOMS Luce.Section6.exists_interior_label_block._proof_1_1: [propext, Quot.sound]
AXIOMS Luce.Section6.exists_interior_label_block._proof_1_2: [propext, Quot.sound]
AXIOMS Luce.Section6.exists_interior_label_block._proof_1_3: [propext, Quot.sound]
AXIOMS Luce.Section6.exists_interior_label_block._proof_1_4: [propext, Quot.sound]
AXIOMS Luce.Section6.exists_interior_label_block._proof_1_5: [propext, Quot.sound]
AXIOMS Luce.Section6.exists_interior_label_block._proof_1_6: [propext, Quot.sound]
AXIOMS Luce.Section6.exp_pathVariation68_integrable._simp_1_1: [propext, Classical.choice, Quot.sound]
AXIOMS Luce.Section6.extreme_moment_absorption._proof_1_1: [propext, Quot.sound]
AXIOMS Luce.Section6.extreme_ratio_bounds._simp_1_1: [propext]
AXIOMS Luce.Section6.extreme_ratio_bounds._simp_1_2: [propext]
AXIOMS Luce.Section6.extreme_ratio_bounds._simp_1_3: [propext]
AXIOMS Luce.Section6.extreme_ratio_bounds._simp_1_4: [propext]
AXIOMS Luce.Section6.extreme_ratio_bounds._simp_1_5: [propext]
AXIOMS Luce.Section6.extreme_ratio_bounds._simp_1_6: [propext, Classical.choice, Quot.sound]
AXIOMS Luce.Section6.extreme_ratio_bounds._simp_1_7: [propext]
AXIOMS Luce.Section6.factorial_error_algebra._proof_1_1: [propext, Quot.sound]
AXIOMS Luce.Section6.factorial_error_algebra._proof_1_2: [propext, Quot.sound]
AXIOMS Luce.Section6.fallingBasis65._proof_1: [propext, Classical.choice, Quot.sound]
AXIOMS Luce.Section6.fallingBasis65.eq_1: [propext, Classical.choice, Quot.sound]
AXIOMS Luce.Section6.fallingSequence65._proof_1: [propext, Classical.choice, Quot.sound]
AXIOMS Luce.Section6.fallingSequence65.eq_1: [propext, Classical.choice, Quot.sound]
AXIOMS Luce.Section6.filter_card_le_add65._simp_1_1: [propext, Quot.sound]
AXIOMS Luce.Section6.finite_sampled_rate_ratio_bound._proof_1_1: [propext, Quot.sound]
AXIOMS Luce.Section6.gapStartFromNormalized.eq_1: [propext, Classical.choice, Quot.sound]
AXIOMS Luce.Section6.gapStartFromNormalized_eq_previous._simp_1_1: [propext, Classical.choice, Quot.sound]
AXIOMS Luce.Section6.gapStart_lt_imp_beforeCount._proof_1_1: [propext, Classical.choice, Quot.sound]
AXIOMS Luce.Section6.gapStart_lt_imp_beforeCount._proof_1_2: [propext, Quot.sound]
AXIOMS Luce.Section6.gapStart_lt_imp_beforeCount._proof_1_3: [propext, Classical.choice, Quot.sound]
AXIOMS Luce.Section6.gapStart_lt_of_beforeCount._proof_1_1: [propext, Classical.choice, Quot.sound]
AXIOMS Luce.Section6.gapStart_lt_of_beforeCount._proof_1_2: [propext, Classical.choice, Quot.sound]
AXIOMS Luce.Section6.gap_start_eq_skeleton_add_selected_indices._simp_1_1: [propext]
AXIOMS Luce.Section6.gaussianMoment65.eq_1: [propext, Classical.choice, Quot.sound]
AXIOMS Luce.Section6.gaussianMoment65_rec._simp_1_1: [propext, Classical.choice, Quot.sound]
AXIOMS Luce.Section6.gaussianMoment65_rec._simp_1_2: [propext, Classical.choice, Quot.sound]
AXIOMS Luce.Section6.gaussianMoment65_rec._simp_1_3: [propext, Classical.choice, Quot.sound]
AXIOMS Luce.Section6.harmonic_interval_sum67._proof_1_1: [propext, Quot.sound]
AXIOMS Luce.Section6.harmonic_interval_sum67._proof_1_2: [propext, Quot.sound]
AXIOMS Luce.Section6.harmonic_real_subset67._proof_1_1: [propext, Classical.choice, Quot.sound]
AXIOMS Luce.Section6.harmonic_real_subset67._proof_1_2: [propext, Classical.choice, Quot.sound]
AXIOMS Luce.Section6.harmonic_real_subset67._proof_1_3: [propext, Classical.choice, Quot.sound]
AXIOMS Luce.Section6.idealCoreLower._proof_1: [propext]
AXIOMS Luce.Section6.idealCycleWeight.eq_1: [propext, Classical.choice, Quot.sound]
AXIOMS Luce.Section6.idealRootTrace.eq_1: [propext, Classical.choice, Quot.sound]
AXIOMS Luce.Section6.idealRootTrace_floor68._simp_1_1: [propext, Classical.choice, Quot.sound]
AXIOMS Luce.Section6.idealRootTrace_floor68._simp_1_2: [propext, Classical.choice, Quot.sound]
AXIOMS Luce.Section6.idealRootTrace_floor68._simp_1_3: [propext, Classical.choice, Quot.sound]
AXIOMS Luce.Section6.idealRootTrace_floor68._simp_1_4: [propext, Classical.choice, Quot.sound]
AXIOMS Luce.Section6.idealRootTrace_left_sub68._proof_1_3: [propext, Classical.choice, Quot.sound]
AXIOMS Luce.Section6.idealRootTrace_left_sub68._proof_1_4: [propext, Classical.choice, Quot.sound]
AXIOMS Luce.Section6.idealRootTrace_left_sub68._simp_1_1: [propext, Classical.choice, Quot.sound]
AXIOMS Luce.Section6.idealRootTrace_left_sub68._simp_1_2: [propext, Classical.choice, Quot.sound]
AXIOMS Luce.Section6.idealRootTrace_right_sub68._proof_1_4: [propext, Classical.choice, Quot.sound]
AXIOMS Luce.Section6.idealRootTrace_right_sub68._proof_1_5: [propext, Classical.choice, Quot.sound]
AXIOMS Luce.Section6.idealRootTrace_right_sub68._simp_1_1: [propext]
AXIOMS Luce.Section6.idealRootTrace_right_sub68._simp_1_2: [propext, Classical.choice, Quot.sound]
AXIOMS Luce.Section6.idealRootTrace_right_sub68._simp_1_3: [propext, Classical.choice, Quot.sound]
AXIOMS Luce.Section6.idealSpatialTrace68_window_bound._proof_1_1: [propext, Classical.choice, Quot.sound]
AXIOMS Luce.Section6.idealSpatialTrace68_window_bound._proof_1_2: [propext, Classical.choice, Quot.sound]
AXIOMS Luce.Section6.idealSpatialTrace68_window_bound._proof_1_3: [propext, Classical.choice, Quot.sound]
AXIOMS Luce.Section6.idealSpatialTrace68_window_bound._proof_1_4: [propext, Classical.choice, Quot.sound]
AXIOMS Luce.Section6.idealSpatialTrace68_window_bound._proof_1_5: [propext, Classical.choice, Quot.sound]
AXIOMS Luce.Section6.idealSpatialTrace68_window_bound._proof_1_6: [propext, Classical.choice, Quot.sound]
AXIOMS Luce.Section6.idealSpatialTrace68_window_bound._proof_1_7: [propext, Classical.choice, Quot.sound]
AXIOMS Luce.Section6.idealSpatialTrace68_window_bound._proof_1_8: [propext, Classical.choice, Quot.sound]
AXIOMS Luce.Section6.idealSpatialWindow68_eventually._proof_1_1: [propext, Classical.choice, Quot.sound]
AXIOMS Luce.Section6.idealTrace.eq_1: [propext, Classical.choice, Quot.sound]
AXIOMS Luce.Section6.idealTrace_meanApprox65._proof_1_1: [propext, Classical.choice, Quot.sound]
AXIOMS Luce.Section6.idealTrace_restrict68._simp_1_1: [propext, Classical.choice, Quot.sound]
AXIOMS Luce.Section6.idealTupleRoot._proof_1: [propext, Classical.choice, Quot.sound]
AXIOMS Luce.Section6.idealTupleRoot.eq_1: [propext, Classical.choice, Quot.sound]
AXIOMS Luce.Section6.idealTupleRoot.eq_2: [propext, Classical.choice, Quot.sound]
AXIOMS Luce.Section6.idealTupleRoot_left_le68._simp_1_4: [propext, Classical.choice, Quot.sound]
AXIOMS Luce.Section6.idealTupleRoot_right_gt68._simp_1_4: [propext, Classical.choice, Quot.sound]
AXIOMS Luce.Section6.ideal_core_eventual_domain._proof_1_1: [propext, Classical.choice, Quot.sound]
AXIOMS Luce.Section6.ideal_core_eventual_domain._proof_1_2: [propext, Classical.choice, Quot.sound]
AXIOMS Luce.Section6.ideal_core_nonempty_eventually._proof_1_1: [propext, Quot.sound]
AXIOMS Luce.Section6.inactive_terminal_kernel_row_bound._proof_1_2: [propext, Quot.sound]
AXIOMS Luce.Section6.inactive_terminal_kernel_row_bound._simp_1_1: [propext, Classical.choice, Quot.sound]
AXIOMS Luce.Section6.inactive_terminal_kernel_subset_bound._proof_1_1: [propext, Quot.sound]
AXIOMS Luce.Section6.inactive_terminal_kernel_subset_bound._proof_1_2: [propext, Quot.sound]
AXIOMS Luce.Section6.inactive_terminal_kernel_subset_bound._proof_1_3: [propext, Quot.sound]
AXIOMS Luce.Section6.inactive_terminal_ordinary_row_bound._proof_1_1: [propext, Quot.sound]
AXIOMS Luce.Section6.incrementDensity.eq_1: [propext, Classical.choice, Quot.sound]
AXIOMS Luce.Section6.independent_real_coordinates_injective_ae._simp_1_1: [propext, Classical.choice, Quot.sound]
AXIOMS Luce.Section6.initial_block_remaining_rate._proof_1_1: [propext, Classical.choice, Quot.sound]
AXIOMS Luce.Section6.insertionChoices.eq_1: [propext, Classical.choice, Quot.sound]
AXIOMS Luce.Section6.insertionChoices_nonempty._proof_1_1: [propext, Quot.sound]
AXIOMS Luce.Section6.insertionDominationMatrix.eq_1: [propext, Classical.choice, Quot.sound]
AXIOMS Luce.Section6.instDecidableEqCorner._proof_1: []
AXIOMS Luce.Section6.instDecidableEqCorner._proof_2: []
AXIOMS Luce.Section6.instDecidableEqSamplingGrid._proof_1: []
AXIOMS Luce.Section6.instDecidableEqSamplingGrid._proof_2: []
AXIOMS Luce.Section6.instFintypeCorner._proof_1: [propext, Classical.choice, Quot.sound]
AXIOMS Luce.Section6.integral_fast_arrival._simp_1_1: [propext]
AXIOMS Luce.Section6.integral_fast_arrival._simp_1_2: [propext]
AXIOMS Luce.Section6.integral_fast_arrival._simp_1_3: [propext]
AXIOMS Luce.Section6.integral_fast_arrival._simp_1_4: [propext]
AXIOMS Luce.Section6.integral_fast_arrival._simp_1_5: [propext]
AXIOMS Luce.Section6.integral_fast_arrival._simp_1_6: [propext, Classical.choice, Quot.sound]
AXIOMS Luce.Section6.integral_fast_arrival._simp_1_7: [propext]
AXIOMS Luce.Section6.interior_deleted_survivor_reservoir._proof_1_1: [propext, Quot.sound]
AXIOMS Luce.Section6.interior_deleted_survivor_reservoir._proof_1_2: [propext, Classical.choice, Quot.sound]
AXIOMS Luce.Section6.interior_deleted_survivor_reservoir._simp_1_3: [propext]
AXIOMS Luce.Section6.interior_deleted_survivor_reservoir._simp_1_4: [propext]
AXIOMS Luce.Section6.interior_deleted_survivor_reservoir._simp_1_5: [propext]
AXIOMS Luce.Section6.interior_deleted_survivor_reservoir._simp_1_6: [propext]
AXIOMS Luce.Section6.interior_deleted_survivor_reservoir._simp_1_7: [propext]
AXIOMS Luce.Section6.interior_deleted_survivor_reservoir._simp_1_8: [propext, Classical.choice, Quot.sound]
AXIOMS Luce.Section6.interior_deleted_survivor_reservoir._simp_1_9: [propext]
AXIOMS Luce.Section6.interior_envelope_le_inverse_row._simp_1_1: [propext]
AXIOMS Luce.Section6.interior_envelope_le_inverse_row._simp_1_2: [propext]
AXIOMS Luce.Section6.interior_envelope_le_inverse_row._simp_1_3: [propext]
AXIOMS Luce.Section6.interior_envelope_le_inverse_row._simp_1_4: [propext]
AXIOMS Luce.Section6.interior_envelope_le_inverse_row._simp_1_5: [propext]
AXIOMS Luce.Section6.interior_envelope_le_inverse_row._simp_1_6: [propext, Classical.choice, Quot.sound]
AXIOMS Luce.Section6.interior_envelope_le_inverse_row._simp_1_7: [propext]
AXIOMS Luce.Section6.interior_logarithmic_survivor_mean._proof_1_1: [propext, Quot.sound]
AXIOMS Luce.Section6.interior_populationD_bounds._proof_1_1: [propext, Quot.sound]
AXIOMS Luce.Section6.intervalDiscardedCycleCount.eq_1: [propext, Classical.choice, Quot.sound]
AXIOMS Luce.Section6.inverse_power_kernel_row_bound._proof_1_1: [propext, Quot.sound]
AXIOMS Luce.Section6.laplaceDensity68._proof_1: [propext]
AXIOMS Luce.Section6.left_bounded_source_kernel_le_inverse_row._simp_1_1: [propext]
AXIOMS Luce.Section6.left_bounded_source_kernel_le_inverse_row._simp_1_2: [propext]
AXIOMS Luce.Section6.left_bounded_source_kernel_le_inverse_row._simp_1_3: [propext]
AXIOMS Luce.Section6.left_bounded_source_kernel_le_inverse_row._simp_1_4: [propext]
AXIOMS Luce.Section6.left_bounded_source_kernel_le_inverse_row._simp_1_5: [propext]
AXIOMS Luce.Section6.left_bounded_source_kernel_le_inverse_row._simp_1_6: [propext, Classical.choice, Quot.sound]
AXIOMS Luce.Section6.left_bounded_source_kernel_le_inverse_row._simp_1_7: [propext]
AXIOMS Luce.Section6.left_corner_envelope_column_bound._proof_1_1: [propext, Quot.sound]
AXIOMS Luce.Section6.left_corner_envelope_column_bound._simp_1_2: [propext, Classical.choice, Quot.sound]
AXIOMS Luce.Section6.left_envelope_weighted_sum_bound._proof_1_1: [propext, Quot.sound]
AXIOMS Luce.Section6.left_exceptional_weighted_row_bound._simp_1_1: [propext]
AXIOMS Luce.Section6.left_exceptional_weighted_row_bound._simp_1_2: [propext, Classical.choice, Quot.sound]
AXIOMS Luce.Section6.left_excursion_kernel_sum._proof_1_1: [propext, Quot.sound]
AXIOMS Luce.Section6.left_insertion_ratio_identity._simp_1_1: [propext]
AXIOMS Luce.Section6.left_insertion_ratio_identity._simp_1_2: [propext]
AXIOMS Luce.Section6.left_insertion_ratio_identity._simp_1_3: [propext]
AXIOMS Luce.Section6.left_insertion_ratio_identity._simp_1_4: [propext]
AXIOMS Luce.Section6.left_insertion_ratio_identity._simp_1_5: [propext]
AXIOMS Luce.Section6.left_insertion_ratio_identity._simp_1_6: [propext, Classical.choice, Quot.sound]
AXIOMS Luce.Section6.left_insertion_ratio_identity._simp_1_7: [propext]
AXIOMS Luce.Section6.left_ordinary_column_bound._proof_1_1: [propext, Quot.sound]
AXIOMS Luce.Section6.left_ordinary_weighted_row_bound._proof_1_1: [propext, Quot.sound]
AXIOMS Luce.Section6.left_rate_floor_ratio._simp_1_1: [propext]
AXIOMS Luce.Section6.left_rate_floor_ratio._simp_1_2: [propext]
AXIOMS Luce.Section6.left_rate_floor_ratio._simp_1_3: [propext]
AXIOMS Luce.Section6.left_rate_floor_ratio._simp_1_4: [propext]
AXIOMS Luce.Section6.left_rate_floor_ratio._simp_1_5: [propext]
AXIOMS Luce.Section6.left_rate_floor_ratio._simp_1_6: [propext, Classical.choice, Quot.sound]
AXIOMS Luce.Section6.left_rate_floor_ratio._simp_1_7: [propext]
AXIOMS Luce.Section6.lemma68_total._proof_1_1: [propext, Quot.sound]
AXIOMS Luce.Section6.lemma68_total._proof_1_2: [propext, Quot.sound]
AXIOMS Luce.Section6.lemma69._proof_1_1: [propext, Quot.sound]
AXIOMS Luce.Section6.linearCombination65.eq_1: [propext, Classical.choice, Quot.sound]
AXIOMS Luce.Section6.localCornerExponent.eq_1: [propext, Classical.choice, Quot.sound]
AXIOMS Luce.Section6.localCornerExponent.eq_2: [propext, Classical.choice, Quot.sound]
AXIOMS Luce.Section6.localCornerQ.eq_1: [propext, Classical.choice, Quot.sound]
AXIOMS Luce.Section6.localCornerQ.eq_2: [propext, Classical.choice, Quot.sound]
AXIOMS Luce.Section6.localCornerQ.eq_3: [propext, Classical.choice, Quot.sound]
AXIOMS Luce.Section6.localCornerRatio.eq_1: [propext, Classical.choice, Quot.sound]
AXIOMS Luce.Section6.localCornerRatio.eq_2: [propext, Classical.choice, Quot.sound]
AXIOMS Luce.Section6.localEnvelopeKernel.eq_1: [propext, Classical.choice, Quot.sound]
AXIOMS Luce.Section6.local_envelope_weighted_rows._proof_1_5: [propext, Quot.sound]
AXIOMS Luce.Section6.local_envelope_weighted_rows._proof_1_6: [propext, Quot.sound]
AXIOMS Luce.Section6.localization65._proof_1_1: [propext, Quot.sound]
AXIOMS Luce.Section6.localization65._proof_1_2: [propext, Quot.sound]
AXIOMS Luce.Section6.logCell68.eq_1: [propext, Classical.choice, Quot.sound]
AXIOMS Luce.Section6.logCell68_offset._proof_1_1: [propext, Quot.sound]
AXIOMS Luce.Section6.logCell68_union._simp_1_2: [propext]
AXIOMS Luce.Section6.logCell68_union._simp_1_3: [propext, Classical.choice, Quot.sound]
AXIOMS Luce.Section6.logCell68_union._simp_1_4: [propext]
AXIOMS Luce.Section6.logCellCorrection68_bounds._proof_1_1: [propext, Quot.sound]
AXIOMS Luce.Section6.logCellCorrection68_bounds._proof_1_2: [propext, Quot.sound]
AXIOMS Luce.Section6.logCellCube68_constant_identity._proof_1_1: [propext, Classical.choice, Quot.sound]
AXIOMS Luce.Section6.logCellWidth68.eq_1: [propext, Classical.choice, Quot.sound]
AXIOMS Luce.Section6.logCollisionConstant68._proof_1: [propext]
AXIOMS Luce.Section6.logDistinctTrace68_comparison._simp_1_1: [propext, Classical.choice, Quot.sound]
AXIOMS Luce.Section6.logDistinctTrace68_refined._proof_1_1: [propext, Quot.sound]
AXIOMS Luce.Section6.logDistinctTrace68_refined._proof_1_2: [propext, Quot.sound]
AXIOMS Luce.Section6.logEnvelopeTraceBound68._proof_1: [propext]
AXIOMS Luce.Section6.logGridErrorConstant68._proof_1: [propext]
AXIOMS Luce.Section6.logGridErrorConstant68._proof_2: [propext]
AXIOMS Luce.Section6.logLocation_window_iff65._proof_1_1: [propext, Quot.sound]
AXIOMS Luce.Section6.logTraceBox68.eq_1: [propext, Classical.choice, Quot.sound]
AXIOMS Luce.Section6.logTupleRoot._proof_1: [propext, Classical.choice, Quot.sound]
AXIOMS Luce.Section6.log_kernel_row68._proof_1_1: [propext, Classical.choice, Quot.sound]
AXIOMS Luce.Section6.log_kernel_row68._proof_1_2: [propext, Classical.choice, Quot.sound]
AXIOMS Luce.Section6.log_kernel_row68._proof_1_3: [propext, Classical.choice, Quot.sound]
AXIOMS Luce.Section6.log_kernel_row68._simp_1_10: [propext]
AXIOMS Luce.Section6.log_kernel_row68._simp_1_4: [propext]
AXIOMS Luce.Section6.log_kernel_row68._simp_1_5: [propext]
AXIOMS Luce.Section6.log_kernel_row68._simp_1_6: [propext]
AXIOMS Luce.Section6.log_kernel_row68._simp_1_7: [propext]
AXIOMS Luce.Section6.log_kernel_row68._simp_1_8: [propext]
AXIOMS Luce.Section6.log_kernel_row68._simp_1_9: [propext, Classical.choice, Quot.sound]
AXIOMS Luce.Section6.log_population_core_upper65._proof_1_1: [propext, Classical.choice, Quot.sound]
AXIOMS Luce.Section6.logarithmicExcursionCount.eq_1: [propext, Classical.choice, Quot.sound]
AXIOMS Luce.Section6.logarithmic_excursion_expectation_of_root_bound._simp_1_2: [propext, Classical.choice, Quot.sound]
AXIOMS Luce.Section6.logarithmic_gap_start_tail._proof_1_1: [propext, Classical.choice, Quot.sound]
AXIOMS Luce.Section6.logarithmic_gap_start_tail._proof_1_2: [propext, Classical.choice, Quot.sound]
AXIOMS Luce.Section6.logarithmic_gap_start_tail._proof_1_3: [propext, Classical.choice, Quot.sound]
AXIOMS Luce.Section6.logarithmic_survival_envelope._proof_1_1: [propext, Classical.choice, Quot.sound]
AXIOMS Luce.Section6.logarithmic_survival_envelope._proof_1_2: [propext, Classical.choice, Quot.sound]
AXIOMS Luce.Section6.markedRankCylinder_iff_ordered_counts._proof_1_1: [propext, Classical.choice, Quot.sound]
AXIOMS Luce.Section6.markedRankCylinder_iff_ordered_counts._proof_1_2: [propext, Classical.choice, Quot.sound]
AXIOMS Luce.Section6.markedRankCylinder_probability_eq_sortedOrderedInsertion._simp_1_1: [propext,
 Classical.choice,
 Quot.sound]
AXIOMS Luce.Section6.markedRankCylinder_probability_le_domination_matrix._proof_1_1: [propext,
 Classical.choice,
 Quot.sound]
AXIOMS Luce.Section6.maximumCycleRoots_symm65._simp_1_1: [propext, Classical.choice, Quot.sound]
AXIOMS Luce.Section6.maximum_root_expectation_le_cycle_probability._simp_1_1: [propext]
AXIOMS Luce.Section6.maximum_root_expectation_le_cycle_probability._simp_1_2: [propext]
AXIOMS Luce.Section6.maximum_root_expectation_le_cycle_probability._simp_1_3: [propext]
AXIOMS Luce.Section6.maximum_root_expectation_le_cycle_probability._simp_1_4: [propext, Classical.choice, Quot.sound]
AXIOMS Luce.Section6.mem_openOrderGap_iff_count._proof_1_5: [propext, Classical.choice, Quot.sound]
AXIOMS Luce.Section6.mem_openOrderGap_iff_count._simp_1_3: [propext]
AXIOMS Luce.Section6.mem_openOrderGap_iff_count._simp_1_4: [propext]
AXIOMS Luce.Section6.mem_terminalGap_iff_count._proof_1_1: [propext, Classical.choice, Quot.sound]
AXIOMS Luce.Section6.mem_terminalGap_iff_count._proof_1_2: [propext, Classical.choice, Quot.sound]
AXIOMS Luce.Section6.mem_terminalGap_iff_count._proof_1_3: [propext, Classical.choice, Quot.sound]
AXIOMS Luce.Section6.mem_terminalGap_iff_count._proof_1_4: [propext, Classical.choice, Quot.sound]
AXIOMS Luce.Section6.mem_terminalGap_iff_count._proof_1_6: [propext, Classical.choice, Quot.sound]
AXIOMS Luce.Section6.mem_terminalGap_iff_count._simp_1_5: [propext]
AXIOMS Luce.Section6.multiplicity65.congr_simp: [propext, Classical.choice, Quot.sound]
AXIOMS Luce.Section6.multiplicity65.eq_1: [propext, Classical.choice, Quot.sound]
AXIOMS Luce.Section6.negative_power_weighted_comparison._simp_1_1: [propext]
AXIOMS Luce.Section6.negative_power_weighted_comparison._simp_1_2: [propext]
AXIOMS Luce.Section6.negative_power_weighted_comparison._simp_1_3: [propext]
AXIOMS Luce.Section6.negative_power_weighted_comparison._simp_1_4: [propext]
AXIOMS Luce.Section6.negative_power_weighted_comparison._simp_1_5: [propext]
AXIOMS Luce.Section6.negative_power_weighted_comparison._simp_1_6: [propext, Classical.choice, Quot.sound]
AXIOMS Luce.Section6.negative_power_weighted_comparison._simp_1_7: [propext]
AXIOMS Luce.Section6.nonmoderate_cycle_edge_sum._proof_1_1: [propext, Quot.sound]
AXIOMS Luce.Section6.nonmoderate_cycle_family_sum._proof_1_1: [propext, Quot.sound]
AXIOMS Luce.Section6.nonmoderate_edge_has_large_potential._proof_1_1: [propext, Quot.sound]
AXIOMS Luce.Section6.nonmoderate_edge_has_large_potential._proof_1_2: [propext, Quot.sound]
AXIOMS Luce.Section6.nonmoderate_edge_has_large_potential._proof_1_3: [propext, Quot.sound]
AXIOMS Luce.Section6.normalizedCoreCategory65.eq_1: [propext, Classical.choice, Quot.sound]
AXIOMS Luce.Section6.normalizedCycleVector.eq_1: [propext, Classical.choice, Quot.sound]
AXIOMS Luce.Section6.normalizedSpatialVector.eq_1: [propext, Classical.choice, Quot.sound]
AXIOMS Luce.Section6.normalized_local_pointwise._simp_1_1: [propext]
AXIOMS Luce.Section6.normalized_local_pointwise._simp_1_2: [propext]
AXIOMS Luce.Section6.normalized_local_pointwise._simp_1_3: [propext]
AXIOMS Luce.Section6.normalized_local_pointwise._simp_1_4: [propext]
AXIOMS Luce.Section6.normalized_local_pointwise._simp_1_5: [propext]
AXIOMS Luce.Section6.normalized_local_pointwise._simp_1_6: [propext, Classical.choice, Quot.sound]
AXIOMS Luce.Section6.normalized_local_pointwise._simp_1_7: [propext]
AXIOMS Luce.Section6.offActiveLabels.eq_1: [propext, Classical.choice, Quot.sound]
AXIOMS Luce.Section6.openGapSimplexIntegral.congr_simp: [propext, Classical.choice, Quot.sound]
AXIOMS Luce.Section6.openGapSimplexRegion._proof_1: [propext, Classical.choice, Quot.sound]
AXIOMS Luce.Section6.openGapSimplexValue.eq_1: [propext, Classical.choice, Quot.sound]
AXIOMS Luce.Section6.openPathWeight68._proof_1: [propext]
AXIOMS Luce.Section6.openPathWeight68.eq_1: [propext, Classical.choice, Quot.sound]
AXIOMS Luce.Section6.openPathWeight68.eq_2: [propext, Classical.choice, Quot.sound]
AXIOMS Luce.Section6.openPathWeight68.eq_def: [propext, Classical.choice, Quot.sound]
AXIOMS Luce.Section6.openPathWeight68_eq_prod._simp_1_1: [propext, Quot.sound]
AXIOMS Luce.Section6.openPathWeight68_exp._simp_1_4: [propext, Classical.choice, Quot.sound]
AXIOMS Luce.Section6.opposite_core_sets_disjoint._proof_1_1: [propext, Quot.sound]
AXIOMS Luce.Section6.opposite_core_sets_disjoint._proof_1_2: [propext, Quot.sound]
AXIOMS Luce.Section6.ordinary_power_column_bound._proof_1_1: [propext, Quot.sound]
AXIOMS Luce.Section6.outside_left_weighted_subset_bound._proof_1_1: [propext, Quot.sound]
AXIOMS Luce.Section6.outside_left_weighted_subset_bound._proof_1_2: [propext, Quot.sound]
AXIOMS Luce.Section6.pathVariation68._proof_1: [propext]
AXIOMS Luce.Section6.pathVariation68.eq_1: [propext, Classical.choice, Quot.sound]
AXIOMS Luce.Section6.pathVariation68.eq_2: [propext, Classical.choice, Quot.sound]
AXIOMS Luce.Section6.pathVariation68.eq_def: [propext, Classical.choice, Quot.sound]
AXIOMS Luce.Section6.poissonFunctional65._proof_1: [propext, Classical.choice, Quot.sound]
AXIOMS Luce.Section6.populationD.eq_1: [propext, Classical.choice, Quot.sound]
AXIOMS Luce.Section6.populationD_relative_variation._simp_1_1: [propext]
AXIOMS Luce.Section6.populationD_relative_variation._simp_1_2: [propext]
AXIOMS Luce.Section6.populationD_relative_variation._simp_1_3: [propext]
AXIOMS Luce.Section6.populationD_relative_variation._simp_1_4: [propext]
AXIOMS Luce.Section6.populationD_relative_variation._simp_1_5: [propext]
AXIOMS Luce.Section6.populationD_relative_variation._simp_1_6: [propext, Classical.choice, Quot.sound]
AXIOMS Luce.Section6.populationD_relative_variation._simp_1_7: [propext]
AXIOMS Luce.Section6.populationG.eq_1: [propext, Classical.choice, Quot.sound]
AXIOMS Luce.Section6.populationG_mean_separation._simp_1_1: [propext]
AXIOMS Luce.Section6.populationG_mean_separation._simp_1_2: [propext]
AXIOMS Luce.Section6.populationG_mean_separation._simp_1_3: [propext]
AXIOMS Luce.Section6.populationG_mean_separation._simp_1_4: [propext]
AXIOMS Luce.Section6.populationG_mean_separation._simp_1_5: [propext]
AXIOMS Luce.Section6.populationG_mean_separation._simp_1_6: [propext, Classical.choice, Quot.sound]
AXIOMS Luce.Section6.populationG_mean_separation._simp_1_7: [propext]
AXIOMS Luce.Section6.populationH.eq_1: [propext, Classical.choice, Quot.sound]
AXIOMS Luce.Section6.population_moments_from_power_window._simp_1_1: [propext]
AXIOMS Luce.Section6.population_moments_from_power_window._simp_1_2: [propext]
AXIOMS Luce.Section6.population_moments_from_power_window._simp_1_3: [propext]
AXIOMS Luce.Section6.population_moments_from_power_window._simp_1_4: [propext]
AXIOMS Luce.Section6.population_moments_from_power_window._simp_1_5: [propext]
AXIOMS Luce.Section6.population_moments_from_power_window._simp_1_6: [propext, Classical.choice, Quot.sound]
AXIOMS Luce.Section6.population_moments_from_power_window._simp_1_7: [propext]
AXIOMS Luce.Section6.positive_natset_order_bound._proof_1_1: [propext, Classical.choice, Quot.sound]
AXIOMS Luce.Section6.positive_power_weighted_comparison._simp_1_1: [propext]
AXIOMS Luce.Section6.positive_power_weighted_comparison._simp_1_2: [propext]
AXIOMS Luce.Section6.positive_power_weighted_comparison._simp_1_3: [propext]
AXIOMS Luce.Section6.positive_power_weighted_comparison._simp_1_4: [propext]
AXIOMS Luce.Section6.positive_power_weighted_comparison._simp_1_5: [propext]
AXIOMS Luce.Section6.positive_power_weighted_comparison._simp_1_6: [propext, Classical.choice, Quot.sound]
AXIOMS Luce.Section6.positive_power_weighted_comparison._simp_1_7: [propext]
AXIOMS Luce.Section6.powerCornerWeight65.eq_1: [propext, Classical.choice, Quot.sound]
AXIOMS Luce.Section6.power_density_positive_sum_bound._proof_1_1: [propext, Quot.sound]
AXIOMS Luce.Section6.power_envelope_absorption._simp_1_1: [propext]
AXIOMS Luce.Section6.power_envelope_absorption._simp_1_2: [propext]
AXIOMS Luce.Section6.power_envelope_absorption._simp_1_3: [propext]
AXIOMS Luce.Section6.power_envelope_absorption._simp_1_4: [propext]
AXIOMS Luce.Section6.power_envelope_absorption._simp_1_5: [propext]
AXIOMS Luce.Section6.power_envelope_absorption._simp_1_6: [propext, Classical.choice, Quot.sound]
AXIOMS Luce.Section6.power_envelope_absorption._simp_1_7: [propext]
AXIOMS Luce.Section6.power_weighted_positive_sum_bound._proof_1_1: [propext, Quot.sound]
AXIOMS Luce.Section6.race_characteristic_perturbation65._simp_1_1: [propext, Quot.sound]
AXIOMS Luce.Section6.race_characteristic_perturbation65._simp_1_2: []
AXIOMS Luce.Section6.race_characteristic_perturbation65._simp_1_3: [propext, Quot.sound]
AXIOMS Luce.Section6.random_gap_weight_probability_bound._simp_1_1: [propext]
AXIOMS Luce.Section6.random_gap_weight_probability_bound._simp_1_2: [propext]
AXIOMS Luce.Section6.reciprocal_square_sum68._proof_1_1: [propext, Quot.sound]
AXIOMS Luce.Section6.refined_interval_core_bound68._proof_1_1: [propext, Quot.sound]
AXIOMS Luce.Section6.refined_interval_core_bound68._proof_1_2: [propext, Quot.sound]
AXIOMS Luce.Section6.refined_interval_core_bound68._proof_1_3: [propext, Quot.sound]
AXIOMS Luce.Section6.relativeIdealTrace68_remainder._simp_1_1: [propext]
AXIOMS Luce.Section6.relativeIdealTrace68_remainder._simp_1_2: [propext]
AXIOMS Luce.Section6.relativeIdealTrace68_remainder._simp_1_3: [propext]
AXIOMS Luce.Section6.relativeIdealTrace68_remainder._simp_1_4: [propext]
AXIOMS Luce.Section6.relativeIdealTrace68_remainder._simp_1_5: [propext]
AXIOMS Luce.Section6.relativeIdealTrace68_remainder._simp_1_6: [propext, Classical.choice, Quot.sound]
AXIOMS Luce.Section6.relativeIdealTrace68_remainder._simp_1_7: [propext]
AXIOMS Luce.Section6.replacementPathCenter.eq_1: [propext]
AXIOMS Luce.Section6.replacementPathCode._proof_1: [propext, Quot.sound]
AXIOMS Luce.Section6.replacementPathCode._proof_2: [propext, Quot.sound]
AXIOMS Luce.Section6.replacementPathCode.eq_1: [propext, Quot.sound]
AXIOMS Luce.Section6.replacementPathCode_injective._proof_1_3: [propext, Quot.sound]
AXIOMS Luce.Section6.replacementPathCode_injective._proof_1_4: [propext, Quot.sound]
AXIOMS Luce.Section6.restrictedEmbeddingEquiv._proof_1: []
AXIOMS Luce.Section6.restrictedEmbeddingEquiv._proof_10: [Quot.sound]
AXIOMS Luce.Section6.restrictedEmbeddingEquiv._proof_2: []
AXIOMS Luce.Section6.restrictedEmbeddingEquiv._proof_3: []
AXIOMS Luce.Section6.restrictedEmbeddingEquiv._proof_4: []
AXIOMS Luce.Section6.restrictedEmbeddingEquiv._proof_5: []
AXIOMS Luce.Section6.restrictedEmbeddingEquiv._proof_6: []
AXIOMS Luce.Section6.restrictedEmbeddingEquiv._proof_7: []
AXIOMS Luce.Section6.restrictedEmbeddingEquiv._proof_8: []
AXIOMS Luce.Section6.restrictedEmbeddingEquiv._proof_9: []
AXIOMS Luce.Section6.restrictedKernelSums_of_exceptional_domination._simp_1_1: [propext]
AXIOMS Luce.Section6.right_corner_envelope_column_bound._proof_1_1: [propext, Quot.sound]
AXIOMS Luce.Section6.right_corner_envelope_column_bound._simp_1_2: [propext, Classical.choice, Quot.sound]
AXIOMS Luce.Section6.right_envelope_weighted_sum_bound._proof_1_1: [propext, Quot.sound]
AXIOMS Luce.Section6.right_exceptional_weighted_row_bound._simp_1_1: [propext]
AXIOMS Luce.Section6.right_exceptional_weighted_row_bound._simp_1_2: [propext, Classical.choice, Quot.sound]
AXIOMS Luce.Section6.right_excursion_kernel_sum._proof_1_1: [propext, Quot.sound]
AXIOMS Luce.Section6.right_fixed_targets_weighted_row._proof_1_1: [propext, Quot.sound]
AXIOMS Luce.Section6.right_insertion_ratio_identity._simp_1_1: [propext]
AXIOMS Luce.Section6.right_insertion_ratio_identity._simp_1_2: [propext]
AXIOMS Luce.Section6.right_insertion_ratio_identity._simp_1_3: [propext]
AXIOMS Luce.Section6.right_insertion_ratio_identity._simp_1_4: [propext]
AXIOMS Luce.Section6.right_insertion_ratio_identity._simp_1_5: [propext]
AXIOMS Luce.Section6.right_insertion_ratio_identity._simp_1_6: [propext, Classical.choice, Quot.sound]
AXIOMS Luce.Section6.right_insertion_ratio_identity._simp_1_7: [propext]
AXIOMS Luce.Section6.right_ordinary_weighted_row_bound._proof_1_1: [propext, Quot.sound]
AXIOMS Luce.Section6.right_outside_kernel_subset_bound._proof_1_1: [propext, Quot.sound]
AXIOMS Luce.Section6.rootCoreSpan68.eq_1: [propext, Classical.choice, Quot.sound]
AXIOMS Luce.Section6.samplePoint._proof_1: [propext]
AXIOMS Luce.Section6.samplePoint.eq_1: [propext, Classical.choice, Quot.sound]
AXIOMS Luce.Section6.samplePoint.eq_2: [propext, Classical.choice, Quot.sound]
AXIOMS Luce.Section6.samplePoint_mem._simp_1_4: [propext]
AXIOMS Luce.Section6.samplePoint_rev._proof_1_1: [propext, Quot.sound]
AXIOMS Luce.Section6.sampledWeights._proof_1: [propext, Classical.choice, Quot.sound]
AXIOMS Luce.Section6.scaledPoissonMoment65.eq_1: [propext, Classical.choice, Quot.sound]
AXIOMS Luce.Section6.scaledPoissonMoment65_rec._proof_1_1: [propext, Quot.sound]
AXIOMS Luce.Section6.scaledPoissonMoment65_rec._simp_1_2: [propext]
AXIOMS Luce.Section6.scaledPoissonMoment65_rec._simp_1_3: [propext]
AXIOMS Luce.Section6.scaledPoissonMoment65_rec._simp_1_4: [propext]
AXIOMS Luce.Section6.scaledPoissonMoment65_rec._simp_1_5: [propext]
AXIOMS Luce.Section6.scaledPoissonMoment65_rec._simp_1_6: [propext]
AXIOMS Luce.Section6.scaledPoissonMoment65_rec._simp_1_7: [propext, Classical.choice, Quot.sound]
AXIOMS Luce.Section6.scaledPoissonMoment65_rec._simp_1_8: [propext]
AXIOMS Luce.Section6.scaledPoissonMoment65_tendsto._proof_1_1: [propext, Quot.sound]
AXIOMS Luce.Section6.scaled_deletion_error._simp_1_1: [propext]
AXIOMS Luce.Section6.scaled_deletion_error._simp_1_2: [propext]
AXIOMS Luce.Section6.scaled_deletion_error._simp_1_3: [propext]
AXIOMS Luce.Section6.scaled_deletion_error._simp_1_4: [propext]
AXIOMS Luce.Section6.scaled_deletion_error._simp_1_5: [propext]
AXIOMS Luce.Section6.scaled_deletion_error._simp_1_6: [propext, Classical.choice, Quot.sound]
AXIOMS Luce.Section6.scaled_deletion_error._simp_1_7: [propext]
AXIOMS Luce.Section6.scaled_fast_weighted_average_bound._simp_1_1: [propext]
AXIOMS Luce.Section6.scaled_fast_weighted_average_bound._simp_1_2: [propext]
AXIOMS Luce.Section6.scaled_fast_weighted_average_bound._simp_1_3: [propext]
AXIOMS Luce.Section6.scaled_fast_weighted_average_bound._simp_1_4: [propext]
AXIOMS Luce.Section6.scaled_fast_weighted_average_bound._simp_1_5: [propext]
AXIOMS Luce.Section6.scaled_fast_weighted_average_bound._simp_1_6: [propext, Classical.choice, Quot.sound]
AXIOMS Luce.Section6.scaled_fast_weighted_average_bound._simp_1_7: [propext]
AXIOMS Luce.Section6.scaled_power_kernel_row_bound._proof_1_1: [propext, Quot.sound]
AXIOMS Luce.Section6.selectedFill.eq_1: [propext, Classical.choice, Quot.sound]
AXIOMS Luce.Section6.selectedRootCycleCount.eq_1: [propext, Classical.choice, Quot.sound]
AXIOMS Luce.Section6.selectedRootCycleCount_eq_sum65._simp_1_1: [propext]
AXIOMS Luce.Section6.selected_gap_factor_error._simp_1_1: [propext]
AXIOMS Luce.Section6.selected_gap_factor_error._simp_1_2: [propext]
AXIOMS Luce.Section6.selected_gap_factor_error._simp_1_3: [propext]
AXIOMS Luce.Section6.selected_gap_factor_error._simp_1_4: [propext]
AXIOMS Luce.Section6.selected_gap_factor_error._simp_1_5: [propext]
AXIOMS Luce.Section6.selected_gap_factor_error._simp_1_6: [propext, Classical.choice, Quot.sound]
AXIOMS Luce.Section6.selected_gap_factor_error._simp_1_7: [propext]
AXIOMS Luce.Section6.selected_insertion_product_skeleton._simp_1_1: []
AXIOMS Luce.Section6.selected_root_expectation_of_rates._proof_1_1: [propext, Quot.sound]
AXIOMS Luce.Section6.selected_survival_product._simp_1_1: [propext, Classical.choice, Quot.sound]
AXIOMS Luce.Section6.shifted_interior_gap_bounds._proof_1_1: [propext, Classical.choice, Quot.sound]
AXIOMS Luce.Section6.shifted_left_gap_bounds._proof_1_1: [propext, Classical.choice, Quot.sound]
AXIOMS Luce.Section6.shifted_left_nonterminal._proof_1_1: [propext, Quot.sound]
AXIOMS Luce.Section6.shifted_right_survivor_bounds._proof_1_1: [propext, Classical.choice, Quot.sound]
AXIOMS Luce.Section6.skeleton_start_eq_actual_start_sub_selected._simp_1_1: [propext, Classical.choice, Quot.sound]
AXIOMS Luce.Section6.sortedMarkedGapIndex_monotone._proof_1_1: [propext, Classical.choice, Quot.sound]
AXIOMS Luce.Section6.sorted_demanded_gap_shift._proof_1_1: [propext, Classical.choice, Quot.sound]
AXIOMS Luce.Section6.sorted_gap_injective_of_separated._proof_1_1: [propext, Classical.choice, Quot.sound]
AXIOMS Luce.Section6.sorted_gap_left_displacement._proof_1_1: [propext, Classical.choice, Quot.sound]
AXIOMS Luce.Section6.sorted_gap_left_displacement._proof_1_2: [propext, Classical.choice, Quot.sound]
AXIOMS Luce.Section6.sorted_gap_nonfinal_of_terminal_buffer._proof_1_1: [propext, Classical.choice, Quot.sound]
AXIOMS Luce.Section6.spatialCategories_disjoint65._proof_1_1: [propext, Classical.choice, Quot.sound]
AXIOMS Luce.Section6.spatialCore_error_bound65._proof_1_1: [propext, Quot.sound]
AXIOMS Luce.Section6.spatialCore_error_bound65._proof_1_2: [propext, Classical.choice, Quot.sound]
AXIOMS Luce.Section6.standardNormalVector_linear_memLp65._simp_1_1: [propext]
AXIOMS Luce.Section6.stretched_exp_le_inverse_depth._proof_1_1: [propext, Quot.sound]
AXIOMS Luce.Section6.sum_previous_gaps._proof_1_5: [propext, Classical.choice, Quot.sound]
AXIOMS Luce.Section6.sum_previous_gaps._simp_1_1: [propext, Classical.choice, Quot.sound]
AXIOMS Luce.Section6.sum_previous_gaps._simp_1_2: [propext, Classical.choice, Quot.sound]
AXIOMS Luce.Section6.sum_previous_gaps._simp_1_3: [propext]
AXIOMS Luce.Section6.sum_previous_gaps._simp_1_4: [propext]
AXIOMS Luce.Section6.sum_tuple_restrict68._simp_1_1: [propext, Classical.choice, Quot.sound]
AXIOMS Luce.Section6.sum_tuple_restrict68._simp_1_2: [propext, Classical.choice, Quot.sound]
AXIOMS Luce.Section6.summable_weighted_stretched_exp._proof_1_1: [propext, Quot.sound]
AXIOMS Luce.Section6.terminalGapLower._proof_1: [propext, Quot.sound]
AXIOMS Luce.Section6.terminalGapLower._proof_2: [propext, Quot.sound]
AXIOMS Luce.Section6.terminalGapLower.congr_simp: [propext, Classical.choice, Quot.sound]
AXIOMS Luce.Section6.terminal_logarithmic_insertion_Lp._proof_1_1: [propext, Classical.choice, Quot.sound]
AXIOMS Luce.Section6.terminal_logarithmic_insertion_Lp._proof_1_2: [propext, Classical.choice, Quot.sound]
AXIOMS Luce.Section6.terminal_logarithmic_insertion_Lp._proof_1_3: [propext, Classical.choice, Quot.sound]
AXIOMS Luce.Section6.terminal_logarithmic_insertion_Lp._proof_1_4: [propext, Classical.choice, Quot.sound]
AXIOMS Luce.Section6.terminal_logarithmic_insertion_Lp._proof_1_5: [propext, Classical.choice, Quot.sound]
AXIOMS Luce.Section6.terminal_logarithmic_insertion_Lp._proof_1_6: [propext, Classical.choice, Quot.sound]
AXIOMS Luce.Section6.terminal_window_reference_gap._proof_1_1: [propext, Classical.choice, Quot.sound]
AXIOMS Luce.Section6.terminal_window_reference_gap._proof_1_2: [propext, Classical.choice, Quot.sound]
AXIOMS Luce.Section6.totalCore_error_bound65._proof_1_1: [propext, Classical.choice, Quot.sound]
AXIOMS Luce.Section6.totalCore_error_bound65._proof_1_2: [propext, Classical.choice, Quot.sound]
AXIOMS Luce.Section6.totalCore_error_bound65._proof_1_3: [propext, Classical.choice, Quot.sound]
AXIOMS Luce.Section6.totalCore_meanApprox65._simp_1_1: [propext, Classical.choice, Quot.sound]
AXIOMS Luce.Section6.totalCore_meanApprox65._simp_1_2: [propext, Quot.sound]
AXIOMS Luce.Section6.traceConvolution68._proof_1: [propext, Classical.choice, Quot.sound]
AXIOMS Luce.Section6.traceConvolution68.eq_1: [propext, Classical.choice, Quot.sound]
AXIOMS Luce.Section6.traceConvolution68.eq_2: [propext, Classical.choice, Quot.sound]
AXIOMS Luce.Section6.traceConvolution68.eq_def: [propext, Classical.choice, Quot.sound]
AXIOMS Luce.Section6.translated_trace_integrable68._simp_1_1: [propext, Classical.choice, Quot.sound]
AXIOMS Luce.Section6.uniform_moment_decay._proof_1_1: [propext, Quot.sound]
AXIOMS Luce.Section6.uniform_moment_decay._proof_1_2: [propext, Quot.sound]
AXIOMS Luce.Section6.uniform_moment_decay._simp_1_3: [propext]
AXIOMS Luce.Section6.uniform_moment_decay._simp_1_4: [propext]
AXIOMS Luce.Section6.uniform_moment_decay._simp_1_5: [propext]
AXIOMS Luce.Section6.uniform_moment_decay._simp_1_6: [propext]
AXIOMS Luce.Section6.uniform_moment_decay._simp_1_7: [propext]
AXIOMS Luce.Section6.uniform_moment_decay._simp_1_8: [propext, Classical.choice, Quot.sound]
AXIOMS Luce.Section6.uniform_moment_decay._simp_1_9: [propext]
AXIOMS Luce.Section6.unit_exponential_weighted_density._simp_1_1: [propext, Classical.choice, Quot.sound]
AXIOMS Luce.Section6.varying_cycle_family_collision_bound._proof_1_1: [propext, Quot.sound]
AXIOMS Luce.Section6.weighted_normalization65._simp_1_1: [propext]
AXIOMS Luce.Section6.weighted_normalization65._simp_1_2: [propext]
AXIOMS Luce.Section6.weighted_normalization65._simp_1_3: [propext]
AXIOMS Luce.Section6.weighted_normalization65._simp_1_4: [propext]
AXIOMS Luce.Section6.weighted_normalization65._simp_1_5: [propext]
AXIOMS Luce.Section6.weighted_normalization65._simp_1_6: [propext, Classical.choice, Quot.sound]
AXIOMS Luce.Section6.weighted_normalization65._simp_1_7: [propext]
AXIOMS Luce.Section7.ClockDensity.integrable: [propext, Classical.choice, Quot.sound]
AXIOMS Luce.Section7.ClockDensity.integral_one: [propext, Classical.choice, Quot.sound]
AXIOMS Luce.Section7.ClockDensity.measurable: [propext, Classical.choice, Quot.sound]
AXIOMS Luce.Section7.ClockDensity.nonneg: [propext, Classical.choice, Quot.sound]
AXIOMS Luce.Section7.GeneralClockTailStatement._proof_1: [propext]
AXIOMS Luce.Section7.GeneralClockTailStatement._proof_2: []
AXIOMS Luce.Section7.bulkDensityAt.eq_1: [propext, Classical.choice, Quot.sound]
AXIOMS Luce.Section7.clockRace_injective_ae._simp_1_1: [propext, Classical.choice, Quot.sound]
AXIOMS Luce.Section7.clockRace_tail._proof_1: [propext, Quot.sound]
AXIOMS Luce.Section7.clockRace_tail._proof_1_1: [propext, Quot.sound]
AXIOMS Luce.Section7.clockRace_tail._proof_1_2: [propext, Quot.sound]
AXIOMS Luce.Section7.clockRace_tail._proof_1_3: [propext, Quot.sound]
AXIOMS Luce.Section7.gammaDensity._proof_1: [propext, Classical.choice, Quot.sound]
AXIOMS Luce.Section7.gamma_rate_envelope._simp_1_1: [propext]
AXIOMS Luce.Section7.gamma_rate_envelope._simp_1_2: [propext]
AXIOMS Luce.Section7.gamma_rate_envelope._simp_1_3: [propext]
AXIOMS Luce.Section7.gamma_rate_envelope._simp_1_4: [propext]
AXIOMS Luce.Section7.gamma_rate_envelope._simp_1_5: [propext]
AXIOMS Luce.Section7.gamma_rate_envelope._simp_1_6: [propext, Classical.choice, Quot.sound]
AXIOMS Luce.Section7.gamma_rate_envelope._simp_1_7: [propext]
AXIOMS Luce.Section7.rank_integral_survivors._simp_1_1: [propext]
AXIOMS Luce.Section7.rank_integral_survivors._simp_1_2: [propext, Classical.choice, Quot.sound]
AXIOMS Luce.Section7.survival.eq_1: [propext, Classical.choice, Quot.sound]
AXIOMS Luce.Section7.survivorProbability.eq_1: [propext, Classical.choice, Quot.sound]
AXIOMS Luce.Section7.survivorProbability_early._simp_1_1: [propext, Classical.choice, Quot.sound]
AXIOMS Luce.Section7.survivorProbability_early._simp_1_2: [propext]
AXIOMS Luce.Section7.tailConstant._proof_1: [propext]
AXIOMS Luce.Section7.terminalLabel._proof_1: [propext, Quot.sound]
AXIOMS Luce.Section7.terminalLabel._proof_2: [propext, Quot.sound]
AXIOMS Luce.Section7.terminalLabel.eq_1: [propext, Quot.sound]
AXIOMS Luce.Section7.terminalLabel_val._proof_1_2: [propext, Quot.sound]
AXIOMS Luce.Shell.fullIntensity._proof_1: [propext, Classical.choice, Quot.sound]
AXIOMS Luce.Shell.fullIntensity.congr_simp: [propext, Classical.choice, Quot.sound]
AXIOMS Luce.Shell.fullIntensity_mass._simp_1_1: [propext, Classical.choice, Quot.sound]
AXIOMS Luce.Shell.section4_intensity_tail_tendsto._simp_1_1: [propext]
AXIOMS Luce.Shell.section4_intensity_tail_tendsto._simp_1_2: [propext]
AXIOMS Luce.Shell.section4_intensity_tail_tendsto._simp_1_3: [propext]
AXIOMS Luce.Shell.tendsto_integral_interiorIntensity_full._simp_1_1: [propext]
AXIOMS Luce.Shell.tendsto_laplace_finitePoissonLaw_interior_full._simp_1_1: [propext]
AXIOMS Luce.UniformEndpointAssumption.shell._simp_1_1: [propext]
AXIOMS Luce.Weights.choice.eq_1: [propext, Classical.choice, Quot.sound]
AXIOMS Luce.Weights.mass.eq_1: [propext, Classical.choice, Quot.sound]
AXIOMS Luce.Weights.mass_decomposeFin._simp_1_2: [propext]
AXIOMS Luce.Weights.mass_scale._simp_1_2: [propext, Quot.sound]
AXIOMS Luce.Weights.mk.congr_simp: [propext, Classical.choice, Quot.sound]
AXIOMS Luce.Weights.mk.inj: [propext, Classical.choice, Quot.sound]
AXIOMS Luce.Weights.mk.injEq: [propext, Classical.choice, Quot.sound]
AXIOMS Luce.Weights.mk.sizeOf_spec: [propext, Classical.choice, Quot.sound]
AXIOMS Luce.Weights.removeFirst._proof_1: [propext]
AXIOMS Luce.Weights.removeFirst._proof_2: [propext, Classical.choice, Quot.sound]
AXIOMS Luce.Weights.removeFirst.eq_1: [propext, Classical.choice, Quot.sound]
AXIOMS Luce.Weights.scale._proof_1: [propext, Classical.choice, Quot.sound]
AXIOMS Luce.Weights.scale.eq_1: [propext, Classical.choice, Quot.sound]
AXIOMS Luce.Weights.sum_choice._simp_1_2: [propext, Quot.sound]
AXIOMS Luce.Weights.sum_mass._simp_1_2: [propext, Quot.sound]
AXIOMS Luce.Weights.sum_mass._simp_1_3: [propext, Quot.sound]
AXIOMS Luce.Weights.total.eq_1: [propext, Classical.choice, Quot.sound]
AXIOMS _private.Luce.CountableTotalVariation.0.Luce.CountableLaw.probability_finite_event_difference_le._simp_1_1: [propext]
AXIOMS _private.Luce.Section5GapLaw.0.Luce.identityNormalizedGaps.match_1.eq_1: [propext, Classical.choice, Quot.sound]
AXIOMS _private.Luce.Section5GapLaw.0.Luce.identityNormalizedGaps.match_1.eq_2: [propext, Classical.choice, Quot.sound]
AXIOMS _private.Luce.Stopping.0.Luce.stoppedMass.match_1.eq_1: []
AXIOMS _private.Luce.Stopping.0.Luce.stoppedMass.match_1.eq_2: []
AXIOMS Luce.Section5.CycleCollection.distinct._proof_1_1: [propext, Classical.choice, Quot.sound]
AXIOMS Luce.Section6.CoreCycleCategory.mk.inj: [propext, Classical.choice, Quot.sound]
AXIOMS Luce.Section6.CoreCycleCategory.mk.injEq: [propext, Classical.choice, Quot.sound]
AXIOMS Luce.Section6.CoreCycleCategory.mk.sizeOf_spec: [propext, Classical.choice, Quot.sound]
AXIOMS Luce.Section6.CoreRootWindow.Allows.eq_1: [propext, Classical.choice, Quot.sound]
AXIOMS Luce.Section6.CoreRootWindow.Allows.eq_2: [propext, Classical.choice, Quot.sound]
AXIOMS Luce.Section6.CoreRootWindow.all.sizeOf_spec: [propext, Classical.choice, Quot.sound]
AXIOMS Luce.Section6.CoreRootWindow.interval.inj: [propext, Classical.choice, Quot.sound]
AXIOMS Luce.Section6.CoreRootWindow.interval.injEq: [propext, Classical.choice, Quot.sound]
AXIOMS Luce.Section6.CoreRootWindow.interval.sizeOf_spec: [propext, Classical.choice, Quot.sound]
AXIOMS Luce.Section6.Corner.left.sizeOf_spec: []
AXIOMS Luce.Section6.Corner.right.sizeOf_spec: []
AXIOMS Luce.Section6.CountApprox65.normalized._simp_1_1: [propext, Classical.choice, Quot.sound]
AXIOMS Luce.Section6.CriticalProfile.critical_domination_matrix._proof_1_1: [propext, Classical.choice, Quot.sound]
AXIOMS Luce.Section6.CriticalProfile.critical_domination_matrix._proof_1_2: [propext, Classical.choice, Quot.sound]
AXIOMS Luce.Section6.CriticalProfile.critical_domination_matrix._proof_1_3: [propext, Classical.choice, Quot.sound]
AXIOMS Luce.Section6.CriticalProfile.critical_domination_matrix._proof_1_4: [propext, Classical.choice, Quot.sound]
AXIOMS Luce.Section6.CriticalProfile.critical_domination_matrix._proof_1_5: [propext, Classical.choice, Quot.sound]
AXIOMS Luce.Section6.CriticalProfile.critical_domination_matrix._proof_1_6: [propext, Classical.choice, Quot.sound]
AXIOMS Luce.Section6.CriticalProfile.critical_insertion_Lp._proof_1_1: [propext, Quot.sound]
AXIOMS Luce.Section6.CriticalProfile.critical_insertion_Lp._proof_1_2: [propext, Classical.choice, Quot.sound]
AXIOMS Luce.Section6.CriticalProfile.critical_insertion_Lp._proof_1_3: [propext, Classical.choice, Quot.sound]
AXIOMS Luce.Section6.CriticalProfile.critical_insertion_Lp._proof_1_4: [propext, Classical.choice, Quot.sound]
AXIOMS Luce.Section6.CriticalProfile.critical_insertion_Lp._proof_1_5: [propext, Classical.choice, Quot.sound]
AXIOMS Luce.Section6.CriticalProfile.critical_root_probability._proof_1_1: [propext, Quot.sound]
AXIOMS Luce.Section6.CriticalProfile.critical_root_probability._proof_1_2: [propext, Quot.sound]
AXIOMS Luce.Section6.CriticalProfile.critical_root_probability._proof_1_3: [propext, Quot.sound]
AXIOMS Luce.Section6.CriticalProfile.critical_root_probability._proof_1_4: [propext, Quot.sound]
AXIOMS Luce.Section6.CriticalProfile.deleted_gap_survival._proof_1_1: [propext, Classical.choice, Quot.sound]
AXIOMS Luce.Section6.CriticalProfile.deleted_gap_survival._proof_1_2: [propext, Classical.choice, Quot.sound]
AXIOMS Luce.Section6.CriticalProfile.deleted_gap_survival._simp_1_3: [propext]
AXIOMS Luce.Section6.CriticalProfile.deleted_gap_survival._simp_1_4: [propext]
AXIOMS Luce.Section6.CriticalProfile.deleted_gap_survival._simp_1_5: [propext]
AXIOMS Luce.Section6.CriticalProfile.deleted_gap_survival._simp_1_6: [propext]
AXIOMS Luce.Section6.CriticalProfile.deleted_gap_survival._simp_1_7: [propext]
AXIOMS Luce.Section6.CriticalProfile.deleted_gap_survival._simp_1_8: [propext, Classical.choice, Quot.sound]
AXIOMS Luce.Section6.CriticalProfile.deleted_gap_survival._simp_1_9: [propext]
AXIOMS Luce.Section6.CriticalProfile.deleted_remaining_floor._proof_1_1: [propext, Classical.choice, Quot.sound]
AXIOMS Luce.Section6.CriticalProfile.deleted_remaining_floor._proof_1_2: [propext, Classical.choice, Quot.sound]
AXIOMS Luce.Section6.CriticalProfile.deleted_remaining_floor._proof_1_3: [propext, Classical.choice, Quot.sound]
AXIOMS Luce.Section6.CriticalProfile.deleted_remaining_floor._proof_1_4: [propext, Classical.choice, Quot.sound]
AXIOMS Luce.Section6.CriticalProfile.global_error_bound._simp_1_1: []
AXIOMS Luce.Section6.CriticalProfile.hazard_approximation._proof_1_1: [propext, Quot.sound]
AXIOMS Luce.Section6.CriticalProfile.hazard_approximation._proof_1_2: [propext, Quot.sound]
AXIOMS Luce.Section6.CriticalProfile.hazard_approximation._simp_1_10: [propext]
AXIOMS Luce.Section6.CriticalProfile.hazard_approximation._simp_1_4: [propext]
AXIOMS Luce.Section6.CriticalProfile.hazard_approximation._simp_1_5: [propext]
AXIOMS Luce.Section6.CriticalProfile.hazard_approximation._simp_1_6: [propext]
AXIOMS Luce.Section6.CriticalProfile.hazard_approximation._simp_1_7: [propext]
AXIOMS Luce.Section6.CriticalProfile.hazard_approximation._simp_1_8: [propext]
AXIOMS Luce.Section6.CriticalProfile.hazard_approximation._simp_1_9: [propext, Classical.choice, Quot.sound]
AXIOMS Luce.Section6.CriticalProfile.longer_cycle_race_bound._proof_1_1: [propext, Classical.choice, Quot.sound]
AXIOMS Luce.Section6.CriticalProfile.longer_cycle_race_bound._proof_1_2: [propext, Classical.choice, Quot.sound]
AXIOMS Luce.Section6.CriticalProfile.longer_cycle_race_bound._proof_1_3: [propext, Classical.choice, Quot.sound]
AXIOMS Luce.Section6.CriticalProfile.longer_cycle_race_bound._proof_1_4: [propext, Quot.sound]
AXIOMS Luce.Section6.CriticalProfile.main_probability_approximation._simp_1_1: [propext]
AXIOMS Luce.Section6.CriticalProfile.main_probability_approximation._simp_1_2: [propext]
AXIOMS Luce.Section6.CriticalProfile.main_probability_approximation._simp_1_3: [propext]
AXIOMS Luce.Section6.CriticalProfile.main_probability_approximation._simp_1_4: [propext]
AXIOMS Luce.Section6.CriticalProfile.main_probability_approximation._simp_1_5: [propext]
AXIOMS Luce.Section6.CriticalProfile.main_probability_approximation._simp_1_6: [propext, Classical.choice, Quot.sound]
AXIOMS Luce.Section6.CriticalProfile.main_probability_approximation._simp_1_7: [propext]
AXIOMS Luce.Section6.CriticalProfile.main_remaining_expectation._proof_1_1: [propext, Quot.sound]
AXIOMS Luce.Section6.CriticalProfile.predictable_envelope._proof_1_1: [propext, Quot.sound]
AXIOMS Luce.Section6.CriticalProfile.predictable_envelope._proof_1_2: [propext, Quot.sound]
AXIOMS Luce.Section6.CriticalProfile.probe_brackets._proof_1_1: [propext, Quot.sound]
AXIOMS Luce.Section6.CriticalProfile.probe_estimates._proof_1_1: [propext, Quot.sound]
AXIOMS Luce.Section6.CriticalProfile.probe_estimates._simp_1_3: [propext]
AXIOMS Luce.Section6.CriticalProfile.probe_estimates._simp_1_4: [propext]
AXIOMS Luce.Section6.CriticalProfile.probe_estimates._simp_1_5: [propext]
AXIOMS Luce.Section6.CriticalProfile.probe_estimates._simp_1_6: [propext]
AXIOMS Luce.Section6.CriticalProfile.probe_estimates._simp_1_7: [propext]
AXIOMS Luce.Section6.CriticalProfile.probe_estimates._simp_1_8: [propext, Classical.choice, Quot.sound]
AXIOMS Luce.Section6.CriticalProfile.probe_estimates._simp_1_9: [propext]
AXIOMS Luce.Section6.CriticalProfile.reference_rows._proof_1_1: [propext, Classical.choice, Quot.sound]
AXIOMS Luce.Section6.CriticalProfile.reference_rows._proof_1_2: [propext, Classical.choice, Quot.sound]
AXIOMS Luce.Section6.CriticalProfile.reference_rows._proof_1_3: [propext, Classical.choice, Quot.sound]
AXIOMS Luce.Section6.CriticalProfile.reference_rows._proof_1_4: [propext, Classical.choice, Quot.sound]
AXIOMS Luce.Section6.CriticalProfile.remaining_weight_floor._proof_1_1: [propext, Quot.sound]
AXIOMS Luce.Section6.EndpointBehavior.active.eq_1: [propext, Classical.choice, Quot.sound]
AXIOMS Luce.Section6.EndpointBehavior.active.eq_2: [propext, Classical.choice, Quot.sound]
AXIOMS Luce.Section6.EndpointBehavior.finite.inj: [propext, Classical.choice, Quot.sound]
AXIOMS Luce.Section6.EndpointBehavior.finite.injEq: [propext, Classical.choice, Quot.sound]
AXIOMS Luce.Section6.EndpointBehavior.finite.sizeOf_spec: [propext, Classical.choice, Quot.sound]
AXIOMS Luce.Section6.EndpointBehavior.power.inj: [propext, Classical.choice, Quot.sound]
AXIOMS Luce.Section6.EndpointBehavior.power.injEq: [propext, Classical.choice, Quot.sound]
AXIOMS Luce.Section6.EndpointBehavior.power.sizeOf_spec: [propext, Classical.choice, Quot.sound]
AXIOMS Luce.Section6.PowerExpansion.sampled_relative_error._simp_1_1: [propext]
AXIOMS Luce.Section6.PowerExpansion.sampled_relative_error._simp_1_2: [propext]
AXIOMS Luce.Section6.PowerExpansion.sampled_relative_error._simp_1_3: [propext]
AXIOMS Luce.Section6.PowerExpansion.sampled_relative_error._simp_1_4: [propext]
AXIOMS Luce.Section6.PowerExpansion.sampled_relative_error._simp_1_5: [propext]
AXIOMS Luce.Section6.PowerExpansion.sampled_relative_error._simp_1_6: [propext, Classical.choice, Quot.sound]
AXIOMS Luce.Section6.PowerExpansion.sampled_relative_error._simp_1_7: [propext]
AXIOMS Luce.Section6.PowerProfile.active_left_envelope._proof_1_1: [propext, Quot.sound]
AXIOMS Luce.Section6.PowerProfile.active_right_envelope._proof_1_1: [propext, Quot.sound]
AXIOMS Luce.Section6.PowerProfile.core_family_local_law._proof_1_1: [propext, Classical.choice, Quot.sound]
AXIOMS Luce.Section6.PowerProfile.core_family_quantitative._proof_1_1: [propext, Classical.choice, Quot.sound]
AXIOMS Luce.Section6.PowerProfile.core_family_quantitative._proof_1_10: [propext, Classical.choice, Quot.sound]
AXIOMS Luce.Section6.PowerProfile.core_family_quantitative._proof_1_2: [propext, Classical.choice, Quot.sound]
AXIOMS Luce.Section6.PowerProfile.core_family_quantitative._simp_1_3: [propext]
AXIOMS Luce.Section6.PowerProfile.core_family_quantitative._simp_1_4: [propext]
AXIOMS Luce.Section6.PowerProfile.core_family_quantitative._simp_1_5: [propext]
AXIOMS Luce.Section6.PowerProfile.core_family_quantitative._simp_1_6: [propext]
AXIOMS Luce.Section6.PowerProfile.core_family_quantitative._simp_1_7: [propext]
AXIOMS Luce.Section6.PowerProfile.core_family_quantitative._simp_1_8: [propext, Classical.choice, Quot.sound]
AXIOMS Luce.Section6.PowerProfile.core_family_quantitative._simp_1_9: [propext]
AXIOMS Luce.Section6.PowerProfile.corner_moderate_insertion_moment._proof_1_2: [propext, Classical.choice, Quot.sound]
AXIOMS Luce.Section6.PowerProfile.corner_pointwise_window._simp_1_1: [propext]
AXIOMS Luce.Section6.PowerProfile.corner_pointwise_window._simp_1_2: [propext]
AXIOMS Luce.Section6.PowerProfile.corner_pointwise_window._simp_1_3: [propext, Classical.choice, Quot.sound]
AXIOMS Luce.Section6.PowerProfile.corner_pointwise_window._simp_1_4: [propext]
AXIOMS Luce.Section6.PowerProfile.domination_matrix_fixed_left_column._proof_1_1: [propext, Quot.sound]
AXIOMS Luce.Section6.PowerProfile.domination_matrix_fixed_left_column._proof_1_2: [propext, Quot.sound]
AXIOMS Luce.Section6.PowerProfile.domination_matrix_fixed_left_power._proof_1_1: [propext, Quot.sound]
AXIOMS Luce.Section6.PowerProfile.domination_matrix_fixed_left_power._proof_1_2: [propext, Quot.sound]
AXIOMS Luce.Section6.PowerProfile.domination_matrix_fixed_left_power._proof_1_3: [propext, Classical.choice, Quot.sound]
AXIOMS Luce.Section6.PowerProfile.domination_matrix_fixed_left_rate._proof_1_1: [propext, Quot.sound]
AXIOMS Luce.Section6.PowerProfile.domination_matrix_fixed_left_rate._proof_1_2: [propext, Classical.choice, Quot.sound]
AXIOMS Luce.Section6.PowerProfile.domination_matrix_fixed_right_column._proof_1_1: [propext, Quot.sound]
AXIOMS Luce.Section6.PowerProfile.domination_matrix_fixed_right_common._proof_1_1: [propext, Quot.sound]
AXIOMS Luce.Section6.PowerProfile.domination_matrix_interior_target._proof_1_1: [propext, Classical.choice, Quot.sound]
AXIOMS Luce.Section6.PowerProfile.domination_matrix_left_corner_column._proof_1_1: [propext, Quot.sound]
AXIOMS Luce.Section6.PowerProfile.domination_matrix_left_corner_column._proof_1_2: [propext, Quot.sound]
AXIOMS Luce.Section6.PowerProfile.domination_matrix_left_corner_envelope._proof_1_1: [propext, Quot.sound]
AXIOMS Luce.Section6.PowerProfile.domination_matrix_left_target._proof_1_1: [propext, Quot.sound]
AXIOMS Luce.Section6.PowerProfile.domination_matrix_left_weighted_row_all_n._proof_1_1: [propext, Quot.sound]
AXIOMS Luce.Section6.PowerProfile.domination_matrix_outside_left_column._proof_1_1: [propext, Quot.sound]
AXIOMS Luce.Section6.PowerProfile.domination_matrix_outside_left_target._proof_1_1: [propext, Quot.sound]
AXIOMS Luce.Section6.PowerProfile.domination_matrix_outside_right_column._proof_1_1: [propext, Quot.sound]
AXIOMS Luce.Section6.PowerProfile.domination_matrix_outside_right_target._proof_1_1: [propext, Quot.sound]
AXIOMS Luce.Section6.PowerProfile.domination_matrix_outside_right_target._proof_1_2: [propext, Quot.sound]
AXIOMS Luce.Section6.PowerProfile.domination_matrix_outside_right_target._proof_1_3: [propext,
 Classical.choice,
 Quot.sound]
AXIOMS Luce.Section6.PowerProfile.domination_matrix_right_corner_column._proof_1_1: [propext, Quot.sound]
AXIOMS Luce.Section6.PowerProfile.domination_matrix_right_corner_envelope._proof_1_1: [propext, Quot.sound]
AXIOMS Luce.Section6.PowerProfile.domination_matrix_right_corner_envelope._proof_1_2: [propext, Quot.sound]
AXIOMS Luce.Section6.PowerProfile.domination_matrix_right_corner_envelope._proof_1_3: [propext,
 Classical.choice,
 Quot.sound]
AXIOMS Luce.Section6.PowerProfile.domination_matrix_right_envelope_assembly._proof_1_1: [propext, Quot.sound]
AXIOMS Luce.Section6.PowerProfile.domination_matrix_right_target._proof_1_1: [propext, Quot.sound]
AXIOMS Luce.Section6.PowerProfile.domination_matrix_right_target._proof_1_2: [propext, Quot.sound]
AXIOMS Luce.Section6.PowerProfile.domination_matrix_right_target._proof_1_3: [propext, Quot.sound]
AXIOMS Luce.Section6.PowerProfile.early_insertion_rate_Lp._proof_1_1: [propext, Classical.choice, Quot.sound]
AXIOMS Luce.Section6.PowerProfile.early_insertion_rate_Lp._proof_1_2: [propext, Classical.choice, Quot.sound]
AXIOMS Luce.Section6.PowerProfile.early_insertion_rate_row._proof_1_1: [propext, Quot.sound]
AXIOMS Luce.Section6.PowerProfile.early_insertion_rate_row._proof_1_2: [propext, Quot.sound]
AXIOMS Luce.Section6.PowerProfile.early_left_insertion_Lp._proof_1_1: [propext, Classical.choice, Quot.sound]
AXIOMS Luce.Section6.PowerProfile.early_left_weighted_insertion_row._proof_1_1: [propext, Quot.sound]
AXIOMS Luce.Section6.PowerProfile.early_left_weighted_insertion_row._proof_1_2: [propext, Classical.choice, Quot.sound]
AXIOMS Luce.Section6.PowerProfile.early_left_weighted_insertion_row._proof_1_3: [propext, Quot.sound]
AXIOMS Luce.Section6.PowerProfile.early_shifted_rate_Lp._proof_1_1: [propext, Classical.choice, Quot.sound]
AXIOMS Luce.Section6.PowerProfile.early_shifted_rate_Lp._proof_1_2: [propext, Classical.choice, Quot.sound]
AXIOMS Luce.Section6.PowerProfile.early_shifted_rate_Lp._proof_1_3: [propext, Classical.choice, Quot.sound]
AXIOMS Luce.Section6.PowerProfile.fixed_right_kernel_moment._proof_1_1: [propext, Quot.sound]
AXIOMS Luce.Section6.PowerProfile.fixed_right_kernel_moment._proof_1_2: [propext, Quot.sound]
AXIOMS Luce.Section6.PowerProfile.fixed_right_kernel_moment._proof_1_3: [propext, Classical.choice, Quot.sound]
AXIOMS Luce.Section6.PowerProfile.fixed_right_kernel_moment._proof_1_4: [propext, Classical.choice, Quot.sound]
AXIOMS Luce.Section6.PowerProfile.fixed_right_kernel_moment._proof_1_5: [propext, Classical.choice, Quot.sound]
AXIOMS Luce.Section6.PowerProfile.global_left_sampled_power_upper._proof_1_1: [propext, Quot.sound]
AXIOMS Luce.Section6.PowerProfile.global_left_weighted_insertion_row._proof_1_1: [propext, Quot.sound]
AXIOMS Luce.Section6.PowerProfile.inactive_left_insertion_Lp._proof_1_1: [propext, Classical.choice, Quot.sound]
AXIOMS Luce.Section6.PowerProfile.inactive_left_insertion_Lp._proof_1_2: [propext, Classical.choice, Quot.sound]
AXIOMS Luce.Section6.PowerProfile.inactive_right_all_gaps_envelope._proof_1_1: [propext, Quot.sound]
AXIOMS Luce.Section6.PowerProfile.inactive_right_all_gaps_envelope._proof_1_2: [propext, Quot.sound]
AXIOMS Luce.Section6.PowerProfile.inactive_right_all_gaps_envelope._proof_1_3: [propext, Quot.sound]
AXIOMS Luce.Section6.PowerProfile.inactive_right_all_gaps_envelope._proof_1_4: [propext, Classical.choice, Quot.sound]
AXIOMS Luce.Section6.PowerProfile.inactive_right_all_gaps_envelope._proof_1_5: [propext, Classical.choice, Quot.sound]
AXIOMS Luce.Section6.PowerProfile.inactive_right_all_gaps_envelope._proof_1_6: [propext, Classical.choice, Quot.sound]
AXIOMS Luce.Section6.PowerProfile.inactive_right_all_gaps_envelope._proof_1_7: [propext, Quot.sound]
AXIOMS Luce.Section6.PowerProfile.inactive_right_all_gaps_envelope._proof_1_8: [propext, Classical.choice, Quot.sound]
AXIOMS Luce.Section6.PowerProfile.inactive_right_all_gaps_envelope._proof_1_9: [propext, Classical.choice, Quot.sound]
AXIOMS Luce.Section6.PowerProfile.inactive_right_all_gaps_power_kernel._proof_1_1: [propext, Quot.sound]
AXIOMS Luce.Section6.PowerProfile.inactive_right_all_gaps_power_kernel._proof_1_2: [propext, Quot.sound]
AXIOMS Luce.Section6.PowerProfile.inactive_right_insertion_Lp._proof_1_1: [propext, Classical.choice, Quot.sound]
AXIOMS Luce.Section6.PowerProfile.inactive_right_insertion_Lp._proof_1_2: [propext, Classical.choice, Quot.sound]
AXIOMS Luce.Section6.PowerProfile.inactive_right_insertion_Lp._proof_1_3: [propext, Classical.choice, Quot.sound]
AXIOMS Luce.Section6.PowerProfile.inactive_right_insertion_Lp._proof_1_4: [propext, Classical.choice, Quot.sound]
AXIOMS Luce.Section6.PowerProfile.inactive_right_insertion_envelope._proof_1_1: [propext, Classical.choice, Quot.sound]
AXIOMS Luce.Section6.PowerProfile.inactive_right_insertion_envelope._proof_1_2: [propext, Classical.choice, Quot.sound]
AXIOMS Luce.Section6.PowerProfile.inactive_right_insertion_envelope._proof_1_3: [propext, Classical.choice, Quot.sound]
AXIOMS Luce.Section6.PowerProfile.inactive_right_insertion_row._proof_1_1: [propext, Quot.sound]
AXIOMS Luce.Section6.PowerProfile.inactive_right_insertion_row._proof_1_2: [propext, Quot.sound]
AXIOMS Luce.Section6.PowerProfile.inactive_right_shifted_moment._proof_1_1: [propext, Classical.choice, Quot.sound]
AXIOMS Luce.Section6.PowerProfile.inactive_right_shifted_moment._proof_1_2: [propext, Classical.choice, Quot.sound]
AXIOMS Luce.Section6.PowerProfile.inactive_right_shifted_moment._simp_1_3: [propext]
AXIOMS Luce.Section6.PowerProfile.inactive_right_shifted_moment._simp_1_4: [propext]
AXIOMS Luce.Section6.PowerProfile.inactive_right_shifted_moment._simp_1_5: [propext]
AXIOMS Luce.Section6.PowerProfile.inactive_right_shifted_moment._simp_1_6: [propext]
AXIOMS Luce.Section6.PowerProfile.inactive_right_shifted_moment._simp_1_7: [propext]
AXIOMS Luce.Section6.PowerProfile.inactive_right_shifted_moment._simp_1_8: [propext, Classical.choice, Quot.sound]
AXIOMS Luce.Section6.PowerProfile.inactive_right_shifted_moment._simp_1_9: [propext]
AXIOMS Luce.Section6.PowerProfile.interior_cycle_vertex_probability._proof_1_1: [propext, Quot.sound]
AXIOMS Luce.Section6.PowerProfile.interior_cycle_vertex_probability._proof_1_2: [propext, Quot.sound]
AXIOMS Luce.Section6.PowerProfile.interior_deleted_insertion_moment._proof_1_1: [propext, Classical.choice, Quot.sound]
AXIOMS Luce.Section6.PowerProfile.interior_insertion_Lp._proof_1_1: [propext, Classical.choice, Quot.sound]
AXIOMS Luce.Section6.PowerProfile.interior_insertion_rate_row._proof_1_1: [propext, Classical.choice, Quot.sound]
AXIOMS Luce.Section6.PowerProfile.interior_insertion_uniform_row._proof_1_1: [propext, Classical.choice, Quot.sound]
AXIOMS Luce.Section6.PowerProfile.interior_rank_cylinder_bound._proof_1_1: [propext, Classical.choice, Quot.sound]
AXIOMS Luce.Section6.PowerProfile.interior_rank_cylinder_bound._proof_1_2: [propext, Classical.choice, Quot.sound]
AXIOMS Luce.Section6.PowerProfile.interior_rank_cylinder_bound._proof_1_3: [propext, Classical.choice, Quot.sound]
AXIOMS Luce.Section6.PowerProfile.interior_remaining_rate_deleted._proof_1_1: [propext, Classical.choice, Quot.sound]
AXIOMS Luce.Section6.PowerProfile.left_corner_insertion_target_bound._proof_1_1: [propext, Classical.choice, Quot.sound]
AXIOMS Luce.Section6.PowerProfile.left_corner_weighted_insertion_row._proof_1_1: [propext, Quot.sound]
AXIOMS Luce.Section6.PowerProfile.left_corner_weighted_insertion_row._proof_1_2: [propext, Quot.sound]
AXIOMS Luce.Section6.PowerProfile.left_corner_weighted_insertion_row._proof_1_3: [propext, Quot.sound]
AXIOMS Luce.Section6.PowerProfile.left_corner_weighted_insertion_row._proof_1_4: [propext, Quot.sound]
AXIOMS Luce.Section6.PowerProfile.left_cycle_vertex_probability._proof_1_1: [propext, Quot.sound]
AXIOMS Luce.Section6.PowerProfile.left_deleted_insertion_moment._proof_1_1: [propext, Classical.choice, Quot.sound]
AXIOMS Luce.Section6.PowerProfile.left_deleted_insertion_moment._proof_1_2: [propext, Classical.choice, Quot.sound]
AXIOMS Luce.Section6.PowerProfile.left_discarded_expectation_nat._proof_1_4: [propext, Quot.sound]
AXIOMS Luce.Section6.PowerProfile.left_escaping_path_bound._simp_1_1: [propext]
AXIOMS Luce.Section6.PowerProfile.left_escaping_path_bound._simp_1_2: [propext]
AXIOMS Luce.Section6.PowerProfile.left_escaping_path_bound._simp_1_3: [propext]
AXIOMS Luce.Section6.PowerProfile.left_escaping_path_bound._simp_1_4: [propext]
AXIOMS Luce.Section6.PowerProfile.left_escaping_path_bound._simp_1_5: [propext]
AXIOMS Luce.Section6.PowerProfile.left_escaping_path_bound._simp_1_6: [propext, Classical.choice, Quot.sound]
AXIOMS Luce.Section6.PowerProfile.left_escaping_path_bound._simp_1_7: [propext]
AXIOMS Luce.Section6.PowerProfile.left_excursion_cycle_probability._proof_1_1: [propext, Quot.sound]
AXIOMS Luce.Section6.PowerProfile.left_extreme_insertion_Lp._proof_1_1: [propext, Classical.choice, Quot.sound]
AXIOMS Luce.Section6.PowerProfile.left_fixed_removal_rate_floor._proof_1_1: [propext, Quot.sound]
AXIOMS Luce.Section6.PowerProfile.left_fixed_removal_rate_floor._proof_1_2: [propext, Quot.sound]
AXIOMS Luce.Section6.PowerProfile.left_gap_start_lower_tail._proof_1_1: [propext, Classical.choice, Quot.sound]
AXIOMS Luce.Section6.PowerProfile.left_insertion_moment_reduction._proof_1_1: [propext, Classical.choice, Quot.sound]
AXIOMS Luce.Section6.PowerProfile.left_moderate_insertion_Lp._proof_1_1: [propext, Classical.choice, Quot.sound]
AXIOMS Luce.Section6.PowerProfile.left_moderate_insertion_moment._proof_1_1: [propext, Classical.choice, Quot.sound]
AXIOMS Luce.Section6.PowerProfile.left_outside_insertion_Lp._proof_1_1: [propext, Classical.choice, Quot.sound]
AXIOMS Luce.Section6.PowerProfile.left_outside_insertion_target_bound._proof_1_1: [propext,
 Classical.choice,
 Quot.sound]
AXIOMS Luce.Section6.PowerProfile.left_outside_shifted_insertion_Lp._proof_1_1: [propext, Classical.choice, Quot.sound]
AXIOMS Luce.Section6.PowerProfile.left_outside_shifted_insertion_Lp._proof_1_2: [propext, Classical.choice, Quot.sound]
AXIOMS Luce.Section6.PowerProfile.left_populationD_relative_error._simp_1_1: [propext]
AXIOMS Luce.Section6.PowerProfile.left_populationD_relative_error._simp_1_2: [propext]
AXIOMS Luce.Section6.PowerProfile.left_populationD_relative_error._simp_1_3: [propext]
AXIOMS Luce.Section6.PowerProfile.left_populationD_relative_error._simp_1_4: [propext]
AXIOMS Luce.Section6.PowerProfile.left_populationD_relative_error._simp_1_5: [propext]
AXIOMS Luce.Section6.PowerProfile.left_populationD_relative_error._simp_1_6: [propext, Classical.choice, Quot.sound]
AXIOMS Luce.Section6.PowerProfile.left_populationD_relative_error._simp_1_7: [propext]
AXIOMS Luce.Section6.PowerProfile.left_populationG_comparison._simp_1_1: [propext, Quot.sound]
AXIOMS Luce.Section6.PowerProfile.left_populationG_comparison._simp_1_2: [propext]
AXIOMS Luce.Section6.PowerProfile.left_populationG_comparison._simp_1_3: [propext]
AXIOMS Luce.Section6.PowerProfile.left_populationG_comparison._simp_1_4: [propext]
AXIOMS Luce.Section6.PowerProfile.left_populationG_comparison._simp_1_5: [propext]
AXIOMS Luce.Section6.PowerProfile.left_populationG_comparison._simp_1_6: [propext]
AXIOMS Luce.Section6.PowerProfile.left_populationG_comparison._simp_1_7: [propext, Classical.choice, Quot.sound]
AXIOMS Luce.Section6.PowerProfile.left_populationG_comparison._simp_1_8: [propext]
AXIOMS Luce.Section6.PowerProfile.left_quantile_hazard_relative_error._proof_1_1: [propext, Quot.sound]
AXIOMS Luce.Section6.PowerProfile.left_quantile_hazard_relative_error._simp_1_2: [propext]
AXIOMS Luce.Section6.PowerProfile.left_quantile_hazard_relative_error._simp_1_3: [propext]
AXIOMS Luce.Section6.PowerProfile.left_quantile_hazard_relative_error._simp_1_4: [propext]
AXIOMS Luce.Section6.PowerProfile.left_quantile_hazard_relative_error._simp_1_5: [propext]
AXIOMS Luce.Section6.PowerProfile.left_quantile_hazard_relative_error._simp_1_6: [propext]
AXIOMS Luce.Section6.PowerProfile.left_quantile_hazard_relative_error._simp_1_7: [propext, Classical.choice, Quot.sound]
AXIOMS Luce.Section6.PowerProfile.left_quantile_hazard_relative_error._simp_1_8: [propext]
AXIOMS Luce.Section6.PowerProfile.left_quantile_scaledD_relative_error._simp_1_1: [propext]
AXIOMS Luce.Section6.PowerProfile.left_quantile_scaledD_relative_error._simp_1_2: [propext]
AXIOMS Luce.Section6.PowerProfile.left_quantile_scaledD_relative_error._simp_1_3: [propext]
AXIOMS Luce.Section6.PowerProfile.left_quantile_scaledD_relative_error._simp_1_4: [propext]
AXIOMS Luce.Section6.PowerProfile.left_quantile_scaledD_relative_error._simp_1_5: [propext]
AXIOMS Luce.Section6.PowerProfile.left_quantile_scaledD_relative_error._simp_1_6: [propext,
 Classical.choice,
 Quot.sound]
AXIOMS Luce.Section6.PowerProfile.left_quantile_scaledD_relative_error._simp_1_7: [propext]
AXIOMS Luce.Section6.PowerProfile.left_rate_time_relative_error._proof_1_1: [propext, Quot.sound]
AXIOMS Luce.Section6.PowerProfile.left_rate_time_relative_error._simp_1_2: [propext]
AXIOMS Luce.Section6.PowerProfile.left_rate_time_relative_error._simp_1_3: [propext]
AXIOMS Luce.Section6.PowerProfile.left_rate_time_relative_error._simp_1_4: [propext]
AXIOMS Luce.Section6.PowerProfile.left_rate_time_relative_error._simp_1_5: [propext]
AXIOMS Luce.Section6.PowerProfile.left_rate_time_relative_error._simp_1_6: [propext]
AXIOMS Luce.Section6.PowerProfile.left_rate_time_relative_error._simp_1_7: [propext, Classical.choice, Quot.sound]
AXIOMS Luce.Section6.PowerProfile.left_rate_time_relative_error._simp_1_8: [propext]
AXIOMS Luce.Section6.PowerProfile.left_remaining_rate_floor._proof_1_1: [propext, Quot.sound]
AXIOMS Luce.Section6.PowerProfile.left_remaining_rate_floor_bounded_displacement._proof_1_1: [propext, Quot.sound]
AXIOMS Luce.Section6.PowerProfile.left_remaining_rate_floor_bounded_displacement._proof_1_2: [propext, Quot.sound]
AXIOMS Luce.Section6.PowerProfile.left_sampled_ordinary_weighted_row._proof_1_1: [propext, Quot.sound]
AXIOMS Luce.Section6.PowerProfile.left_sampled_weighted_subset._proof_1_1: [propext, Quot.sound]
AXIOMS Luce.Section6.PowerProfile.left_sampled_weighted_subset._proof_1_2: [propext, Quot.sound]
AXIOMS Luce.Section6.PowerProfile.left_sampled_weighted_subset._proof_1_3: [propext, Quot.sound]
AXIOMS Luce.Section6.PowerProfile.left_scaled_populationD_comparison._simp_1_1: [propext, Quot.sound]
AXIOMS Luce.Section6.PowerProfile.left_scaled_populationD_comparison._simp_1_2: [propext]
AXIOMS Luce.Section6.PowerProfile.left_scaled_populationD_comparison._simp_1_3: [propext]
AXIOMS Luce.Section6.PowerProfile.left_scaled_populationD_comparison._simp_1_4: [propext]
AXIOMS Luce.Section6.PowerProfile.left_scaled_populationD_comparison._simp_1_5: [propext]
AXIOMS Luce.Section6.PowerProfile.left_scaled_populationD_comparison._simp_1_6: [propext]
AXIOMS Luce.Section6.PowerProfile.left_scaled_populationD_comparison._simp_1_7: [propext, Classical.choice, Quot.sound]
AXIOMS Luce.Section6.PowerProfile.left_scaled_populationD_comparison._simp_1_8: [propext]
AXIOMS Luce.Section6.PowerProfile.left_scaled_populationD_power_error._simp_1_1: [propext]
AXIOMS Luce.Section6.PowerProfile.left_scaled_populationD_power_error._simp_1_2: [propext]
AXIOMS Luce.Section6.PowerProfile.left_scaled_populationD_power_error._simp_1_3: [propext]
AXIOMS Luce.Section6.PowerProfile.left_scaled_populationD_power_error._simp_1_4: [propext]
AXIOMS Luce.Section6.PowerProfile.left_scaled_populationD_power_error._simp_1_5: [propext]
AXIOMS Luce.Section6.PowerProfile.left_scaled_populationD_power_error._simp_1_6: [propext, Classical.choice, Quot.sound]
AXIOMS Luce.Section6.PowerProfile.left_scaled_populationD_power_error._simp_1_7: [propext]
AXIOMS Luce.Section6.PowerProfile.left_shifted_insertion_moment._proof_1_1: [propext, Classical.choice, Quot.sound]
AXIOMS Luce.Section6.PowerProfile.left_shifted_insertion_moment._proof_1_2: [propext, Classical.choice, Quot.sound]
AXIOMS Luce.Section6.PowerProfile.left_survival_envelope._proof_1_1: [propext, Classical.choice, Quot.sound]
AXIOMS Luce.Section6.PowerProfile.left_unrestricted_insertion_Lp._proof_1_1: [propext, Classical.choice, Quot.sound]
AXIOMS Luce.Section6.PowerProfile.left_unrestricted_insertion_Lp._proof_1_2: [propext, Classical.choice, Quot.sound]
AXIOMS Luce.Section6.PowerProfile.off_active_root_expectation._proof_1_1: [propext, Quot.sound]
AXIOMS Luce.Section6.PowerProfile.off_active_root_expectation._proof_1_2: [propext, Quot.sound]
AXIOMS Luce.Section6.PowerProfile.outside_left_manuscript_weighted_row._proof_1_1: [propext, Quot.sound]
AXIOMS Luce.Section6.PowerProfile.outside_right_weighted_insertion_row._proof_1_1: [propext, Quot.sound]
AXIOMS Luce.Section6.PowerProfile.proposition65_sum._proof_1_1: [propext, Quot.sound]
AXIOMS Luce.Section6.PowerProfile.proposition65_sum._proof_1_2: [propext, Classical.choice, Quot.sound]
AXIOMS Luce.Section6.PowerProfile.proposition65_sum._proof_1_3: [propext, Classical.choice, Quot.sound]
AXIOMS Luce.Section6.PowerProfile.proposition65_sum._proof_1_4: [propext, Classical.choice, Quot.sound]
AXIOMS Luce.Section6.PowerProfile.proposition65_sum._proof_1_5: [propext, Classical.choice, Quot.sound]
AXIOMS Luce.Section6.PowerProfile.right_corner_weighted_insertion_row._proof_1_1: [propext, Quot.sound]
AXIOMS Luce.Section6.PowerProfile.right_corner_weighted_insertion_row._proof_1_2: [propext, Quot.sound]
AXIOMS Luce.Section6.PowerProfile.right_cycle_vertex_probability._proof_1_1: [propext, Quot.sound]
AXIOMS Luce.Section6.PowerProfile.right_deleted_insertion_moment._proof_1_1: [propext, Classical.choice, Quot.sound]
AXIOMS Luce.Section6.PowerProfile.right_escaping_path_bound._simp_1_1: [propext]
AXIOMS Luce.Section6.PowerProfile.right_escaping_path_bound._simp_1_2: [propext]
AXIOMS Luce.Section6.PowerProfile.right_escaping_path_bound._simp_1_3: [propext]
AXIOMS Luce.Section6.PowerProfile.right_escaping_path_bound._simp_1_4: [propext]
AXIOMS Luce.Section6.PowerProfile.right_escaping_path_bound._simp_1_5: [propext]
AXIOMS Luce.Section6.PowerProfile.right_escaping_path_bound._simp_1_6: [propext, Classical.choice, Quot.sound]
AXIOMS Luce.Section6.PowerProfile.right_escaping_path_bound._simp_1_7: [propext]
AXIOMS Luce.Section6.PowerProfile.right_excursion_cycle_probability._proof_1_1: [propext, Quot.sound]
AXIOMS Luce.Section6.PowerProfile.right_extreme_insertion_Lp._proof_1_1: [propext, Classical.choice, Quot.sound]
AXIOMS Luce.Section6.PowerProfile.right_gap_start_lower_tail._proof_1_1: [propext, Classical.choice, Quot.sound]
AXIOMS Luce.Section6.PowerProfile.right_moderate_insertion_Lp._proof_1_1: [propext, Classical.choice, Quot.sound]
AXIOMS Luce.Section6.PowerProfile.right_moderate_insertion_moment._proof_1_1: [propext, Classical.choice, Quot.sound]
AXIOMS Luce.Section6.PowerProfile.right_outside_insertion_Lp._proof_1_1: [propext, Classical.choice, Quot.sound]
AXIOMS Luce.Section6.PowerProfile.right_outside_insertion_Lp._proof_1_2: [propext, Classical.choice, Quot.sound]
AXIOMS Luce.Section6.PowerProfile.right_outside_insertion_Lp._proof_1_3: [propext, Classical.choice, Quot.sound]
AXIOMS Luce.Section6.PowerProfile.right_outside_insertion_envelope._proof_1_1: [propext, Classical.choice, Quot.sound]
AXIOMS Luce.Section6.PowerProfile.right_outside_insertion_envelope._proof_1_2: [propext, Classical.choice, Quot.sound]
AXIOMS Luce.Section6.PowerProfile.right_outside_insertion_inverse_row._proof_1_1: [propext,
 Classical.choice,
 Quot.sound]
AXIOMS Luce.Section6.PowerProfile.right_outside_insertion_inverse_row._simp_1_2: [propext, Quot.sound]
AXIOMS Luce.Section6.PowerProfile.right_outside_insertion_target_bound._proof_1_1: [propext,
 Classical.choice,
 Quot.sound]
AXIOMS Luce.Section6.PowerProfile.right_outside_insertion_target_bound._simp_1_2: [propext, Quot.sound]
AXIOMS Luce.Section6.PowerProfile.right_outside_survival._proof_1_1: [propext, Classical.choice, Quot.sound]
AXIOMS Luce.Section6.PowerProfile.right_populationD_relative_error._simp_1_1: [propext]
AXIOMS Luce.Section6.PowerProfile.right_populationD_relative_error._simp_1_2: [propext]
AXIOMS Luce.Section6.PowerProfile.right_populationD_relative_error._simp_1_3: [propext]
AXIOMS Luce.Section6.PowerProfile.right_populationD_relative_error._simp_1_4: [propext]
AXIOMS Luce.Section6.PowerProfile.right_populationD_relative_error._simp_1_5: [propext]
AXIOMS Luce.Section6.PowerProfile.right_populationD_relative_error._simp_1_6: [propext, Classical.choice, Quot.sound]
AXIOMS Luce.Section6.PowerProfile.right_populationD_relative_error._simp_1_7: [propext]
AXIOMS Luce.Section6.PowerProfile.right_populationH_comparison._simp_1_1: [propext, Quot.sound]
AXIOMS Luce.Section6.PowerProfile.right_quantile_hazard_relative_error._simp_1_1: [propext]
AXIOMS Luce.Section6.PowerProfile.right_quantile_hazard_relative_error._simp_1_2: [propext]
AXIOMS Luce.Section6.PowerProfile.right_quantile_hazard_relative_error._simp_1_3: [propext]
AXIOMS Luce.Section6.PowerProfile.right_quantile_hazard_relative_error._simp_1_4: [propext]
AXIOMS Luce.Section6.PowerProfile.right_quantile_hazard_relative_error._simp_1_5: [propext]
AXIOMS Luce.Section6.PowerProfile.right_quantile_hazard_relative_error._simp_1_6: [propext,
 Classical.choice,
 Quot.sound]
AXIOMS Luce.Section6.PowerProfile.right_quantile_hazard_relative_error._simp_1_7: [propext]
AXIOMS Luce.Section6.PowerProfile.right_quantile_scaledD_relative_error._simp_1_1: [propext]
AXIOMS Luce.Section6.PowerProfile.right_quantile_scaledD_relative_error._simp_1_2: [propext]
AXIOMS Luce.Section6.PowerProfile.right_quantile_scaledD_relative_error._simp_1_3: [propext]
AXIOMS Luce.Section6.PowerProfile.right_quantile_scaledD_relative_error._simp_1_4: [propext]
AXIOMS Luce.Section6.PowerProfile.right_quantile_scaledD_relative_error._simp_1_5: [propext]
AXIOMS Luce.Section6.PowerProfile.right_quantile_scaledD_relative_error._simp_1_6: [propext,
 Classical.choice,
 Quot.sound]
AXIOMS Luce.Section6.PowerProfile.right_quantile_scaledD_relative_error._simp_1_7: [propext]
AXIOMS Luce.Section6.PowerProfile.right_rate_time_relative_error._simp_1_1: [propext]
AXIOMS Luce.Section6.PowerProfile.right_rate_time_relative_error._simp_1_2: [propext]
AXIOMS Luce.Section6.PowerProfile.right_rate_time_relative_error._simp_1_3: [propext]
AXIOMS Luce.Section6.PowerProfile.right_rate_time_relative_error._simp_1_4: [propext]
AXIOMS Luce.Section6.PowerProfile.right_rate_time_relative_error._simp_1_5: [propext]
AXIOMS Luce.Section6.PowerProfile.right_rate_time_relative_error._simp_1_6: [propext, Classical.choice, Quot.sound]
AXIOMS Luce.Section6.PowerProfile.right_rate_time_relative_error._simp_1_7: [propext]
AXIOMS Luce.Section6.PowerProfile.right_sampled_ordinary_weighted_row._proof_1_1: [propext, Quot.sound]
AXIOMS Luce.Section6.PowerProfile.right_sampled_rate_floor._proof_1_1: [propext, Quot.sound]
AXIOMS Luce.Section6.PowerProfile.right_sampled_rate_relative_error._proof_1_1: [propext, Quot.sound]
AXIOMS Luce.Section6.PowerProfile.right_sampled_weighted_subset._proof_1_1: [propext, Quot.sound]
AXIOMS Luce.Section6.PowerProfile.right_scaled_populationD_comparison._simp_1_1: [propext, Quot.sound]
AXIOMS Luce.Section6.PowerProfile.right_shifted_insertion_moment._proof_1_1: [propext, Classical.choice, Quot.sound]
AXIOMS Luce.Section6.PowerProfile.right_shifted_insertion_moment._proof_1_2: [propext, Classical.choice, Quot.sound]
AXIOMS Luce.Section6.PowerProfile.right_shifted_insertion_moment._proof_1_3: [propext, Classical.choice, Quot.sound]
AXIOMS Luce.Section6.PowerProfile.right_survival_envelope._proof_1_1: [propext, Classical.choice, Quot.sound]
AXIOMS Luce.Section6.PowerProfile.right_unrestricted_shifted_moment._proof_1_1: [propext, Classical.choice, Quot.sound]
AXIOMS Luce.Section6.PowerProfile.right_unrestricted_shifted_moment._proof_1_2: [propext, Classical.choice, Quot.sound]
AXIOMS Luce.Section6.PowerProfile.right_unrestricted_shifted_moment._proof_1_3: [propext, Classical.choice, Quot.sound]
AXIOMS Luce.Section6.PowerProfile.sampled_lower_outside_right._proof_1_1: [propext, Quot.sound]
AXIOMS Luce.Section6.PowerProfile.terminal_inactive_right_envelope._proof_1_1: [propext, Quot.sound]
AXIOMS Luce.Section6.PowerProfile.terminal_inactive_right_envelope._proof_1_2: [propext, Classical.choice, Quot.sound]
AXIOMS Luce.Section6.PowerProfile.terminal_inactive_right_envelope._proof_1_3: [propext, Classical.choice, Quot.sound]
AXIOMS Luce.Section6.PowerProfile.terminal_inactive_right_envelope._proof_1_4: [propext, Classical.choice, Quot.sound]
AXIOMS Luce.Section6.PowerProfile.terminal_inactive_right_envelope._proof_1_5: [propext, Classical.choice, Quot.sound]
AXIOMS Luce.Section6.PowerProfile.terminal_inactive_right_envelope._proof_1_6: [propext, Classical.choice, Quot.sound]
AXIOMS Luce.Section6.PowerProfile.terminal_inactive_right_envelope._proof_1_7: [propext, Classical.choice, Quot.sound]
AXIOMS Luce.Section6.PowerProfile.terminal_outside_right_Lp._proof_1_1: [propext, Classical.choice, Quot.sound]
AXIOMS Luce.Section6.PowerProfile.terminal_outside_right_Lp._proof_1_2: [propext, Classical.choice, Quot.sound]
AXIOMS Luce.Section6.PowerProfile.terminal_outside_right_Lp._proof_1_3: [propext, Classical.choice, Quot.sound]
AXIOMS Luce.Section6.PowerProfile.terminal_right_depth_Lp._proof_1_1: [propext, Classical.choice, Quot.sound]
AXIOMS Luce.Section6.PowerProfile.terminal_right_depth_Lp._proof_1_2: [propext, Classical.choice, Quot.sound]
AXIOMS Luce.Section6.PowerProfile.terminal_right_depth_Lp._proof_1_3: [propext, Classical.choice, Quot.sound]
AXIOMS Luce.Section6.SamplingGrid.interior.sizeOf_spec: []
AXIOMS Luce.Section6.SamplingGrid.midpoint.sizeOf_spec: []
AXIOMS Luce.Section7.ClockDensity.law.eq_1: [propext, Classical.choice, Quot.sound]
AXIOMS Luce.Section7.ClockDensity.mk.inj: [propext, Classical.choice, Quot.sound]
AXIOMS Luce.Section7.ClockDensity.mk.injEq: [propext, Classical.choice, Quot.sound]
AXIOMS Luce.Section7.ClockDensity.mk.sizeOf_spec: [propext, Classical.choice, Quot.sound]
AXIOMS _private.Luce.Section65ActiveCorners.0.Luce.Section6.cornerBehavior.match_1.eq_1: []
AXIOMS _private.Luce.Section65ActiveCorners.0.Luce.Section6.cornerBehavior.match_1.eq_2: []
AXIOMS _private.Luce.Section65CoefficientPositivity.0.Luce.Section6.cornerCoefficient.match_1.eq_1: []
AXIOMS _private.Luce.Section65CoefficientPositivity.0.Luce.Section6.cornerCoefficient.match_1.eq_2: []
AXIOMS _private.Luce.Section65CoefficientPositivity.0.Luce.Section6.cornerCoefficient.match_3.eq_1: [propext,
 Classical.choice,
 Quot.sound]
AXIOMS _private.Luce.Section65CoefficientPositivity.0.Luce.Section6.cornerCoefficient.match_3.eq_2: [propext,
 Classical.choice,
 Quot.sound]
AXIOMS _private.Luce.Section65CoreCountComparison.0.Luce.Section6.categorySetRootDepth.match_1.eq_1: []
AXIOMS _private.Luce.Section65CoreCountComparison.0.Luce.Section6.categorySetRootDepth.match_1.eq_2: []
AXIOMS _private.Luce.Section65CoreCountComparison.0.Luce.Section6.cornerBehavior.match_1.eq_1: []
AXIOMS _private.Luce.Section65CoreCountComparison.0.Luce.Section6.cornerBehavior.match_1.eq_2: []
AXIOMS _private.Luce.Section6ActiveCycleBounds.0.Luce.Section6.cornerBehavior.match_1.eq_1: []
AXIOMS _private.Luce.Section6ActiveCycleBounds.0.Luce.Section6.cornerBehavior.match_1.eq_2: []
AXIOMS _private.Luce.Section6ActiveMatrixTargets.0.Luce.Section6.cornerBehavior.match_1.eq_1: []
AXIOMS _private.Luce.Section6ActiveMatrixTargets.0.Luce.Section6.cornerBehavior.match_1.eq_2: []
AXIOMS _private.Luce.Section6CollisionUnion.0.Luce.Section6.cornerBehavior.match_1.eq_1: []
AXIOMS _private.Luce.Section6CollisionUnion.0.Luce.Section6.cornerBehavior.match_1.eq_2: []
AXIOMS _private.Luce.Section6ConvolutionDensity.0.Luce.Section6.convolutionDensity.match_1.eq_1: []
AXIOMS _private.Luce.Section6ConvolutionDensity.0.Luce.Section6.convolutionDensity.match_1.eq_2: []
AXIOMS _private.Luce.Section6CornerPotential.0.Luce.Section6.cornerRowRatio.match_1.eq_1: []
AXIOMS _private.Luce.Section6CornerPotential.0.Luce.Section6.cornerRowRatio.match_1.eq_2: []
AXIOMS _private.Luce.Section6FactorialKernelRows.0.Luce.Section6.cornerRowRatio.match_1.eq_1: []
AXIOMS _private.Luce.Section6FactorialKernelRows.0.Luce.Section6.cornerRowRatio.match_1.eq_2: []
AXIOMS _private.Luce.Section6IdealTraceRestriction.0.Luce.Section6.idealTupleRoot.match_1.eq_1: []
AXIOMS _private.Luce.Section6IdealTraceRestriction.0.Luce.Section6.idealTupleRoot.match_1.eq_2: []
AXIOMS _private.Luce.Section6LeftDiscardedExpectation.0.Luce.Section6.cornerBehavior.match_1.eq_1: []
AXIOMS _private.Luce.Section6LeftDiscardedExpectation.0.Luce.Section6.cornerBehavior.match_1.eq_2: []
AXIOMS _private.Luce.Section6LocalCornerData.0.Luce.Section6.cornerBehavior.match_1.eq_1: []
AXIOMS _private.Luce.Section6LocalCornerData.0.Luce.Section6.cornerBehavior.match_1.eq_2: []
AXIOMS _private.Luce.Section6LocalCornerData.0.Luce.Section6.cornerQuantileTime.match_1.eq_1: []
AXIOMS _private.Luce.Section6LocalCornerData.0.Luce.Section6.cornerQuantileTime.match_1.eq_2: []
AXIOMS _private.Luce.Section6LocalCornerData.0.Luce.Section6.localCornerQ.match_1.eq_1: []
AXIOMS _private.Luce.Section6LocalCornerData.0.Luce.Section6.localCornerQ.match_1.eq_2: []
AXIOMS _private.Luce.Section6LocalCornerData.0.Luce.Section6.localCornerQ.match_3.eq_1: [propext,
 Classical.choice,
 Quot.sound]
AXIOMS _private.Luce.Section6LocalCornerData.0.Luce.Section6.localCornerQ.match_3.eq_2: [propext,
 Classical.choice,
 Quot.sound]
AXIOMS _private.Luce.Section6LogExcursionAlgebra.0.Luce.Section6.cornerBehavior.match_1.eq_1: []
AXIOMS _private.Luce.Section6LogExcursionAlgebra.0.Luce.Section6.cornerBehavior.match_1.eq_2: []
AXIOMS _private.Luce.Section6LogExcursionExpectation.0.Luce.Section6.cornerBehavior.match_1.eq_1: []
AXIOMS _private.Luce.Section6LogExcursionExpectation.0.Luce.Section6.cornerBehavior.match_1.eq_2: []
AXIOMS _private.Luce.Section6PathIntegral.0.Luce.Section6.openPathWeight68.match_1.eq_1: [propext,
 Classical.choice,
 Quot.sound]
AXIOMS _private.Luce.Section6PathIntegral.0.Luce.Section6.openPathWeight68.match_1.eq_2: [propext,
 Classical.choice,
 Quot.sound]
AXIOMS _private.Luce.Section6PathVariation.0.Luce.Section6.pathVariation68.match_1.eq_1: [propext,
 Classical.choice,
 Quot.sound]
AXIOMS _private.Luce.Section6PathVariation.0.Luce.Section6.pathVariation68.match_1.eq_2: [propext,
 Classical.choice,
 Quot.sound]
AXIOMS _private.Luce.Section6RightDiscardedExpectation.0.Luce.Section6.cornerBehavior.match_1.eq_1: []
AXIOMS _private.Luce.Section6RightDiscardedExpectation.0.Luce.Section6.cornerBehavior.match_1.eq_2: []
AXIOMS _private.Luce.Section6Sampling.0.Luce.Section6.samplePoint.match_1.eq_1: []
AXIOMS _private.Luce.Section6Sampling.0.Luce.Section6.samplePoint.match_1.eq_2: []
AXIOMS _private.Luce.Section6SeparatedOrderSum.0.Luce.Section6.cornerBehavior.match_1.eq_1: []
AXIOMS _private.Luce.Section6SeparatedOrderSum.0.Luce.Section6.cornerBehavior.match_1.eq_2: []
AXIOMS _private.Luce.Section6TraceDensity.0.Luce.Section6.traceConvolution68.match_1.eq_1: []
AXIOMS _private.Luce.Section6TraceDensity.0.Luce.Section6.traceConvolution68.match_1.eq_2: []
AXIOMS _private.Luce.Section65CoefficientPositivity.0.Luce.Section6.EndpointBehavior.active.match_1.eq_1: [propext,
 Classical.choice,
 Quot.sound]
AXIOMS _private.Luce.Section65CoefficientPositivity.0.Luce.Section6.EndpointBehavior.active.match_1.eq_2: [propext,
 Classical.choice,
 Quot.sound]
AXIOMS _private.Luce.Section6ActiveCycleBounds.0.Luce.Section6.EndpointBehavior.active.match_1.eq_1: [propext,
 Classical.choice,
 Quot.sound]
AXIOMS _private.Luce.Section6ActiveCycleBounds.0.Luce.Section6.EndpointBehavior.active.match_1.eq_2: [propext,
 Classical.choice,
 Quot.sound]
AXIOMS _private.Luce.Section6ActiveMatrixTargets.0.Luce.Section6.EndpointBehavior.active.match_1.eq_1: [propext,
 Classical.choice,
 Quot.sound]
AXIOMS _private.Luce.Section6ActiveMatrixTargets.0.Luce.Section6.EndpointBehavior.active.match_1.eq_2: [propext,
 Classical.choice,
 Quot.sound]
AXIOMS _private.Luce.Section6CoreIdealCategorySum.0.Luce.Section6.CoreRootWindow.Allows.match_1.eq_1: [propext,
 Classical.choice,
 Quot.sound]
AXIOMS _private.Luce.Section6CoreIdealCategorySum.0.Luce.Section6.CoreRootWindow.Allows.match_1.eq_2: [propext,
 Classical.choice,
 Quot.sound]
AXIOMS _private.Luce.Section6LogExcursionExpectation.0.Luce.Section6.EndpointBehavior.active.match_1.eq_1: [propext,
 Classical.choice,
 Quot.sound]
AXIOMS _private.Luce.Section6LogExcursionExpectation.0.Luce.Section6.EndpointBehavior.active.match_1.eq_2: [propext,
 Classical.choice,
 Quot.sound]
INVENTORY_TOTAL: 5109 theorem/axiom constants (includes generated auxiliaries)
INVENTORY_AXIOM_UNION: [propext, Classical.choice, Quot.sound]
