def SampledProfileContract.powerLaw.{u} : Luce.Section6.SamplingGrid → Prop :=
fun grid =>
  ∀ (Ω : Nat → Type u) (mΩ : (n : Nat) → MeasurableSpace.{u} (Ω n))
    (P : (n : Nat) → @MeasureTheory.Measure.{u} (Ω n) (mΩ n)),
    (∀ (n : Nat), @MeasureTheory.IsProbabilityMeasure.{u} (Ω n) (mΩ n) (P n)) →
      ∀ (w : Luce.WeightArray) (f : Real → Real) (left right : Luce.Section6.EndpointBehavior),
        Luce.Section6.SampledRates grid w f →
          Luce.Section6.PowerProfile f left right →
            ∀ (π : (n : Nat) → Ω n → Equiv.Perm.{1} (Fin n)),
              (∀ (n : Nat),
                  @Measurable.{u, 0} (Ω n) (Equiv.Perm.{1} (Fin n)) (mΩ n)
                    (@Top.top.{0} (MeasurableSpace.{0} (Equiv.Perm.{1} (Fin n)))
                      (@OrderTop.toTop.{0} (MeasurableSpace.{0} (Equiv.Perm.{1} (Fin n)))
                        (@Preorder.toLE.{0} (MeasurableSpace.{0} (Equiv.Perm.{1} (Fin n)))
                          (@PartialOrder.toPreorder.{0} (MeasurableSpace.{0} (Equiv.Perm.{1} (Fin n)))
                            (@SemilatticeSup.toPartialOrder.{0} (MeasurableSpace.{0} (Equiv.Perm.{1} (Fin n)))
                              (@Lattice.toSemilatticeSup.{0} (MeasurableSpace.{0} (Equiv.Perm.{1} (Fin n)))
                                (@CompleteLattice.toLattice.{0} (MeasurableSpace.{0} (Equiv.Perm.{1} (Fin n)))
                                  (@MeasurableSpace.instCompleteLattice.{0} (Equiv.Perm.{1} (Fin n))))))))
                        (@BoundedOrder.toOrderTop.{0} (MeasurableSpace.{0} (Equiv.Perm.{1} (Fin n)))
                          (@Preorder.toLE.{0} (MeasurableSpace.{0} (Equiv.Perm.{1} (Fin n)))
                            (@PartialOrder.toPreorder.{0} (MeasurableSpace.{0} (Equiv.Perm.{1} (Fin n)))
                              (@SemilatticeSup.toPartialOrder.{0} (MeasurableSpace.{0} (Equiv.Perm.{1} (Fin n)))
                                (@Lattice.toSemilatticeSup.{0} (MeasurableSpace.{0} (Equiv.Perm.{1} (Fin n)))
                                  (@CompleteLattice.toLattice.{0} (MeasurableSpace.{0} (Equiv.Perm.{1} (Fin n)))
                                    (@MeasurableSpace.instCompleteLattice.{0} (Equiv.Perm.{1} (Fin n))))))))
                          (@CompleteLattice.toBoundedOrder.{0} (MeasurableSpace.{0} (Equiv.Perm.{1} (Fin n)))
                            (@MeasurableSpace.instCompleteLattice.{0} (Equiv.Perm.{1} (Fin n)))))))
                    (π n)) →
                (∀ (n : Nat) (σ : Equiv.Perm.{1} (Fin n)),
                    @Eq.{1} Real
                      (@MeasureTheory.Measure.real.{u} (Ω n) (mΩ n) (P n)
                        (@Set.ofPred.{u} (Ω n) fun ω => @Eq.{1} (Equiv.Perm.{1} (Fin n)) (π n ω) σ))
                      (@Luce.Weights.mass n (w n) σ)) →
                  And
                    (∀ (k : Nat),
                      And
                        (@LT.lt.{0} Real Real.instLT
                          (@OfNat.ofNat.{0} Real (nat_lit 0) (@Zero.toOfNat0.{0} Real Real.instZero))
                          (Luce.Section6.totalCoefficient left right k))
                        (@Filter.Tendsto.{0, 0} Nat Real
                          (fun n =>
                            @HDiv.hDiv.{0, 0, 0} Real Real Real
                              (@instHDiv.{0} Real (@DivInvMonoid.toDiv.{0} Real Real.instDivInvMonoid))
                              (@MeasureTheory.integral.{u, 0} (Ω n) Real Real.normedAddCommGroup
                                (@InnerProductSpace.toNormedSpace.{0, 0} Real Real Real.instRCLike
                                  (@NormedAddCommGroup.toSeminormedAddCommGroup.{0} Real Real.normedAddCommGroup)
                                  (@RCLike.toInnerProductSpaceReal.{0} Real Real.instRCLike))
                                (mΩ n) (P n) fun ω =>
                                @Nat.cast.{0} Real Real.instNatCast
                                  (@Luce.Section5.cycleCount.{0} (Fin n) (Fin.fintype n) (instDecidableEqFin n) (π n ω)
                                    k))
                              (@HMul.hMul.{0, 0, 0} Real Real Real (@instHMul.{0} Real Real.instMul)
                                (Luce.Section6.totalCoefficient left right k)
                                (Real.log (@Nat.cast.{0} Real Real.instNatCast n))))
                          (@Filter.atTop.{0} Nat Nat.instPreorder)
                          (@nhds.{0} Real
                            (@UniformSpace.toTopologicalSpace.{0} Real
                              (@PseudoMetricSpace.toUniformSpace.{0} Real Real.pseudoMetricSpace))
                            (@OfNat.ofNat.{0} Real (nat_lit 1) (@One.toOfNat1.{0} Real Real.instOne)))))
                    (∀ (L : Nat)
                      (F :
                        @BoundedContinuousFunction.{0, 0} (Fin L → Real) Real
                          (@Pi.topologicalSpace.{0, 0} (Fin L) (fun a => Real) fun i =>
                            @UniformSpace.toTopologicalSpace.{0} Real
                              (@PseudoMetricSpace.toUniformSpace.{0} Real Real.pseudoMetricSpace))
                          Real.pseudoMetricSpace),
                      @Filter.Tendsto.{0, 0} Nat Real
                        (fun n =>
                          @MeasureTheory.integral.{u, 0} (Ω n) Real Real.normedAddCommGroup
                            (@InnerProductSpace.toNormedSpace.{0, 0} Real Real Real.instRCLike
                              (@NormedAddCommGroup.toSeminormedAddCommGroup.{0} Real Real.normedAddCommGroup)
                              (@RCLike.toInnerProductSpaceReal.{0} Real Real.instRCLike))
                            (mΩ n) (P n) fun ω =>
                            @DFunLike.coe.{1, 1, 1}
                              (@BoundedContinuousFunction.{0, 0} (Fin L → Real) Real
                                (@Pi.topologicalSpace.{0, 0} (Fin L) (fun a => Real) fun i =>
                                  @UniformSpace.toTopologicalSpace.{0} Real
                                    (@PseudoMetricSpace.toUniformSpace.{0} Real Real.pseudoMetricSpace))
                                Real.pseudoMetricSpace)
                              (Fin L → Real) (fun x => Real)
                              (@BoundedContinuousFunction.instFunLike.{0, 0} (Fin L → Real) Real
                                (@Pi.topologicalSpace.{0, 0} (Fin L) (fun a => Real) fun i =>
                                  @UniformSpace.toTopologicalSpace.{0} Real
                                    (@PseudoMetricSpace.toUniformSpace.{0} Real Real.pseudoMetricSpace))
                                Real.pseudoMetricSpace)
                              F (@Luce.Section6.normalizedCycleVector n (π n ω) left right L))
                        (@Filter.atTop.{0} Nat Nat.instPreorder)
                        (@nhds.{0} Real
                          (@UniformSpace.toTopologicalSpace.{0} Real
                            (@PseudoMetricSpace.toUniformSpace.{0} Real Real.pseudoMetricSpace))
                          (@MeasureTheory.integral.{0, 0} (Fin L → Real) Real Real.normedAddCommGroup
                            (@InnerProductSpace.toNormedSpace.{0, 0} Real Real Real.instRCLike
                              (@NormedAddCommGroup.toSeminormedAddCommGroup.{0} Real Real.normedAddCommGroup)
                              (@RCLike.toInnerProductSpaceReal.{0} Real Real.instRCLike))
                            (@MeasurableSpace.pi.{0, 0} (Fin L) (fun a => Real) fun a => Real.measurableSpace)
                            (@Luce.Section6.standardNormalVector.{0} (Fin L) (Fin.fintype L)) fun z =>
                            @DFunLike.coe.{1, 1, 1}
                              (@BoundedContinuousFunction.{0, 0} (Fin L → Real) Real
                                (@Pi.topologicalSpace.{0, 0} (Fin L) (fun a => Real) fun i =>
                                  @UniformSpace.toTopologicalSpace.{0} Real
                                    (@PseudoMetricSpace.toUniformSpace.{0} Real Real.pseudoMetricSpace))
                                Real.pseudoMetricSpace)
                              (Fin L → Real) (fun x => Real)
                              (@BoundedContinuousFunction.instFunLike.{0, 0} (Fin L → Real) Real
                                (@Pi.topologicalSpace.{0, 0} (Fin L) (fun a => Real) fun i =>
                                  @UniformSpace.toTopologicalSpace.{0} Real
                                    (@PseudoMetricSpace.toUniformSpace.{0} Real Real.pseudoMetricSpace))
                                Real.pseudoMetricSpace)
                              F z)))
def SampledProfileContract.spatial.{u} : Luce.Section6.SamplingGrid → Prop :=
fun grid =>
  ∀ (Ω : Nat → Type u) (mΩ : (n : Nat) → MeasurableSpace.{u} (Ω n))
    (P : (n : Nat) → @MeasureTheory.Measure.{u} (Ω n) (mΩ n)),
    (∀ (n : Nat), @MeasureTheory.IsProbabilityMeasure.{u} (Ω n) (mΩ n) (P n)) →
      ∀ (w : Luce.WeightArray) (f : Real → Real) (left right : Luce.Section6.EndpointBehavior),
        Luce.Section6.SampledRates grid w f →
          Luce.Section6.PowerProfile f left right →
            ∀ (π : (n : Nat) → Ω n → Equiv.Perm.{1} (Fin n)),
              (∀ (n : Nat),
                  @Measurable.{u, 0} (Ω n) (Equiv.Perm.{1} (Fin n)) (mΩ n)
                    (@Top.top.{0} (MeasurableSpace.{0} (Equiv.Perm.{1} (Fin n)))
                      (@OrderTop.toTop.{0} (MeasurableSpace.{0} (Equiv.Perm.{1} (Fin n)))
                        (@Preorder.toLE.{0} (MeasurableSpace.{0} (Equiv.Perm.{1} (Fin n)))
                          (@PartialOrder.toPreorder.{0} (MeasurableSpace.{0} (Equiv.Perm.{1} (Fin n)))
                            (@SemilatticeSup.toPartialOrder.{0} (MeasurableSpace.{0} (Equiv.Perm.{1} (Fin n)))
                              (@Lattice.toSemilatticeSup.{0} (MeasurableSpace.{0} (Equiv.Perm.{1} (Fin n)))
                                (@CompleteLattice.toLattice.{0} (MeasurableSpace.{0} (Equiv.Perm.{1} (Fin n)))
                                  (@MeasurableSpace.instCompleteLattice.{0} (Equiv.Perm.{1} (Fin n))))))))
                        (@BoundedOrder.toOrderTop.{0} (MeasurableSpace.{0} (Equiv.Perm.{1} (Fin n)))
                          (@Preorder.toLE.{0} (MeasurableSpace.{0} (Equiv.Perm.{1} (Fin n)))
                            (@PartialOrder.toPreorder.{0} (MeasurableSpace.{0} (Equiv.Perm.{1} (Fin n)))
                              (@SemilatticeSup.toPartialOrder.{0} (MeasurableSpace.{0} (Equiv.Perm.{1} (Fin n)))
                                (@Lattice.toSemilatticeSup.{0} (MeasurableSpace.{0} (Equiv.Perm.{1} (Fin n)))
                                  (@CompleteLattice.toLattice.{0} (MeasurableSpace.{0} (Equiv.Perm.{1} (Fin n)))
                                    (@MeasurableSpace.instCompleteLattice.{0} (Equiv.Perm.{1} (Fin n))))))))
                          (@CompleteLattice.toBoundedOrder.{0} (MeasurableSpace.{0} (Equiv.Perm.{1} (Fin n)))
                            (@MeasurableSpace.instCompleteLattice.{0} (Equiv.Perm.{1} (Fin n)))))))
                    (π n)) →
                (∀ (n : Nat) (σ : Equiv.Perm.{1} (Fin n)),
                    @Eq.{1} Real
                      (@MeasureTheory.Measure.real.{u} (Ω n) (mΩ n) (P n)
                        (@Set.ofPred.{u} (Ω n) fun ω => @Eq.{1} (Equiv.Perm.{1} (Fin n)) (π n ω) σ))
                      (@Luce.Weights.mass n (w n) σ)) →
                  ∀ (L J : Nat) (a b : Fin J → Real),
                    (∀ (j : Fin J),
                        And
                          (@LT.lt.{0} Real Real.instLT
                            (@OfNat.ofNat.{0} Real (nat_lit 0) (@Zero.toOfNat0.{0} Real Real.instZero)) (a j))
                          (And (@LT.lt.{0} Real Real.instLT (a j) (b j))
                            (@LT.lt.{0} Real Real.instLT (b j)
                              (@OfNat.ofNat.{0} Real (nat_lit 1) (@One.toOfNat1.{0} Real Real.instOne))))) →
                      (@Pairwise.{0} (Fin J) fun i j =>
                          @Disjoint.{0} (Set.{0} Real)
                            (@ChainCompletePartialOrder.toPartialOrder.{0} (Set.{0} Real)
                              (@ChainCompletePartialOrder.instOfCompleteLattice.{0} (Set.{0} Real)
                                (@CompleteBooleanAlgebra.toCompleteLattice.{0} (Set.{0} Real)
                                  (@CompleteAtomicBooleanAlgebra.toCompleteBooleanAlgebra.{0} (Set.{0} Real)
                                    (@Set.instCompleteAtomicBooleanAlgebra.{0} Real)))))
                            (@HeytingAlgebra.toOrderBot.{0} (Set.{0} Real)
                              (@Order.Frame.toHeytingAlgebra.{0} (Set.{0} Real)
                                (@CompleteDistribLattice.toFrame.{0} (Set.{0} Real)
                                  (@CompleteBooleanAlgebra.toCompleteDistribLattice.{0} (Set.{0} Real)
                                    (@CompleteAtomicBooleanAlgebra.toCompleteBooleanAlgebra.{0} (Set.{0} Real)
                                      (@Set.instCompleteAtomicBooleanAlgebra.{0} Real))))))
                            (@Set.Ioc.{0} Real Real.instPreorder (a i) (b i))
                            (@Set.Ioc.{0} Real Real.instPreorder (a j) (b j))) →
                        And
                          (∀ (z : Luce.Section6.SpatialIndex left right L J),
                            And
                              (@LT.lt.{0} Real Real.instLT
                                (@OfNat.ofNat.{0} Real (nat_lit 0) (@Zero.toOfNat0.{0} Real Real.instZero))
                                (Luce.Section6.cornerCoefficient
                                  (@Subtype.val.{1} Luce.Section6.Corner
                                    (fun side => (Luce.Section6.cornerBehavior left right side).active)
                                    (@Prod.fst.{0, 0}
                                      (@Subtype.{1} Luce.Section6.Corner fun side =>
                                        (Luce.Section6.cornerBehavior left right side).active)
                                      (Prod.{0, 0} (Fin L) (Fin J)) z))
                                  (Luce.Section6.cornerBehavior left right
                                    (@Subtype.val.{1} Luce.Section6.Corner
                                      (fun side => (Luce.Section6.cornerBehavior left right side).active)
                                      (@Prod.fst.{0, 0}
                                        (@Subtype.{1} Luce.Section6.Corner fun side =>
                                          (Luce.Section6.cornerBehavior left right side).active)
                                        (Prod.{0, 0} (Fin L) (Fin J)) z)))
                                  (@Fin.val L
                                    (@Prod.fst.{0, 0} (Fin L) (Fin J)
                                      (@Prod.snd.{0, 0}
                                        (@Subtype.{1} Luce.Section6.Corner fun side =>
                                          (Luce.Section6.cornerBehavior left right side).active)
                                        (Prod.{0, 0} (Fin L) (Fin J)) z)))))
                              (@Filter.Tendsto.{0, 0} Nat Real
                                (fun n =>
                                  @HDiv.hDiv.{0, 0, 0} Real Real Real
                                    (@instHDiv.{0} Real (@DivInvMonoid.toDiv.{0} Real Real.instDivInvMonoid))
                                    (@MeasureTheory.integral.{u, 0} (Ω n) Real Real.normedAddCommGroup
                                      (@InnerProductSpace.toNormedSpace.{0, 0} Real Real Real.instRCLike
                                        (@NormedAddCommGroup.toSeminormedAddCommGroup.{0} Real Real.normedAddCommGroup)
                                        (@RCLike.toInnerProductSpaceReal.{0} Real Real.instRCLike))
                                      (mΩ n) (P n) fun ω =>
                                      @Nat.cast.{0} Real Real.instNatCast
                                        (@Luce.Section6.spatialCycleCount n (π n ω)
                                          (@Subtype.val.{1} Luce.Section6.Corner
                                            (fun side => (Luce.Section6.cornerBehavior left right side).active)
                                            (@Prod.fst.{0, 0}
                                              (@Subtype.{1} Luce.Section6.Corner fun side =>
                                                (Luce.Section6.cornerBehavior left right side).active)
                                              (Prod.{0, 0} (Fin L) (Fin J)) z))
                                          (@Fin.val L
                                            (@Prod.fst.{0, 0} (Fin L) (Fin J)
                                              (@Prod.snd.{0, 0}
                                                (@Subtype.{1} Luce.Section6.Corner fun side =>
                                                  (Luce.Section6.cornerBehavior left right side).active)
                                                (Prod.{0, 0} (Fin L) (Fin J)) z)))
                                          (a
                                            (@Prod.snd.{0, 0} (Fin L) (Fin J)
                                              (@Prod.snd.{0, 0}
                                                (@Subtype.{1} Luce.Section6.Corner fun side =>
                                                  (Luce.Section6.cornerBehavior left right side).active)
                                                (Prod.{0, 0} (Fin L) (Fin J)) z)))
                                          (b
                                            (@Prod.snd.{0, 0} (Fin L) (Fin J)
                                              (@Prod.snd.{0, 0}
                                                (@Subtype.{1} Luce.Section6.Corner fun side =>
                                                  (Luce.Section6.cornerBehavior left right side).active)
                                                (Prod.{0, 0} (Fin L) (Fin J)) z)))))
                                    (Real.log (@Nat.cast.{0} Real Real.instNatCast n)))
                                (@Filter.atTop.{0} Nat Nat.instPreorder)
                                (@nhds.{0} Real
                                  (@UniformSpace.toTopologicalSpace.{0} Real
                                    (@PseudoMetricSpace.toUniformSpace.{0} Real Real.pseudoMetricSpace))
                                  (@HMul.hMul.{0, 0, 0} Real Real Real (@instHMul.{0} Real Real.instMul)
                                    (Luce.Section6.cornerCoefficient
                                      (@Subtype.val.{1} Luce.Section6.Corner
                                        (fun side => (Luce.Section6.cornerBehavior left right side).active)
                                        (@Prod.fst.{0, 0}
                                          (@Subtype.{1} Luce.Section6.Corner fun side =>
                                            (Luce.Section6.cornerBehavior left right side).active)
                                          (Prod.{0, 0} (Fin L) (Fin J)) z))
                                      (Luce.Section6.cornerBehavior left right
                                        (@Subtype.val.{1} Luce.Section6.Corner
                                          (fun side => (Luce.Section6.cornerBehavior left right side).active)
                                          (@Prod.fst.{0, 0}
                                            (@Subtype.{1} Luce.Section6.Corner fun side =>
                                              (Luce.Section6.cornerBehavior left right side).active)
                                            (Prod.{0, 0} (Fin L) (Fin J)) z)))
                                      (@Fin.val L
                                        (@Prod.fst.{0, 0} (Fin L) (Fin J)
                                          (@Prod.snd.{0, 0}
                                            (@Subtype.{1} Luce.Section6.Corner fun side =>
                                              (Luce.Section6.cornerBehavior left right side).active)
                                            (Prod.{0, 0} (Fin L) (Fin J)) z))))
                                    (@HSub.hSub.{0, 0, 0} Real Real Real (@instHSub.{0} Real Real.instSub)
                                      (b
                                        (@Prod.snd.{0, 0} (Fin L) (Fin J)
                                          (@Prod.snd.{0, 0}
                                            (@Subtype.{1} Luce.Section6.Corner fun side =>
                                              (Luce.Section6.cornerBehavior left right side).active)
                                            (Prod.{0, 0} (Fin L) (Fin J)) z)))
                                      (a
                                        (@Prod.snd.{0, 0} (Fin L) (Fin J)
                                          (@Prod.snd.{0, 0}
                                            (@Subtype.{1} Luce.Section6.Corner fun side =>
                                              (Luce.Section6.cornerBehavior left right side).active)
                                            (Prod.{0, 0} (Fin L) (Fin J)) z))))))))
                          (And
                            (∀
                              (F :
                                @BoundedContinuousFunction.{0, 0} (Luce.Section6.SpatialIndex left right L J → Real)
                                  Real
                                  (@Pi.topologicalSpace.{0, 0} (Luce.Section6.SpatialIndex left right L J)
                                    (fun a => Real) fun i =>
                                    @UniformSpace.toTopologicalSpace.{0} Real
                                      (@PseudoMetricSpace.toUniformSpace.{0} Real Real.pseudoMetricSpace))
                                  Real.pseudoMetricSpace),
                              @Filter.Tendsto.{0, 0} Nat Real
                                (fun n =>
                                  @MeasureTheory.integral.{u, 0} (Ω n) Real Real.normedAddCommGroup
                                    (@InnerProductSpace.toNormedSpace.{0, 0} Real Real Real.instRCLike
                                      (@NormedAddCommGroup.toSeminormedAddCommGroup.{0} Real Real.normedAddCommGroup)
                                      (@RCLike.toInnerProductSpaceReal.{0} Real Real.instRCLike))
                                    (mΩ n) (P n) fun ω =>
                                    @DFunLike.coe.{1, 1, 1}
                                      (@BoundedContinuousFunction.{0, 0}
                                        (Luce.Section6.SpatialIndex left right L J → Real) Real
                                        (@Pi.topologicalSpace.{0, 0} (Luce.Section6.SpatialIndex left right L J)
                                          (fun a => Real) fun i =>
                                          @UniformSpace.toTopologicalSpace.{0} Real
                                            (@PseudoMetricSpace.toUniformSpace.{0} Real Real.pseudoMetricSpace))
                                        Real.pseudoMetricSpace)
                                      (Luce.Section6.SpatialIndex left right L J → Real) (fun x => Real)
                                      (@BoundedContinuousFunction.instFunLike.{0, 0}
                                        (Luce.Section6.SpatialIndex left right L J → Real) Real
                                        (@Pi.topologicalSpace.{0, 0} (Luce.Section6.SpatialIndex left right L J)
                                          (fun a => Real) fun i =>
                                          @UniformSpace.toTopologicalSpace.{0} Real
                                            (@PseudoMetricSpace.toUniformSpace.{0} Real Real.pseudoMetricSpace))
                                        Real.pseudoMetricSpace)
                                      F (@Luce.Section6.normalizedSpatialVector n (π n ω) left right L J a b))
                                (@Filter.atTop.{0} Nat Nat.instPreorder)
                                (@nhds.{0} Real
                                  (@UniformSpace.toTopologicalSpace.{0} Real
                                    (@PseudoMetricSpace.toUniformSpace.{0} Real Real.pseudoMetricSpace))
                                  (@MeasureTheory.integral.{0, 0} (Luce.Section6.SpatialIndex left right L J → Real)
                                    Real Real.normedAddCommGroup
                                    (@InnerProductSpace.toNormedSpace.{0, 0} Real Real Real.instRCLike
                                      (@NormedAddCommGroup.toSeminormedAddCommGroup.{0} Real Real.normedAddCommGroup)
                                      (@RCLike.toInnerProductSpaceReal.{0} Real Real.instRCLike))
                                    (@MeasurableSpace.pi.{0, 0} (Luce.Section6.SpatialIndex left right L J)
                                      (fun a => Real) fun a => Real.measurableSpace)
                                    (@Luce.Section6.standardNormalVector.{0} (Luce.Section6.SpatialIndex left right L J)
                                      (Luce.Section6.instFintypeSpatialIndex left right L J))
                                    fun z =>
                                    @DFunLike.coe.{1, 1, 1}
                                      (@BoundedContinuousFunction.{0, 0}
                                        (Luce.Section6.SpatialIndex left right L J → Real) Real
                                        (@Pi.topologicalSpace.{0, 0} (Luce.Section6.SpatialIndex left right L J)
                                          (fun a => Real) fun i =>
                                          @UniformSpace.toTopologicalSpace.{0} Real
                                            (@PseudoMetricSpace.toUniformSpace.{0} Real Real.pseudoMetricSpace))
                                        Real.pseudoMetricSpace)
                                      (Luce.Section6.SpatialIndex left right L J → Real) (fun x => Real)
                                      (@BoundedContinuousFunction.instFunLike.{0, 0}
                                        (Luce.Section6.SpatialIndex left right L J → Real) Real
                                        (@Pi.topologicalSpace.{0, 0} (Luce.Section6.SpatialIndex left right L J)
                                          (fun a => Real) fun i =>
                                          @UniformSpace.toTopologicalSpace.{0} Real
                                            (@PseudoMetricSpace.toUniformSpace.{0} Real Real.pseudoMetricSpace))
                                        Real.pseudoMetricSpace)
                                      F z)))
                            (∀ (z : Luce.Section6.SpatialIndex left right L J) (delta : Real),
                              @LT.lt.{0} Real Real.instLT
                                  (@OfNat.ofNat.{0} Real (nat_lit 0) (@Zero.toOfNat0.{0} Real Real.instZero)) delta →
                                @Filter.Tendsto.{0, 0} Nat Real
                                  (fun n =>
                                    @MeasureTheory.integral.{u, 0} (Ω n) Real Real.normedAddCommGroup
                                      (@InnerProductSpace.toNormedSpace.{0, 0} Real Real Real.instRCLike
                                        (@NormedAddCommGroup.toSeminormedAddCommGroup.{0} Real Real.normedAddCommGroup)
                                        (@RCLike.toInnerProductSpaceReal.{0} Real Real.instRCLike))
                                      (mΩ n) (P n) fun ω =>
                                      @Nat.cast.{0} Real Real.instNatCast
                                        (@Luce.Section6.excursionCycleCount n (π n ω)
                                          (@Subtype.val.{1} Luce.Section6.Corner
                                            (fun side => (Luce.Section6.cornerBehavior left right side).active)
                                            (@Prod.fst.{0, 0}
                                              (@Subtype.{1} Luce.Section6.Corner fun side =>
                                                (Luce.Section6.cornerBehavior left right side).active)
                                              (Prod.{0, 0} (Fin L) (Fin J)) z))
                                          (@Fin.val L
                                            (@Prod.fst.{0, 0} (Fin L) (Fin J)
                                              (@Prod.snd.{0, 0}
                                                (@Subtype.{1} Luce.Section6.Corner fun side =>
                                                  (Luce.Section6.cornerBehavior left right side).active)
                                                (Prod.{0, 0} (Fin L) (Fin J)) z)))
                                          (a
                                            (@Prod.snd.{0, 0} (Fin L) (Fin J)
                                              (@Prod.snd.{0, 0}
                                                (@Subtype.{1} Luce.Section6.Corner fun side =>
                                                  (Luce.Section6.cornerBehavior left right side).active)
                                                (Prod.{0, 0} (Fin L) (Fin J)) z)))
                                          (b
                                            (@Prod.snd.{0, 0} (Fin L) (Fin J)
                                              (@Prod.snd.{0, 0}
                                                (@Subtype.{1} Luce.Section6.Corner fun side =>
                                                  (Luce.Section6.cornerBehavior left right side).active)
                                                (Prod.{0, 0} (Fin L) (Fin J)) z)))
                                          delta))
                                  (@Filter.atTop.{0} Nat Nat.instPreorder)
                                  (@nhds.{0} Real
                                    (@UniformSpace.toTopologicalSpace.{0} Real
                                      (@PseudoMetricSpace.toUniformSpace.{0} Real Real.pseudoMetricSpace))
                                    (@OfNat.ofNat.{0} Real (nat_lit 0) (@Zero.toOfNat0.{0} Real Real.instZero)))))
@[reducible] def Luce.Section6.ActiveCorner65 : Luce.Section6.EndpointBehavior →
  Luce.Section6.EndpointBehavior → Type :=
fun left right => @Subtype.{1} Luce.Section6.Corner fun side => (Luce.Section6.cornerBehavior left right side).active
'Luce.Section6.ActiveCorner65' depends on axioms: [propext, Classical.choice.{u}, Quot.sound.{u}]
def Luce.Section6.CountApprox65 : Luce.WeightArray →
  ((n : Nat) → Equiv.Perm.{1} (Fin n) → Real) → ((n : Nat) → Equiv.Perm.{1} (Fin n) → Real) → Prop :=
fun w X Y =>
  @Filter.Tendsto.{0, 0} Nat Real
    (fun n =>
      @HDiv.hDiv.{0, 0, 0} Real Real Real (@instHDiv.{0} Real (@DivInvMonoid.toDiv.{0} Real Real.instDivInvMonoid))
        (@MeasureTheory.integral.{0, 0} (Fin n → Real) Real Real.normedAddCommGroup
          (@InnerProductSpace.toNormedSpace.{0, 0} Real Real Real.instRCLike
            (@NormedAddCommGroup.toSeminormedAddCommGroup.{0} Real Real.normedAddCommGroup)
            (@RCLike.toInnerProductSpaceReal.{0} Real Real.instRCLike))
          (@MeasurableSpace.pi.{0, 0} (Fin n) (fun a => Real) fun a => Real.measurableSpace)
          (@Luce.exponentialRace n (w n)) fun clocks =>
          @abs.{0} Real Real.lattice Real.instAddGroup
            (@HSub.hSub.{0, 0, 0} Real Real Real (@instHSub.{0} Real Real.instSub)
              (X n (@Luce.raceRankPermutation n clocks)) (Y n (@Luce.raceRankPermutation n clocks))))
        (Real.log (@Nat.cast.{0} Real Real.instNatCast n)).sqrt)
    (@Filter.atTop.{0} Nat Nat.instPreorder)
    (@nhds.{0} Real
      (@UniformSpace.toTopologicalSpace.{0} Real (@PseudoMetricSpace.toUniformSpace.{0} Real Real.pseudoMetricSpace))
      (@OfNat.ofNat.{0} Real (nat_lit 0) (@Zero.toOfNat0.{0} Real Real.instZero)))
'Luce.Section6.CountApprox65' depends on axioms: [propext, Classical.choice.{u}, Quot.sound.{u}]
theorem Luce.Section6.CountApprox65.mean : ∀ {w : Luce.WeightArray} {X Y : (n : Nat) → Equiv.Perm.{1} (Fin n) → Real},
  Luce.Section6.CountApprox65 w X Y →
    ∀ {β : Real},
      Luce.Section6.MeanApprox65
          (fun n =>
            @MeasureTheory.integral.{0, 0} (Fin n → Real) Real Real.normedAddCommGroup
              (@InnerProductSpace.toNormedSpace.{0, 0} Real Real Real.instRCLike
                (@NormedAddCommGroup.toSeminormedAddCommGroup.{0} Real Real.normedAddCommGroup)
                (@RCLike.toInnerProductSpaceReal.{0} Real Real.instRCLike))
              (@MeasurableSpace.pi.{0, 0} (Fin n) (fun a => Real) fun a => Real.measurableSpace)
              (@Luce.exponentialRace n (w n)) fun clocks => Y n (@Luce.raceRankPermutation n clocks))
          β →
        Luce.Section6.MeanApprox65
          (fun n =>
            @MeasureTheory.integral.{0, 0} (Fin n → Real) Real Real.normedAddCommGroup
              (@InnerProductSpace.toNormedSpace.{0, 0} Real Real Real.instRCLike
                (@NormedAddCommGroup.toSeminormedAddCommGroup.{0} Real Real.normedAddCommGroup)
                (@RCLike.toInnerProductSpaceReal.{0} Real Real.instRCLike))
              (@MeasurableSpace.pi.{0, 0} (Fin n) (fun a => Real) fun a => Real.measurableSpace)
              (@Luce.exponentialRace n (w n)) fun clocks => X n (@Luce.raceRankPermutation n clocks))
          β :=
⋯
'Luce.Section6.CountApprox65.mean' depends on axioms: [propext, Classical.choice.{u}, Quot.sound.{u}]
theorem Luce.Section6.CountApprox65.normalized : ∀ {w : Luce.WeightArray}
  {X Y : (n : Nat) → Equiv.Perm.{1} (Fin n) → Real},
  Luce.Section6.CountApprox65 w X Y →
    ∀ {β : Real},
      @LT.lt.{0} Real Real.instLT (@OfNat.ofNat.{0} Real (nat_lit 0) (@Zero.toOfNat0.{0} Real Real.instZero)) β →
        ∀ (m : Nat → Real),
          @Filter.Tendsto.{0, 0} Nat Real
            (fun n =>
              @MeasureTheory.integral.{0, 0} (Fin n → Real) Real Real.normedAddCommGroup
                (@InnerProductSpace.toNormedSpace.{0, 0} Real Real Real.instRCLike
                  (@NormedAddCommGroup.toSeminormedAddCommGroup.{0} Real Real.normedAddCommGroup)
                  (@RCLike.toInnerProductSpaceReal.{0} Real Real.instRCLike))
                (@MeasurableSpace.pi.{0, 0} (Fin n) (fun a => Real) fun a => Real.measurableSpace)
                (@Luce.exponentialRace n (w n)) fun clocks =>
                @abs.{0} Real Real.lattice Real.instAddGroup
                  (@HSub.hSub.{0, 0, 0} Real Real Real (@instHSub.{0} Real Real.instSub)
                    (@HDiv.hDiv.{0, 0, 0} Real Real Real
                      (@instHDiv.{0} Real (@DivInvMonoid.toDiv.{0} Real Real.instDivInvMonoid))
                      (@HSub.hSub.{0, 0, 0} Real Real Real (@instHSub.{0} Real Real.instSub)
                        (X n (@Luce.raceRankPermutation n clocks)) (m n))
                      (@HMul.hMul.{0, 0, 0} Real Real Real (@instHMul.{0} Real Real.instMul) β
                          (Real.log (@Nat.cast.{0} Real Real.instNatCast n))).sqrt)
                    (@HDiv.hDiv.{0, 0, 0} Real Real Real
                      (@instHDiv.{0} Real (@DivInvMonoid.toDiv.{0} Real Real.instDivInvMonoid))
                      (@HSub.hSub.{0, 0, 0} Real Real Real (@instHSub.{0} Real Real.instSub)
                        (Y n (@Luce.raceRankPermutation n clocks)) (m n))
                      (@HMul.hMul.{0, 0, 0} Real Real Real (@instHMul.{0} Real Real.instMul) β
                          (Real.log (@Nat.cast.{0} Real Real.instNatCast n))).sqrt)))
            (@Filter.atTop.{0} Nat Nat.instPreorder)
            (@nhds.{0} Real
              (@UniformSpace.toTopologicalSpace.{0} Real
                (@PseudoMetricSpace.toUniformSpace.{0} Real Real.pseudoMetricSpace))
              (@OfNat.ofNat.{0} Real (nat_lit 0) (@Zero.toOfNat0.{0} Real Real.instZero))) :=
⋯
'Luce.Section6.CountApprox65.normalized' depends on axioms: [propext, Classical.choice.{u}, Quot.sound.{u}]
def Luce.Section6.FiniteCategoriesDisjoint65.{u_1} : {ι : Type u_1} → (ι → Luce.Section6.CoreCycleCategory) → Prop :=
fun {ι} c =>
  ∀ (n : Nat),
    @LE.le.{0} Nat instLENat (@OfNat.ofNat.{0} Nat (nat_lit 2) (instOfNatNat (nat_lit 2))) n →
      ∀ (i j : ι),
        @Ne.{u_1 + 1} ι i j →
          @Eq.{1} Luce.Section6.Corner (c i).side (c j).side →
            @Eq.{1} Nat (c i).lengthIndex (c j).lengthIndex →
              ∀ (m : Nat), Not (And ((c i).rootWindow.Allows n m) ((c j).rootWindow.Allows n m))
'Luce.Section6.FiniteCategoriesDisjoint65' depends on axioms: [propext, Classical.choice.{u}, Quot.sound.{u}]
def Luce.Section6.LogGrowth65 : (Nat → Real) → Prop :=
fun a =>
  ∃ C,
    And (@LT.lt.{0} Real Real.instLT (@OfNat.ofNat.{0} Real (nat_lit 0) (@Zero.toOfNat0.{0} Real Real.instZero)) C)
      (∃ K,
        @Filter.Eventually.{0} Nat
          (fun n =>
            @LE.le.{0} Real Real.instLE (@abs.{0} Real Real.lattice Real.instAddGroup (a n))
              (@HMul.hMul.{0, 0, 0} Real Real Real (@instHMul.{0} Real Real.instMul) C
                (@HPow.hPow.{0, 0, 0} Real Nat Real
                  (@instHPow.{0, 0} Real Nat (@NPow.toPow.{0} Real (@Monoid.toNPow.{0} Real Real.instMonoid)))
                  (Luce.Section6.logWeight65 n) K)))
          (@Filter.atTop.{0} Nat Nat.instPreorder))
'Luce.Section6.LogGrowth65' depends on axioms: [propext, Classical.choice.{u}, Quot.sound.{u}]
theorem Luce.Section6.LogGrowth65.mul : ∀ {a b : Nat → Real},
  Luce.Section6.LogGrowth65 a →
    Luce.Section6.LogGrowth65 b →
      Luce.Section6.LogGrowth65 fun n =>
        @HMul.hMul.{0, 0, 0} Real Real Real (@instHMul.{0} Real Real.instMul) (a n) (b n) :=
⋯
'Luce.Section6.LogGrowth65.mul' depends on axioms: [propext, Classical.choice.{u}, Quot.sound.{u}]
theorem Luce.Section6.LogGrowth65.neg : ∀ {a : Nat → Real},
  Luce.Section6.LogGrowth65 a → Luce.Section6.LogGrowth65 fun n => @Neg.neg.{0} Real Real.instNeg (a n) :=
⋯
'Luce.Section6.LogGrowth65.neg' depends on axioms: [propext, Classical.choice.{u}, Quot.sound.{u}]
theorem Luce.Section6.LogGrowth65.pow : ∀ {a : Nat → Real},
  Luce.Section6.LogGrowth65 a →
    ∀ (k : Nat),
      Luce.Section6.LogGrowth65 fun n =>
        @HPow.hPow.{0, 0, 0} Real Nat Real
          (@instHPow.{0, 0} Real Nat (@NPow.toPow.{0} Real (@Monoid.toNPow.{0} Real Real.instMonoid))) (a n) k :=
⋯
'Luce.Section6.LogGrowth65.pow' depends on axioms: [propext, Classical.choice.{u}, Quot.sound.{u}]
theorem Luce.Section6.LogGrowth65.prod.{u_1} : ∀ {ι : Type u_1} (s : Finset.{u_1} ι) (a : ι → Nat → Real),
  (∀ (i : ι),
      @Membership.mem.{u_1, u_1} ι (Finset.{u_1} ι)
          (@SetLike.instMembership.{u_1, u_1} (Finset.{u_1} ι) ι (@Finset.instSetLike.{u_1} ι)) s i →
        Luce.Section6.LogGrowth65 (a i)) →
    Luce.Section6.LogGrowth65 fun n => ∏ i ∈ s, a i n :=
⋯
'Luce.Section6.LogGrowth65.prod' depends on axioms: [propext, Classical.choice.{u}, Quot.sound.{u}]
def Luce.Section6.MeanApprox65 : (Nat → Real) → Real → Prop :=
fun μ β =>
  @Filter.Tendsto.{0, 0} Nat Real
    (fun n =>
      @HDiv.hDiv.{0, 0, 0} Real Real Real (@instHDiv.{0} Real (@DivInvMonoid.toDiv.{0} Real Real.instDivInvMonoid))
        (@HSub.hSub.{0, 0, 0} Real Real Real (@instHSub.{0} Real Real.instSub) (μ n)
          (@HMul.hMul.{0, 0, 0} Real Real Real (@instHMul.{0} Real Real.instMul) β
            (Real.log (@Nat.cast.{0} Real Real.instNatCast n))))
        (Real.log (@Nat.cast.{0} Real Real.instNatCast n)).sqrt)
    (@Filter.atTop.{0} Nat Nat.instPreorder)
    (@nhds.{0} Real
      (@UniformSpace.toTopologicalSpace.{0} Real (@PseudoMetricSpace.toUniformSpace.{0} Real Real.pseudoMetricSpace))
      (@OfNat.ofNat.{0} Real (nat_lit 0) (@Zero.toOfNat0.{0} Real Real.instZero)))
'Luce.Section6.MeanApprox65' depends on axioms: [propext, Classical.choice.{u}, Quot.sound.{u}]
theorem Luce.Section6.MeanApprox65.diverges : ∀ {μ : Nat → Real} {β : Real},
  Luce.Section6.MeanApprox65 μ β →
    @LT.lt.{0} Real Real.instLT (@OfNat.ofNat.{0} Real (nat_lit 0) (@Zero.toOfNat0.{0} Real Real.instZero)) β →
      @Filter.Tendsto.{0, 0} Nat Real μ (@Filter.atTop.{0} Nat Nat.instPreorder)
        (@Filter.atTop.{0} Real Real.instPreorder) :=
⋯
'Luce.Section6.MeanApprox65.diverges' depends on axioms: [propext, Classical.choice.{u}, Quot.sound.{u}]
theorem Luce.Section6.MeanApprox65.growth : ∀ {μ : Nat → Real} {β : Real},
  Luce.Section6.MeanApprox65 μ β → Luce.Section6.LogGrowth65 μ :=
⋯
'Luce.Section6.MeanApprox65.growth' depends on axioms: [propext, Classical.choice.{u}, Quot.sound.{u}]
theorem Luce.Section6.MeanApprox65.ratio : ∀ {μ : Nat → Real} {β : Real},
  Luce.Section6.MeanApprox65 μ β →
    @Filter.Tendsto.{0, 0} Nat Real
      (fun n =>
        @HDiv.hDiv.{0, 0, 0} Real Real Real (@instHDiv.{0} Real (@DivInvMonoid.toDiv.{0} Real Real.instDivInvMonoid))
          (μ n) (Real.log (@Nat.cast.{0} Real Real.instNatCast n)))
      (@Filter.atTop.{0} Nat Nat.instPreorder)
      (@nhds.{0} Real
        (@UniformSpace.toTopologicalSpace.{0} Real (@PseudoMetricSpace.toUniformSpace.{0} Real Real.pseudoMetricSpace))
        β) :=
⋯
'Luce.Section6.MeanApprox65.ratio' depends on axioms: [propext, Classical.choice.{u}, Quot.sound.{u}]
theorem Luce.Section6.MeanApprox65.ratio_one : ∀ {μ : Nat → Real} {β : Real},
  Luce.Section6.MeanApprox65 μ β →
    @Ne.{1} Real β (@OfNat.ofNat.{0} Real (nat_lit 0) (@Zero.toOfNat0.{0} Real Real.instZero)) →
      @Filter.Tendsto.{0, 0} Nat Real
        (fun n =>
          @HDiv.hDiv.{0, 0, 0} Real Real Real (@instHDiv.{0} Real (@DivInvMonoid.toDiv.{0} Real Real.instDivInvMonoid))
            (μ n)
            (@HMul.hMul.{0, 0, 0} Real Real Real (@instHMul.{0} Real Real.instMul) β
              (Real.log (@Nat.cast.{0} Real Real.instNatCast n))))
        (@Filter.atTop.{0} Nat Nat.instPreorder)
        (@nhds.{0} Real
          (@UniformSpace.toTopologicalSpace.{0} Real
            (@PseudoMetricSpace.toUniformSpace.{0} Real Real.pseudoMetricSpace))
          (@OfNat.ofNat.{0} Real (nat_lit 1) (@One.toOfNat1.{0} Real Real.instOne))) :=
⋯
'Luce.Section6.MeanApprox65.ratio_one' depends on axioms: [propext, Classical.choice.{u}, Quot.sound.{u}]
theorem Luce.Section6.MeanApprox65.scale : ∀ {μ : Nat → Real} {β : Real},
  Luce.Section6.MeanApprox65 μ β →
    @LT.lt.{0} Real Real.instLT (@OfNat.ofNat.{0} Real (nat_lit 0) (@Zero.toOfNat0.{0} Real Real.instZero)) β →
      @Filter.Tendsto.{0, 0} Nat Real
        (fun n =>
          @HDiv.hDiv.{0, 0, 0} Real Real Real (@instHDiv.{0} Real (@DivInvMonoid.toDiv.{0} Real Real.instDivInvMonoid))
            (μ n).sqrt
            (@HMul.hMul.{0, 0, 0} Real Real Real (@instHMul.{0} Real Real.instMul) β
                (Real.log (@Nat.cast.{0} Real Real.instNatCast n))).sqrt)
        (@Filter.atTop.{0} Nat Nat.instPreorder)
        (@nhds.{0} Real
          (@UniformSpace.toTopologicalSpace.{0} Real
            (@PseudoMetricSpace.toUniformSpace.{0} Real Real.pseudoMetricSpace))
          (@OfNat.ofNat.{0} Real (nat_lit 1) (@One.toOfNat1.{0} Real Real.instOne))) :=
⋯
'Luce.Section6.MeanApprox65.scale' depends on axioms: [propext, Classical.choice.{u}, Quot.sound.{u}]
theorem Luce.Section6.MeanApprox65.shift : ∀ {μ : Nat → Real} {β : Real},
  Luce.Section6.MeanApprox65 μ β →
    @LT.lt.{0} Real Real.instLT (@OfNat.ofNat.{0} Real (nat_lit 0) (@Zero.toOfNat0.{0} Real Real.instZero)) β →
      @Filter.Tendsto.{0, 0} Nat Real
        (fun n =>
          @HDiv.hDiv.{0, 0, 0} Real Real Real (@instHDiv.{0} Real (@DivInvMonoid.toDiv.{0} Real Real.instDivInvMonoid))
            (@HSub.hSub.{0, 0, 0} Real Real Real (@instHSub.{0} Real Real.instSub) (μ n)
              (@HMul.hMul.{0, 0, 0} Real Real Real (@instHMul.{0} Real Real.instMul) β
                (Real.log (@Nat.cast.{0} Real Real.instNatCast n))))
            (@HMul.hMul.{0, 0, 0} Real Real Real (@instHMul.{0} Real Real.instMul) β
                (Real.log (@Nat.cast.{0} Real Real.instNatCast n))).sqrt)
        (@Filter.atTop.{0} Nat Nat.instPreorder)
        (@nhds.{0} Real
          (@UniformSpace.toTopologicalSpace.{0} Real
            (@PseudoMetricSpace.toUniformSpace.{0} Real Real.pseudoMetricSpace))
          (@OfNat.ofNat.{0} Real (nat_lit 0) (@Zero.toOfNat0.{0} Real Real.instZero))) :=
⋯
'Luce.Section6.MeanApprox65.shift' depends on axioms: [propext, Classical.choice.{u}, Quot.sound.{u}]
@[reducible] def Luce.Section6.PowerIndex65 : Luce.Section6.EndpointBehavior →
  Luce.Section6.EndpointBehavior → Nat → Type :=
fun left right L => Prod.{0, 0} (Luce.Section6.ActiveCorner65 left right) (Fin L)
'Luce.Section6.PowerIndex65' depends on axioms: [propext, Classical.choice.{u}, Quot.sound.{u}]
theorem Luce.Section6.PowerProfile.cornerCoefficient_nonneg65 : ∀ {f : Real → Real}
  {left right : Luce.Section6.EndpointBehavior},
  Luce.Section6.PowerProfile f left right →
    ∀ (side : Luce.Section6.Corner) (k : Nat),
      @LE.le.{0} Real Real.instLE (@OfNat.ofNat.{0} Real (nat_lit 0) (@Zero.toOfNat0.{0} Real Real.instZero))
        (Luce.Section6.cornerCoefficient side (Luce.Section6.cornerBehavior left right side) k) :=
⋯
'Luce.Section6.PowerProfile.cornerCoefficient_nonneg65' depends on axioms: [propext,
 Classical.choice.{u},
 Quot.sound.{u}]
theorem Luce.Section6.PowerProfile.cornerCoefficient_pos65 : ∀ {f : Real → Real}
  {left right : Luce.Section6.EndpointBehavior},
  Luce.Section6.PowerProfile f left right →
    ∀ (side : Luce.Section6.Corner),
      (Luce.Section6.cornerBehavior left right side).active →
        ∀ (k : Nat),
          @LT.lt.{0} Real Real.instLT (@OfNat.ofNat.{0} Real (nat_lit 0) (@Zero.toOfNat0.{0} Real Real.instZero))
            (Luce.Section6.cornerCoefficient side (Luce.Section6.cornerBehavior left right side) k) :=
⋯
'Luce.Section6.PowerProfile.cornerCoefficient_pos65' depends on axioms: [propext, Classical.choice.{u}, Quot.sound.{u}]
theorem Luce.Section6.PowerProfile.totalCoefficient_pos65 : ∀ {f : Real → Real}
  {left right : Luce.Section6.EndpointBehavior},
  Luce.Section6.PowerProfile f left right →
    ∀ (k : Nat),
      @LT.lt.{0} Real Real.instLT (@OfNat.ofNat.{0} Real (nat_lit 0) (@Zero.toOfNat0.{0} Real Real.instZero))
        (Luce.Section6.totalCoefficient left right k) :=
⋯
'Luce.Section6.PowerProfile.totalCoefficient_pos65' depends on axioms: [propext, Classical.choice.{u}, Quot.sound.{u}]
def Luce.Section6.RapidError65 : (Nat → Real) → Prop :=
fun f =>
  ∀ (K : Nat),
    @Filter.Tendsto.{0, 0} Nat Real
      (fun n =>
        @HMul.hMul.{0, 0, 0} Real Real Real (@instHMul.{0} Real Real.instMul)
          (@HPow.hPow.{0, 0, 0} Real Nat Real
            (@instHPow.{0, 0} Real Nat (@NPow.toPow.{0} Real (@Monoid.toNPow.{0} Real Real.instMonoid)))
            (Luce.Section6.logWeight65 n) K)
          (@abs.{0} Real Real.lattice Real.instAddGroup (f n)))
      (@Filter.atTop.{0} Nat Nat.instPreorder)
      (@nhds.{0} Real
        (@UniformSpace.toTopologicalSpace.{0} Real (@PseudoMetricSpace.toUniformSpace.{0} Real Real.pseudoMetricSpace))
        (@OfNat.ofNat.{0} Real (nat_lit 0) (@Zero.toOfNat0.{0} Real Real.instZero)))
'Luce.Section6.RapidError65' depends on axioms: [propext, Classical.choice.{u}, Quot.sound.{u}]
theorem Luce.Section6.RapidError65.add : ∀ {f g : Nat → Real},
  Luce.Section6.RapidError65 f →
    Luce.Section6.RapidError65 g →
      Luce.Section6.RapidError65 fun n =>
        @HAdd.hAdd.{0, 0, 0} Real Real Real (@instHAdd.{0} Real Real.instAdd) (f n) (g n) :=
⋯
'Luce.Section6.RapidError65.add' depends on axioms: [propext, Classical.choice.{u}, Quot.sound.{u}]
theorem Luce.Section6.RapidError65.congr : ∀ {f g : Nat → Real},
  Luce.Section6.RapidError65 f →
    @Filter.EventuallyEq.{0, 0} Nat Real (@Filter.atTop.{0} Nat Nat.instPreorder) f g → Luce.Section6.RapidError65 g :=
⋯
'Luce.Section6.RapidError65.congr' depends on axioms: [propext, Classical.choice.{u}, Quot.sound.{u}]
theorem Luce.Section6.RapidError65.const_mul : ∀ {f : Nat → Real},
  Luce.Section6.RapidError65 f →
    ∀ (c : Real),
      Luce.Section6.RapidError65 fun n =>
        @HMul.hMul.{0, 0, 0} Real Real Real (@instHMul.{0} Real Real.instMul) c (f n) :=
⋯
'Luce.Section6.RapidError65.const_mul' depends on axioms: [propext, Classical.choice.{u}, Quot.sound.{u}]
theorem Luce.Section6.RapidError65.mul_growth : ∀ {f a : Nat → Real},
  Luce.Section6.RapidError65 f →
    Luce.Section6.LogGrowth65 a →
      Luce.Section6.RapidError65 fun n =>
        @HMul.hMul.{0, 0, 0} Real Real Real (@instHMul.{0} Real Real.instMul) (a n) (f n) :=
⋯
'Luce.Section6.RapidError65.mul_growth' depends on axioms: [propext, Classical.choice.{u}, Quot.sound.{u}]
theorem Luce.Section6.RapidError65.sum.{u_1} : ∀ {ι : Type u_1} (s : Finset.{u_1} ι) (f : ι → Nat → Real),
  (∀ (i : ι),
      @Membership.mem.{u_1, u_1} ι (Finset.{u_1} ι)
          (@SetLike.instMembership.{u_1, u_1} (Finset.{u_1} ι) ι (@Finset.instSetLike.{u_1} ι)) s i →
        Luce.Section6.RapidError65 (f i)) →
    Luce.Section6.RapidError65 fun n => ∑ i ∈ s, f i n :=
⋯
'Luce.Section6.RapidError65.sum' depends on axioms: [propext, Classical.choice.{u}, Quot.sound.{u}]
theorem Luce.Section6.RapidError65.tendsto : ∀ {f : Nat → Real},
  Luce.Section6.RapidError65 f →
    @Filter.Tendsto.{0, 0} Nat Real f (@Filter.atTop.{0} Nat Nat.instPreorder)
      (@nhds.{0} Real
        (@UniformSpace.toTopologicalSpace.{0} Real (@PseudoMetricSpace.toUniformSpace.{0} Real Real.pseudoMetricSpace))
        (@OfNat.ofNat.{0} Real (nat_lit 0) (@Zero.toOfNat0.{0} Real Real.instZero))) :=
⋯
'Luce.Section6.RapidError65.tendsto' depends on axioms: [propext, Classical.choice.{u}, Quot.sound.{u}]
@[instance_reducible] def Luce.Section6.activeCornerFintype65 : (left right : Luce.Section6.EndpointBehavior) →
  Fintype.{0} (Luce.Section6.ActiveCorner65 left right) :=
fun left right =>
  @inferInstance.{1} (Fintype.{0} (Luce.Section6.ActiveCorner65 left right))
    (@Subtype.fintype.{0} Luce.Section6.Corner (fun side => (Luce.Section6.cornerBehavior left right side).active)
      (fun a => Classical.propDecidable (Luce.Section6.cornerBehavior left right a).active)
      Luce.Section6.instFintypeCorner)
'Luce.Section6.activeCornerFintype65' depends on axioms: [propext, Classical.choice.{u}, Quot.sound.{u}]
def Luce.Section6.affineCoeff65 : (r : Nat) →
  Real →
    Real →
      Fin
          (@HAdd.hAdd.{0, 0, 0} Nat Nat Nat (@instHAdd.{0} Nat instAddNat) r
            (@OfNat.ofNat.{0} Nat (nat_lit 1) (instOfNatNat (nat_lit 1)))) →
        Real :=
fun r a b j =>
  @HMul.hMul.{0, 0, 0} Real Real Real (@instHMul.{0} Real Real.instMul)
    (@HMul.hMul.{0, 0, 0} Real Real Real (@instHMul.{0} Real Real.instMul)
      (@Nat.cast.{0} Real Real.instNatCast
        (r.choose
          (@Fin.val
            (@HAdd.hAdd.{0, 0, 0} Nat Nat Nat (@instHAdd.{0} Nat instAddNat) r
              (@OfNat.ofNat.{0} Nat (nat_lit 1) (instOfNatNat (nat_lit 1))))
            j)))
      (@HPow.hPow.{0, 0, 0} Real Nat Real
        (@instHPow.{0, 0} Real Nat (@NPow.toPow.{0} Real (@Monoid.toNPow.{0} Real Real.instMonoid))) a
        (@Fin.val
          (@HAdd.hAdd.{0, 0, 0} Nat Nat Nat (@instHAdd.{0} Nat instAddNat) r
            (@OfNat.ofNat.{0} Nat (nat_lit 1) (instOfNatNat (nat_lit 1))))
          j)))
    (@HPow.hPow.{0, 0, 0} Real Nat Real
      (@instHPow.{0, 0} Real Nat (@NPow.toPow.{0} Real (@Monoid.toNPow.{0} Real Real.instMonoid))) b
      (@HSub.hSub.{0, 0, 0} Nat Nat Nat (@instHSub.{0} Nat instSubNat) r
        (@Fin.val
          (@HAdd.hAdd.{0, 0, 0} Nat Nat Nat (@instHAdd.{0} Nat instAddNat) r
            (@OfNat.ofNat.{0} Nat (nat_lit 1) (instOfNatNat (nat_lit 1))))
          j)))
'Luce.Section6.affineCoeff65' depends on axioms: [propext, Classical.choice.{u}, Quot.sound.{u}]
theorem Luce.Section6.affine_power65 : ∀ (r : Nat) (a b x : Real),
  @Eq.{1} Real
    (@HPow.hPow.{0, 0, 0} Real Nat Real
      (@instHPow.{0, 0} Real Nat (@NPow.toPow.{0} Real (@Monoid.toNPow.{0} Real Real.instMonoid)))
      (@HAdd.hAdd.{0, 0, 0} Real Real Real (@instHAdd.{0} Real Real.instAdd)
        (@HMul.hMul.{0, 0, 0} Real Real Real (@instHMul.{0} Real Real.instMul) a x) b)
      r)
    (∑ j,
      @HMul.hMul.{0, 0, 0} Real Real Real (@instHMul.{0} Real Real.instMul) (Luce.Section6.affineCoeff65 r a b j)
        (@HPow.hPow.{0, 0, 0} Real Nat Real
          (@instHPow.{0, 0} Real Nat (@NPow.toPow.{0} Real (@Monoid.toNPow.{0} Real Real.instMonoid))) x
          (@Fin.val
            (@HAdd.hAdd.{0, 0, 0} Nat Nat Nat (@instHAdd.{0} Nat instAddNat) r
              (@OfNat.ofNat.{0} Nat (nat_lit 1) (instOfNatNat (nat_lit 1))))
            j))) :=
⋯
'Luce.Section6.affine_power65' depends on axioms: [propext, Classical.choice.{u}, Quot.sound.{u}]
theorem Luce.Section6.affine_product_integral65.{u_1, u_2} : ∀ {Ω : Type u_1} {ι : Type u_2}
  [inst : MeasurableSpace.{u_1} Ω] [inst_1 : Fintype.{u_2} ι] [inst_2 : DecidableEq.{u_2 + 1} ι]
  (P : @MeasureTheory.Measure.{u_1} Ω inst) (X : Ω → ι → Real),
  (∀ (r : ι → Nat),
      @MeasureTheory.Integrable.{0, u_1} Real
        (@UniformSpace.toTopologicalSpace.{0} Real (@PseudoMetricSpace.toUniformSpace.{0} Real Real.pseudoMetricSpace))
        (@SeminormedAddGroup.toContinuousENorm.{0} Real
          (@SeminormedAddCommGroup.toSeminormedAddGroup.{0} Real
            (@NonUnitalSeminormedRing.toSeminormedAddCommGroup.{0} Real
              (@NonUnitalSeminormedCommRing.toNonUnitalSeminormedRing.{0} Real
                (@SeminormedCommRing.toNonUnitalSeminormedCommRing.{0} Real
                  (@NormedCommRing.toSeminormedCommRing.{0} Real Real.normedCommRing))))))
        Ω inst
        (fun ω =>
          ∏ i,
            @HPow.hPow.{0, 0, 0} Real Nat Real
              (@instHPow.{0, 0} Real Nat (@NPow.toPow.{0} Real (@Monoid.toNPow.{0} Real Real.instMonoid))) (X ω i)
              (r i))
        P) →
    ∀ (r : ι → Nat) (a b : ι → Real),
      @Eq.{1} Real
        (@MeasureTheory.integral.{u_1, 0} Ω Real Real.normedAddCommGroup
          (@InnerProductSpace.toNormedSpace.{0, 0} Real Real Real.instRCLike
            (@NormedAddCommGroup.toSeminormedAddCommGroup.{0} Real Real.normedAddCommGroup)
            (@RCLike.toInnerProductSpaceReal.{0} Real Real.instRCLike))
          inst P fun ω =>
          ∏ i,
            @HPow.hPow.{0, 0, 0} Real Nat Real
              (@instHPow.{0, 0} Real Nat (@NPow.toPow.{0} Real (@Monoid.toNPow.{0} Real Real.instMonoid)))
              (@HAdd.hAdd.{0, 0, 0} Real Real Real (@instHAdd.{0} Real Real.instAdd)
                (@HMul.hMul.{0, 0, 0} Real Real Real (@instHMul.{0} Real Real.instMul) (a i) (X ω i)) (b i))
              (r i))
        (∑ v,
          @HMul.hMul.{0, 0, 0} Real Real Real (@instHMul.{0} Real Real.instMul)
            (∏ i, Luce.Section6.affineCoeff65 (r i) (a i) (b i) (v i))
            (@MeasureTheory.integral.{u_1, 0} Ω Real Real.normedAddCommGroup
              (@InnerProductSpace.toNormedSpace.{0, 0} Real Real Real.instRCLike
                (@NormedAddCommGroup.toSeminormedAddCommGroup.{0} Real Real.normedAddCommGroup)
                (@RCLike.toInnerProductSpaceReal.{0} Real Real.instRCLike))
              inst P fun ω =>
              ∏ i,
                @HPow.hPow.{0, 0, 0} Real Nat Real
                  (@instHPow.{0, 0} Real Nat (@NPow.toPow.{0} Real (@Monoid.toNPow.{0} Real Real.instMonoid))) (X ω i)
                  (@Fin.val
                    (@HAdd.hAdd.{0, 0, 0} Nat Nat Nat (@instHAdd.{0} Nat instAddNat) (r i)
                      (@OfNat.ofNat.{0} Nat (nat_lit 1) (instOfNatNat (nat_lit 1))))
                    (v i)))) :=
⋯
'Luce.Section6.affine_product_integral65' depends on axioms: [propext, Classical.choice.{u}, Quot.sound.{u}]
def Luce.Section6.allCoreCycle65 : {n : Nat} →
  (R : Equiv.Perm.{1} (Fin n)) →
    (k : Nat) →
      Luce.Section6.Corner →
        ↥(@Luce.Section5.cycleOrbits.{0} (Fin n) (Fin.fintype n) (instDecidableEqFin n) R k) → Prop :=
fun {n} R k side c =>
  ∀ (v : Fin n),
    @Membership.mem.{0, 0} (Fin n) (Finset.{0} (Fin n))
        (@SetLike.instMembership.{0, 0} (Finset.{0} (Fin n)) (Fin n) (@Finset.instSetLike.{0} (Fin n)))
        (@Cycle.toFinset.{0} (Fin n) (instDecidableEqFin n)
          (@Subtype.val.{1} (Cycle.{0} (Fin n))
            (fun x =>
              @Membership.mem.{0, 0} (Cycle.{0} (Fin n)) (Finset.{0} (Cycle.{0} (Fin n)))
                (@SetLike.instMembership.{0, 0} (Finset.{0} (Cycle.{0} (Fin n))) (Cycle.{0} (Fin n))
                  (@Finset.instSetLike.{0} (Cycle.{0} (Fin n))))
                (@Luce.Section5.cycleOrbits.{0} (Fin n) (Fin.fintype n) (instDecidableEqFin n) R k) x)
            c))
        v →
      And (@LE.le.{0} Nat instLENat (Luce.Section6.idealCoreLower n) (@Luce.Section6.cornerDistance side n v))
        (@LE.le.{0} Nat instLENat (@Luce.Section6.cornerDistance side n v) (Luce.Section6.idealCoreUpper n))
'Luce.Section6.allCoreCycle65' depends on axioms: [propext, Classical.choice.{u}, Quot.sound.{u}]
theorem Luce.Section6.categorySetRootDepth_cycle65 : ∀ {n : Nat} (R : Equiv.Perm.{1} (Fin n)) (k : Nat)
  (c : ↥(@Luce.Section5.cycleOrbits.{0} (Fin n) (Fin.fintype n) (instDecidableEqFin n) R k))
  (side : Luce.Section6.Corner),
  @Eq.{1} Nat
    (@Luce.Section6.categorySetRootDepth n side
      (@Cycle.toFinset.{0} (Fin n) (instDecidableEqFin n)
        (@Subtype.val.{1} (Cycle.{0} (Fin n))
          (fun x =>
            @Membership.mem.{0, 0} (Cycle.{0} (Fin n)) (Finset.{0} (Cycle.{0} (Fin n)))
              (@SetLike.instMembership.{0, 0} (Finset.{0} (Cycle.{0} (Fin n))) (Cycle.{0} (Fin n))
                (@Finset.instSetLike.{0} (Cycle.{0} (Fin n))))
              (@Luce.Section5.cycleOrbits.{0} (Fin n) (Fin.fintype n) (instDecidableEqFin n) R k) x)
          c)))
    (@Luce.Section6.cornerDistance side n (@Luce.Section5.cycleMaximum n R k c)) :=
⋯
'Luce.Section6.categorySetRootDepth_cycle65' depends on axioms: [propext, Classical.choice.{u}, Quot.sound.{u}]
def Luce.Section6.centeredPoissonMoment65 : Real → Nat → Real :=
fun μ k =>
  @DFunLike.coe.{1, 1, 1}
    (@LinearMap.{0, 0, 0, 0} Real Real Real.semiring Real.semiring
      (@RingHom.id.{0} Real (@Semiring.toNonAssocSemiring.{0} Real Real.semiring)) (@Polynomial.{0} Real Real.semiring)
      Real
      (@Semiring.toAddCommMonoid.{0} (@Polynomial.{0} Real Real.semiring) (@Polynomial.semiring.{0} Real Real.semiring))
      Real.instAddCommMonoid
      (@Polynomial.module.{0, 0} Real Real.semiring Real Real.semiring (@Semiring.toModule.{0} Real Real.semiring))
      (@Semiring.toModule.{0} Real Real.semiring))
    (@Polynomial.{0} Real Real.semiring) (fun x => Real)
    (@LinearMap.instFunLike.{0, 0, 0, 0} Real Real (@Polynomial.{0} Real Real.semiring) Real Real.semiring Real.semiring
      (@Semiring.toAddCommMonoid.{0} (@Polynomial.{0} Real Real.semiring) (@Polynomial.semiring.{0} Real Real.semiring))
      Real.instAddCommMonoid
      (@Polynomial.module.{0, 0} Real Real.semiring Real Real.semiring (@Semiring.toModule.{0} Real Real.semiring))
      (@Semiring.toModule.{0} Real Real.semiring)
      (@RingHom.id.{0} Real (@Semiring.toNonAssocSemiring.{0} Real Real.semiring)))
    (Luce.Section6.poissonFunctional65 μ)
    (@HPow.hPow.{0, 0, 0} (@Polynomial.{0} Real Real.semiring) Nat (@Polynomial.{0} Real Real.semiring)
      (@instHPow.{0, 0} (@Polynomial.{0} Real Real.semiring) Nat
        (@NPow.toPow.{0} (@Polynomial.{0} Real Real.semiring)
          (@Monoid.toNPow.{0} (@Polynomial.{0} Real Real.semiring)
            (@Semiring.toMonoid.{0} (@Polynomial.{0} Real Real.semiring)
              (@Polynomial.semiring.{0} Real Real.semiring)))))
      (@HSub.hSub.{0, 0, 0} (@Polynomial.{0} Real Real.semiring) (@Polynomial.{0} Real Real.semiring)
        (@Polynomial.{0} Real Real.semiring)
        (@instHSub.{0} (@Polynomial.{0} Real Real.semiring) (@Polynomial.instSub.{0} Real Real.instRing))
        (@Polynomial.X.{0} Real Real.semiring)
        (@DFunLike.coe.{1, 1, 1}
          (@RingHom.{0, 0} Real (@Polynomial.{0} Real Real.semiring)
            (@Semiring.toNonAssocSemiring.{0} Real Real.semiring)
            (@Semiring.toNonAssocSemiring.{0} (@Polynomial.{0} Real Real.semiring)
              (@Polynomial.semiring.{0} Real Real.semiring)))
          Real (fun x => @Polynomial.{0} Real Real.semiring)
          (@RingHom.instFunLike.{0, 0} Real (@Polynomial.{0} Real Real.semiring)
            (@Semiring.toNonAssocSemiring.{0} Real Real.semiring)
            (@Semiring.toNonAssocSemiring.{0} (@Polynomial.{0} Real Real.semiring)
              (@Polynomial.semiring.{0} Real Real.semiring)))
          (@Polynomial.C.{0} Real Real.semiring) μ))
      k)
'Luce.Section6.centeredPoissonMoment65' depends on axioms: [propext, Classical.choice.{u}, Quot.sound.{u}]
theorem Luce.Section6.centeredPoissonMoment65_expansion : ∀ (μ : Real) (k : Nat),
  @Eq.{1} Real (Luce.Section6.centeredPoissonMoment65 μ k)
    (∑ j,
      @HMul.hMul.{0, 0, 0} Real Real Real (@instHMul.{0} Real Real.instMul)
        (@HMul.hMul.{0, 0, 0} Real Real Real (@instHMul.{0} Real Real.instMul)
          (@Nat.cast.{0} Real Real.instNatCast
            (k.choose
              (@Fin.val
                (@HAdd.hAdd.{0, 0, 0} Nat Nat Nat (@instHAdd.{0} Nat instAddNat) k
                  (@OfNat.ofNat.{0} Nat (nat_lit 1) (instOfNatNat (nat_lit 1))))
                j)))
          (@HPow.hPow.{0, 0, 0} Real Nat Real
            (@instHPow.{0, 0} Real Nat (@NPow.toPow.{0} Real (@Monoid.toNPow.{0} Real Real.instMonoid)))
            (@Neg.neg.{0} Real Real.instNeg μ)
            (@HSub.hSub.{0, 0, 0} Nat Nat Nat (@instHSub.{0} Nat instSubNat) k
              (@Fin.val
                (@HAdd.hAdd.{0, 0, 0} Nat Nat Nat (@instHAdd.{0} Nat instAddNat) k
                  (@OfNat.ofNat.{0} Nat (nat_lit 1) (instOfNatNat (nat_lit 1))))
                j))))
        (@DFunLike.coe.{1, 1, 1}
          (@LinearMap.{0, 0, 0, 0} Real Real Real.semiring Real.semiring
            (@RingHom.id.{0} Real (@Semiring.toNonAssocSemiring.{0} Real Real.semiring))
            (@Polynomial.{0} Real Real.semiring) Real
            (@Semiring.toAddCommMonoid.{0} (@Polynomial.{0} Real Real.semiring)
              (@Polynomial.semiring.{0} Real Real.semiring))
            Real.instAddCommMonoid
            (@Polynomial.module.{0, 0} Real Real.semiring Real Real.semiring
              (@Semiring.toModule.{0} Real Real.semiring))
            (@Semiring.toModule.{0} Real Real.semiring))
          (@Polynomial.{0} Real Real.semiring) (fun x => Real)
          (@LinearMap.instFunLike.{0, 0, 0, 0} Real Real (@Polynomial.{0} Real Real.semiring) Real Real.semiring
            Real.semiring
            (@Semiring.toAddCommMonoid.{0} (@Polynomial.{0} Real Real.semiring)
              (@Polynomial.semiring.{0} Real Real.semiring))
            Real.instAddCommMonoid
            (@Polynomial.module.{0, 0} Real Real.semiring Real Real.semiring
              (@Semiring.toModule.{0} Real Real.semiring))
            (@Semiring.toModule.{0} Real Real.semiring)
            (@RingHom.id.{0} Real (@Semiring.toNonAssocSemiring.{0} Real Real.semiring)))
          (Luce.Section6.poissonFunctional65 μ)
          (@HPow.hPow.{0, 0, 0} (@Polynomial.{0} Real Real.semiring) Nat (@Polynomial.{0} Real Real.semiring)
            (@instHPow.{0, 0} (@Polynomial.{0} Real Real.semiring) Nat
              (@NPow.toPow.{0} (@Polynomial.{0} Real Real.semiring)
                (@Monoid.toNPow.{0} (@Polynomial.{0} Real Real.semiring)
                  (@Semiring.toMonoid.{0} (@Polynomial.{0} Real Real.semiring)
                    (@Polynomial.semiring.{0} Real Real.semiring)))))
            (@Polynomial.X.{0} Real Real.semiring)
            (@Fin.val
              (@HAdd.hAdd.{0, 0, 0} Nat Nat Nat (@instHAdd.{0} Nat instAddNat) k
                (@OfNat.ofNat.{0} Nat (nat_lit 1) (instOfNatNat (nat_lit 1))))
              j)))) :=
⋯
'Luce.Section6.centeredPoissonMoment65_expansion' depends on axioms: [propext, Classical.choice.{u}, Quot.sound.{u}]
theorem Luce.Section6.centeredPoissonMoment65_one : ∀ (μ : Real),
  @Eq.{1} Real (Luce.Section6.centeredPoissonMoment65 μ (@OfNat.ofNat.{0} Nat (nat_lit 1) (instOfNatNat (nat_lit 1))))
    (@OfNat.ofNat.{0} Real (nat_lit 0) (@Zero.toOfNat0.{0} Real Real.instZero)) :=
⋯
'Luce.Section6.centeredPoissonMoment65_one' depends on axioms: [propext, Classical.choice.{u}, Quot.sound.{u}]
theorem Luce.Section6.centeredPoissonMoment65_rec : ∀ (μ : Real) (k : Nat),
  @Eq.{1} Real
    (Luce.Section6.centeredPoissonMoment65 μ
      (@HAdd.hAdd.{0, 0, 0} Nat Nat Nat (@instHAdd.{0} Nat instAddNat) k
        (@OfNat.ofNat.{0} Nat (nat_lit 1) (instOfNatNat (nat_lit 1)))))
    (@HMul.hMul.{0, 0, 0} Real Real Real (@instHMul.{0} Real Real.instMul) μ
      (∑ j ∈ Finset.range k,
        @HMul.hMul.{0, 0, 0} Real Real Real (@instHMul.{0} Real Real.instMul)
          (@Nat.cast.{0} Real Real.instNatCast (k.choose j)) (Luce.Section6.centeredPoissonMoment65 μ j))) :=
⋯
'Luce.Section6.centeredPoissonMoment65_rec' depends on axioms: [propext, Classical.choice.{u}, Quot.sound.{u}]
theorem Luce.Section6.centeredPoissonMoment65_zero : ∀ (μ : Real),
  @Eq.{1} Real (Luce.Section6.centeredPoissonMoment65 μ (@OfNat.ofNat.{0} Nat (nat_lit 0) (instOfNatNat (nat_lit 0))))
    (@OfNat.ofNat.{0} Real (nat_lit 1) (@One.toOfNat1.{0} Real Real.instOne)) :=
⋯
'Luce.Section6.centeredPoissonMoment65_zero' depends on axioms: [propext, Classical.choice.{u}, Quot.sound.{u}]
theorem Luce.Section6.centered_polynomial_expansion65 : ∀ (μ : Real) (k : Nat),
  @Eq.{1} (@Polynomial.{0} Real Real.semiring)
    (@HPow.hPow.{0, 0, 0} (@Polynomial.{0} Real Real.semiring) Nat (@Polynomial.{0} Real Real.semiring)
      (@instHPow.{0, 0} (@Polynomial.{0} Real Real.semiring) Nat
        (@NPow.toPow.{0} (@Polynomial.{0} Real Real.semiring)
          (@Monoid.toNPow.{0} (@Polynomial.{0} Real Real.semiring)
            (@Semiring.toMonoid.{0} (@Polynomial.{0} Real Real.semiring)
              (@Polynomial.semiring.{0} Real Real.semiring)))))
      (@HSub.hSub.{0, 0, 0} (@Polynomial.{0} Real Real.semiring) (@Polynomial.{0} Real Real.semiring)
        (@Polynomial.{0} Real Real.semiring)
        (@instHSub.{0} (@Polynomial.{0} Real Real.semiring) (@Polynomial.instSub.{0} Real Real.instRing))
        (@Polynomial.X.{0} Real Real.semiring)
        (@DFunLike.coe.{1, 1, 1}
          (@RingHom.{0, 0} Real (@Polynomial.{0} Real Real.semiring)
            (@Semiring.toNonAssocSemiring.{0} Real Real.semiring)
            (@Semiring.toNonAssocSemiring.{0} (@Polynomial.{0} Real Real.semiring)
              (@Polynomial.semiring.{0} Real Real.semiring)))
          Real (fun x => @Polynomial.{0} Real Real.semiring)
          (@RingHom.instFunLike.{0, 0} Real (@Polynomial.{0} Real Real.semiring)
            (@Semiring.toNonAssocSemiring.{0} Real Real.semiring)
            (@Semiring.toNonAssocSemiring.{0} (@Polynomial.{0} Real Real.semiring)
              (@Polynomial.semiring.{0} Real Real.semiring)))
          (@Polynomial.C.{0} Real Real.semiring) μ))
      k)
    (∑ j,
      @HSMul.hSMul.{0, 0, 0} Real (@Polynomial.{0} Real Real.semiring) (@Polynomial.{0} Real Real.semiring)
        (@instHSMul.{0, 0} Real (@Polynomial.{0} Real Real.semiring)
          (@Algebra.toSMul.{0, 0} Real (@Polynomial.{0} Real Real.semiring) Real.instCommSemiring
            (@Polynomial.semiring.{0} Real Real.semiring)
            (@Polynomial.algebraOfAlgebra.{0, 0} Real Real Real.instCommSemiring Real.semiring
              (@Algebra.id.{0} Real Real.instCommSemiring))))
        (@HMul.hMul.{0, 0, 0} Real Real Real (@instHMul.{0} Real Real.instMul)
          (@Nat.cast.{0} Real Real.instNatCast
            (k.choose
              (@Fin.val
                (@HAdd.hAdd.{0, 0, 0} Nat Nat Nat (@instHAdd.{0} Nat instAddNat) k
                  (@OfNat.ofNat.{0} Nat (nat_lit 1) (instOfNatNat (nat_lit 1))))
                j)))
          (@HPow.hPow.{0, 0, 0} Real Nat Real
            (@instHPow.{0, 0} Real Nat (@NPow.toPow.{0} Real (@Monoid.toNPow.{0} Real Real.instMonoid)))
            (@Neg.neg.{0} Real Real.instNeg μ)
            (@HSub.hSub.{0, 0, 0} Nat Nat Nat (@instHSub.{0} Nat instSubNat) k
              (@Fin.val
                (@HAdd.hAdd.{0, 0, 0} Nat Nat Nat (@instHAdd.{0} Nat instAddNat) k
                  (@OfNat.ofNat.{0} Nat (nat_lit 1) (instOfNatNat (nat_lit 1))))
                j))))
        (@HPow.hPow.{0, 0, 0} (@Polynomial.{0} Real Real.semiring) Nat (@Polynomial.{0} Real Real.semiring)
          (@instHPow.{0, 0} (@Polynomial.{0} Real Real.semiring) Nat
            (@NPow.toPow.{0} (@Polynomial.{0} Real Real.semiring)
              (@Monoid.toNPow.{0} (@Polynomial.{0} Real Real.semiring)
                (@Semiring.toMonoid.{0} (@Polynomial.{0} Real Real.semiring)
                  (@Polynomial.semiring.{0} Real Real.semiring)))))
          (@Polynomial.X.{0} Real Real.semiring)
          (@Fin.val
            (@HAdd.hAdd.{0, 0, 0} Nat Nat Nat (@instHAdd.{0} Nat instAddNat) k
              (@OfNat.ofNat.{0} Nat (nat_lit 1) (instOfNatNat (nat_lit 1))))
            j))) :=
⋯
'Luce.Section6.centered_polynomial_expansion65' depends on axioms: [propext, Classical.choice.{u}, Quot.sound.{u}]
theorem Luce.Section6.centered_power_expansion65 : ∀ (μ x : Real) (k : Nat),
  @Eq.{1} Real
    (@HPow.hPow.{0, 0, 0} Real Nat Real
      (@instHPow.{0, 0} Real Nat (@NPow.toPow.{0} Real (@Monoid.toNPow.{0} Real Real.instMonoid)))
      (@HSub.hSub.{0, 0, 0} Real Real Real (@instHSub.{0} Real Real.instSub) x μ) k)
    (∑ j,
      @HMul.hMul.{0, 0, 0} Real Real Real (@instHMul.{0} Real Real.instMul)
        (@HMul.hMul.{0, 0, 0} Real Real Real (@instHMul.{0} Real Real.instMul)
          (@Nat.cast.{0} Real Real.instNatCast
            (k.choose
              (@Fin.val
                (@HAdd.hAdd.{0, 0, 0} Nat Nat Nat (@instHAdd.{0} Nat instAddNat) k
                  (@OfNat.ofNat.{0} Nat (nat_lit 1) (instOfNatNat (nat_lit 1))))
                j)))
          (@HPow.hPow.{0, 0, 0} Real Nat Real
            (@instHPow.{0, 0} Real Nat (@NPow.toPow.{0} Real (@Monoid.toNPow.{0} Real Real.instMonoid)))
            (@Neg.neg.{0} Real Real.instNeg μ)
            (@HSub.hSub.{0, 0, 0} Nat Nat Nat (@instHSub.{0} Nat instSubNat) k
              (@Fin.val
                (@HAdd.hAdd.{0, 0, 0} Nat Nat Nat (@instHAdd.{0} Nat instAddNat) k
                  (@OfNat.ofNat.{0} Nat (nat_lit 1) (instOfNatNat (nat_lit 1))))
                j))))
        (@HPow.hPow.{0, 0, 0} Real Nat Real
          (@instHPow.{0, 0} Real Nat (@NPow.toPow.{0} Real (@Monoid.toNPow.{0} Real Real.instMonoid))) x
          (@Fin.val
            (@HAdd.hAdd.{0, 0, 0} Nat Nat Nat (@instHAdd.{0} Nat instAddNat) k
              (@OfNat.ofNat.{0} Nat (nat_lit 1) (instOfNatNat (nat_lit 1))))
            j))) :=
⋯
'Luce.Section6.centered_power_expansion65' depends on axioms: [propext, Classical.choice.{u}, Quot.sound.{u}]
theorem Luce.Section6.charFun_derivative_moment_bound : ∀ (μ : @MeasureTheory.Measure.{0} Real Real.measurableSpace)
  [@MeasureTheory.IsFiniteMeasure.{0} Real Real.measurableSpace μ] (n : Nat),
  @MeasureTheory.MemLp.{0, 0} Real Real Real.measurableSpace
      (@ContinuousENorm.toENorm.{0} Real
        (@UniformSpace.toTopologicalSpace.{0} Real
          (@PseudoMetricSpace.toUniformSpace.{0} Real
            (@SeminormedAddGroup.toPseudoMetricSpace.{0} Real
              (@SeminormedAddCommGroup.toSeminormedAddGroup.{0} Real
                (@NonUnitalSeminormedRing.toSeminormedAddCommGroup.{0} Real
                  (@NonUnitalSeminormedCommRing.toNonUnitalSeminormedRing.{0} Real
                    (@SeminormedCommRing.toNonUnitalSeminormedCommRing.{0} Real
                      (@NormedCommRing.toSeminormedCommRing.{0} Real Real.normedCommRing))))))))
        (@SeminormedAddGroup.toContinuousENorm.{0} Real
          (@SeminormedAddCommGroup.toSeminormedAddGroup.{0} Real
            (@NonUnitalSeminormedRing.toSeminormedAddCommGroup.{0} Real
              (@NonUnitalSeminormedCommRing.toNonUnitalSeminormedRing.{0} Real
                (@SeminormedCommRing.toNonUnitalSeminormedCommRing.{0} Real
                  (@NormedCommRing.toSeminormedCommRing.{0} Real Real.normedCommRing)))))))
      (@UniformSpace.toTopologicalSpace.{0} Real (@PseudoMetricSpace.toUniformSpace.{0} Real Real.pseudoMetricSpace))
      (@id.{1} Real)
      (@Nat.cast.{0} ENNReal
        (@AddMonoidWithOne.toNatCast.{0} ENNReal
          (@AddCommMonoidWithOne.toAddMonoidWithOne.{0} ENNReal ENNReal.instAddCommMonoidWithOne))
        n)
      μ →
    ∀ (t : Real),
      @LE.le.{0} Real Real.instLE
        (@Norm.norm.{0} Complex Complex.instNorm
          (@iteratedDeriv.{0, 0} Real (@DenselyNormedField.toNontriviallyNormedField.{0} Real Real.denselyNormedField)
            Complex Complex.instNormedAddCommGroup
            (@InnerProductSpace.toNormedSpace.{0, 0} Real Complex Real.instRCLike
              (@NormedAddCommGroup.toSeminormedAddCommGroup.{0} Complex Complex.instNormedAddCommGroup)
              instInnerProductSpaceRealComplex)
            n
            (@MeasureTheory.charFun.{0} Real Real.measurableSpace
              (@InnerProductSpace.toInner.{0, 0} Real Real Real.instRCLike
                (@NonUnitalSeminormedRing.toSeminormedAddCommGroup.{0} Real
                  (@NonUnitalSeminormedCommRing.toNonUnitalSeminormedRing.{0} Real
                    (@SeminormedCommRing.toNonUnitalSeminormedCommRing.{0} Real
                      (@NormedCommRing.toSeminormedCommRing.{0} Real
                        (@NormedField.toNormedCommRing.{0} Real
                          (@DenselyNormedField.toNormedField.{0} Real
                            (@RCLike.toDenselyNormedField.{0} Real Real.instRCLike)))))))
                (@RCLike.toInnerProductSpaceReal.{0} Real Real.instRCLike))
              μ)
            t))
        (@MeasureTheory.integral.{0, 0} Real Real Real.normedAddCommGroup
          (@InnerProductSpace.toNormedSpace.{0, 0} Real Real Real.instRCLike
            (@NormedAddCommGroup.toSeminormedAddCommGroup.{0} Real Real.normedAddCommGroup)
            (@RCLike.toInnerProductSpaceReal.{0} Real Real.instRCLike))
          Real.measurableSpace μ fun x =>
          @HPow.hPow.{0, 0, 0} Real Nat Real
            (@instHPow.{0, 0} Real Nat (@NPow.toPow.{0} Real (@Monoid.toNPow.{0} Real Real.instMonoid)))
            (@abs.{0} Real Real.lattice Real.instAddGroup x) n) :=
⋯
'Luce.Section6.charFun_derivative_moment_bound' depends on axioms: [propext, Classical.choice.{u}, Quot.sound.{u}]
theorem Luce.Section6.charFun_momentTaylor_bound : ∀ (μ : @MeasureTheory.Measure.{0} Real Real.measurableSpace)
  [@MeasureTheory.IsFiniteMeasure.{0} Real Real.measurableSpace μ],
  (∀ (j : Nat),
      @MeasureTheory.MemLp.{0, 0} Real Real Real.measurableSpace
        (@ContinuousENorm.toENorm.{0} Real
          (@UniformSpace.toTopologicalSpace.{0} Real
            (@PseudoMetricSpace.toUniformSpace.{0} Real
              (@SeminormedAddGroup.toPseudoMetricSpace.{0} Real
                (@SeminormedAddCommGroup.toSeminormedAddGroup.{0} Real
                  (@NonUnitalSeminormedRing.toSeminormedAddCommGroup.{0} Real
                    (@NonUnitalSeminormedCommRing.toNonUnitalSeminormedRing.{0} Real
                      (@SeminormedCommRing.toNonUnitalSeminormedCommRing.{0} Real
                        (@NormedCommRing.toSeminormedCommRing.{0} Real Real.normedCommRing))))))))
          (@SeminormedAddGroup.toContinuousENorm.{0} Real
            (@SeminormedAddCommGroup.toSeminormedAddGroup.{0} Real
              (@NonUnitalSeminormedRing.toSeminormedAddCommGroup.{0} Real
                (@NonUnitalSeminormedCommRing.toNonUnitalSeminormedRing.{0} Real
                  (@SeminormedCommRing.toNonUnitalSeminormedCommRing.{0} Real
                    (@NormedCommRing.toSeminormedCommRing.{0} Real Real.normedCommRing)))))))
        (@UniformSpace.toTopologicalSpace.{0} Real (@PseudoMetricSpace.toUniformSpace.{0} Real Real.pseudoMetricSpace))
        (@id.{1} Real)
        (@Nat.cast.{0} ENNReal
          (@AddMonoidWithOne.toNatCast.{0} ENNReal
            (@AddCommMonoidWithOne.toAddMonoidWithOne.{0} ENNReal ENNReal.instAddCommMonoidWithOne))
          j)
        μ) →
    ∀ (n : Nat),
      @LE.le.{0} Real Real.instLE
        (@Norm.norm.{0} Complex Complex.instNorm
          (@HSub.hSub.{0, 0, 0} Complex Complex Complex (@instHSub.{0} Complex Complex.instSub)
            (@MeasureTheory.charFun.{0} Real Real.measurableSpace
              (@InnerProductSpace.toInner.{0, 0} Real Real Real.instRCLike
                (@NonUnitalSeminormedRing.toSeminormedAddCommGroup.{0} Real
                  (@NonUnitalSeminormedCommRing.toNonUnitalSeminormedRing.{0} Real
                    (@SeminormedCommRing.toNonUnitalSeminormedCommRing.{0} Real
                      (@NormedCommRing.toSeminormedCommRing.{0} Real
                        (@NormedField.toNormedCommRing.{0} Real
                          (@DenselyNormedField.toNormedField.{0} Real
                            (@RCLike.toDenselyNormedField.{0} Real Real.instRCLike)))))))
                (@RCLike.toInnerProductSpaceReal.{0} Real Real.instRCLike))
              μ (@OfNat.ofNat.{0} Real (nat_lit 1) (@One.toOfNat1.{0} Real Real.instOne)))
            (Luce.Section6.momentTaylor μ n)))
        (@HDiv.hDiv.{0, 0, 0} Real Real Real (@instHDiv.{0} Real (@DivInvMonoid.toDiv.{0} Real Real.instDivInvMonoid))
          (@MeasureTheory.integral.{0, 0} Real Real Real.normedAddCommGroup
            (@InnerProductSpace.toNormedSpace.{0, 0} Real Real Real.instRCLike
              (@NormedAddCommGroup.toSeminormedAddCommGroup.{0} Real Real.normedAddCommGroup)
              (@RCLike.toInnerProductSpaceReal.{0} Real Real.instRCLike))
            Real.measurableSpace μ fun x =>
            @HPow.hPow.{0, 0, 0} Real Nat Real
              (@instHPow.{0, 0} Real Nat (@NPow.toPow.{0} Real (@Monoid.toNPow.{0} Real Real.instMonoid)))
              (@abs.{0} Real Real.lattice Real.instAddGroup x)
              (@HAdd.hAdd.{0, 0, 0} Nat Nat Nat (@instHAdd.{0} Nat instAddNat) n
                (@OfNat.ofNat.{0} Nat (nat_lit 1) (instOfNatNat (nat_lit 1)))))
          (@Nat.cast.{0} Real Real.instNatCast n.factorial)) :=
⋯
'Luce.Section6.charFun_momentTaylor_bound' depends on axioms: [propext, Classical.choice.{u}, Quot.sound.{u}]
theorem Luce.Section6.charFun_one_tendsto_of_moments : ∀
  (μ : Nat → @MeasureTheory.Measure.{0} Real Real.measurableSpace)
  (ν : @MeasureTheory.Measure.{0} Real Real.measurableSpace)
  [∀ (n : Nat), @MeasureTheory.IsFiniteMeasure.{0} Real Real.measurableSpace (μ n)]
  [@MeasureTheory.IsFiniteMeasure.{0} Real Real.measurableSpace ν],
  (∀ (n k : Nat),
      @MeasureTheory.MemLp.{0, 0} Real Real Real.measurableSpace
        (@ContinuousENorm.toENorm.{0} Real
          (@UniformSpace.toTopologicalSpace.{0} Real
            (@PseudoMetricSpace.toUniformSpace.{0} Real
              (@SeminormedAddGroup.toPseudoMetricSpace.{0} Real
                (@SeminormedAddCommGroup.toSeminormedAddGroup.{0} Real
                  (@NonUnitalSeminormedRing.toSeminormedAddCommGroup.{0} Real
                    (@NonUnitalSeminormedCommRing.toNonUnitalSeminormedRing.{0} Real
                      (@SeminormedCommRing.toNonUnitalSeminormedCommRing.{0} Real
                        (@NormedCommRing.toSeminormedCommRing.{0} Real Real.normedCommRing))))))))
          (@SeminormedAddGroup.toContinuousENorm.{0} Real
            (@SeminormedAddCommGroup.toSeminormedAddGroup.{0} Real
              (@NonUnitalSeminormedRing.toSeminormedAddCommGroup.{0} Real
                (@NonUnitalSeminormedCommRing.toNonUnitalSeminormedRing.{0} Real
                  (@SeminormedCommRing.toNonUnitalSeminormedCommRing.{0} Real
                    (@NormedCommRing.toSeminormedCommRing.{0} Real Real.normedCommRing)))))))
        (@UniformSpace.toTopologicalSpace.{0} Real (@PseudoMetricSpace.toUniformSpace.{0} Real Real.pseudoMetricSpace))
        (@id.{1} Real)
        (@Nat.cast.{0} ENNReal
          (@AddMonoidWithOne.toNatCast.{0} ENNReal
            (@AddCommMonoidWithOne.toAddMonoidWithOne.{0} ENNReal ENNReal.instAddCommMonoidWithOne))
          k)
        (μ n)) →
    (∀ (k : Nat),
        @MeasureTheory.MemLp.{0, 0} Real Real Real.measurableSpace
          (@ContinuousENorm.toENorm.{0} Real
            (@UniformSpace.toTopologicalSpace.{0} Real
              (@PseudoMetricSpace.toUniformSpace.{0} Real
                (@SeminormedAddGroup.toPseudoMetricSpace.{0} Real
                  (@SeminormedAddCommGroup.toSeminormedAddGroup.{0} Real
                    (@NonUnitalSeminormedRing.toSeminormedAddCommGroup.{0} Real
                      (@NonUnitalSeminormedCommRing.toNonUnitalSeminormedRing.{0} Real
                        (@SeminormedCommRing.toNonUnitalSeminormedCommRing.{0} Real
                          (@NormedCommRing.toSeminormedCommRing.{0} Real Real.normedCommRing))))))))
            (@SeminormedAddGroup.toContinuousENorm.{0} Real
              (@SeminormedAddCommGroup.toSeminormedAddGroup.{0} Real
                (@NonUnitalSeminormedRing.toSeminormedAddCommGroup.{0} Real
                  (@NonUnitalSeminormedCommRing.toNonUnitalSeminormedRing.{0} Real
                    (@SeminormedCommRing.toNonUnitalSeminormedCommRing.{0} Real
                      (@NormedCommRing.toSeminormedCommRing.{0} Real Real.normedCommRing)))))))
          (@UniformSpace.toTopologicalSpace.{0} Real
            (@PseudoMetricSpace.toUniformSpace.{0} Real Real.pseudoMetricSpace))
          (@id.{1} Real)
          (@Nat.cast.{0} ENNReal
            (@AddMonoidWithOne.toNatCast.{0} ENNReal
              (@AddCommMonoidWithOne.toAddMonoidWithOne.{0} ENNReal ENNReal.instAddCommMonoidWithOne))
            k)
          ν) →
      @MeasureTheory.Integrable.{0, 0} Real
          (@UniformSpace.toTopologicalSpace.{0} Real
            (@PseudoMetricSpace.toUniformSpace.{0} Real Real.pseudoMetricSpace))
          (@SeminormedAddGroup.toContinuousENorm.{0} Real
            (@SeminormedAddCommGroup.toSeminormedAddGroup.{0} Real
              (@NonUnitalSeminormedRing.toSeminormedAddCommGroup.{0} Real
                (@NonUnitalSeminormedCommRing.toNonUnitalSeminormedRing.{0} Real
                  (@SeminormedCommRing.toNonUnitalSeminormedCommRing.{0} Real
                    (@NormedCommRing.toSeminormedCommRing.{0} Real Real.normedCommRing))))))
          Real Real.measurableSpace
          (fun x =>
            Real.exp
              (@HMul.hMul.{0, 0, 0} Real Real Real (@instHMul.{0} Real Real.instMul)
                (@OfNat.ofNat.{0} Real (nat_lit 2) (@instOfNatAtLeastTwo.{0} Real (nat_lit 2) Real.instNatCast ⋯))
                (@abs.{0} Real Real.lattice Real.instAddGroup x)))
          ν →
        (∀ (k : Nat),
            @Filter.Tendsto.{0, 0} Nat Real
              (fun n =>
                @MeasureTheory.integral.{0, 0} Real Real Real.normedAddCommGroup
                  (@InnerProductSpace.toNormedSpace.{0, 0} Real Real Real.instRCLike
                    (@NormedAddCommGroup.toSeminormedAddCommGroup.{0} Real Real.normedAddCommGroup)
                    (@RCLike.toInnerProductSpaceReal.{0} Real Real.instRCLike))
                  Real.measurableSpace (μ n) fun x =>
                  @HPow.hPow.{0, 0, 0} Real Nat Real
                    (@instHPow.{0, 0} Real Nat (@NPow.toPow.{0} Real (@Monoid.toNPow.{0} Real Real.instMonoid))) x k)
              (@Filter.atTop.{0} Nat Nat.instPreorder)
              (@nhds.{0} Real
                (@UniformSpace.toTopologicalSpace.{0} Real
                  (@PseudoMetricSpace.toUniformSpace.{0} Real Real.pseudoMetricSpace))
                (@MeasureTheory.integral.{0, 0} Real Real Real.normedAddCommGroup
                  (@InnerProductSpace.toNormedSpace.{0, 0} Real Real Real.instRCLike
                    (@NormedAddCommGroup.toSeminormedAddCommGroup.{0} Real Real.normedAddCommGroup)
                    (@RCLike.toInnerProductSpaceReal.{0} Real Real.instRCLike))
                  Real.measurableSpace ν fun x =>
                  @HPow.hPow.{0, 0, 0} Real Nat Real
                    (@instHPow.{0, 0} Real Nat (@NPow.toPow.{0} Real (@Monoid.toNPow.{0} Real Real.instMonoid))) x
                    k))) →
          @Filter.Tendsto.{0, 0} Nat Complex
            (fun n =>
              @MeasureTheory.charFun.{0} Real Real.measurableSpace
                (@InnerProductSpace.toInner.{0, 0} Real Real Real.instRCLike
                  (@NonUnitalSeminormedRing.toSeminormedAddCommGroup.{0} Real
                    (@NonUnitalSeminormedCommRing.toNonUnitalSeminormedRing.{0} Real
                      (@SeminormedCommRing.toNonUnitalSeminormedCommRing.{0} Real
                        (@NormedCommRing.toSeminormedCommRing.{0} Real
                          (@NormedField.toNormedCommRing.{0} Real
                            (@DenselyNormedField.toNormedField.{0} Real
                              (@RCLike.toDenselyNormedField.{0} Real Real.instRCLike)))))))
                  (@RCLike.toInnerProductSpaceReal.{0} Real Real.instRCLike))
                (μ n) (@OfNat.ofNat.{0} Real (nat_lit 1) (@One.toOfNat1.{0} Real Real.instOne)))
            (@Filter.atTop.{0} Nat Nat.instPreorder)
            (@nhds.{0} Complex
              (@UniformSpace.toTopologicalSpace.{0} Complex
                (@PseudoMetricSpace.toUniformSpace.{0} Complex
                  (@SeminormedRing.toPseudoMetricSpace.{0} Complex
                    (@SeminormedCommRing.toSeminormedRing.{0} Complex
                      (@NormedCommRing.toSeminormedCommRing.{0} Complex
                        (@CommCStarAlgebra.toNormedCommRing.{0} Complex instCommCStarAlgebraComplex))))))
              (@MeasureTheory.charFun.{0} Real Real.measurableSpace
                (@InnerProductSpace.toInner.{0, 0} Real Real Real.instRCLike
                  (@NonUnitalSeminormedRing.toSeminormedAddCommGroup.{0} Real
                    (@NonUnitalSeminormedCommRing.toNonUnitalSeminormedRing.{0} Real
                      (@SeminormedCommRing.toNonUnitalSeminormedCommRing.{0} Real
                        (@NormedCommRing.toSeminormedCommRing.{0} Real
                          (@NormedField.toNormedCommRing.{0} Real
                            (@DenselyNormedField.toNormedField.{0} Real
                              (@RCLike.toDenselyNormedField.{0} Real Real.instRCLike)))))))
                  (@RCLike.toInnerProductSpaceReal.{0} Real Real.instRCLike))
                ν (@OfNat.ofNat.{0} Real (nat_lit 1) (@One.toOfNat1.{0} Real Real.instOne)))) :=
⋯
'Luce.Section6.charFun_one_tendsto_of_moments' depends on axioms: [propext, Classical.choice.{u}, Quot.sound.{u}]
theorem Luce.Section6.characteristic_integral_l1_bound65.{u_1} : ∀ {Ω : Type u_1} [inst : MeasurableSpace.{u_1} Ω]
  (P : @MeasureTheory.Measure.{u_1} Ω inst) [@MeasureTheory.IsFiniteMeasure.{u_1} Ω inst P] (X Y : Ω → Real),
  @Measurable.{u_1, 0} Ω Real inst Real.measurableSpace X →
    @Measurable.{u_1, 0} Ω Real inst Real.measurableSpace Y →
      @MeasureTheory.Integrable.{0, u_1} Real
          (@UniformSpace.toTopologicalSpace.{0} Real
            (@PseudoMetricSpace.toUniformSpace.{0} Real Real.pseudoMetricSpace))
          (@SeminormedAddGroup.toContinuousENorm.{0} Real
            (@SeminormedAddCommGroup.toSeminormedAddGroup.{0} Real
              (@NonUnitalSeminormedRing.toSeminormedAddCommGroup.{0} Real
                (@NonUnitalSeminormedCommRing.toNonUnitalSeminormedRing.{0} Real
                  (@SeminormedCommRing.toNonUnitalSeminormedCommRing.{0} Real
                    (@NormedCommRing.toSeminormedCommRing.{0} Real Real.normedCommRing))))))
          Ω inst
          (fun ω =>
            @abs.{0} Real Real.lattice Real.instAddGroup
              (@HSub.hSub.{0, 0, 0} Real Real Real (@instHSub.{0} Real Real.instSub) (X ω) (Y ω)))
          P →
        @LE.le.{0} Real Real.instLE
          (@Norm.norm.{0} Complex Complex.instNorm
            (@HSub.hSub.{0, 0, 0} Complex Complex Complex (@instHSub.{0} Complex Complex.instSub)
              (@MeasureTheory.integral.{u_1, 0} Ω Complex Complex.instNormedAddCommGroup
                (@InnerProductSpace.toNormedSpace.{0, 0} Real Complex Real.instRCLike
                  (@NormedAddCommGroup.toSeminormedAddCommGroup.{0} Complex Complex.instNormedAddCommGroup)
                  instInnerProductSpaceRealComplex)
                inst P fun ω =>
                Complex.exp
                  (@HMul.hMul.{0, 0, 0} Complex Complex Complex (@instHMul.{0} Complex Complex.instMul) (↑(X ω))
                    Complex.I))
              (@MeasureTheory.integral.{u_1, 0} Ω Complex Complex.instNormedAddCommGroup
                (@InnerProductSpace.toNormedSpace.{0, 0} Real Complex Real.instRCLike
                  (@NormedAddCommGroup.toSeminormedAddCommGroup.{0} Complex Complex.instNormedAddCommGroup)
                  instInnerProductSpaceRealComplex)
                inst P fun ω =>
                Complex.exp
                  (@HMul.hMul.{0, 0, 0} Complex Complex Complex (@instHMul.{0} Complex Complex.instMul) (↑(Y ω))
                    Complex.I))))
          (@MeasureTheory.integral.{u_1, 0} Ω Real Real.normedAddCommGroup
            (@InnerProductSpace.toNormedSpace.{0, 0} Real Real Real.instRCLike
              (@NormedAddCommGroup.toSeminormedAddCommGroup.{0} Real Real.normedAddCommGroup)
              (@RCLike.toInnerProductSpaceReal.{0} Real Real.instRCLike))
            inst P fun ω =>
            @abs.{0} Real Real.lattice Real.instAddGroup
              (@HSub.hSub.{0, 0, 0} Real Real Real (@instHSub.{0} Real Real.instSub) (X ω) (Y ω))) :=
⋯
'Luce.Section6.characteristic_integral_l1_bound65' depends on axioms: [propext, Classical.choice.{u}, Quot.sound.{u}]
theorem Luce.Section6.complex_tendsto_of_finite_approximations : ∀ (u : Nat → Complex) (v : Complex)
  (p : Nat → Nat → Complex) (q : Nat → Complex) (R : Nat → Nat → Real) (r : Nat → Real),
  (∀ (m n : Nat),
      @LE.le.{0} Real Real.instLE
        (@Norm.norm.{0} Complex Complex.instNorm
          (@HSub.hSub.{0, 0, 0} Complex Complex Complex (@instHSub.{0} Complex Complex.instSub) (u n) (p m n)))
        (R m n)) →
    (∀ (m : Nat),
        @LE.le.{0} Real Real.instLE
          (@Norm.norm.{0} Complex Complex.instNorm
            (@HSub.hSub.{0, 0, 0} Complex Complex Complex (@instHSub.{0} Complex Complex.instSub) v (q m)))
          (r m)) →
      (∀ (m : Nat),
          @Filter.Tendsto.{0, 0} Nat Complex (p m) (@Filter.atTop.{0} Nat Nat.instPreorder)
            (@nhds.{0} Complex
              (@UniformSpace.toTopologicalSpace.{0} Complex
                (@PseudoMetricSpace.toUniformSpace.{0} Complex
                  (@SeminormedRing.toPseudoMetricSpace.{0} Complex
                    (@SeminormedCommRing.toSeminormedRing.{0} Complex
                      (@NormedCommRing.toSeminormedCommRing.{0} Complex
                        (@CommCStarAlgebra.toNormedCommRing.{0} Complex instCommCStarAlgebraComplex))))))
              (q m))) →
        (∀ (m : Nat),
            @Filter.Tendsto.{0, 0} Nat Real (R m) (@Filter.atTop.{0} Nat Nat.instPreorder)
              (@nhds.{0} Real
                (@UniformSpace.toTopologicalSpace.{0} Real
                  (@PseudoMetricSpace.toUniformSpace.{0} Real Real.pseudoMetricSpace))
                (r m))) →
          @Filter.Tendsto.{0, 0} Nat Real r (@Filter.atTop.{0} Nat Nat.instPreorder)
              (@nhds.{0} Real
                (@UniformSpace.toTopologicalSpace.{0} Real
                  (@PseudoMetricSpace.toUniformSpace.{0} Real Real.pseudoMetricSpace))
                (@OfNat.ofNat.{0} Real (nat_lit 0) (@Zero.toOfNat0.{0} Real Real.instZero))) →
            @Filter.Tendsto.{0, 0} Nat Complex u (@Filter.atTop.{0} Nat Nat.instPreorder)
              (@nhds.{0} Complex
                (@UniformSpace.toTopologicalSpace.{0} Complex
                  (@PseudoMetricSpace.toUniformSpace.{0} Complex
                    (@SeminormedRing.toPseudoMetricSpace.{0} Complex
                      (@SeminormedCommRing.toSeminormedRing.{0} Complex
                        (@NormedCommRing.toSeminormedCommRing.{0} Complex
                          (@CommCStarAlgebra.toNormedCommRing.{0} Complex instCommCStarAlgebraComplex))))))
                v) :=
⋯
'Luce.Section6.complex_tendsto_of_finite_approximations' depends on axioms: [propext,
 Classical.choice.{u},
 Quot.sound.{u}]
theorem Luce.Section6.convolutionDensity_pos65 : ∀ {γ q : Real},
  @LT.lt.{0} Real Real.instLT (@OfNat.ofNat.{0} Real (nat_lit 0) (@Zero.toOfNat0.{0} Real Real.instZero)) γ →
    @LT.lt.{0} Real Real.instLT (@OfNat.ofNat.{0} Real (nat_lit 0) (@Zero.toOfNat0.{0} Real Real.instZero)) q →
      ∀ (k : Nat) (x : Real),
        @LT.lt.{0} Real Real.instLT (@OfNat.ofNat.{0} Real (nat_lit 0) (@Zero.toOfNat0.{0} Real Real.instZero))
          (Luce.Section6.convolutionDensity γ q k x) :=
⋯
'Luce.Section6.convolutionDensity_pos65' depends on axioms: [propext, Classical.choice.{u}, Quot.sound.{u}]
theorem Luce.Section6.coreCategoryCount_eq_filtered65 : ∀ {n : Nat} (R : Equiv.Perm.{1} (Fin n))
  (c : Luce.Section6.CoreCycleCategory),
  @Eq.{1} Nat (@Luce.Section6.coreCategoryCount n R c)
    (@Finset.card.{0} ↥(@Luce.Section5.cycleOrbits.{0} (Fin n) (Fin.fintype n) (instDecidableEqFin n) R c.lengthIndex)
      {d |
        And
          (∀ (v : Fin n),
            @Membership.mem.{0, 0} (Fin n) (Finset.{0} (Fin n))
                (@SetLike.instMembership.{0, 0} (Finset.{0} (Fin n)) (Fin n) (@Finset.instSetLike.{0} (Fin n)))
                (@Cycle.toFinset.{0} (Fin n) (instDecidableEqFin n)
                  (@Subtype.val.{1} (Cycle.{0} (Fin n))
                    (fun x =>
                      @Membership.mem.{0, 0} (Cycle.{0} (Fin n)) (Finset.{0} (Cycle.{0} (Fin n)))
                        (@SetLike.instMembership.{0, 0} (Finset.{0} (Cycle.{0} (Fin n))) (Cycle.{0} (Fin n))
                          (@Finset.instSetLike.{0} (Cycle.{0} (Fin n))))
                        (@Luce.Section5.cycleOrbits.{0} (Fin n) (Fin.fintype n) (instDecidableEqFin n) R c.lengthIndex)
                        x)
                    d))
                v →
              And (@LE.le.{0} Nat instLENat (Luce.Section6.idealCoreLower n) (@Luce.Section6.cornerDistance c.side n v))
                (@LE.le.{0} Nat instLENat (@Luce.Section6.cornerDistance c.side n v) (Luce.Section6.idealCoreUpper n)))
          (c.rootWindow.Allows n
            (@Luce.Section6.cornerDistance c.side n (@Luce.Section5.cycleMaximum n R c.lengthIndex d)))}) :=
⋯
'Luce.Section6.coreCategoryCount_eq_filtered65' depends on axioms: [propext, Classical.choice.{u}, Quot.sound.{u}]
theorem Luce.Section6.coreCount_le_windowCount65 : ∀ {n : Nat} (R : Equiv.Perm.{1} (Fin n))
  (c : Luce.Section6.CoreCycleCategory),
  @LE.le.{0} Nat instLENat (@Luce.Section6.coreCategoryCount n R c)
    (@Finset.card.{0} ↥(@Luce.Section5.cycleOrbits.{0} (Fin n) (Fin.fintype n) (instDecidableEqFin n) R c.lengthIndex)
      {d |
        c.rootWindow.Allows n
          (@Luce.Section6.cornerDistance c.side n (@Luce.Section5.cycleMaximum n R c.lengthIndex d))}) :=
⋯
'Luce.Section6.coreCount_le_windowCount65' depends on axioms: [propext, Classical.choice.{u}, Quot.sound.{u}]
theorem Luce.Section6.coreCount_meanApprox65 : ∀ (f : Real → Real) (left right : Luce.Section6.EndpointBehavior),
  Luce.Section6.PowerProfile f left right →
    ∀ (grid : Luce.Section6.SamplingGrid) (w : Luce.WeightArray),
      Luce.Section6.SampledRates grid w f →
        ∀ (c : Luce.Section6.CoreCycleCategory),
          (Luce.Section6.cornerBehavior left right c.side).active →
            ∀ {β : Real},
              Luce.Section6.MeanApprox65 (fun n => Luce.Section6.coreCategoryIdealMean left right n c) β →
                Luce.Section6.MeanApprox65
                  (fun n =>
                    @MeasureTheory.integral.{0, 0} (Fin n → Real) Real Real.normedAddCommGroup
                      (@InnerProductSpace.toNormedSpace.{0, 0} Real Real Real.instRCLike
                        (@NormedAddCommGroup.toSeminormedAddCommGroup.{0} Real Real.normedAddCommGroup)
                        (@RCLike.toInnerProductSpaceReal.{0} Real Real.instRCLike))
                      (@MeasurableSpace.pi.{0, 0} (Fin n) (fun a => Real) fun a => Real.measurableSpace)
                      (@Luce.exponentialRace n (w n)) fun clocks =>
                      @Nat.cast.{0} Real Real.instNatCast
                        (@Luce.Section6.coreCategoryCount n (@Luce.raceRankPermutation n clocks) c))
                  β :=
⋯
'Luce.Section6.coreCount_meanApprox65' depends on axioms: [propext, Classical.choice.{u}, Quot.sound.{u}]
theorem Luce.Section6.core_centered_moment_rapid65 : ∀ (f : Real → Real) (left right : Luce.Section6.EndpointBehavior),
  Luce.Section6.PowerProfile f left right →
    ∀ (grid : Luce.Section6.SamplingGrid) (w : Luce.WeightArray),
      Luce.Section6.SampledRates grid w f →
        ∀ (q : Nat) (c : Fin q → Luce.Section6.CoreCycleCategory),
          (∀ (i : Fin q), (Luce.Section6.cornerBehavior left right (c i).side).active) →
            @Luce.Section6.CoreCategoriesDisjoint q c →
              (∀ (i : Fin q),
                  Luce.Section6.LogGrowth65 fun n => Luce.Section6.coreCategoryIdealMean left right n (c i)) →
                ∀ (r : Fin q → Nat),
                  Luce.Section6.RapidError65 fun n =>
                    @HSub.hSub.{0, 0, 0} Real Real Real (@instHSub.{0} Real Real.instSub)
                      (@MeasureTheory.integral.{0, 0} (Fin n → Real) Real Real.normedAddCommGroup
                        (@InnerProductSpace.toNormedSpace.{0, 0} Real Real Real.instRCLike
                          (@NormedAddCommGroup.toSeminormedAddCommGroup.{0} Real Real.normedAddCommGroup)
                          (@RCLike.toInnerProductSpaceReal.{0} Real Real.instRCLike))
                        (@MeasurableSpace.pi.{0, 0} (Fin n) (fun a => Real) fun a => Real.measurableSpace)
                        (@Luce.exponentialRace n (w n)) fun clocks =>
                        ∏ i,
                          @HPow.hPow.{0, 0, 0} Real Nat Real
                            (@instHPow.{0, 0} Real Nat (@NPow.toPow.{0} Real (@Monoid.toNPow.{0} Real Real.instMonoid)))
                            (@HSub.hSub.{0, 0, 0} Real Real Real (@instHSub.{0} Real Real.instSub)
                              (@Nat.cast.{0} Real Real.instNatCast
                                (@Luce.Section6.coreCategoryCount n (@Luce.raceRankPermutation n clocks) (c i)))
                              (Luce.Section6.coreCategoryIdealMean left right n (c i)))
                            (r i))
                      (∏ i,
                        Luce.Section6.centeredPoissonMoment65 (Luce.Section6.coreCategoryIdealMean left right n (c i))
                          (r i)) :=
⋯
'Luce.Section6.core_centered_moment_rapid65' depends on axioms: [propext, Classical.choice.{u}, Quot.sound.{u}]
theorem Luce.Section6.core_error_tendsto65 : ∀ (K : Nat) {κ : Real},
  @LT.lt.{0} Real Real.instLT (@OfNat.ofNat.{0} Real (nat_lit 0) (@Zero.toOfNat0.{0} Real Real.instZero)) κ →
    @Filter.Tendsto.{0, 0} Nat Real
      (fun n =>
        @HMul.hMul.{0, 0, 0} Real Real Real (@instHMul.{0} Real Real.instMul)
          (@HPow.hPow.{0, 0, 0} Real Nat Real
            (@instHPow.{0, 0} Real Nat (@NPow.toPow.{0} Real (@Monoid.toNPow.{0} Real Real.instMonoid)))
            (@HAdd.hAdd.{0, 0, 0} Real Real Real (@instHAdd.{0} Real Real.instAdd)
              (@OfNat.ofNat.{0} Real (nat_lit 1) (@One.toOfNat1.{0} Real Real.instOne))
              (Real.log (@Nat.cast.{0} Real Real.instNatCast n)))
            K)
          (@HPow.hPow.{0, 0, 0} Real Real Real (@instHPow.{0, 0} Real Real Real.instPow)
            (@Nat.cast.{0} Real Real.instNatCast (Luce.Section6.idealCoreLower n)) (@Neg.neg.{0} Real Real.instNeg κ)))
      (@Filter.atTop.{0} Nat Nat.instPreorder)
      (@nhds.{0} Real
        (@UniformSpace.toTopologicalSpace.{0} Real (@PseudoMetricSpace.toUniformSpace.{0} Real Real.pseudoMetricSpace))
        (@OfNat.ofNat.{0} Real (nat_lit 0) (@Zero.toOfNat0.{0} Real Real.instZero))) :=
⋯
'Luce.Section6.core_error_tendsto65' depends on axioms: [propext, Classical.choice.{u}, Quot.sound.{u}]
theorem Luce.Section6.core_factorial_rapid65 : ∀ (f : Real → Real) (left right : Luce.Section6.EndpointBehavior),
  Luce.Section6.PowerProfile f left right →
    ∀ (grid : Luce.Section6.SamplingGrid) (w : Luce.WeightArray),
      Luce.Section6.SampledRates grid w f →
        ∀ (q : Nat) (c : Fin q → Luce.Section6.CoreCycleCategory),
          (∀ (i : Fin q), (Luce.Section6.cornerBehavior left right (c i).side).active) →
            @Luce.Section6.CoreCategoriesDisjoint q c →
              ∀ (r : Fin q → Nat),
                Luce.Section6.RapidError65 fun n =>
                  @HSub.hSub.{0, 0, 0} Real Real Real (@instHSub.{0} Real Real.instSub)
                    (@MeasureTheory.integral.{0, 0} (Fin n → Real) Real Real.normedAddCommGroup
                      (@InnerProductSpace.toNormedSpace.{0, 0} Real Real Real.instRCLike
                        (@NormedAddCommGroup.toSeminormedAddCommGroup.{0} Real Real.normedAddCommGroup)
                        (@RCLike.toInnerProductSpaceReal.{0} Real Real.instRCLike))
                      (@MeasurableSpace.pi.{0, 0} (Fin n) (fun a => Real) fun a => Real.measurableSpace)
                      (@Luce.exponentialRace n (w n)) fun clocks =>
                      ∏ i,
                        @Nat.cast.{0} Real Real.instNatCast
                          ((@Luce.Section6.coreCategoryCount n (@Luce.raceRankPermutation n clocks) (c i)).descFactorial
                            (r i)))
                    (∏ i,
                      @HPow.hPow.{0, 0, 0} Real Nat Real
                        (@instHPow.{0, 0} Real Nat (@NPow.toPow.{0} Real (@Monoid.toNPow.{0} Real Real.instMonoid)))
                        (Luce.Section6.coreCategoryIdealMean left right n (c i)) (r i)) :=
⋯
'Luce.Section6.core_factorial_rapid65' depends on axioms: [propext, Classical.choice.{u}, Quot.sound.{u}]
theorem Luce.Section6.core_log_ratio_error65 : ∀ {n : Nat},
  @LE.le.{0} Nat instLENat (@OfNat.ofNat.{0} Nat (nat_lit 1) (instOfNatNat (nat_lit 1))) n →
    @LE.le.{0} Nat instLENat (Luce.Section6.idealCoreLower n) (Luce.Section6.idealCoreUpper n) →
      @LE.le.{0} Real Real.instLE
        (@abs.{0} Real Real.lattice Real.instAddGroup
          (@HSub.hSub.{0, 0, 0} Real Real Real (@instHSub.{0} Real Real.instSub)
            (Real.log
              (@HDiv.hDiv.{0, 0, 0} Real Real Real
                (@instHDiv.{0} Real (@DivInvMonoid.toDiv.{0} Real Real.instDivInvMonoid))
                (@Nat.cast.{0} Real Real.instNatCast (Luce.Section6.idealCoreUpper n))
                (@Nat.cast.{0} Real Real.instNatCast (Luce.Section6.idealCoreLower n))))
            (Real.log (@Nat.cast.{0} Real Real.instNatCast n))))
        (@HAdd.hAdd.{0, 0, 0} Real Real Real (@instHAdd.{0} Real Real.instAdd)
          (@HMul.hMul.{0, 0, 0} Real Real Real (@instHMul.{0} Real Real.instMul)
            (@OfNat.ofNat.{0} Real (nat_lit 2) (@instOfNatAtLeastTwo.{0} Real (nat_lit 2) Real.instNatCast ⋯))
            (Real.log (@Nat.cast.{0} Real Real.instNatCast (Luce.Section6.idealCoreLower n))))
          (@OfNat.ofNat.{0} Real (nat_lit 1) (@One.toOfNat1.{0} Real Real.instOne))) :=
⋯
'Luce.Section6.core_log_ratio_error65' depends on axioms: [propext, Classical.choice.{u}, Quot.sound.{u}]
theorem Luce.Section6.core_normalized_finite_moments65.{u_1} : ∀ {ι : Type u_1} [inst : Fintype.{u_1} ι]
  (f : Real → Real) (left right : Luce.Section6.EndpointBehavior),
  Luce.Section6.PowerProfile f left right →
    ∀ (grid : Luce.Section6.SamplingGrid) (w : Luce.WeightArray),
      Luce.Section6.SampledRates grid w f →
        ∀ (c : ι → Luce.Section6.CoreCycleCategory),
          (∀ (i : ι), (Luce.Section6.cornerBehavior left right (c i).side).active) →
            @Luce.Section6.FiniteCategoriesDisjoint65.{u_1} ι c →
              ∀ (β : ι → Real),
                (∀ (i : ι),
                    @LT.lt.{0} Real Real.instLT
                      (@OfNat.ofNat.{0} Real (nat_lit 0) (@Zero.toOfNat0.{0} Real Real.instZero)) (β i)) →
                  (∀ (i : ι),
                      Luce.Section6.MeanApprox65 (fun n => Luce.Section6.coreCategoryIdealMean left right n (c i))
                        (β i)) →
                    ∀ (r : ι → Nat),
                      @Filter.Tendsto.{0, 0} Nat Real
                        (fun n =>
                          @MeasureTheory.integral.{0, 0} (Fin n → Real) Real Real.normedAddCommGroup
                            (@InnerProductSpace.toNormedSpace.{0, 0} Real Real Real.instRCLike
                              (@NormedAddCommGroup.toSeminormedAddCommGroup.{0} Real Real.normedAddCommGroup)
                              (@RCLike.toInnerProductSpaceReal.{0} Real Real.instRCLike))
                            (@MeasurableSpace.pi.{0, 0} (Fin n) (fun a => Real) fun a => Real.measurableSpace)
                            (@Luce.exponentialRace n (w n)) fun clocks =>
                            ∏ i,
                              @HPow.hPow.{0, 0, 0} Real Nat Real
                                (@instHPow.{0, 0} Real Nat
                                  (@NPow.toPow.{0} Real (@Monoid.toNPow.{0} Real Real.instMonoid)))
                                (@Luce.Section6.normalizedCoreCategory65 left right n
                                  (@Luce.raceRankPermutation n clocks) (c i))
                                (r i))
                        (@Filter.atTop.{0} Nat Nat.instPreorder)
                        (@nhds.{0} Real
                          (@UniformSpace.toTopologicalSpace.{0} Real
                            (@PseudoMetricSpace.toUniformSpace.{0} Real Real.pseudoMetricSpace))
                          (∏ i,
                            Luce.Section6.gaussianMoment65
                              (@OfNat.ofNat.{0} NNReal (nat_lit 1) (@One.toOfNat1.{0} NNReal NNReal.instOne)) (r i))) :=
⋯
'Luce.Section6.core_normalized_finite_moments65' depends on axioms: [propext, Classical.choice.{u}, Quot.sound.{u}]
theorem Luce.Section6.core_normalized_mixed_moments65 : ∀ (f : Real → Real)
  (left right : Luce.Section6.EndpointBehavior),
  Luce.Section6.PowerProfile f left right →
    ∀ (grid : Luce.Section6.SamplingGrid) (w : Luce.WeightArray),
      Luce.Section6.SampledRates grid w f →
        ∀ (q : Nat) (c : Fin q → Luce.Section6.CoreCycleCategory),
          (∀ (i : Fin q), (Luce.Section6.cornerBehavior left right (c i).side).active) →
            @Luce.Section6.CoreCategoriesDisjoint q c →
              (∀ (i : Fin q),
                  Luce.Section6.LogGrowth65 fun n => Luce.Section6.coreCategoryIdealMean left right n (c i)) →
                (∀ (i : Fin q),
                    @Filter.Tendsto.{0, 0} Nat Real (fun n => Luce.Section6.coreCategoryIdealMean left right n (c i))
                      (@Filter.atTop.{0} Nat Nat.instPreorder) (@Filter.atTop.{0} Real Real.instPreorder)) →
                  ∀ (r : Fin q → Nat),
                    @Filter.Tendsto.{0, 0} Nat Real
                      (fun n =>
                        @MeasureTheory.integral.{0, 0} (Fin n → Real) Real Real.normedAddCommGroup
                          (@InnerProductSpace.toNormedSpace.{0, 0} Real Real Real.instRCLike
                            (@NormedAddCommGroup.toSeminormedAddCommGroup.{0} Real Real.normedAddCommGroup)
                            (@RCLike.toInnerProductSpaceReal.{0} Real Real.instRCLike))
                          (@MeasurableSpace.pi.{0, 0} (Fin n) (fun a => Real) fun a => Real.measurableSpace)
                          (@Luce.exponentialRace n (w n)) fun clocks =>
                          ∏ i,
                            @HPow.hPow.{0, 0, 0} Real Nat Real
                              (@instHPow.{0, 0} Real Nat
                                (@NPow.toPow.{0} Real (@Monoid.toNPow.{0} Real Real.instMonoid)))
                              (@Luce.Section6.normalizedCoreCategory65 left right n (@Luce.raceRankPermutation n clocks)
                                (c i))
                              (r i))
                      (@Filter.atTop.{0} Nat Nat.instPreorder)
                      (@nhds.{0} Real
                        (@UniformSpace.toTopologicalSpace.{0} Real
                          (@PseudoMetricSpace.toUniformSpace.{0} Real Real.pseudoMetricSpace))
                        (∏ i,
                          Luce.Section6.gaussianMoment65
                            (@OfNat.ofNat.{0} NNReal (nat_lit 1) (@One.toOfNat1.{0} NNReal NNReal.instOne)) (r i))) :=
⋯
'Luce.Section6.core_normalized_mixed_moments65' depends on axioms: [propext, Classical.choice.{u}, Quot.sound.{u}]
theorem Luce.Section6.core_polynomial_rapid65 : ∀ (f : Real → Real) (left right : Luce.Section6.EndpointBehavior),
  Luce.Section6.PowerProfile f left right →
    ∀ (grid : Luce.Section6.SamplingGrid) (w : Luce.WeightArray),
      Luce.Section6.SampledRates grid w f →
        ∀ (q : Nat) (c : Fin q → Luce.Section6.CoreCycleCategory),
          (∀ (i : Fin q), (Luce.Section6.cornerBehavior left right (c i).side).active) →
            @Luce.Section6.CoreCategoriesDisjoint q c →
              ∀ (p : Fin q → @Polynomial.{0} Real Real.semiring),
                Luce.Section6.RapidError65 fun n =>
                  @HSub.hSub.{0, 0, 0} Real Real Real (@instHSub.{0} Real Real.instSub)
                    (@MeasureTheory.integral.{0, 0} (Fin n → Real) Real Real.normedAddCommGroup
                      (@InnerProductSpace.toNormedSpace.{0, 0} Real Real Real.instRCLike
                        (@NormedAddCommGroup.toSeminormedAddCommGroup.{0} Real Real.normedAddCommGroup)
                        (@RCLike.toInnerProductSpaceReal.{0} Real Real.instRCLike))
                      (@MeasurableSpace.pi.{0, 0} (Fin n) (fun a => Real) fun a => Real.measurableSpace)
                      (@Luce.exponentialRace n (w n)) fun clocks =>
                      ∏ i,
                        @Polynomial.eval.{0} Real Real.semiring
                          (@Nat.cast.{0} Real Real.instNatCast
                            (@Luce.Section6.coreCategoryCount n (@Luce.raceRankPermutation n clocks) (c i)))
                          (p i))
                    (∏ i,
                      @DFunLike.coe.{1, 1, 1}
                        (@LinearMap.{0, 0, 0, 0} Real Real Real.semiring Real.semiring
                          (@RingHom.id.{0} Real (@Semiring.toNonAssocSemiring.{0} Real Real.semiring))
                          (@Polynomial.{0} Real Real.semiring) Real
                          (@Semiring.toAddCommMonoid.{0} (@Polynomial.{0} Real Real.semiring)
                            (@Polynomial.semiring.{0} Real Real.semiring))
                          Real.instAddCommMonoid
                          (@Polynomial.module.{0, 0} Real Real.semiring Real Real.semiring
                            (@Semiring.toModule.{0} Real Real.semiring))
                          (@Semiring.toModule.{0} Real Real.semiring))
                        (@Polynomial.{0} Real Real.semiring) (fun x => Real)
                        (@LinearMap.instFunLike.{0, 0, 0, 0} Real Real (@Polynomial.{0} Real Real.semiring) Real
                          Real.semiring Real.semiring
                          (@Semiring.toAddCommMonoid.{0} (@Polynomial.{0} Real Real.semiring)
                            (@Polynomial.semiring.{0} Real Real.semiring))
                          Real.instAddCommMonoid
                          (@Polynomial.module.{0, 0} Real Real.semiring Real Real.semiring
                            (@Semiring.toModule.{0} Real Real.semiring))
                          (@Semiring.toModule.{0} Real Real.semiring)
                          (@RingHom.id.{0} Real (@Semiring.toNonAssocSemiring.{0} Real Real.semiring)))
                        (Luce.Section6.poissonFunctional65 (Luce.Section6.coreCategoryIdealMean left right n (c i)))
                        (p i)) :=
⋯
'Luce.Section6.core_polynomial_rapid65' depends on axioms: [propext, Classical.choice.{u}, Quot.sound.{u}]
theorem Luce.Section6.core_target_mixed_moments65.{u_1} : ∀ {ι : Type u_1} [inst : Fintype.{u_1} ι] (f : Real → Real)
  (left right : Luce.Section6.EndpointBehavior),
  Luce.Section6.PowerProfile f left right →
    ∀ (grid : Luce.Section6.SamplingGrid) (w : Luce.WeightArray),
      Luce.Section6.SampledRates grid w f →
        ∀ (c : ι → Luce.Section6.CoreCycleCategory),
          (∀ (i : ι), (Luce.Section6.cornerBehavior left right (c i).side).active) →
            @Luce.Section6.FiniteCategoriesDisjoint65.{u_1} ι c →
              ∀ (β : ι → Real),
                (∀ (i : ι),
                    @LT.lt.{0} Real Real.instLT
                      (@OfNat.ofNat.{0} Real (nat_lit 0) (@Zero.toOfNat0.{0} Real Real.instZero)) (β i)) →
                  (∀ (i : ι),
                      Luce.Section6.MeanApprox65 (fun n => Luce.Section6.coreCategoryIdealMean left right n (c i))
                        (β i)) →
                    ∀ (r : ι → Nat),
                      @Filter.Tendsto.{0, 0} Nat Real
                        (fun n =>
                          @MeasureTheory.integral.{0, 0} (Fin n → Real) Real Real.normedAddCommGroup
                            (@InnerProductSpace.toNormedSpace.{0, 0} Real Real Real.instRCLike
                              (@NormedAddCommGroup.toSeminormedAddCommGroup.{0} Real Real.normedAddCommGroup)
                              (@RCLike.toInnerProductSpaceReal.{0} Real Real.instRCLike))
                            (@MeasurableSpace.pi.{0, 0} (Fin n) (fun a => Real) fun a => Real.measurableSpace)
                            (@Luce.exponentialRace n (w n)) fun clocks =>
                            ∏ i,
                              @HPow.hPow.{0, 0, 0} Real Nat Real
                                (@instHPow.{0, 0} Real Nat
                                  (@NPow.toPow.{0} Real (@Monoid.toNPow.{0} Real Real.instMonoid)))
                                (@HDiv.hDiv.{0, 0, 0} Real Real Real
                                  (@instHDiv.{0} Real (@DivInvMonoid.toDiv.{0} Real Real.instDivInvMonoid))
                                  (@HSub.hSub.{0, 0, 0} Real Real Real (@instHSub.{0} Real Real.instSub)
                                    (@Nat.cast.{0} Real Real.instNatCast
                                      (@Luce.Section6.coreCategoryCount n (@Luce.raceRankPermutation n clocks) (c i)))
                                    (@HMul.hMul.{0, 0, 0} Real Real Real (@instHMul.{0} Real Real.instMul) (β i)
                                      (Real.log (@Nat.cast.{0} Real Real.instNatCast n))))
                                  (@HMul.hMul.{0, 0, 0} Real Real Real (@instHMul.{0} Real Real.instMul) (β i)
                                      (Real.log (@Nat.cast.{0} Real Real.instNatCast n))).sqrt)
                                (r i))
                        (@Filter.atTop.{0} Nat Nat.instPreorder)
                        (@nhds.{0} Real
                          (@UniformSpace.toTopologicalSpace.{0} Real
                            (@PseudoMetricSpace.toUniformSpace.{0} Real Real.pseudoMetricSpace))
                          (∏ i,
                            Luce.Section6.gaussianMoment65
                              (@OfNat.ofNat.{0} NNReal (nat_lit 1) (@One.toOfNat1.{0} NNReal NNReal.instOne)) (r i))) :=
⋯
'Luce.Section6.core_target_mixed_moments65' depends on axioms: [propext, Classical.choice.{u}, Quot.sound.{u}]
theorem Luce.Section6.cornerCoefficient_pos65 : ∀ (side : Luce.Section6.Corner)
  (behavior : Luce.Section6.EndpointBehavior),
  behavior.active →
    @LT.lt.{0} Real Real.instLT (@OfNat.ofNat.{0} Real (nat_lit 0) (@Zero.toOfNat0.{0} Real Real.instZero))
        (Luce.Section6.localCornerExponent behavior) →
      @LT.lt.{0} Real Real.instLT (@OfNat.ofNat.{0} Real (nat_lit 0) (@Zero.toOfNat0.{0} Real Real.instZero))
          (Luce.Section6.localCornerQ side behavior) →
        ∀ (k : Nat),
          @LT.lt.{0} Real Real.instLT (@OfNat.ofNat.{0} Real (nat_lit 0) (@Zero.toOfNat0.{0} Real Real.instZero))
            (Luce.Section6.cornerCoefficient side behavior k) :=
⋯
'Luce.Section6.cornerCoefficient_pos65' depends on axioms: [propext, Classical.choice.{u}, Quot.sound.{u}]
def Luce.Section6.cornerCoreCategory65 : Luce.Section6.Corner → Nat → Luce.Section6.CoreCycleCategory :=
fun side k => { side := side, lengthIndex := k, rootWindow := Luce.Section6.CoreRootWindow.all }
'Luce.Section6.cornerCoreCategory65' depends on axioms: [propext, Classical.choice.{u}, Quot.sound.{u}]
theorem Luce.Section6.cornerCoreCount_filtered65 : ∀ {n : Nat} (R : Equiv.Perm.{1} (Fin n))
  (side : Luce.Section6.Corner) (k : Nat),
  @Eq.{1} Nat (@Luce.Section6.coreCategoryCount n R (Luce.Section6.cornerCoreCategory65 side k))
    (@Finset.card.{0} (↥(@Luce.Section5.cycleOrbits.{0} (Fin n) (Fin.fintype n) (instDecidableEqFin n) R k))
      (@Finset.filter.{0} (↥(@Luce.Section5.cycleOrbits.{0} (Fin n) (Fin.fintype n) (instDecidableEqFin n) R k))
        (@Luce.Section6.allCoreCycle65 n R k side)
        (fun a => Classical.propDecidable (@Luce.Section6.allCoreCycle65 n R k side a))
        (@Finset.univ.{0} (↥(@Luce.Section5.cycleOrbits.{0} (Fin n) (Fin.fintype n) (instDecidableEqFin n) R k))
          (@Finset.Subtype.fintype.{0} (Cycle.{0} (Fin n))
            (@Luce.Section5.cycleOrbits.{0} (Fin n) (Fin.fintype n) (instDecidableEqFin n) R k))))) :=
⋯
'Luce.Section6.cornerCoreCount_filtered65' depends on axioms: [propext, Classical.choice.{u}, Quot.sound.{u}]
theorem Luce.Section6.cornerDistance_le_population65 : ∀ {n : Nat} (side : Luce.Section6.Corner) (v : Fin n),
  @LE.le.{0} Nat instLENat (@Luce.Section6.cornerDistance side n v) n :=
⋯
'Luce.Section6.cornerDistance_le_population65' depends on axioms: [propext, Quot.sound.{u}]
theorem Luce.Section6.countApprox65_of_bound : ∀ (w : Luce.WeightArray)
  (X Y : (n : Nat) → Equiv.Perm.{1} (Fin n) → Real) {C : Real},
  @Filter.Eventually.{0} Nat
      (fun n =>
        @LE.le.{0} Real Real.instLE
          (@MeasureTheory.integral.{0, 0} (Fin n → Real) Real Real.normedAddCommGroup
            (@InnerProductSpace.toNormedSpace.{0, 0} Real Real Real.instRCLike
              (@NormedAddCommGroup.toSeminormedAddCommGroup.{0} Real Real.normedAddCommGroup)
              (@RCLike.toInnerProductSpaceReal.{0} Real Real.instRCLike))
            (@MeasurableSpace.pi.{0, 0} (Fin n) (fun a => Real) fun a => Real.measurableSpace)
            (@Luce.exponentialRace n (w n)) fun clocks =>
            @abs.{0} Real Real.lattice Real.instAddGroup
              (@HSub.hSub.{0, 0, 0} Real Real Real (@instHSub.{0} Real Real.instSub)
                (X n (@Luce.raceRankPermutation n clocks)) (Y n (@Luce.raceRankPermutation n clocks))))
          (@HMul.hMul.{0, 0, 0} Real Real Real (@instHMul.{0} Real Real.instMul) C
            (@HAdd.hAdd.{0, 0, 0} Real Real Real (@instHAdd.{0} Real Real.instAdd)
              (@OfNat.ofNat.{0} Real (nat_lit 1) (@One.toOfNat1.{0} Real Real.instOne))
              (Real.log (@Nat.cast.{0} Real Real.instNatCast (Luce.Section6.idealCoreLower n))))))
      (@Filter.atTop.{0} Nat Nat.instPreorder) →
    Luce.Section6.CountApprox65 w X Y :=
⋯
'Luce.Section6.countApprox65_of_bound' depends on axioms: [propext, Classical.choice.{u}, Quot.sound.{u}]
theorem Luce.Section6.countApprox65_of_const_bound : ∀ (w : Luce.WeightArray)
  (X Y : (n : Nat) → Equiv.Perm.{1} (Fin n) → Real) {C : Real},
  @LE.le.{0} Real Real.instLE (@OfNat.ofNat.{0} Real (nat_lit 0) (@Zero.toOfNat0.{0} Real Real.instZero)) C →
    @Filter.Eventually.{0} Nat
        (fun n =>
          @LE.le.{0} Real Real.instLE
            (@MeasureTheory.integral.{0, 0} (Fin n → Real) Real Real.normedAddCommGroup
              (@InnerProductSpace.toNormedSpace.{0, 0} Real Real Real.instRCLike
                (@NormedAddCommGroup.toSeminormedAddCommGroup.{0} Real Real.normedAddCommGroup)
                (@RCLike.toInnerProductSpaceReal.{0} Real Real.instRCLike))
              (@MeasurableSpace.pi.{0, 0} (Fin n) (fun a => Real) fun a => Real.measurableSpace)
              (@Luce.exponentialRace n (w n)) fun clocks =>
              @abs.{0} Real Real.lattice Real.instAddGroup
                (@HSub.hSub.{0, 0, 0} Real Real Real (@instHSub.{0} Real Real.instSub)
                  (X n (@Luce.raceRankPermutation n clocks)) (Y n (@Luce.raceRankPermutation n clocks))))
            C)
        (@Filter.atTop.{0} Nat Nat.instPreorder) →
      Luce.Section6.CountApprox65 w X Y :=
⋯
'Luce.Section6.countApprox65_of_const_bound' depends on axioms: [propext, Classical.choice.{u}, Quot.sound.{u}]
theorem Luce.Section6.covered_filter_card65.{u_1, u_2} : ∀ {α : Type u_1} {ι : Type u_2} [inst : Fintype.{u_1} α]
  [inst_1 : Fintype.{u_2} ι] (p : α → Prop) (q : ι → α → Prop),
  (∀ (x : α), Or (p x) (∃ i, q i x)) →
    @LE.le.{0} Real Real.instLE (@Nat.cast.{0} Real Real.instNatCast (@Fintype.card.{u_1} α inst))
      (@HAdd.hAdd.{0, 0, 0} Real Real Real (@instHAdd.{0} Real Real.instAdd)
        (@Nat.cast.{0} Real Real.instNatCast
          (@Finset.card.{u_1} α
            (@Finset.filter.{u_1} α p (fun a => Classical.propDecidable (p a)) (@Finset.univ.{u_1} α inst))))
        (∑ i,
          @Nat.cast.{0} Real Real.instNatCast
            (@Finset.card.{u_1} α
              (@Finset.filter.{u_1} α (q i) (fun a => Classical.propDecidable (q i a))
                (@Finset.univ.{u_1} α inst))))) :=
⋯
'Luce.Section6.covered_filter_card65' depends on axioms: [propext, Classical.choice.{u}, Quot.sound.{u}]
theorem Luce.Section6.cycleCount_meanApprox65 : ∀ (f : Real → Real) (left right : Luce.Section6.EndpointBehavior),
  Luce.Section6.PowerProfile f left right →
    ∀ (grid : Luce.Section6.SamplingGrid) (w : Luce.WeightArray),
      Luce.Section6.SampledRates grid w f →
        ∀ (k : Nat),
          Luce.Section6.MeanApprox65
            (fun n =>
              @MeasureTheory.integral.{0, 0} (Fin n → Real) Real Real.normedAddCommGroup
                (@InnerProductSpace.toNormedSpace.{0, 0} Real Real Real.instRCLike
                  (@NormedAddCommGroup.toSeminormedAddCommGroup.{0} Real Real.normedAddCommGroup)
                  (@RCLike.toInnerProductSpaceReal.{0} Real Real.instRCLike))
                (@MeasurableSpace.pi.{0, 0} (Fin n) (fun a => Real) fun a => Real.measurableSpace)
                (@Luce.exponentialRace n (w n)) fun clocks =>
                @Nat.cast.{0} Real Real.instNatCast
                  (@Luce.Section5.cycleCount.{0} (Fin n) (Fin.fintype n) (instDecidableEqFin n)
                    (@Luce.raceRankPermutation n clocks) k))
            (Luce.Section6.totalCoefficient left right k) :=
⋯
'Luce.Section6.cycleCount_meanApprox65' depends on axioms: [propext, Classical.choice.{u}, Quot.sound.{u}]
theorem Luce.Section6.descPochhammer_shift65 : ∀ (n : Nat),
  @Eq.{1} (@Polynomial.{0} Real (@Ring.toSemiring.{0} Real Real.instRing))
    (@Polynomial.comp.{0} Real (@Ring.toSemiring.{0} Real Real.instRing)
      (@descPochhammer.{0} Real Real.instRing
        (@HAdd.hAdd.{0, 0, 0} Nat Nat Nat (@instHAdd.{0} Nat instAddNat) n
          (@OfNat.ofNat.{0} Nat (nat_lit 1) (instOfNatNat (nat_lit 1)))))
      (@HAdd.hAdd.{0, 0, 0} (@Polynomial.{0} Real (@Ring.toSemiring.{0} Real Real.instRing))
        (@Polynomial.{0} Real (@Ring.toSemiring.{0} Real Real.instRing))
        (@Polynomial.{0} Real (@Ring.toSemiring.{0} Real Real.instRing))
        (@instHAdd.{0} (@Polynomial.{0} Real (@Ring.toSemiring.{0} Real Real.instRing))
          (@Polynomial.instAdd.{0} Real (@Ring.toSemiring.{0} Real Real.instRing)))
        (@Polynomial.X.{0} Real (@Ring.toSemiring.{0} Real Real.instRing))
        (@OfNat.ofNat.{0} (@Polynomial.{0} Real (@Ring.toSemiring.{0} Real Real.instRing)) (nat_lit 1)
          (@One.toOfNat1.{0} (@Polynomial.{0} Real (@Ring.toSemiring.{0} Real Real.instRing))
            (@Polynomial.instOne.{0} Real (@Ring.toSemiring.{0} Real Real.instRing))))))
    (@HAdd.hAdd.{0, 0, 0} (@Polynomial.{0} Real (@Ring.toSemiring.{0} Real Real.instRing))
      (@Polynomial.{0} Real (@Ring.toSemiring.{0} Real Real.instRing))
      (@Polynomial.{0} Real (@Ring.toSemiring.{0} Real Real.instRing))
      (@instHAdd.{0} (@Polynomial.{0} Real (@Ring.toSemiring.{0} Real Real.instRing))
        (@Polynomial.instAdd.{0} Real (@Ring.toSemiring.{0} Real Real.instRing)))
      (@descPochhammer.{0} Real Real.instRing
        (@HAdd.hAdd.{0, 0, 0} Nat Nat Nat (@instHAdd.{0} Nat instAddNat) n
          (@OfNat.ofNat.{0} Nat (nat_lit 1) (instOfNatNat (nat_lit 1)))))
      (@HSMul.hSMul.{0, 0, 0} Real (@Polynomial.{0} Real (@Ring.toSemiring.{0} Real Real.instRing))
        (@Polynomial.{0} Real (@Ring.toSemiring.{0} Real Real.instRing))
        (@instHSMul.{0, 0} Real (@Polynomial.{0} Real (@Ring.toSemiring.{0} Real Real.instRing))
          (@Algebra.toSMul.{0, 0} Real (@Polynomial.{0} Real (@Ring.toSemiring.{0} Real Real.instRing))
            Real.instCommSemiring (@Polynomial.semiring.{0} Real (@Ring.toSemiring.{0} Real Real.instRing))
            (@Polynomial.algebraOfAlgebra.{0, 0} Real Real Real.instCommSemiring
              (@Ring.toSemiring.{0} Real Real.instRing) (@Algebra.id.{0} Real Real.instCommSemiring))))
        (@HAdd.hAdd.{0, 0, 0} Real Real Real (@instHAdd.{0} Real Real.instAdd) (@Nat.cast.{0} Real Real.instNatCast n)
          (@OfNat.ofNat.{0} Real (nat_lit 1) (@One.toOfNat1.{0} Real Real.instOne)))
        (@descPochhammer.{0} Real Real.instRing n))) :=
⋯
'Luce.Section6.descPochhammer_shift65' depends on axioms: [propext, Classical.choice.{u}, Quot.sound.{u}]
theorem Luce.Section6.disjoint_filter_card_sum_le65.{u_1, u_2} : ∀ {α : Type u_1} {ι : Type u_2}
  [inst : Fintype.{u_1} α] [inst_1 : Fintype.{u_2} ι] (p : ι → α → Prop),
  (∀ (x : α) (i j : ι), p i x → p j x → @Eq.{u_2 + 1} ι i j) →
    @LE.le.{0} Real Real.instLE
      (∑ i,
        @Nat.cast.{0} Real Real.instNatCast
          (@Finset.card.{u_1} α
            (@Finset.filter.{u_1} α (p i) (fun a => Classical.propDecidable (p i a)) (@Finset.univ.{u_1} α inst))))
      (@Nat.cast.{0} Real Real.instNatCast (@Fintype.card.{u_1} α inst)) :=
⋯
'Luce.Section6.disjoint_filter_card_sum_le65' depends on axioms: [propext, Classical.choice.{u}, Quot.sound.{u}]
theorem Luce.Section6.disjoint_indicators_sum_le_one65.{u_1} : ∀ {ι : Type u_1} [inst : Fintype.{u_1} ι] (p : ι → Prop),
  (∀ (i j : ι), p i → p j → @Eq.{u_1 + 1} ι i j) →
    @LE.le.{0} Real Real.instLE
      (∑ i,
        @ite.{1} Real (p i) (Classical.propDecidable (p i))
          (@OfNat.ofNat.{0} Real (nat_lit 1) (@One.toOfNat1.{0} Real Real.instOne))
          (@OfNat.ofNat.{0} Real (nat_lit 0) (@Zero.toOfNat0.{0} Real Real.instZero)))
      (@OfNat.ofNat.{0} Real (nat_lit 1) (@One.toOfNat1.{0} Real Real.instOne)) :=
⋯
'Luce.Section6.disjoint_indicators_sum_le_one65' depends on axioms: [propext, Classical.choice.{u}, Quot.sound.{u}]
theorem Luce.Section6.excursionCount_le_logarithmic65 : ∀ {n : Nat},
  @LE.le.{0} Nat instLENat (@OfNat.ofNat.{0} Nat (nat_lit 2) (instOfNatNat (nat_lit 2))) n →
    ∀ (R : Equiv.Perm.{1} (Fin n)) (side : Luce.Section6.Corner) (k : Nat) (a b δ : Real),
      @LE.le.{0} Nat instLENat (@Luce.Section6.excursionCycleCount n R side k a b δ)
        (@Luce.Section6.logarithmicExcursionCount n R side k
          (@HPow.hPow.{0, 0, 0} Real Real Real (@instHPow.{0, 0} Real Real Real.instPow)
            (@Nat.cast.{0} Real Real.instNatCast n) a)
          (@HPow.hPow.{0, 0, 0} Real Real Real (@instHPow.{0, 0} Real Real Real.instPow)
            (@Nat.cast.{0} Real Real.instNatCast n) b)
          (@HPow.hPow.{0, 0, 0} Real Real Real (@instHPow.{0, 0} Real Real Real.instPow)
            (@Nat.cast.{0} Real Real.instNatCast n) δ)) :=
⋯
'Luce.Section6.excursionCount_le_logarithmic65' depends on axioms: [propext, Classical.choice.{u}, Quot.sound.{u}]
theorem Luce.Section6.excursionCycleCount_symm65 : ∀ {n : Nat} (R : Equiv.Perm.{1} (Fin n))
  (side : Luce.Section6.Corner) (k : Nat) (a b δ : Real),
  @Eq.{1} Nat (@Luce.Section6.excursionCycleCount n (@Equiv.symm.{1, 1} (Fin n) (Fin n) R) side k a b δ)
    (@Luce.Section6.excursionCycleCount n R side k a b δ) :=
⋯
'Luce.Section6.excursionCycleCount_symm65' depends on axioms: [propext, Classical.choice.{u}, Quot.sound.{u}]
def Luce.Section6.fallingBasis65 : @Module.Basis.{0, 0, 0} Nat Real (@Polynomial.{0} Real Real.semiring) Real.semiring
  (@Semiring.toAddCommMonoid.{0} (@Polynomial.{0} Real Real.semiring) (@Polynomial.semiring.{0} Real Real.semiring))
  (@Polynomial.module.{0, 0} Real Real.semiring Real Real.semiring (@Semiring.toModule.{0} Real Real.semiring)) :=
@Polynomial.Sequence.basis.{0} Real Real.instRing Luce.Section6.fallingSequence65 Real.instIsDomain
  Luce.Section6.fallingBasis65._proof_1
'Luce.Section6.fallingBasis65' depends on axioms: [propext, Classical.choice.{u}, Quot.sound.{u}]
theorem Luce.Section6.fallingBasis65_apply : ∀ (n : Nat),
  @Eq.{1} (@Polynomial.{0} Real Real.semiring)
    (@DFunLike.coe.{1, 1, 1}
      (@Module.Basis.{0, 0, 0} Nat Real (@Polynomial.{0} Real Real.semiring) Real.semiring
        (@Semiring.toAddCommMonoid.{0} (@Polynomial.{0} Real Real.semiring)
          (@Polynomial.semiring.{0} Real Real.semiring))
        (@Polynomial.module.{0, 0} Real Real.semiring Real Real.semiring (@Semiring.toModule.{0} Real Real.semiring)))
      Nat (fun x => @Polynomial.{0} Real Real.semiring)
      (@Module.Basis.instFunLike.{0, 0, 0} Nat Real (@Polynomial.{0} Real Real.semiring) Real.semiring
        (@Semiring.toAddCommMonoid.{0} (@Polynomial.{0} Real Real.semiring)
          (@Polynomial.semiring.{0} Real Real.semiring))
        (@Polynomial.module.{0, 0} Real Real.semiring Real Real.semiring (@Semiring.toModule.{0} Real Real.semiring)))
      Luce.Section6.fallingBasis65 n)
    (@descPochhammer.{0} Real Real.instRing n) :=
⋯
'Luce.Section6.fallingBasis65_apply' depends on axioms: [propext, Classical.choice.{u}, Quot.sound.{u}]
def Luce.Section6.fallingCoeff65 : @Polynomial.{0} Real Real.semiring → Nat → Real :=
fun p j =>
  @DFunLike.coe.{1, 1, 1}
    (@Finsupp.{0, 0} Nat Real (@MulZeroClass.toZero.{0} Real (@instMulZeroClassOfSemiring.{0} Real Real.semiring))) Nat
    (fun x => Real)
    (@Finsupp.instFunLike.{0, 0} Nat Real
      (@MulZeroClass.toZero.{0} Real (@instMulZeroClassOfSemiring.{0} Real Real.semiring)))
    (@DFunLike.coe.{1, 1, 1}
      (@LinearEquiv.{0, 0, 0, 0} Real Real Real.semiring Real.semiring
        (@RingHom.id.{0} Real (@Semiring.toNonAssocSemiring.{0} Real Real.semiring))
        (@RingHom.id.{0} Real (@Semiring.toNonAssocSemiring.{0} Real Real.semiring)) ⋯ ⋯
        (@Polynomial.{0} Real Real.semiring)
        (@Finsupp.{0, 0} Nat Real (@MulZeroClass.toZero.{0} Real (@instMulZeroClassOfSemiring.{0} Real Real.semiring)))
        (@Semiring.toAddCommMonoid.{0} (@Polynomial.{0} Real Real.semiring)
          (@Polynomial.semiring.{0} Real Real.semiring))
        (@Finsupp.instAddCommMonoid.{0, 0} Nat Real (@Semiring.toAddCommMonoid.{0} Real Real.semiring))
        (@Polynomial.module.{0, 0} Real Real.semiring Real Real.semiring (@Semiring.toModule.{0} Real Real.semiring))
        (@Finsupp.module.{0, 0, 0} Nat Real Real Real.semiring (@Semiring.toAddCommMonoid.{0} Real Real.semiring)
          (@Semiring.toModule.{0} Real Real.semiring)))
      (@Polynomial.{0} Real Real.semiring)
      (fun x =>
        @Finsupp.{0, 0} Nat Real (@MulZeroClass.toZero.{0} Real (@instMulZeroClassOfSemiring.{0} Real Real.semiring)))
      (@EquivLike.toFunLike.{1, 1, 1}
        (@LinearEquiv.{0, 0, 0, 0} Real Real Real.semiring Real.semiring
          (@RingHom.id.{0} Real (@Semiring.toNonAssocSemiring.{0} Real Real.semiring))
          (@RingHom.id.{0} Real (@Semiring.toNonAssocSemiring.{0} Real Real.semiring)) ⋯ ⋯
          (@Polynomial.{0} Real Real.semiring)
          (@Finsupp.{0, 0} Nat Real
            (@MulZeroClass.toZero.{0} Real (@instMulZeroClassOfSemiring.{0} Real Real.semiring)))
          (@Semiring.toAddCommMonoid.{0} (@Polynomial.{0} Real Real.semiring)
            (@Polynomial.semiring.{0} Real Real.semiring))
          (@Finsupp.instAddCommMonoid.{0, 0} Nat Real (@Semiring.toAddCommMonoid.{0} Real Real.semiring))
          (@Polynomial.module.{0, 0} Real Real.semiring Real Real.semiring (@Semiring.toModule.{0} Real Real.semiring))
          (@Finsupp.module.{0, 0, 0} Nat Real Real Real.semiring (@Semiring.toAddCommMonoid.{0} Real Real.semiring)
            (@Semiring.toModule.{0} Real Real.semiring)))
        (@Polynomial.{0} Real Real.semiring)
        (@Finsupp.{0, 0} Nat Real (@MulZeroClass.toZero.{0} Real (@instMulZeroClassOfSemiring.{0} Real Real.semiring)))
        (@DFinsupp.instEquivLikeLinearEquiv.{0, 0, 0, 0} Real Real Real.semiring Real.semiring
          (@RingHom.id.{0} Real (@Semiring.toNonAssocSemiring.{0} Real Real.semiring))
          (@RingHom.id.{0} Real (@Semiring.toNonAssocSemiring.{0} Real Real.semiring)) ⋯ ⋯
          (@Polynomial.{0} Real Real.semiring)
          (@Finsupp.{0, 0} Nat Real
            (@MulZeroClass.toZero.{0} Real (@instMulZeroClassOfSemiring.{0} Real Real.semiring)))
          (@Semiring.toAddCommMonoid.{0} (@Polynomial.{0} Real Real.semiring)
            (@Polynomial.semiring.{0} Real Real.semiring))
          (@Finsupp.instAddCommMonoid.{0, 0} Nat Real (@Semiring.toAddCommMonoid.{0} Real Real.semiring))
          (@Polynomial.module.{0, 0} Real Real.semiring Real Real.semiring (@Semiring.toModule.{0} Real Real.semiring))
          (@Finsupp.module.{0, 0, 0} Nat Real Real Real.semiring (@Semiring.toAddCommMonoid.{0} Real Real.semiring)
            (@Semiring.toModule.{0} Real Real.semiring))))
      (@Module.Basis.repr.{0, 0, 0} Nat Real (@Polynomial.{0} Real Real.semiring) Real.semiring
        (@Semiring.toAddCommMonoid.{0} (@Polynomial.{0} Real Real.semiring)
          (@Polynomial.semiring.{0} Real Real.semiring))
        (@Polynomial.module.{0, 0} Real Real.semiring Real Real.semiring (@Semiring.toModule.{0} Real Real.semiring))
        Luce.Section6.fallingBasis65)
      p)
    j
'Luce.Section6.fallingCoeff65' depends on axioms: [propext, Classical.choice.{u}, Quot.sound.{u}]
def Luce.Section6.fallingSequence65 : @Polynomial.Sequence.{0} Real Real.semiring :=
@Polynomial.Sequence.mk.{0} Real Real.semiring (@descPochhammer.{0} Real Real.instRing)
  Luce.Section6.fallingSequence65._proof_1
'Luce.Section6.fallingSequence65' depends on axioms: [propext, Classical.choice.{u}, Quot.sound.{u}]
def Luce.Section6.fallingSupport65 : @Polynomial.{0} Real Real.semiring → Finset.{0} Nat :=
fun p =>
  @Finsupp.support.{0, 0} Nat Real (@MulZeroClass.toZero.{0} Real (@instMulZeroClassOfSemiring.{0} Real Real.semiring))
    (@DFunLike.coe.{1, 1, 1}
      (@LinearEquiv.{0, 0, 0, 0} Real Real Real.semiring Real.semiring
        (@RingHom.id.{0} Real (@Semiring.toNonAssocSemiring.{0} Real Real.semiring))
        (@RingHom.id.{0} Real (@Semiring.toNonAssocSemiring.{0} Real Real.semiring)) ⋯ ⋯
        (@Polynomial.{0} Real Real.semiring)
        (@Finsupp.{0, 0} Nat Real (@MulZeroClass.toZero.{0} Real (@instMulZeroClassOfSemiring.{0} Real Real.semiring)))
        (@Semiring.toAddCommMonoid.{0} (@Polynomial.{0} Real Real.semiring)
          (@Polynomial.semiring.{0} Real Real.semiring))
        (@Finsupp.instAddCommMonoid.{0, 0} Nat Real (@Semiring.toAddCommMonoid.{0} Real Real.semiring))
        (@Polynomial.module.{0, 0} Real Real.semiring Real Real.semiring (@Semiring.toModule.{0} Real Real.semiring))
        (@Finsupp.module.{0, 0, 0} Nat Real Real Real.semiring (@Semiring.toAddCommMonoid.{0} Real Real.semiring)
          (@Semiring.toModule.{0} Real Real.semiring)))
      (@Polynomial.{0} Real Real.semiring)
      (fun x =>
        @Finsupp.{0, 0} Nat Real (@MulZeroClass.toZero.{0} Real (@instMulZeroClassOfSemiring.{0} Real Real.semiring)))
      (@EquivLike.toFunLike.{1, 1, 1}
        (@LinearEquiv.{0, 0, 0, 0} Real Real Real.semiring Real.semiring
          (@RingHom.id.{0} Real (@Semiring.toNonAssocSemiring.{0} Real Real.semiring))
          (@RingHom.id.{0} Real (@Semiring.toNonAssocSemiring.{0} Real Real.semiring)) ⋯ ⋯
          (@Polynomial.{0} Real Real.semiring)
          (@Finsupp.{0, 0} Nat Real
            (@MulZeroClass.toZero.{0} Real (@instMulZeroClassOfSemiring.{0} Real Real.semiring)))
          (@Semiring.toAddCommMonoid.{0} (@Polynomial.{0} Real Real.semiring)
            (@Polynomial.semiring.{0} Real Real.semiring))
          (@Finsupp.instAddCommMonoid.{0, 0} Nat Real (@Semiring.toAddCommMonoid.{0} Real Real.semiring))
          (@Polynomial.module.{0, 0} Real Real.semiring Real Real.semiring (@Semiring.toModule.{0} Real Real.semiring))
          (@Finsupp.module.{0, 0, 0} Nat Real Real Real.semiring (@Semiring.toAddCommMonoid.{0} Real Real.semiring)
            (@Semiring.toModule.{0} Real Real.semiring)))
        (@Polynomial.{0} Real Real.semiring)
        (@Finsupp.{0, 0} Nat Real (@MulZeroClass.toZero.{0} Real (@instMulZeroClassOfSemiring.{0} Real Real.semiring)))
        (@DFinsupp.instEquivLikeLinearEquiv.{0, 0, 0, 0} Real Real Real.semiring Real.semiring
          (@RingHom.id.{0} Real (@Semiring.toNonAssocSemiring.{0} Real Real.semiring))
          (@RingHom.id.{0} Real (@Semiring.toNonAssocSemiring.{0} Real Real.semiring)) ⋯ ⋯
          (@Polynomial.{0} Real Real.semiring)
          (@Finsupp.{0, 0} Nat Real
            (@MulZeroClass.toZero.{0} Real (@instMulZeroClassOfSemiring.{0} Real Real.semiring)))
          (@Semiring.toAddCommMonoid.{0} (@Polynomial.{0} Real Real.semiring)
            (@Polynomial.semiring.{0} Real Real.semiring))
          (@Finsupp.instAddCommMonoid.{0, 0} Nat Real (@Semiring.toAddCommMonoid.{0} Real Real.semiring))
          (@Polynomial.module.{0, 0} Real Real.semiring Real Real.semiring (@Semiring.toModule.{0} Real Real.semiring))
          (@Finsupp.module.{0, 0, 0} Nat Real Real Real.semiring (@Semiring.toAddCommMonoid.{0} Real Real.semiring)
            (@Semiring.toModule.{0} Real Real.semiring))))
      (@Module.Basis.repr.{0, 0, 0} Nat Real (@Polynomial.{0} Real Real.semiring) Real.semiring
        (@Semiring.toAddCommMonoid.{0} (@Polynomial.{0} Real Real.semiring)
          (@Polynomial.semiring.{0} Real Real.semiring))
        (@Polynomial.module.{0, 0} Real Real.semiring Real Real.semiring (@Semiring.toModule.{0} Real Real.semiring))
        Luce.Section6.fallingBasis65)
      p)
'Luce.Section6.fallingSupport65' depends on axioms: [propext, Classical.choice.{u}, Quot.sound.{u}]
theorem Luce.Section6.filter_card_le_add65.{u_1} : ∀ {ι : Type u_1} [inst : Fintype.{u_1} ι] (p q r : ι → Prop)
  [inst_1 : @DecidablePred.{u_1 + 1} ι p] [inst_2 : @DecidablePred.{u_1 + 1} ι q]
  [inst_3 : @DecidablePred.{u_1 + 1} ι r],
  (∀ (i : ι), p i → Or (q i) (r i)) →
    @LE.le.{0} Nat instLENat (@Finset.card.{u_1} ι (@Finset.filter.{u_1} ι p inst_1 (@Finset.univ.{u_1} ι inst)))
      (@HAdd.hAdd.{0, 0, 0} Nat Nat Nat (@instHAdd.{0} Nat instAddNat)
        (@Finset.card.{u_1} ι (@Finset.filter.{u_1} ι q inst_2 (@Finset.univ.{u_1} ι inst)))
        (@Finset.card.{u_1} ι (@Finset.filter.{u_1} ι r inst_3 (@Finset.univ.{u_1} ι inst)))) :=
⋯
'Luce.Section6.filter_card_le_add65' depends on axioms: [propext, Classical.choice.{u}, Quot.sound.{u}]
theorem Luce.Section6.filter_card_real65.{u_1} : ∀ {α : Type u_1} [inst : Fintype.{u_1} α] (p : α → Prop),
  @Eq.{1} Real
    (@Nat.cast.{0} Real Real.instNatCast
      (@Finset.card.{u_1} α
        (@Finset.filter.{u_1} α p (fun a => Classical.propDecidable (p a)) (@Finset.univ.{u_1} α inst))))
    (∑ x,
      @ite.{1} Real (p x) (Classical.propDecidable (p x))
        (@OfNat.ofNat.{0} Real (nat_lit 1) (@One.toOfNat1.{0} Real Real.instOne))
        (@OfNat.ofNat.{0} Real (nat_lit 0) (@Zero.toOfNat0.{0} Real Real.instZero))) :=
⋯
'Luce.Section6.filter_card_real65' depends on axioms: [propext, Classical.choice.{u}, Quot.sound.{u}]
theorem Luce.Section6.filtered_root_orbit_count_symm65 : ∀ {n : Nat} (R : Equiv.Perm.{1} (Fin n)) (k : Nat)
  (P : Fin n → Finset.{0} (Fin n) → Prop),
  @Eq.{1} Nat
    (@Finset.card.{0}
      ↥(@Luce.Section5.cycleOrbits.{0} (Fin n) (Fin.fintype n) (instDecidableEqFin n)
          (@Equiv.symm.{1, 1} (Fin n) (Fin n) R) k)
      {c |
        P (@Luce.Section5.cycleMaximum n (@Equiv.symm.{1, 1} (Fin n) (Fin n) R) k c)
          (@Cycle.toFinset.{0} (Fin n) (instDecidableEqFin n)
            (@Subtype.val.{1} (Cycle.{0} (Fin n))
              (fun x =>
                @Membership.mem.{0, 0} (Cycle.{0} (Fin n)) (Finset.{0} (Cycle.{0} (Fin n)))
                  (@SetLike.instMembership.{0, 0} (Finset.{0} (Cycle.{0} (Fin n))) (Cycle.{0} (Fin n))
                    (@Finset.instSetLike.{0} (Cycle.{0} (Fin n))))
                  (@Luce.Section5.cycleOrbits.{0} (Fin n) (Fin.fintype n) (instDecidableEqFin n)
                    (@Equiv.symm.{1, 1} (Fin n) (Fin n) R) k)
                  x)
              c))})
    (@Finset.card.{0} ↥(@Luce.Section5.cycleOrbits.{0} (Fin n) (Fin.fintype n) (instDecidableEqFin n) R k)
      {c |
        P (@Luce.Section5.cycleMaximum n R k c)
          (@Cycle.toFinset.{0} (Fin n) (instDecidableEqFin n)
            (@Subtype.val.{1} (Cycle.{0} (Fin n))
              (fun x =>
                @Membership.mem.{0, 0} (Cycle.{0} (Fin n)) (Finset.{0} (Cycle.{0} (Fin n)))
                  (@SetLike.instMembership.{0, 0} (Finset.{0} (Cycle.{0} (Fin n))) (Cycle.{0} (Fin n))
                    (@Finset.instSetLike.{0} (Cycle.{0} (Fin n))))
                  (@Luce.Section5.cycleOrbits.{0} (Fin n) (Fin.fintype n) (instDecidableEqFin n) R k) x)
              c))}) :=
⋯
'Luce.Section6.filtered_root_orbit_count_symm65' depends on axioms: [propext, Classical.choice.{u}, Quot.sound.{u}]
def Luce.Section6.gaussianMoment65 : NNReal → Nat → Real :=
fun v k =>
  @MeasureTheory.integral.{0, 0} Real Real Real.normedAddCommGroup
    (@InnerProductSpace.toNormedSpace.{0, 0} Real Real Real.instRCLike
      (@NormedAddCommGroup.toSeminormedAddCommGroup.{0} Real Real.normedAddCommGroup)
      (@RCLike.toInnerProductSpaceReal.{0} Real Real.instRCLike))
    Real.measurableSpace
    (ProbabilityTheory.gaussianReal (@OfNat.ofNat.{0} Real (nat_lit 0) (@Zero.toOfNat0.{0} Real Real.instZero)) v)
    fun x =>
    @HPow.hPow.{0, 0, 0} Real Nat Real
      (@instHPow.{0, 0} Real Nat (@NPow.toPow.{0} Real (@Monoid.toNPow.{0} Real Real.instMonoid))) x k
'Luce.Section6.gaussianMoment65' depends on axioms: [propext, Classical.choice.{u}, Quot.sound.{u}]
theorem Luce.Section6.gaussianMoment65_deriv : ∀ (v : NNReal) (k : Nat),
  @Eq.{1} Real (Luce.Section6.gaussianMoment65 v k)
    (@iteratedDeriv.{0, 0} Real (@DenselyNormedField.toNontriviallyNormedField.{0} Real Real.denselyNormedField) Real
      Real.normedAddCommGroup
      (@InnerProductSpace.toNormedSpace.{0, 0} Real Real Real.instRCLike
        (@NormedAddCommGroup.toSeminormedAddCommGroup.{0} Real Real.normedAddCommGroup)
        (@RCLike.toInnerProductSpaceReal.{0} Real Real.instRCLike))
      k
      (fun t =>
        Real.exp
          (@HDiv.hDiv.{0, 0, 0} Real Real Real (@instHDiv.{0} Real (@DivInvMonoid.toDiv.{0} Real Real.instDivInvMonoid))
            (@HMul.hMul.{0, 0, 0} Real Real Real (@instHMul.{0} Real Real.instMul) (↑v)
              (@HPow.hPow.{0, 0, 0} Real Nat Real
                (@instHPow.{0, 0} Real Nat (@NPow.toPow.{0} Real (@Monoid.toNPow.{0} Real Real.instMonoid))) t
                (@OfNat.ofNat.{0} Nat (nat_lit 2) (instOfNatNat (nat_lit 2)))))
            (@OfNat.ofNat.{0} Real (nat_lit 2) (@instOfNatAtLeastTwo.{0} Real (nat_lit 2) Real.instNatCast ⋯))))
      (@OfNat.ofNat.{0} Real (nat_lit 0) (@Zero.toOfNat0.{0} Real Real.instZero))) :=
⋯
'Luce.Section6.gaussianMoment65_deriv' depends on axioms: [propext, Classical.choice.{u}, Quot.sound.{u}]
theorem Luce.Section6.gaussianMoment65_one : ∀ (v : NNReal),
  @Eq.{1} Real (Luce.Section6.gaussianMoment65 v (@OfNat.ofNat.{0} Nat (nat_lit 1) (instOfNatNat (nat_lit 1))))
    (@OfNat.ofNat.{0} Real (nat_lit 0) (@Zero.toOfNat0.{0} Real Real.instZero)) :=
⋯
'Luce.Section6.gaussianMoment65_one' depends on axioms: [propext, Classical.choice.{u}, Quot.sound.{u}]
theorem Luce.Section6.gaussianMoment65_rec : ∀ (v : NNReal) (k : Nat),
  @Eq.{1} Real
    (Luce.Section6.gaussianMoment65 v
      (@HAdd.hAdd.{0, 0, 0} Nat Nat Nat (@instHAdd.{0} Nat instAddNat) k
        (@OfNat.ofNat.{0} Nat (nat_lit 2) (instOfNatNat (nat_lit 2)))))
    (@HMul.hMul.{0, 0, 0} Real Real Real (@instHMul.{0} Real Real.instMul)
      (@HMul.hMul.{0, 0, 0} Real Real Real (@instHMul.{0} Real Real.instMul) (↑v)
        (@HAdd.hAdd.{0, 0, 0} Real Real Real (@instHAdd.{0} Real Real.instAdd) (@Nat.cast.{0} Real Real.instNatCast k)
          (@OfNat.ofNat.{0} Real (nat_lit 1) (@One.toOfNat1.{0} Real Real.instOne))))
      (Luce.Section6.gaussianMoment65 v k)) :=
⋯
'Luce.Section6.gaussianMoment65_rec' depends on axioms: [propext, Classical.choice.{u}, Quot.sound.{u}]
theorem Luce.Section6.gaussianMoment65_sum_rec : ∀ (k : Nat),
  @Eq.{1} Real
    (Luce.Section6.gaussianMoment65 (@OfNat.ofNat.{0} NNReal (nat_lit 1) (@One.toOfNat1.{0} NNReal NNReal.instOne))
      (@HAdd.hAdd.{0, 0, 0} Nat Nat Nat (@instHAdd.{0} Nat instAddNat) k
        (@OfNat.ofNat.{0} Nat (nat_lit 2) (instOfNatNat (nat_lit 2)))))
    (∑
      j ∈
        Finset.range
          (@HAdd.hAdd.{0, 0, 0} Nat Nat Nat (@instHAdd.{0} Nat instAddNat) k
            (@OfNat.ofNat.{0} Nat (nat_lit 1) (instOfNatNat (nat_lit 1)))),
      @HMul.hMul.{0, 0, 0} Real Real Real (@instHMul.{0} Real Real.instMul)
        (@HMul.hMul.{0, 0, 0} Real Real Real (@instHMul.{0} Real Real.instMul)
          (@Nat.cast.{0} Real Real.instNatCast
            ((@HAdd.hAdd.{0, 0, 0} Nat Nat Nat (@instHAdd.{0} Nat instAddNat) k
                  (@OfNat.ofNat.{0} Nat (nat_lit 1) (instOfNatNat (nat_lit 1)))).choose
              j))
          (@HPow.hPow.{0, 0, 0} Real Nat Real
            (@instHPow.{0, 0} Real Nat (@NPow.toPow.{0} Real (@Monoid.toNPow.{0} Real Real.instMonoid)))
            (@OfNat.ofNat.{0} Real (nat_lit 0) (@Zero.toOfNat0.{0} Real Real.instZero))
            (@HSub.hSub.{0, 0, 0} Nat Nat Nat (@instHSub.{0} Nat instSubNat) k j)))
        (Luce.Section6.gaussianMoment65 (@OfNat.ofNat.{0} NNReal (nat_lit 1) (@One.toOfNat1.{0} NNReal NNReal.instOne))
          j)) :=
⋯
'Luce.Section6.gaussianMoment65_sum_rec' depends on axioms: [propext, Classical.choice.{u}, Quot.sound.{u}]
theorem Luce.Section6.gaussianMoment65_zero : ∀ (v : NNReal),
  @Eq.{1} Real (Luce.Section6.gaussianMoment65 v (@OfNat.ofNat.{0} Nat (nat_lit 0) (instOfNatNat (nat_lit 0))))
    (@OfNat.ofNat.{0} Real (nat_lit 1) (@One.toOfNat1.{0} Real Real.instOne)) :=
⋯
'Luce.Section6.gaussianMoment65_zero' depends on axioms: [propext, Classical.choice.{u}, Quot.sound.{u}]
theorem Luce.Section6.gaussian_blocks_characteristic65.{u_1, u_2} : ∀ {ι : Type u_1} {J : Type u_2}
  [inst : Fintype.{u_1} ι] [inst_1 : Fintype.{u_2} J] (a : ι → J → Real),
  (∀ (j : J),
      @Eq.{1} Real
        (∑ i,
          @HPow.hPow.{0, 0, 0} Real Nat Real
            (@instHPow.{0, 0} Real Nat (@NPow.toPow.{0} Real (@Monoid.toNPow.{0} Real Real.instMonoid))) (a i j)
            (@OfNat.ofNat.{0} Nat (nat_lit 2) (instOfNatNat (nat_lit 2))))
        (@OfNat.ofNat.{0} Real (nat_lit 1) (@One.toOfNat1.{0} Real Real.instOne))) →
    ∀ (t : J → Real),
      @Eq.{1} Complex
        (@MeasureTheory.integral.{max u_1 u_2, 0} (Prod.{u_1, u_2} ι J → Real) Complex Complex.instNormedAddCommGroup
          (@InnerProductSpace.toNormedSpace.{0, 0} Real Complex Real.instRCLike
            (@NormedAddCommGroup.toSeminormedAddCommGroup.{0} Complex Complex.instNormedAddCommGroup)
            instInnerProductSpaceRealComplex)
          (@MeasurableSpace.pi.{max u_2 u_1, 0} (Prod.{u_1, u_2} ι J) (fun a => Real) fun a => Real.measurableSpace)
          (@Luce.Section6.standardNormalVector.{max u_2 u_1} (Prod.{u_1, u_2} ι J)
            (@instFintypeProd.{u_1, u_2} ι J inst inst_1))
          fun z =>
          Complex.exp
            (@HMul.hMul.{0, 0, 0} Complex Complex Complex (@instHMul.{0} Complex Complex.instMul)
              (↑(@Luce.Section6.linearCombination65.{max u_1 u_2} (Prod.{u_1, u_2} ι J)
                  (@instFintypeProd.{u_1, u_2} ι J inst inst_1)
                  (fun p =>
                    @HMul.hMul.{0, 0, 0} Real Real Real (@instHMul.{0} Real Real.instMul)
                      (t (@Prod.snd.{u_1, u_2} ι J p)) (a (@Prod.fst.{u_1, u_2} ι J p) (@Prod.snd.{u_1, u_2} ι J p)))
                  z))
              Complex.I))
        (@MeasureTheory.integral.{u_2, 0} (J → Real) Complex Complex.instNormedAddCommGroup
          (@InnerProductSpace.toNormedSpace.{0, 0} Real Complex Real.instRCLike
            (@NormedAddCommGroup.toSeminormedAddCommGroup.{0} Complex Complex.instNormedAddCommGroup)
            instInnerProductSpaceRealComplex)
          (@MeasurableSpace.pi.{u_2, 0} J (fun a => Real) fun a => Real.measurableSpace)
          (@Luce.Section6.standardNormalVector.{u_2} J inst_1) fun z =>
          Complex.exp
            (@HMul.hMul.{0, 0, 0} Complex Complex Complex (@instHMul.{0} Complex Complex.instMul)
              (↑(@Luce.Section6.linearCombination65.{u_2} J inst_1 t z)) Complex.I)) :=
⋯
'Luce.Section6.gaussian_blocks_characteristic65' depends on axioms: [propext, Classical.choice.{u}, Quot.sound.{u}]
theorem Luce.Section6.gaussian_charFun_one_tendsto_of_moments : ∀
  (μ : Nat → @MeasureTheory.Measure.{0} Real Real.measurableSpace)
  [∀ (n : Nat), @MeasureTheory.IsFiniteMeasure.{0} Real Real.measurableSpace (μ n)] (v : NNReal),
  (∀ (n k : Nat),
      @MeasureTheory.MemLp.{0, 0} Real Real Real.measurableSpace
        (@ContinuousENorm.toENorm.{0} Real
          (@UniformSpace.toTopologicalSpace.{0} Real
            (@PseudoMetricSpace.toUniformSpace.{0} Real
              (@SeminormedAddGroup.toPseudoMetricSpace.{0} Real
                (@SeminormedAddCommGroup.toSeminormedAddGroup.{0} Real
                  (@NonUnitalSeminormedRing.toSeminormedAddCommGroup.{0} Real
                    (@NonUnitalSeminormedCommRing.toNonUnitalSeminormedRing.{0} Real
                      (@SeminormedCommRing.toNonUnitalSeminormedCommRing.{0} Real
                        (@NormedCommRing.toSeminormedCommRing.{0} Real Real.normedCommRing))))))))
          (@SeminormedAddGroup.toContinuousENorm.{0} Real
            (@SeminormedAddCommGroup.toSeminormedAddGroup.{0} Real
              (@NonUnitalSeminormedRing.toSeminormedAddCommGroup.{0} Real
                (@NonUnitalSeminormedCommRing.toNonUnitalSeminormedRing.{0} Real
                  (@SeminormedCommRing.toNonUnitalSeminormedCommRing.{0} Real
                    (@NormedCommRing.toSeminormedCommRing.{0} Real Real.normedCommRing)))))))
        (@UniformSpace.toTopologicalSpace.{0} Real (@PseudoMetricSpace.toUniformSpace.{0} Real Real.pseudoMetricSpace))
        (@id.{1} Real)
        (@Nat.cast.{0} ENNReal
          (@AddMonoidWithOne.toNatCast.{0} ENNReal
            (@AddCommMonoidWithOne.toAddMonoidWithOne.{0} ENNReal ENNReal.instAddCommMonoidWithOne))
          k)
        (μ n)) →
    (∀ (k : Nat),
        @Filter.Tendsto.{0, 0} Nat Real
          (fun n =>
            @MeasureTheory.integral.{0, 0} Real Real Real.normedAddCommGroup
              (@InnerProductSpace.toNormedSpace.{0, 0} Real Real Real.instRCLike
                (@NormedAddCommGroup.toSeminormedAddCommGroup.{0} Real Real.normedAddCommGroup)
                (@RCLike.toInnerProductSpaceReal.{0} Real Real.instRCLike))
              Real.measurableSpace (μ n) fun x =>
              @HPow.hPow.{0, 0, 0} Real Nat Real
                (@instHPow.{0, 0} Real Nat (@NPow.toPow.{0} Real (@Monoid.toNPow.{0} Real Real.instMonoid))) x k)
          (@Filter.atTop.{0} Nat Nat.instPreorder)
          (@nhds.{0} Real
            (@UniformSpace.toTopologicalSpace.{0} Real
              (@PseudoMetricSpace.toUniformSpace.{0} Real Real.pseudoMetricSpace))
            (@MeasureTheory.integral.{0, 0} Real Real Real.normedAddCommGroup
              (@InnerProductSpace.toNormedSpace.{0, 0} Real Real Real.instRCLike
                (@NormedAddCommGroup.toSeminormedAddCommGroup.{0} Real Real.normedAddCommGroup)
                (@RCLike.toInnerProductSpaceReal.{0} Real Real.instRCLike))
              Real.measurableSpace
              (ProbabilityTheory.gaussianReal
                (@OfNat.ofNat.{0} Real (nat_lit 0) (@Zero.toOfNat0.{0} Real Real.instZero)) v)
              fun x =>
              @HPow.hPow.{0, 0, 0} Real Nat Real
                (@instHPow.{0, 0} Real Nat (@NPow.toPow.{0} Real (@Monoid.toNPow.{0} Real Real.instMonoid))) x k))) →
      @Filter.Tendsto.{0, 0} Nat Complex
        (fun n =>
          @MeasureTheory.charFun.{0} Real Real.measurableSpace
            (@InnerProductSpace.toInner.{0, 0} Real Real Real.instRCLike
              (@NonUnitalSeminormedRing.toSeminormedAddCommGroup.{0} Real
                (@NonUnitalSeminormedCommRing.toNonUnitalSeminormedRing.{0} Real
                  (@SeminormedCommRing.toNonUnitalSeminormedCommRing.{0} Real
                    (@NormedCommRing.toSeminormedCommRing.{0} Real
                      (@NormedField.toNormedCommRing.{0} Real
                        (@DenselyNormedField.toNormedField.{0} Real
                          (@RCLike.toDenselyNormedField.{0} Real Real.instRCLike)))))))
              (@RCLike.toInnerProductSpaceReal.{0} Real Real.instRCLike))
            (μ n) (@OfNat.ofNat.{0} Real (nat_lit 1) (@One.toOfNat1.{0} Real Real.instOne)))
        (@Filter.atTop.{0} Nat Nat.instPreorder)
        (@nhds.{0} Complex
          (@UniformSpace.toTopologicalSpace.{0} Complex
            (@PseudoMetricSpace.toUniformSpace.{0} Complex
              (@SeminormedRing.toPseudoMetricSpace.{0} Complex
                (@SeminormedCommRing.toSeminormedRing.{0} Complex
                  (@NormedCommRing.toSeminormedCommRing.{0} Complex
                    (@CommCStarAlgebra.toNormedCommRing.{0} Complex instCommCStarAlgebraComplex))))))
          (Complex.exp
            (@HDiv.hDiv.{0, 0, 0} Complex Complex Complex
              (@instHDiv.{0} Complex (@DivInvMonoid.toDiv.{0} Complex Complex.instDivInvMonoid))
              (@Neg.neg.{0} Complex Complex.instNeg ↑↑v)
              (@OfNat.ofNat.{0} Complex (nat_lit 2)
                (@instOfNatAtLeastTwo.{0} Complex (nat_lit 2) Complex.instNatCast ⋯))))) :=
⋯
'Luce.Section6.gaussian_charFun_one_tendsto_of_moments' depends on axioms: [propext,
 Classical.choice.{u},
 Quot.sound.{u}]
theorem Luce.Section6.gaussian_moment_remainder_tendsto : ∀ (v : NNReal),
  @Filter.Tendsto.{0, 0} Nat Real
    (fun n =>
      @HDiv.hDiv.{0, 0, 0} Real Real Real (@instHDiv.{0} Real (@DivInvMonoid.toDiv.{0} Real Real.instDivInvMonoid))
        (@MeasureTheory.integral.{0, 0} Real Real Real.normedAddCommGroup
          (@InnerProductSpace.toNormedSpace.{0, 0} Real Real Real.instRCLike
            (@NormedAddCommGroup.toSeminormedAddCommGroup.{0} Real Real.normedAddCommGroup)
            (@RCLike.toInnerProductSpaceReal.{0} Real Real.instRCLike))
          Real.measurableSpace
          (ProbabilityTheory.gaussianReal (@OfNat.ofNat.{0} Real (nat_lit 0) (@Zero.toOfNat0.{0} Real Real.instZero)) v)
          fun x =>
          @HPow.hPow.{0, 0, 0} Real Nat Real
            (@instHPow.{0, 0} Real Nat (@NPow.toPow.{0} Real (@Monoid.toNPow.{0} Real Real.instMonoid)))
            (@abs.{0} Real Real.lattice Real.instAddGroup x)
            (@HAdd.hAdd.{0, 0, 0} Nat Nat Nat (@instHAdd.{0} Nat instAddNat) n
              (@OfNat.ofNat.{0} Nat (nat_lit 1) (instOfNatNat (nat_lit 1)))))
        (@Nat.cast.{0} Real Real.instNatCast n.factorial))
    (@Filter.atTop.{0} Nat Nat.instPreorder)
    (@nhds.{0} Real
      (@UniformSpace.toTopologicalSpace.{0} Real (@PseudoMetricSpace.toUniformSpace.{0} Real Real.pseudoMetricSpace))
      (@OfNat.ofNat.{0} Real (nat_lit 0) (@Zero.toOfNat0.{0} Real Real.instZero))) :=
⋯
'Luce.Section6.gaussian_moment_remainder_tendsto' depends on axioms: [propext, Classical.choice.{u}, Quot.sound.{u}]
def Luce.Section6.highRootLabels65 : Luce.Section6.Corner → (n : Nat) → Real → Finset.{0} (Fin n) :=
fun side n δ =>
  {v |
    And (@LT.lt.{0} Nat instLTNat (Luce.Section6.idealCoreUpper n) (@Luce.Section6.cornerDistance side n v))
      (@LE.le.{0} Real Real.instLE
        (@HDiv.hDiv.{0, 0, 0} Real Real Real (@instHDiv.{0} Real (@DivInvMonoid.toDiv.{0} Real Real.instDivInvMonoid))
          (@Nat.cast.{0} Real Real.instNatCast (@Luce.Section6.cornerDistance side n v))
          (@Nat.cast.{0} Real Real.instNatCast n))
        δ)}
'Luce.Section6.highRootLabels65' depends on axioms: [propext, Classical.choice.{u}, Quot.sound.{u}]
theorem Luce.Section6.idealSpatialTrace_meanApprox65 : ∀ (f : Real → Real)
  (left right : Luce.Section6.EndpointBehavior),
  Luce.Section6.PowerProfile f left right →
    ∀ (side : Luce.Section6.Corner),
      (Luce.Section6.cornerBehavior left right side).active →
        ∀ (k : Nat) {a b : Real},
          @LT.lt.{0} Real Real.instLT (@OfNat.ofNat.{0} Real (nat_lit 0) (@Zero.toOfNat0.{0} Real Real.instZero)) a →
            @LT.lt.{0} Real Real.instLT a b →
              @LT.lt.{0} Real Real.instLT b (@OfNat.ofNat.{0} Real (nat_lit 1) (@One.toOfNat1.{0} Real Real.instOne)) →
                Luce.Section6.MeanApprox65
                  (fun n => Luce.Section6.idealSpatialTrace side (Luce.Section6.cornerBehavior left right side) k n a b)
                  (@HMul.hMul.{0, 0, 0} Real Real Real (@instHMul.{0} Real Real.instMul)
                    (Luce.Section6.cornerCoefficient side (Luce.Section6.cornerBehavior left right side) k)
                    (@HSub.hSub.{0, 0, 0} Real Real Real (@instHSub.{0} Real Real.instSub) b a)) :=
⋯
'Luce.Section6.idealSpatialTrace_meanApprox65' depends on axioms: [propext, Classical.choice.{u}, Quot.sound.{u}]
theorem Luce.Section6.idealTrace_meanApprox65 : ∀ (f : Real → Real) (left right : Luce.Section6.EndpointBehavior),
  Luce.Section6.PowerProfile f left right →
    ∀ (side : Luce.Section6.Corner),
      (Luce.Section6.cornerBehavior left right side).active →
        ∀ (k : Nat),
          Luce.Section6.MeanApprox65
            (fun n =>
              Luce.Section6.idealTrace side (Luce.Section6.cornerBehavior left right side) k
                (Luce.Section6.idealCoreLower n) (Luce.Section6.idealCoreUpper n))
            (Luce.Section6.cornerCoefficient side (Luce.Section6.cornerBehavior left right side) k) :=
⋯
'Luce.Section6.idealTrace_meanApprox65' depends on axioms: [propext, Classical.choice.{u}, Quot.sound.{u}]
theorem Luce.Section6.imaginary_exp_integrable65.{u_1} : ∀ {Ω : Type u_1} [inst : MeasurableSpace.{u_1} Ω]
  (P : @MeasureTheory.Measure.{u_1} Ω inst) [@MeasureTheory.IsFiniteMeasure.{u_1} Ω inst P] (X : Ω → Real),
  @Measurable.{u_1, 0} Ω Real inst Real.measurableSpace X →
    @MeasureTheory.Integrable.{0, u_1} Complex
      (@UniformSpace.toTopologicalSpace.{0} Complex
        (@PseudoMetricSpace.toUniformSpace.{0} Complex
          (@SeminormedRing.toPseudoMetricSpace.{0} Complex
            (@SeminormedCommRing.toSeminormedRing.{0} Complex
              (@NormedCommRing.toSeminormedCommRing.{0} Complex
                (@CommCStarAlgebra.toNormedCommRing.{0} Complex instCommCStarAlgebraComplex))))))
      (@SeminormedAddGroup.toContinuousENorm.{0} Complex
        (@SeminormedAddCommGroup.toSeminormedAddGroup.{0} Complex
          (@NonUnitalSeminormedRing.toSeminormedAddCommGroup.{0} Complex
            (@NonUnitalSeminormedCommRing.toNonUnitalSeminormedRing.{0} Complex
              (@SeminormedCommRing.toNonUnitalSeminormedCommRing.{0} Complex
                (@NormedCommRing.toSeminormedCommRing.{0} Complex
                  (@CommCStarAlgebra.toNormedCommRing.{0} Complex instCommCStarAlgebraComplex)))))))
      Ω inst
      (fun ω =>
        Complex.exp
          (@HMul.hMul.{0, 0, 0} Complex Complex Complex (@instHMul.{0} Complex Complex.instMul) (↑(X ω)) Complex.I))
      P :=
⋯
'Luce.Section6.imaginary_exp_integrable65' depends on axioms: [propext, Classical.choice.{u}, Quot.sound.{u}]
theorem Luce.Section6.imaginary_exp_lipschitz65 : ∀ (x y : Real),
  @LE.le.{0} Real Real.instLE
    (@Norm.norm.{0} Complex Complex.instNorm
      (@HSub.hSub.{0, 0, 0} Complex Complex Complex (@instHSub.{0} Complex Complex.instSub)
        (Complex.exp
          (@HMul.hMul.{0, 0, 0} Complex Complex Complex (@instHMul.{0} Complex Complex.instMul) (↑x) Complex.I))
        (Complex.exp
          (@HMul.hMul.{0, 0, 0} Complex Complex Complex (@instHMul.{0} Complex Complex.instMul) (↑y) Complex.I))))
    (@abs.{0} Real Real.lattice Real.instAddGroup
      (@HSub.hSub.{0, 0, 0} Real Real Real (@instHSub.{0} Real Real.instSub) x y)) :=
⋯
'Luce.Section6.imaginary_exp_lipschitz65' depends on axioms: [propext, Classical.choice.{u}, Quot.sound.{u}]
theorem Luce.Section6.inactive_coefficient_zero65 : ∀ (side : Luce.Section6.Corner)
  (behavior : Luce.Section6.EndpointBehavior),
  Not behavior.active →
    ∀ (k : Nat),
      @Eq.{1} Real (Luce.Section6.cornerCoefficient side behavior k)
        (@OfNat.ofNat.{0} Real (nat_lit 0) (@Zero.toOfNat0.{0} Real Real.instZero)) :=
⋯
'Luce.Section6.inactive_coefficient_zero65' depends on axioms: [propext, Classical.choice.{u}, Quot.sound.{u}]
theorem Luce.Section6.invariant_statistic_raceDraw_eq_rank65 : ∀ {n : Nat} (G : Equiv.Perm.{1} (Fin n) → Real),
  (∀ (R : Equiv.Perm.{1} (Fin n)), @Eq.{1} Real (G (@Equiv.symm.{1, 1} (Fin n) (Fin n) R)) (G R)) →
    ∀ (z : Fin n → Real), @Eq.{1} Real (G (@Luce.raceDraw n z)) (G (@Luce.raceRankPermutation n z)) :=
⋯
'Luce.Section6.invariant_statistic_raceDraw_eq_rank65' depends on axioms: [propext,
 Classical.choice.{u},
 Quot.sound.{u}]
def Luce.Section6.linearCombination65.{u_1} : {ι : Type u_1} → [Fintype.{u_1} ι] → (ι → Real) → (ι → Real) → Real :=
fun {ι} [Fintype.{u_1} ι] t z => ∑ i, @HMul.hMul.{0, 0, 0} Real Real Real (@instHMul.{0} Real Real.instMul) (t i) (z i)
'Luce.Section6.linearCombination65' depends on axioms: [propext, Classical.choice.{u}, Quot.sound.{u}]
theorem Luce.Section6.linearCombination65_power.{u_1} : ∀ {ι : Type u_1} [inst : Fintype.{u_1} ι]
  [inst_1 : DecidableEq.{u_1 + 1} ι] (t z : ι → Real) (k : Nat),
  @Eq.{1} Real
    (@HPow.hPow.{0, 0, 0} Real Nat Real
      (@instHPow.{0, 0} Real Nat (@NPow.toPow.{0} Real (@Monoid.toNPow.{0} Real Real.instMonoid)))
      (@Luce.Section6.linearCombination65.{u_1} ι inst t z) k)
    (∑ v,
      @HMul.hMul.{0, 0, 0} Real Real Real (@instHMul.{0} Real Real.instMul) (∏ j, t (v j))
        (∏ i,
          @HPow.hPow.{0, 0, 0} Real Nat Real
            (@instHPow.{0, 0} Real Nat (@NPow.toPow.{0} Real (@Monoid.toNPow.{0} Real Real.instMonoid))) (z i)
            (@Luce.Section6.multiplicity65.{u_1} ι inst_1 k v i))) :=
⋯
'Luce.Section6.linearCombination65_power' depends on axioms: [propext, Classical.choice.{u}, Quot.sound.{u}]
theorem Luce.Section6.linearCombination_blocks65.{u_1, u_2} : ∀ {ι : Type u_1} {J : Type u_2} [inst : Fintype.{u_1} ι]
  [inst_1 : Fintype.{u_2} J] (a : ι → J → Real) (t : J → Real) (z : Prod.{u_1, u_2} ι J → Real),
  @Eq.{1} Real
    (@Luce.Section6.linearCombination65.{u_2} J inst_1 t fun j =>
      ∑ i,
        @HMul.hMul.{0, 0, 0} Real Real Real (@instHMul.{0} Real Real.instMul) (a i j) (z (@Prod.mk.{u_1, u_2} ι J i j)))
    (@Luce.Section6.linearCombination65.{max u_1 u_2} (Prod.{u_1, u_2} ι J)
      (@instFintypeProd.{u_1, u_2} ι J inst inst_1)
      (fun p =>
        @HMul.hMul.{0, 0, 0} Real Real Real (@instHMul.{0} Real Real.instMul) (t (@Prod.snd.{u_1, u_2} ι J p))
          (a (@Prod.fst.{u_1, u_2} ι J p) (@Prod.snd.{u_1, u_2} ι J p)))
      z) :=
⋯
'Luce.Section6.linearCombination_blocks65' depends on axioms: [propext, Classical.choice.{u}, Quot.sound.{u}]
theorem Luce.Section6.localization65 : ∀ (f : Real → Real) (left right : Luce.Section6.EndpointBehavior),
  Luce.Section6.PowerProfile f left right →
    ∀ (grid : Luce.Section6.SamplingGrid) (w : Luce.WeightArray),
      Luce.Section6.SampledRates grid w f →
        ∀ (side : Luce.Section6.Corner),
          (Luce.Section6.cornerBehavior left right side).active →
            ∀ (k : Nat) {a b δ : Real},
              @LT.lt.{0} Real Real.instLT (@OfNat.ofNat.{0} Real (nat_lit 0) (@Zero.toOfNat0.{0} Real Real.instZero))
                  a →
                @LT.lt.{0} Real Real.instLT a b →
                  @LT.lt.{0} Real Real.instLT b
                      (@OfNat.ofNat.{0} Real (nat_lit 1) (@One.toOfNat1.{0} Real Real.instOne)) →
                    @LT.lt.{0} Real Real.instLT
                        (@OfNat.ofNat.{0} Real (nat_lit 0) (@Zero.toOfNat0.{0} Real Real.instZero)) δ →
                      @Filter.Tendsto.{0, 0} Nat Real
                        (fun n =>
                          @MeasureTheory.integral.{0, 0} (Fin n → Real) Real Real.normedAddCommGroup
                            (@InnerProductSpace.toNormedSpace.{0, 0} Real Real Real.instRCLike
                              (@NormedAddCommGroup.toSeminormedAddCommGroup.{0} Real Real.normedAddCommGroup)
                              (@RCLike.toInnerProductSpaceReal.{0} Real Real.instRCLike))
                            (@MeasurableSpace.pi.{0, 0} (Fin n) (fun a => Real) fun a => Real.measurableSpace)
                            (@Luce.exponentialRace n (w n)) fun clocks =>
                            @Nat.cast.{0} Real Real.instNatCast
                              (@Luce.Section6.excursionCycleCount n (@Luce.raceRankPermutation n clocks) side k a b δ))
                        (@Filter.atTop.{0} Nat Nat.instPreorder)
                        (@nhds.{0} Real
                          (@UniformSpace.toTopologicalSpace.{0} Real
                            (@PseudoMetricSpace.toUniformSpace.{0} Real Real.pseudoMetricSpace))
                          (@OfNat.ofNat.{0} Real (nat_lit 0) (@Zero.toOfNat0.{0} Real Real.instZero))) :=
⋯
'Luce.Section6.localization65' depends on axioms: [propext, Classical.choice.{u}, Quot.sound.{u}]
theorem Luce.Section6.logGrowth65_const : ∀ (c : Real), Luce.Section6.LogGrowth65 fun x => c :=
⋯
'Luce.Section6.logGrowth65_const' depends on axioms: [propext, Classical.choice.{u}, Quot.sound.{u}]
theorem Luce.Section6.logGrowth65_of_ratio : ∀ {μ : Nat → Real} {β : Real},
  @Filter.Tendsto.{0, 0} Nat Real
      (fun n =>
        @HDiv.hDiv.{0, 0, 0} Real Real Real (@instHDiv.{0} Real (@DivInvMonoid.toDiv.{0} Real Real.instDivInvMonoid))
          (μ n) (Real.log (@Nat.cast.{0} Real Real.instNatCast n)))
      (@Filter.atTop.{0} Nat Nat.instPreorder)
      (@nhds.{0} Real
        (@UniformSpace.toTopologicalSpace.{0} Real (@PseudoMetricSpace.toUniformSpace.{0} Real Real.pseudoMetricSpace))
        β) →
    Luce.Section6.LogGrowth65 μ :=
⋯
'Luce.Section6.logGrowth65_of_ratio' depends on axioms: [propext, Classical.choice.{u}, Quot.sound.{u}]
theorem Luce.Section6.logLocation_window_iff65 : ∀ {n : Nat},
  @LE.le.{0} Nat instLENat (@OfNat.ofNat.{0} Nat (nat_lit 2) (instOfNatNat (nat_lit 2))) n →
    ∀ (side : Luce.Section6.Corner) (v : Fin n) (a b : Real),
      Iff
        (And (@LT.lt.{0} Real Real.instLT a (@Luce.Section6.logLocation side n v))
          (@LE.le.{0} Real Real.instLE (@Luce.Section6.logLocation side n v) b))
        (And
          (@LT.lt.{0} Real Real.instLT
            (@HPow.hPow.{0, 0, 0} Real Real Real (@instHPow.{0, 0} Real Real Real.instPow)
              (@Nat.cast.{0} Real Real.instNatCast n) a)
            (@Nat.cast.{0} Real Real.instNatCast (@Luce.Section6.cornerDistance side n v)))
          (@LE.le.{0} Real Real.instLE (@Nat.cast.{0} Real Real.instNatCast (@Luce.Section6.cornerDistance side n v))
            (@HPow.hPow.{0, 0, 0} Real Real Real (@instHPow.{0, 0} Real Real Real.instPow)
              (@Nat.cast.{0} Real Real.instNatCast n) b))) :=
⋯
'Luce.Section6.logLocation_window_iff65' depends on axioms: [propext, Classical.choice.{u}, Quot.sound.{u}]
def Luce.Section6.logWeight65 : Nat → Real :=
fun n =>
  @HAdd.hAdd.{0, 0, 0} Real Real Real (@instHAdd.{0} Real Real.instAdd)
    (@OfNat.ofNat.{0} Real (nat_lit 1) (@One.toOfNat1.{0} Real Real.instOne))
    (Real.log (@Nat.cast.{0} Real Real.instNatCast n))
'Luce.Section6.logWeight65' depends on axioms: [propext, Classical.choice.{u}, Quot.sound.{u}]
theorem Luce.Section6.logWeight65_one_le : ∀ (n : Nat),
  @LE.le.{0} Real Real.instLE (@OfNat.ofNat.{0} Real (nat_lit 1) (@One.toOfNat1.{0} Real Real.instOne))
    (Luce.Section6.logWeight65 n) :=
⋯
'Luce.Section6.logWeight65_one_le' depends on axioms: [propext, Classical.choice.{u}, Quot.sound.{u}]
theorem Luce.Section6.log_core_lower_sqrt_tendsto65 : @Filter.Tendsto.{0, 0} Nat Real
  (fun n =>
    @HDiv.hDiv.{0, 0, 0} Real Real Real (@instHDiv.{0} Real (@DivInvMonoid.toDiv.{0} Real Real.instDivInvMonoid))
      (Real.log (@Nat.cast.{0} Real Real.instNatCast (Luce.Section6.idealCoreLower n)))
      (Real.log (@Nat.cast.{0} Real Real.instNatCast n)).sqrt)
  (@Filter.atTop.{0} Nat Nat.instPreorder)
  (@nhds.{0} Real
    (@UniformSpace.toTopologicalSpace.{0} Real (@PseudoMetricSpace.toUniformSpace.{0} Real Real.pseudoMetricSpace))
    (@OfNat.ofNat.{0} Real (nat_lit 0) (@Zero.toOfNat0.{0} Real Real.instZero))) :=
⋯
'Luce.Section6.log_core_lower_sqrt_tendsto65' depends on axioms: [propext, Classical.choice.{u}, Quot.sound.{u}]
theorem Luce.Section6.log_population_core_upper65 : ∀ {n : Nat},
  @LE.le.{0} Nat instLENat (@OfNat.ofNat.{0} Nat (nat_lit 1) (instOfNatNat (nat_lit 1))) n →
    @LE.le.{0} Nat instLENat (Luce.Section6.idealCoreLower n) (Luce.Section6.idealCoreUpper n) →
      @LE.le.{0} Real Real.instLE
        (Real.log
          (@HDiv.hDiv.{0, 0, 0} Real Real Real (@instHDiv.{0} Real (@DivInvMonoid.toDiv.{0} Real Real.instDivInvMonoid))
            (@Nat.cast.{0} Real Real.instNatCast n)
            (@Nat.cast.{0} Real Real.instNatCast (Luce.Section6.idealCoreUpper n))))
        (@HAdd.hAdd.{0, 0, 0} Real Real Real (@instHAdd.{0} Real Real.instAdd)
          (@OfNat.ofNat.{0} Real (nat_lit 1) (@One.toOfNat1.{0} Real Real.instOne))
          (Real.log (@Nat.cast.{0} Real Real.instNatCast (Luce.Section6.idealCoreLower n)))) :=
⋯
'Luce.Section6.log_population_core_upper65' depends on axioms: [propext, Classical.choice.{u}, Quot.sound.{u}]
def Luce.Section6.lowRootLabels65 : Luce.Section6.Corner → (n : Nat) → Real → Finset.{0} (Fin n) :=
fun side n δ =>
  {v |
    And (@LT.lt.{0} Nat instLTNat (@Luce.Section6.cornerDistance side n v) (Luce.Section6.idealCoreLower n))
      (@LE.le.{0} Real Real.instLE
        (@HDiv.hDiv.{0, 0, 0} Real Real Real (@instHDiv.{0} Real (@DivInvMonoid.toDiv.{0} Real Real.instDivInvMonoid))
          (@Nat.cast.{0} Real Real.instNatCast (@Luce.Section6.cornerDistance side n v))
          (@Nat.cast.{0} Real Real.instNatCast n))
        δ)}
'Luce.Section6.lowRootLabels65' depends on axioms: [propext, Classical.choice.{u}, Quot.sound.{u}]
theorem Luce.Section6.luce_invariant_integral_eq65.{u_1} : ∀ {Ω : Type u_1} [mΩ : MeasurableSpace.{u_1} Ω] {n : Nat}
  (P : @MeasureTheory.Measure.{u_1} Ω mΩ) [@MeasureTheory.IsProbabilityMeasure.{u_1} Ω mΩ P] (w : Luce.Weights n)
  (π : Ω → Equiv.Perm.{1} (Fin n)),
  @Measurable.{u_1, 0} Ω (Equiv.Perm.{1} (Fin n)) mΩ
      (@Top.top.{0} (MeasurableSpace.{0} (Equiv.Perm.{1} (Fin n)))
        (@OrderTop.toTop.{0} (MeasurableSpace.{0} (Equiv.Perm.{1} (Fin n)))
          (@Preorder.toLE.{0} (MeasurableSpace.{0} (Equiv.Perm.{1} (Fin n)))
            (@PartialOrder.toPreorder.{0} (MeasurableSpace.{0} (Equiv.Perm.{1} (Fin n)))
              (@SemilatticeSup.toPartialOrder.{0} (MeasurableSpace.{0} (Equiv.Perm.{1} (Fin n)))
                (@Lattice.toSemilatticeSup.{0} (MeasurableSpace.{0} (Equiv.Perm.{1} (Fin n)))
                  (@CompleteLattice.toLattice.{0} (MeasurableSpace.{0} (Equiv.Perm.{1} (Fin n)))
                    (@MeasurableSpace.instCompleteLattice.{0} (Equiv.Perm.{1} (Fin n))))))))
          (@BoundedOrder.toOrderTop.{0} (MeasurableSpace.{0} (Equiv.Perm.{1} (Fin n)))
            (@Preorder.toLE.{0} (MeasurableSpace.{0} (Equiv.Perm.{1} (Fin n)))
              (@PartialOrder.toPreorder.{0} (MeasurableSpace.{0} (Equiv.Perm.{1} (Fin n)))
                (@SemilatticeSup.toPartialOrder.{0} (MeasurableSpace.{0} (Equiv.Perm.{1} (Fin n)))
                  (@Lattice.toSemilatticeSup.{0} (MeasurableSpace.{0} (Equiv.Perm.{1} (Fin n)))
                    (@CompleteLattice.toLattice.{0} (MeasurableSpace.{0} (Equiv.Perm.{1} (Fin n)))
                      (@MeasurableSpace.instCompleteLattice.{0} (Equiv.Perm.{1} (Fin n))))))))
            (@CompleteLattice.toBoundedOrder.{0} (MeasurableSpace.{0} (Equiv.Perm.{1} (Fin n)))
              (@MeasurableSpace.instCompleteLattice.{0} (Equiv.Perm.{1} (Fin n)))))))
      π →
    (∀ (σ : Equiv.Perm.{1} (Fin n)),
        @Eq.{1} Real
          (@MeasureTheory.Measure.real.{u_1} Ω mΩ P
            (@Set.ofPred.{u_1} Ω fun ω => @Eq.{1} (Equiv.Perm.{1} (Fin n)) (π ω) σ))
          (@Luce.Weights.mass n w σ)) →
      ∀ (G : Equiv.Perm.{1} (Fin n) → Real),
        (∀ (R : Equiv.Perm.{1} (Fin n)), @Eq.{1} Real (G (@Equiv.symm.{1, 1} (Fin n) (Fin n) R)) (G R)) →
          @Eq.{1} Real
            (@MeasureTheory.integral.{u_1, 0} Ω Real Real.normedAddCommGroup
              (@InnerProductSpace.toNormedSpace.{0, 0} Real Real Real.instRCLike
                (@NormedAddCommGroup.toSeminormedAddCommGroup.{0} Real Real.normedAddCommGroup)
                (@RCLike.toInnerProductSpaceReal.{0} Real Real.instRCLike))
              mΩ P fun ω => G (π ω))
            (@MeasureTheory.integral.{0, 0} (Fin n → Real) Real Real.normedAddCommGroup
              (@InnerProductSpace.toNormedSpace.{0, 0} Real Real Real.instRCLike
                (@NormedAddCommGroup.toSeminormedAddCommGroup.{0} Real Real.normedAddCommGroup)
                (@RCLike.toInnerProductSpaceReal.{0} Real Real.instRCLike))
              (@MeasurableSpace.pi.{0, 0} (Fin n) (fun a => Real) fun a => Real.measurableSpace)
              (@Luce.exponentialRace n w) fun z => G (@Luce.raceRankPermutation n z)) :=
⋯
'Luce.Section6.luce_invariant_integral_eq65' depends on axioms: [propext, Classical.choice.{u}, Quot.sound.{u}]
theorem Luce.Section6.maximumCycleRoots_symm65 : ∀ {n : Nat} (R : Equiv.Perm.{1} (Fin n)) (k : Nat),
  @Eq.{1} (Finset.{0} (Fin n)) (@Luce.Section5.maximumCycleRoots n (@Equiv.symm.{1, 1} (Fin n) (Fin n) R) k)
    (@Luce.Section5.maximumCycleRoots n R k) :=
⋯
'Luce.Section6.maximumCycleRoots_symm65' depends on axioms: [propext, Classical.choice.{u}, Quot.sound.{u}]
theorem Luce.Section6.meanApprox65_of_core_log_bound : ∀ {μ : Nat → Real} {β C D : Real},
  @Filter.Eventually.{0} Nat
      (fun n =>
        @LE.le.{0} Real Real.instLE
          (@abs.{0} Real Real.lattice Real.instAddGroup
            (@HSub.hSub.{0, 0, 0} Real Real Real (@instHSub.{0} Real Real.instSub) (μ n)
              (@HMul.hMul.{0, 0, 0} Real Real Real (@instHMul.{0} Real Real.instMul) β
                (Real.log (@Nat.cast.{0} Real Real.instNatCast n)))))
          (@HAdd.hAdd.{0, 0, 0} Real Real Real (@instHAdd.{0} Real Real.instAdd)
            (@HMul.hMul.{0, 0, 0} Real Real Real (@instHMul.{0} Real Real.instMul) C
              (@HAdd.hAdd.{0, 0, 0} Real Real Real (@instHAdd.{0} Real Real.instAdd)
                (@OfNat.ofNat.{0} Real (nat_lit 1) (@One.toOfNat1.{0} Real Real.instOne))
                (Real.log (@Nat.cast.{0} Real Real.instNatCast (Luce.Section6.idealCoreLower n)))))
            (@HMul.hMul.{0, 0, 0} Real Real Real (@instHMul.{0} Real Real.instMul) D
              (@HDiv.hDiv.{0, 0, 0} Real Real Real
                (@instHDiv.{0} Real (@DivInvMonoid.toDiv.{0} Real Real.instDivInvMonoid))
                (@HAdd.hAdd.{0, 0, 0} Real Real Real (@instHAdd.{0} Real Real.instAdd)
                  (@OfNat.ofNat.{0} Real (nat_lit 1) (@One.toOfNat1.{0} Real Real.instOne))
                  (Real.log (@Nat.cast.{0} Real Real.instNatCast n)))
                (@Nat.cast.{0} Real Real.instNatCast (Luce.Section6.idealCoreLower n))))))
      (@Filter.atTop.{0} Nat Nat.instPreorder) →
    Luce.Section6.MeanApprox65 μ β :=
⋯
'Luce.Section6.meanApprox65_of_core_log_bound' depends on axioms: [propext, Classical.choice.{u}, Quot.sound.{u}]
theorem Luce.Section6.memLp_race_permutation_statistic65 : ∀ {n : Nat} (w : Luce.Weights n)
  (F : Equiv.Perm.{1} (Fin n) → Real) (p : ENNReal),
  @MeasureTheory.MemLp.{0, 0} (Fin n → Real) Real
    (@MeasurableSpace.pi.{0, 0} (Fin n) (fun a => Real) fun a => Real.measurableSpace)
    (@ContinuousENorm.toENorm.{0} Real
      (@UniformSpace.toTopologicalSpace.{0} Real
        (@PseudoMetricSpace.toUniformSpace.{0} Real
          (@SeminormedAddGroup.toPseudoMetricSpace.{0} Real
            (@SeminormedAddCommGroup.toSeminormedAddGroup.{0} Real
              (@NonUnitalSeminormedRing.toSeminormedAddCommGroup.{0} Real
                (@NonUnitalSeminormedCommRing.toNonUnitalSeminormedRing.{0} Real
                  (@SeminormedCommRing.toNonUnitalSeminormedCommRing.{0} Real
                    (@NormedCommRing.toSeminormedCommRing.{0} Real Real.normedCommRing))))))))
      (@SeminormedAddGroup.toContinuousENorm.{0} Real
        (@SeminormedAddCommGroup.toSeminormedAddGroup.{0} Real
          (@NonUnitalSeminormedRing.toSeminormedAddCommGroup.{0} Real
            (@NonUnitalSeminormedCommRing.toNonUnitalSeminormedRing.{0} Real
              (@SeminormedCommRing.toNonUnitalSeminormedCommRing.{0} Real
                (@NormedCommRing.toSeminormedCommRing.{0} Real Real.normedCommRing)))))))
    (@UniformSpace.toTopologicalSpace.{0} Real (@PseudoMetricSpace.toUniformSpace.{0} Real Real.pseudoMetricSpace))
    (fun z => F (@Luce.raceRankPermutation n z)) p (@Luce.exponentialRace n w) :=
⋯
'Luce.Section6.memLp_race_permutation_statistic65' depends on axioms: [propext, Classical.choice.{u}, Quot.sound.{u}]
def Luce.Section6.momentTaylor : @MeasureTheory.Measure.{0} Real Real.measurableSpace → Nat → Complex :=
fun μ n =>
  ∑
    j ∈
      Finset.range
        (@HAdd.hAdd.{0, 0, 0} Nat Nat Nat (@instHAdd.{0} Nat instAddNat) n
          (@OfNat.ofNat.{0} Nat (nat_lit 1) (instOfNatNat (nat_lit 1)))),
    @HMul.hMul.{0, 0, 0} Complex Complex Complex (@instHMul.{0} Complex Complex.instMul)
      (@HMul.hMul.{0, 0, 0} Complex Complex Complex (@instHMul.{0} Complex Complex.instMul)
        (@Inv.inv.{0} Complex Complex.instInv (@Nat.cast.{0} Complex Complex.instNatCast j.factorial))
        (@HPow.hPow.{0, 0, 0} Complex Nat Complex
          (@instHPow.{0, 0} Complex Nat
            (@NPow.toPow.{0} Complex
              (@Monoid.toNPow.{0} Complex (@Semiring.toMonoid.{0} Complex Complex.instSemiring))))
          Complex.I j))
      ↑(@MeasureTheory.integral.{0, 0} Real Real Real.normedAddCommGroup
          (@InnerProductSpace.toNormedSpace.{0, 0} Real Real Real.instRCLike
            (@NormedAddCommGroup.toSeminormedAddCommGroup.{0} Real Real.normedAddCommGroup)
            (@RCLike.toInnerProductSpaceReal.{0} Real Real.instRCLike))
          Real.measurableSpace μ fun x =>
          @HPow.hPow.{0, 0, 0} Real Nat Real
            (@instHPow.{0, 0} Real Nat (@NPow.toPow.{0} Real (@Monoid.toNPow.{0} Real Real.instMonoid))) x j)
'Luce.Section6.momentTaylor' depends on axioms: [propext, Classical.choice.{u}, Quot.sound.{u}]
theorem Luce.Section6.momentTaylor_eq_taylor : ∀ (μ : @MeasureTheory.Measure.{0} Real Real.measurableSpace)
  [@MeasureTheory.IsFiniteMeasure.{0} Real Real.measurableSpace μ] (n : Nat),
  (∀ (j : Nat),
      @MeasureTheory.MemLp.{0, 0} Real Real Real.measurableSpace
        (@ContinuousENorm.toENorm.{0} Real
          (@UniformSpace.toTopologicalSpace.{0} Real
            (@PseudoMetricSpace.toUniformSpace.{0} Real
              (@SeminormedAddGroup.toPseudoMetricSpace.{0} Real
                (@SeminormedAddCommGroup.toSeminormedAddGroup.{0} Real
                  (@NonUnitalSeminormedRing.toSeminormedAddCommGroup.{0} Real
                    (@NonUnitalSeminormedCommRing.toNonUnitalSeminormedRing.{0} Real
                      (@SeminormedCommRing.toNonUnitalSeminormedCommRing.{0} Real
                        (@NormedCommRing.toSeminormedCommRing.{0} Real Real.normedCommRing))))))))
          (@SeminormedAddGroup.toContinuousENorm.{0} Real
            (@SeminormedAddCommGroup.toSeminormedAddGroup.{0} Real
              (@NonUnitalSeminormedRing.toSeminormedAddCommGroup.{0} Real
                (@NonUnitalSeminormedCommRing.toNonUnitalSeminormedRing.{0} Real
                  (@SeminormedCommRing.toNonUnitalSeminormedCommRing.{0} Real
                    (@NormedCommRing.toSeminormedCommRing.{0} Real Real.normedCommRing)))))))
        (@UniformSpace.toTopologicalSpace.{0} Real (@PseudoMetricSpace.toUniformSpace.{0} Real Real.pseudoMetricSpace))
        (@id.{1} Real)
        (@Nat.cast.{0} ENNReal
          (@AddMonoidWithOne.toNatCast.{0} ENNReal
            (@AddCommMonoidWithOne.toAddMonoidWithOne.{0} ENNReal ENNReal.instAddCommMonoidWithOne))
          j)
        μ) →
    @Eq.{1} Complex (Luce.Section6.momentTaylor μ n)
      (@taylorWithinEval.{0} Complex Complex.instNormedAddCommGroup
        (@InnerProductSpace.toNormedSpace.{0, 0} Real Complex Real.instRCLike
          (@NormedAddCommGroup.toSeminormedAddCommGroup.{0} Complex Complex.instNormedAddCommGroup)
          instInnerProductSpaceRealComplex)
        (@MeasureTheory.charFun.{0} Real Real.measurableSpace
          (@InnerProductSpace.toInner.{0, 0} Real Real Real.instRCLike
            (@NonUnitalSeminormedRing.toSeminormedAddCommGroup.{0} Real
              (@NonUnitalSeminormedCommRing.toNonUnitalSeminormedRing.{0} Real
                (@SeminormedCommRing.toNonUnitalSeminormedCommRing.{0} Real
                  (@NormedCommRing.toSeminormedCommRing.{0} Real
                    (@NormedField.toNormedCommRing.{0} Real
                      (@DenselyNormedField.toNormedField.{0} Real
                        (@RCLike.toDenselyNormedField.{0} Real Real.instRCLike)))))))
            (@RCLike.toInnerProductSpaceReal.{0} Real Real.instRCLike))
          μ)
        n
        (@Set.Icc.{0} Real Real.instPreorder (@OfNat.ofNat.{0} Real (nat_lit 0) (@Zero.toOfNat0.{0} Real Real.instZero))
          (@OfNat.ofNat.{0} Real (nat_lit 1) (@One.toOfNat1.{0} Real Real.instOne)))
        (@OfNat.ofNat.{0} Real (nat_lit 0) (@Zero.toOfNat0.{0} Real Real.instZero))
        (@OfNat.ofNat.{0} Real (nat_lit 1) (@One.toOfNat1.{0} Real Real.instOne))) :=
⋯
'Luce.Section6.momentTaylor_eq_taylor' depends on axioms: [propext, Classical.choice.{u}, Quot.sound.{u}]
theorem Luce.Section6.momentTaylor_tendsto : ∀ (μ : Nat → @MeasureTheory.Measure.{0} Real Real.measurableSpace)
  (ν : @MeasureTheory.Measure.{0} Real Real.measurableSpace),
  (∀ (k : Nat),
      @Filter.Tendsto.{0, 0} Nat Real
        (fun n =>
          @MeasureTheory.integral.{0, 0} Real Real Real.normedAddCommGroup
            (@InnerProductSpace.toNormedSpace.{0, 0} Real Real Real.instRCLike
              (@NormedAddCommGroup.toSeminormedAddCommGroup.{0} Real Real.normedAddCommGroup)
              (@RCLike.toInnerProductSpaceReal.{0} Real Real.instRCLike))
            Real.measurableSpace (μ n) fun x =>
            @HPow.hPow.{0, 0, 0} Real Nat Real
              (@instHPow.{0, 0} Real Nat (@NPow.toPow.{0} Real (@Monoid.toNPow.{0} Real Real.instMonoid))) x k)
        (@Filter.atTop.{0} Nat Nat.instPreorder)
        (@nhds.{0} Real
          (@UniformSpace.toTopologicalSpace.{0} Real
            (@PseudoMetricSpace.toUniformSpace.{0} Real Real.pseudoMetricSpace))
          (@MeasureTheory.integral.{0, 0} Real Real Real.normedAddCommGroup
            (@InnerProductSpace.toNormedSpace.{0, 0} Real Real Real.instRCLike
              (@NormedAddCommGroup.toSeminormedAddCommGroup.{0} Real Real.normedAddCommGroup)
              (@RCLike.toInnerProductSpaceReal.{0} Real Real.instRCLike))
            Real.measurableSpace ν fun x =>
            @HPow.hPow.{0, 0, 0} Real Nat Real
              (@instHPow.{0, 0} Real Nat (@NPow.toPow.{0} Real (@Monoid.toNPow.{0} Real Real.instMonoid))) x k))) →
    ∀ (m : Nat),
      @Filter.Tendsto.{0, 0} Nat Complex (fun n => Luce.Section6.momentTaylor (μ n) m)
        (@Filter.atTop.{0} Nat Nat.instPreorder)
        (@nhds.{0} Complex
          (@UniformSpace.toTopologicalSpace.{0} Complex
            (@PseudoMetricSpace.toUniformSpace.{0} Complex
              (@SeminormedRing.toPseudoMetricSpace.{0} Complex
                (@SeminormedCommRing.toSeminormedRing.{0} Complex
                  (@NormedCommRing.toSeminormedCommRing.{0} Complex
                    (@CommCStarAlgebra.toNormedCommRing.{0} Complex instCommCStarAlgebraComplex))))))
          (Luce.Section6.momentTaylor ν m)) :=
⋯
'Luce.Section6.momentTaylor_tendsto' depends on axioms: [propext, Classical.choice.{u}, Quot.sound.{u}]
theorem Luce.Section6.moment_remainder_tendsto : ∀ (μ : @MeasureTheory.Measure.{0} Real Real.measurableSpace),
  @MeasureTheory.Integrable.{0, 0} Real
      (@UniformSpace.toTopologicalSpace.{0} Real (@PseudoMetricSpace.toUniformSpace.{0} Real Real.pseudoMetricSpace))
      (@SeminormedAddGroup.toContinuousENorm.{0} Real
        (@SeminormedAddCommGroup.toSeminormedAddGroup.{0} Real
          (@NonUnitalSeminormedRing.toSeminormedAddCommGroup.{0} Real
            (@NonUnitalSeminormedCommRing.toNonUnitalSeminormedRing.{0} Real
              (@SeminormedCommRing.toNonUnitalSeminormedCommRing.{0} Real
                (@NormedCommRing.toSeminormedCommRing.{0} Real Real.normedCommRing))))))
      Real Real.measurableSpace
      (fun x =>
        Real.exp
          (@HMul.hMul.{0, 0, 0} Real Real Real (@instHMul.{0} Real Real.instMul)
            (@OfNat.ofNat.{0} Real (nat_lit 2) (@instOfNatAtLeastTwo.{0} Real (nat_lit 2) Real.instNatCast ⋯))
            (@abs.{0} Real Real.lattice Real.instAddGroup x)))
      μ →
    @Filter.Tendsto.{0, 0} Nat Real
      (fun n =>
        @HDiv.hDiv.{0, 0, 0} Real Real Real (@instHDiv.{0} Real (@DivInvMonoid.toDiv.{0} Real Real.instDivInvMonoid))
          (@MeasureTheory.integral.{0, 0} Real Real Real.normedAddCommGroup
            (@InnerProductSpace.toNormedSpace.{0, 0} Real Real Real.instRCLike
              (@NormedAddCommGroup.toSeminormedAddCommGroup.{0} Real Real.normedAddCommGroup)
              (@RCLike.toInnerProductSpaceReal.{0} Real Real.instRCLike))
            Real.measurableSpace μ fun x =>
            @HPow.hPow.{0, 0, 0} Real Nat Real
              (@instHPow.{0, 0} Real Nat (@NPow.toPow.{0} Real (@Monoid.toNPow.{0} Real Real.instMonoid)))
              (@abs.{0} Real Real.lattice Real.instAddGroup x)
              (@HAdd.hAdd.{0, 0, 0} Nat Nat Nat (@instHAdd.{0} Nat instAddNat) n
                (@OfNat.ofNat.{0} Nat (nat_lit 1) (instOfNatNat (nat_lit 1)))))
          (@Nat.cast.{0} Real Real.instNatCast n.factorial))
      (@Filter.atTop.{0} Nat Nat.instPreorder)
      (@nhds.{0} Real
        (@UniformSpace.toTopologicalSpace.{0} Real (@PseudoMetricSpace.toUniformSpace.{0} Real Real.pseudoMetricSpace))
        (@OfNat.ofNat.{0} Real (nat_lit 0) (@Zero.toOfNat0.{0} Real Real.instZero))) :=
⋯
'Luce.Section6.moment_remainder_tendsto' depends on axioms: [propext, Classical.choice.{u}, Quot.sound.{u}]
def Luce.Section6.multiplicity65.{u_1} : {ι : Type u_1} →
  [DecidableEq.{u_1 + 1} ι] → {k : Nat} → (Fin k → ι) → ι → Nat :=
fun {ι} [DecidableEq.{u_1 + 1} ι] {k} v i => @Finset.card.{0} (Fin k) {j | @Eq.{u_1 + 1} ι (v j) i}
'Luce.Section6.multiplicity65' depends on axioms: [propext, Classical.choice.{u}, Quot.sound.{u}]
theorem Luce.Section6.normalization_affine65 : ∀ {μ m : Real},
  @LT.lt.{0} Real Real.instLT (@OfNat.ofNat.{0} Real (nat_lit 0) (@Zero.toOfNat0.{0} Real Real.instZero)) μ →
    @LT.lt.{0} Real Real.instLT (@OfNat.ofNat.{0} Real (nat_lit 0) (@Zero.toOfNat0.{0} Real Real.instZero)) m →
      ∀ (x : Real),
        @Eq.{1} Real
          (@HDiv.hDiv.{0, 0, 0} Real Real Real (@instHDiv.{0} Real (@DivInvMonoid.toDiv.{0} Real Real.instDivInvMonoid))
            (@HSub.hSub.{0, 0, 0} Real Real Real (@instHSub.{0} Real Real.instSub) x m) m.sqrt)
          (@HAdd.hAdd.{0, 0, 0} Real Real Real (@instHAdd.{0} Real Real.instAdd)
            (@HMul.hMul.{0, 0, 0} Real Real Real (@instHMul.{0} Real Real.instMul)
              (@HDiv.hDiv.{0, 0, 0} Real Real Real
                (@instHDiv.{0} Real (@DivInvMonoid.toDiv.{0} Real Real.instDivInvMonoid)) μ.sqrt m.sqrt)
              (@HDiv.hDiv.{0, 0, 0} Real Real Real
                (@instHDiv.{0} Real (@DivInvMonoid.toDiv.{0} Real Real.instDivInvMonoid))
                (@HSub.hSub.{0, 0, 0} Real Real Real (@instHSub.{0} Real Real.instSub) x μ) μ.sqrt))
            (@HDiv.hDiv.{0, 0, 0} Real Real Real
              (@instHDiv.{0} Real (@DivInvMonoid.toDiv.{0} Real Real.instDivInvMonoid))
              (@HSub.hSub.{0, 0, 0} Real Real Real (@instHSub.{0} Real Real.instSub) μ m) m.sqrt)) :=
⋯
'Luce.Section6.normalization_affine65' depends on axioms: [propext, Classical.choice.{u}, Quot.sound.{u}]
def Luce.Section6.normalizedCoreCategory65 : Luce.Section6.EndpointBehavior →
  Luce.Section6.EndpointBehavior → {n : Nat} → Equiv.Perm.{1} (Fin n) → Luce.Section6.CoreCycleCategory → Real :=
fun left right {n} R c =>
  @HDiv.hDiv.{0, 0, 0} Real Real Real (@instHDiv.{0} Real (@DivInvMonoid.toDiv.{0} Real Real.instDivInvMonoid))
    (@HSub.hSub.{0, 0, 0} Real Real Real (@instHSub.{0} Real Real.instSub)
      (@Nat.cast.{0} Real Real.instNatCast (@Luce.Section6.coreCategoryCount n R c))
      (Luce.Section6.coreCategoryIdealMean left right n c))
    (Luce.Section6.coreCategoryIdealMean left right n c).sqrt
'Luce.Section6.normalizedCoreCategory65' depends on axioms: [propext, Classical.choice.{u}, Quot.sound.{u}]
theorem Luce.Section6.not_offActiveLabels65 : ∀ {n : Nat} (left right : Luce.Section6.EndpointBehavior) (δ : Real),
  ∀ v ∉ Luce.Section6.offActiveLabels left right n δ,
    ∃ s,
      @LE.le.{0} Real Real.instLE
        (@HDiv.hDiv.{0, 0, 0} Real Real Real (@instHDiv.{0} Real (@DivInvMonoid.toDiv.{0} Real Real.instDivInvMonoid))
          (@Nat.cast.{0} Real Real.instNatCast
            (@Luce.Section6.cornerDistance
              (@Subtype.val.{1} Luce.Section6.Corner (fun side => (Luce.Section6.cornerBehavior left right side).active)
                s)
              n v))
          (@Nat.cast.{0} Real Real.instNatCast n))
        δ :=
⋯
'Luce.Section6.not_offActiveLabels65' depends on axioms: [propext, Classical.choice.{u}, Quot.sound.{u}]
theorem Luce.Section6.one_add_log_core_lower_sqrt_tendsto65 : @Filter.Tendsto.{0, 0} Nat Real
  (fun n =>
    @HDiv.hDiv.{0, 0, 0} Real Real Real (@instHDiv.{0} Real (@DivInvMonoid.toDiv.{0} Real Real.instDivInvMonoid))
      (@HAdd.hAdd.{0, 0, 0} Real Real Real (@instHAdd.{0} Real Real.instAdd)
        (@OfNat.ofNat.{0} Real (nat_lit 1) (@One.toOfNat1.{0} Real Real.instOne))
        (Real.log (@Nat.cast.{0} Real Real.instNatCast (Luce.Section6.idealCoreLower n))))
      (Real.log (@Nat.cast.{0} Real Real.instNatCast n)).sqrt)
  (@Filter.atTop.{0} Nat Nat.instPreorder)
  (@nhds.{0} Real
    (@UniformSpace.toTopologicalSpace.{0} Real (@PseudoMetricSpace.toUniformSpace.{0} Real Real.pseudoMetricSpace))
    (@OfNat.ofNat.{0} Real (nat_lit 0) (@Zero.toOfNat0.{0} Real Real.instZero))) :=
⋯
'Luce.Section6.one_add_log_core_lower_sqrt_tendsto65' depends on axioms: [propext, Classical.choice.{u}, Quot.sound.{u}]
theorem Luce.Section6.periodicOrbit_finset_sameCycle65.{u_1} : ∀ {α : Type u_1} [Fintype.{u_1} α]
  [inst : DecidableEq.{u_1 + 1} α] (R : Equiv.Perm.{u_1 + 1} α) (x y : α),
  Iff
    (@Membership.mem.{u_1, u_1} α (Finset.{u_1} α)
      (@SetLike.instMembership.{u_1, u_1} (Finset.{u_1} α) α (@Finset.instSetLike.{u_1} α))
      (@Cycle.toFinset.{u_1} α inst
        (@Function.periodicOrbit.{u_1} α
          (@DFunLike.coe.{u_1 + 1, u_1 + 1, u_1 + 1} (Equiv.Perm.{u_1 + 1} α) α (fun x => α)
            (@EquivLike.toFunLike.{u_1 + 1, u_1 + 1, u_1 + 1} (Equiv.Perm.{u_1 + 1} α) α α
              (@Equiv.instEquivLike.{u_1 + 1, u_1 + 1} α α))
            R)
          x))
      y)
    (@Equiv.Perm.SameCycle.{u_1} α R x y) :=
⋯
'Luce.Section6.periodicOrbit_finset_sameCycle65' depends on axioms: [propext, Classical.choice.{u}, Quot.sound.{u}]
theorem Luce.Section6.periodicOrbit_finset_symm65.{u_1} : ∀ {α : Type u_1} [Fintype.{u_1} α]
  [inst : DecidableEq.{u_1 + 1} α] (R : Equiv.Perm.{u_1 + 1} α) (x : α),
  @Eq.{u_1 + 1} (Finset.{u_1} α)
    (@Cycle.toFinset.{u_1} α inst
      (@Function.periodicOrbit.{u_1} α
        (@DFunLike.coe.{u_1 + 1, u_1 + 1, u_1 + 1} (Equiv.{u_1 + 1, u_1 + 1} α α) α (fun x => α)
          (@EquivLike.toFunLike.{u_1 + 1, u_1 + 1, u_1 + 1} (Equiv.{u_1 + 1, u_1 + 1} α α) α α
            (@Equiv.instEquivLike.{u_1 + 1, u_1 + 1} α α))
          (@Equiv.symm.{u_1 + 1, u_1 + 1} α α R))
        x))
    (@Cycle.toFinset.{u_1} α inst
      (@Function.periodicOrbit.{u_1} α
        (@DFunLike.coe.{u_1 + 1, u_1 + 1, u_1 + 1} (Equiv.Perm.{u_1 + 1} α) α (fun x => α)
          (@EquivLike.toFunLike.{u_1 + 1, u_1 + 1, u_1 + 1} (Equiv.Perm.{u_1 + 1} α) α α
            (@Equiv.instEquivLike.{u_1 + 1, u_1 + 1} α α))
          R)
        x)) :=
⋯
'Luce.Section6.periodicOrbit_finset_symm65' depends on axioms: [propext, Classical.choice.{u}, Quot.sound.{u}]
def Luce.Section6.poissonFunctional65 : Real →
  @LinearMap.{0, 0, 0, 0} Real Real Real.semiring Real.semiring
    (@RingHom.id.{0} Real (@Semiring.toNonAssocSemiring.{0} Real Real.semiring)) (@Polynomial.{0} Real Real.semiring)
    Real
    (@Semiring.toAddCommMonoid.{0} (@Polynomial.{0} Real Real.semiring) (@Polynomial.semiring.{0} Real Real.semiring))
    Real.instAddCommMonoid
    (@Polynomial.module.{0, 0} Real Real.semiring Real Real.semiring (@Semiring.toModule.{0} Real Real.semiring))
    (@Semiring.toModule.{0} Real Real.semiring) :=
fun μ =>
  @DFunLike.coe.{1, 1, 1}
    (@LinearEquiv.{0, 0, 0, 0} Real Real Real.semiring Real.semiring
      (@RingHom.id.{0} Real (@Semiring.toNonAssocSemiring.{0} Real Real.semiring))
      (@RingHom.id.{0} Real (@Semiring.toNonAssocSemiring.{0} Real Real.semiring)) ⋯ ⋯ (Nat → Real)
      (@LinearMap.{0, 0, 0, 0} Real Real Real.semiring Real.semiring
        (@RingHom.id.{0} Real (@Semiring.toNonAssocSemiring.{0} Real Real.semiring))
        (@Polynomial.{0} Real Real.semiring) Real
        (@Semiring.toAddCommMonoid.{0} (@Polynomial.{0} Real Real.semiring)
          (@Polynomial.semiring.{0} Real Real.semiring))
        Real.instAddCommMonoid
        (@Polynomial.module.{0, 0} Real Real.semiring Real Real.semiring (@Semiring.toModule.{0} Real Real.semiring))
        (@Semiring.toModule.{0} Real Real.semiring))
      (@Pi.addCommMonoid.{0, 0} Nat (fun a => Real) fun i => Real.instAddCommMonoid)
      (@LinearMap.addCommMonoid.{0, 0, 0, 0} Real Real (@Polynomial.{0} Real Real.semiring) Real Real.semiring
        Real.semiring
        (@Semiring.toAddCommMonoid.{0} (@Polynomial.{0} Real Real.semiring)
          (@Polynomial.semiring.{0} Real Real.semiring))
        Real.instAddCommMonoid
        (@Polynomial.module.{0, 0} Real Real.semiring Real Real.semiring (@Semiring.toModule.{0} Real Real.semiring))
        (@Semiring.toModule.{0} Real Real.semiring)
        (@RingHom.id.{0} Real (@Semiring.toNonAssocSemiring.{0} Real Real.semiring)))
      (@Pi.Function.module.{0, 0, 0} Nat Real Real Real.semiring Real.instAddCommMonoid
        (@Semiring.toModule.{0} Real Real.semiring))
      (@LinearMap.module.{0, 0, 0, 0, 0} Real Real Real (@Polynomial.{0} Real Real.semiring) Real Real.semiring
        Real.semiring
        (@Semiring.toAddCommMonoid.{0} (@Polynomial.{0} Real Real.semiring)
          (@Polynomial.semiring.{0} Real Real.semiring))
        Real.instAddCommMonoid
        (@Polynomial.module.{0, 0} Real Real.semiring Real Real.semiring (@Semiring.toModule.{0} Real Real.semiring))
        (@Semiring.toModule.{0} Real Real.semiring)
        (@RingHom.id.{0} Real (@Semiring.toNonAssocSemiring.{0} Real Real.semiring)) Real.semiring
        (@Semiring.toModule.{0} Real Real.semiring) Luce.Section6.poissonFunctional65._proof_1))
    (Nat → Real)
    (fun x =>
      @LinearMap.{0, 0, 0, 0} Real Real Real.semiring Real.semiring
        (@RingHom.id.{0} Real (@Semiring.toNonAssocSemiring.{0} Real Real.semiring))
        (@Polynomial.{0} Real Real.semiring) Real
        (@Semiring.toAddCommMonoid.{0} (@Polynomial.{0} Real Real.semiring)
          (@Polynomial.semiring.{0} Real Real.semiring))
        Real.instAddCommMonoid
        (@Polynomial.module.{0, 0} Real Real.semiring Real Real.semiring (@Semiring.toModule.{0} Real Real.semiring))
        (@Semiring.toModule.{0} Real Real.semiring))
    (@EquivLike.toFunLike.{1, 1, 1}
      (@LinearEquiv.{0, 0, 0, 0} Real Real Real.semiring Real.semiring
        (@RingHom.id.{0} Real (@Semiring.toNonAssocSemiring.{0} Real Real.semiring))
        (@RingHom.id.{0} Real (@Semiring.toNonAssocSemiring.{0} Real Real.semiring)) ⋯ ⋯ (Nat → Real)
        (@LinearMap.{0, 0, 0, 0} Real Real Real.semiring Real.semiring
          (@RingHom.id.{0} Real (@Semiring.toNonAssocSemiring.{0} Real Real.semiring))
          (@Polynomial.{0} Real Real.semiring) Real
          (@Semiring.toAddCommMonoid.{0} (@Polynomial.{0} Real Real.semiring)
            (@Polynomial.semiring.{0} Real Real.semiring))
          Real.instAddCommMonoid
          (@Polynomial.module.{0, 0} Real Real.semiring Real Real.semiring (@Semiring.toModule.{0} Real Real.semiring))
          (@Semiring.toModule.{0} Real Real.semiring))
        (@Pi.addCommMonoid.{0, 0} Nat (fun a => Real) fun i => Real.instAddCommMonoid)
        (@LinearMap.addCommMonoid.{0, 0, 0, 0} Real Real (@Polynomial.{0} Real Real.semiring) Real Real.semiring
          Real.semiring
          (@Semiring.toAddCommMonoid.{0} (@Polynomial.{0} Real Real.semiring)
            (@Polynomial.semiring.{0} Real Real.semiring))
          Real.instAddCommMonoid
          (@Polynomial.module.{0, 0} Real Real.semiring Real Real.semiring (@Semiring.toModule.{0} Real Real.semiring))
          (@Semiring.toModule.{0} Real Real.semiring)
          (@RingHom.id.{0} Real (@Semiring.toNonAssocSemiring.{0} Real Real.semiring)))
        (@Pi.Function.module.{0, 0, 0} Nat Real Real Real.semiring Real.instAddCommMonoid
          (@Semiring.toModule.{0} Real Real.semiring))
        (@LinearMap.module.{0, 0, 0, 0, 0} Real Real Real (@Polynomial.{0} Real Real.semiring) Real Real.semiring
          Real.semiring
          (@Semiring.toAddCommMonoid.{0} (@Polynomial.{0} Real Real.semiring)
            (@Polynomial.semiring.{0} Real Real.semiring))
          Real.instAddCommMonoid
          (@Polynomial.module.{0, 0} Real Real.semiring Real Real.semiring (@Semiring.toModule.{0} Real Real.semiring))
          (@Semiring.toModule.{0} Real Real.semiring)
          (@RingHom.id.{0} Real (@Semiring.toNonAssocSemiring.{0} Real Real.semiring)) Real.semiring
          (@Semiring.toModule.{0} Real Real.semiring) Luce.Section6.poissonFunctional65._proof_1))
      (Nat → Real)
      (@LinearMap.{0, 0, 0, 0} Real Real Real.semiring Real.semiring
        (@RingHom.id.{0} Real (@Semiring.toNonAssocSemiring.{0} Real Real.semiring))
        (@Polynomial.{0} Real Real.semiring) Real
        (@Semiring.toAddCommMonoid.{0} (@Polynomial.{0} Real Real.semiring)
          (@Polynomial.semiring.{0} Real Real.semiring))
        Real.instAddCommMonoid
        (@Polynomial.module.{0, 0} Real Real.semiring Real Real.semiring (@Semiring.toModule.{0} Real Real.semiring))
        (@Semiring.toModule.{0} Real Real.semiring))
      (@DFinsupp.instEquivLikeLinearEquiv.{0, 0, 0, 0} Real Real Real.semiring Real.semiring
        (@RingHom.id.{0} Real (@Semiring.toNonAssocSemiring.{0} Real Real.semiring))
        (@RingHom.id.{0} Real (@Semiring.toNonAssocSemiring.{0} Real Real.semiring)) ⋯ ⋯ (Nat → Real)
        (@LinearMap.{0, 0, 0, 0} Real Real Real.semiring Real.semiring
          (@RingHom.id.{0} Real (@Semiring.toNonAssocSemiring.{0} Real Real.semiring))
          (@Polynomial.{0} Real Real.semiring) Real
          (@Semiring.toAddCommMonoid.{0} (@Polynomial.{0} Real Real.semiring)
            (@Polynomial.semiring.{0} Real Real.semiring))
          Real.instAddCommMonoid
          (@Polynomial.module.{0, 0} Real Real.semiring Real Real.semiring (@Semiring.toModule.{0} Real Real.semiring))
          (@Semiring.toModule.{0} Real Real.semiring))
        (@Pi.addCommMonoid.{0, 0} Nat (fun a => Real) fun i => Real.instAddCommMonoid)
        (@LinearMap.addCommMonoid.{0, 0, 0, 0} Real Real (@Polynomial.{0} Real Real.semiring) Real Real.semiring
          Real.semiring
          (@Semiring.toAddCommMonoid.{0} (@Polynomial.{0} Real Real.semiring)
            (@Polynomial.semiring.{0} Real Real.semiring))
          Real.instAddCommMonoid
          (@Polynomial.module.{0, 0} Real Real.semiring Real Real.semiring (@Semiring.toModule.{0} Real Real.semiring))
          (@Semiring.toModule.{0} Real Real.semiring)
          (@RingHom.id.{0} Real (@Semiring.toNonAssocSemiring.{0} Real Real.semiring)))
        (@Pi.Function.module.{0, 0, 0} Nat Real Real Real.semiring Real.instAddCommMonoid
          (@Semiring.toModule.{0} Real Real.semiring))
        (@LinearMap.module.{0, 0, 0, 0, 0} Real Real Real (@Polynomial.{0} Real Real.semiring) Real Real.semiring
          Real.semiring
          (@Semiring.toAddCommMonoid.{0} (@Polynomial.{0} Real Real.semiring)
            (@Polynomial.semiring.{0} Real Real.semiring))
          Real.instAddCommMonoid
          (@Polynomial.module.{0, 0} Real Real.semiring Real Real.semiring (@Semiring.toModule.{0} Real Real.semiring))
          (@Semiring.toModule.{0} Real Real.semiring)
          (@RingHom.id.{0} Real (@Semiring.toNonAssocSemiring.{0} Real Real.semiring)) Real.semiring
          (@Semiring.toModule.{0} Real Real.semiring) Luce.Section6.poissonFunctional65._proof_1)))
    (@Module.Basis.constr.{0, 0, 0, 0, 0} Real Real.instAddCommMonoid Nat Real (@Polynomial.{0} Real Real.semiring)
      Real.semiring
      (@Semiring.toAddCommMonoid.{0} (@Polynomial.{0} Real Real.semiring) (@Polynomial.semiring.{0} Real Real.semiring))
      (@Polynomial.module.{0, 0} Real Real.semiring Real Real.semiring (@Semiring.toModule.{0} Real Real.semiring))
      Luce.Section6.fallingBasis65 (@Semiring.toModule.{0} Real Real.semiring) Real Real.semiring
      (@Semiring.toModule.{0} Real Real.semiring) Luce.Section6.poissonFunctional65._proof_1)
    fun n =>
    @HPow.hPow.{0, 0, 0} Real Nat Real
      (@instHPow.{0, 0} Real Nat (@NPow.toPow.{0} Real (@Monoid.toNPow.{0} Real Real.instMonoid))) μ n
'Luce.Section6.poissonFunctional65' depends on axioms: [propext, Classical.choice.{u}, Quot.sound.{u}]
theorem Luce.Section6.poissonFunctional65_centered_stein : ∀ (μ : Real) (p : @Polynomial.{0} Real Real.semiring),
  @Eq.{1} Real
    (@DFunLike.coe.{1, 1, 1}
      (@LinearMap.{0, 0, 0, 0} Real Real Real.semiring Real.semiring
        (@RingHom.id.{0} Real (@Semiring.toNonAssocSemiring.{0} Real Real.semiring))
        (@Polynomial.{0} Real Real.semiring) Real
        (@Semiring.toAddCommMonoid.{0} (@Polynomial.{0} Real Real.semiring)
          (@Polynomial.semiring.{0} Real Real.semiring))
        Real.instAddCommMonoid
        (@Polynomial.module.{0, 0} Real Real.semiring Real Real.semiring (@Semiring.toModule.{0} Real Real.semiring))
        (@Semiring.toModule.{0} Real Real.semiring))
      (@Polynomial.{0} Real Real.semiring) (fun x => Real)
      (@LinearMap.instFunLike.{0, 0, 0, 0} Real Real (@Polynomial.{0} Real Real.semiring) Real Real.semiring
        Real.semiring
        (@Semiring.toAddCommMonoid.{0} (@Polynomial.{0} Real Real.semiring)
          (@Polynomial.semiring.{0} Real Real.semiring))
        Real.instAddCommMonoid
        (@Polynomial.module.{0, 0} Real Real.semiring Real Real.semiring (@Semiring.toModule.{0} Real Real.semiring))
        (@Semiring.toModule.{0} Real Real.semiring)
        (@RingHom.id.{0} Real (@Semiring.toNonAssocSemiring.{0} Real Real.semiring)))
      (Luce.Section6.poissonFunctional65 μ)
      (@HMul.hMul.{0, 0, 0} (@Polynomial.{0} Real Real.semiring) (@Polynomial.{0} Real Real.semiring)
        (@Polynomial.{0} Real Real.semiring)
        (@instHMul.{0} (@Polynomial.{0} Real Real.semiring) (@Polynomial.instMul.{0} Real Real.semiring))
        (@HSub.hSub.{0, 0, 0} (@Polynomial.{0} Real Real.semiring) (@Polynomial.{0} Real Real.semiring)
          (@Polynomial.{0} Real Real.semiring)
          (@instHSub.{0} (@Polynomial.{0} Real Real.semiring) (@Polynomial.instSub.{0} Real Real.instRing))
          (@Polynomial.X.{0} Real Real.semiring)
          (@DFunLike.coe.{1, 1, 1}
            (@RingHom.{0, 0} Real (@Polynomial.{0} Real Real.semiring)
              (@Semiring.toNonAssocSemiring.{0} Real Real.semiring)
              (@Semiring.toNonAssocSemiring.{0} (@Polynomial.{0} Real Real.semiring)
                (@Polynomial.semiring.{0} Real Real.semiring)))
            Real (fun x => @Polynomial.{0} Real Real.semiring)
            (@RingHom.instFunLike.{0, 0} Real (@Polynomial.{0} Real Real.semiring)
              (@Semiring.toNonAssocSemiring.{0} Real Real.semiring)
              (@Semiring.toNonAssocSemiring.{0} (@Polynomial.{0} Real Real.semiring)
                (@Polynomial.semiring.{0} Real Real.semiring)))
            (@Polynomial.C.{0} Real Real.semiring) μ))
        p))
    (@HMul.hMul.{0, 0, 0} Real Real Real (@instHMul.{0} Real Real.instMul) μ
      (@DFunLike.coe.{1, 1, 1}
        (@LinearMap.{0, 0, 0, 0} Real Real Real.semiring Real.semiring
          (@RingHom.id.{0} Real (@Semiring.toNonAssocSemiring.{0} Real Real.semiring))
          (@Polynomial.{0} Real Real.semiring) Real
          (@Semiring.toAddCommMonoid.{0} (@Polynomial.{0} Real Real.semiring)
            (@Polynomial.semiring.{0} Real Real.semiring))
          Real.instAddCommMonoid
          (@Polynomial.module.{0, 0} Real Real.semiring Real Real.semiring (@Semiring.toModule.{0} Real Real.semiring))
          (@Semiring.toModule.{0} Real Real.semiring))
        (@Polynomial.{0} Real Real.semiring) (fun x => Real)
        (@LinearMap.instFunLike.{0, 0, 0, 0} Real Real (@Polynomial.{0} Real Real.semiring) Real Real.semiring
          Real.semiring
          (@Semiring.toAddCommMonoid.{0} (@Polynomial.{0} Real Real.semiring)
            (@Polynomial.semiring.{0} Real Real.semiring))
          Real.instAddCommMonoid
          (@Polynomial.module.{0, 0} Real Real.semiring Real Real.semiring (@Semiring.toModule.{0} Real Real.semiring))
          (@Semiring.toModule.{0} Real Real.semiring)
          (@RingHom.id.{0} Real (@Semiring.toNonAssocSemiring.{0} Real Real.semiring)))
        (Luce.Section6.poissonFunctional65 μ)
        (@HSub.hSub.{0, 0, 0} (@Polynomial.{0} Real Real.semiring) (@Polynomial.{0} Real Real.semiring)
          (@Polynomial.{0} Real Real.semiring)
          (@instHSub.{0} (@Polynomial.{0} Real Real.semiring) (@Polynomial.instSub.{0} Real Real.instRing))
          (@Polynomial.comp.{0} Real Real.semiring p
            (@HAdd.hAdd.{0, 0, 0} (@Polynomial.{0} Real Real.semiring) (@Polynomial.{0} Real Real.semiring)
              (@Polynomial.{0} Real Real.semiring)
              (@instHAdd.{0} (@Polynomial.{0} Real Real.semiring) (@Polynomial.instAdd.{0} Real Real.semiring))
              (@Polynomial.X.{0} Real Real.semiring)
              (@OfNat.ofNat.{0} (@Polynomial.{0} Real Real.semiring) (nat_lit 1)
                (@One.toOfNat1.{0} (@Polynomial.{0} Real Real.semiring) (@Polynomial.instOne.{0} Real Real.semiring)))))
          p))) :=
⋯
'Luce.Section6.poissonFunctional65_centered_stein' depends on axioms: [propext, Classical.choice.{u}, Quot.sound.{u}]
theorem Luce.Section6.poissonFunctional65_desc : ∀ (μ : Real) (n : Nat),
  @Eq.{1} Real
    (@DFunLike.coe.{1, 1, 1}
      (@LinearMap.{0, 0, 0, 0} Real Real Real.semiring Real.semiring
        (@RingHom.id.{0} Real (@Semiring.toNonAssocSemiring.{0} Real Real.semiring))
        (@Polynomial.{0} Real Real.semiring) Real
        (@Semiring.toAddCommMonoid.{0} (@Polynomial.{0} Real Real.semiring)
          (@Polynomial.semiring.{0} Real Real.semiring))
        Real.instAddCommMonoid
        (@Polynomial.module.{0, 0} Real Real.semiring Real Real.semiring (@Semiring.toModule.{0} Real Real.semiring))
        (@Semiring.toModule.{0} Real Real.semiring))
      (@Polynomial.{0} Real Real.semiring) (fun x => Real)
      (@LinearMap.instFunLike.{0, 0, 0, 0} Real Real (@Polynomial.{0} Real Real.semiring) Real Real.semiring
        Real.semiring
        (@Semiring.toAddCommMonoid.{0} (@Polynomial.{0} Real Real.semiring)
          (@Polynomial.semiring.{0} Real Real.semiring))
        Real.instAddCommMonoid
        (@Polynomial.module.{0, 0} Real Real.semiring Real Real.semiring (@Semiring.toModule.{0} Real Real.semiring))
        (@Semiring.toModule.{0} Real Real.semiring)
        (@RingHom.id.{0} Real (@Semiring.toNonAssocSemiring.{0} Real Real.semiring)))
      (Luce.Section6.poissonFunctional65 μ) (@descPochhammer.{0} Real Real.instRing n))
    (@HPow.hPow.{0, 0, 0} Real Nat Real
      (@instHPow.{0, 0} Real Nat (@NPow.toPow.{0} Real (@Monoid.toNPow.{0} Real Real.instMonoid))) μ n) :=
⋯
'Luce.Section6.poissonFunctional65_desc' depends on axioms: [propext, Classical.choice.{u}, Quot.sound.{u}]
theorem Luce.Section6.poissonFunctional65_expansion : ∀ (μ : Real) (p : @Polynomial.{0} Real Real.semiring),
  @Eq.{1} Real
    (@DFunLike.coe.{1, 1, 1}
      (@LinearMap.{0, 0, 0, 0} Real Real Real.semiring Real.semiring
        (@RingHom.id.{0} Real (@Semiring.toNonAssocSemiring.{0} Real Real.semiring))
        (@Polynomial.{0} Real Real.semiring) Real
        (@Semiring.toAddCommMonoid.{0} (@Polynomial.{0} Real Real.semiring)
          (@Polynomial.semiring.{0} Real Real.semiring))
        Real.instAddCommMonoid
        (@Polynomial.module.{0, 0} Real Real.semiring Real Real.semiring (@Semiring.toModule.{0} Real Real.semiring))
        (@Semiring.toModule.{0} Real Real.semiring))
      (@Polynomial.{0} Real Real.semiring) (fun x => Real)
      (@LinearMap.instFunLike.{0, 0, 0, 0} Real Real (@Polynomial.{0} Real Real.semiring) Real Real.semiring
        Real.semiring
        (@Semiring.toAddCommMonoid.{0} (@Polynomial.{0} Real Real.semiring)
          (@Polynomial.semiring.{0} Real Real.semiring))
        Real.instAddCommMonoid
        (@Polynomial.module.{0, 0} Real Real.semiring Real Real.semiring (@Semiring.toModule.{0} Real Real.semiring))
        (@Semiring.toModule.{0} Real Real.semiring)
        (@RingHom.id.{0} Real (@Semiring.toNonAssocSemiring.{0} Real Real.semiring)))
      (Luce.Section6.poissonFunctional65 μ) p)
    (∑ j,
      @HMul.hMul.{0, 0, 0} Real Real Real (@instHMul.{0} Real Real.instMul)
        (Luce.Section6.fallingCoeff65 p
          (@Subtype.val.{1} Nat
            (fun x =>
              @Membership.mem.{0, 0} Nat (Finset.{0} Nat)
                (@SetLike.instMembership.{0, 0} (Finset.{0} Nat) Nat (@Finset.instSetLike.{0} Nat))
                (Luce.Section6.fallingSupport65 p) x)
            j))
        (@HPow.hPow.{0, 0, 0} Real Nat Real
          (@instHPow.{0, 0} Real Nat (@NPow.toPow.{0} Real (@Monoid.toNPow.{0} Real Real.instMonoid))) μ
          (@Subtype.val.{1} Nat
            (fun x =>
              @Membership.mem.{0, 0} Nat (Finset.{0} Nat)
                (@SetLike.instMembership.{0, 0} (Finset.{0} Nat) Nat (@Finset.instSetLike.{0} Nat))
                (Luce.Section6.fallingSupport65 p) x)
            j))) :=
⋯
'Luce.Section6.poissonFunctional65_expansion' depends on axioms: [propext, Classical.choice.{u}, Quot.sound.{u}]
theorem Luce.Section6.poissonFunctional65_one : ∀ (μ : Real),
  @Eq.{1} Real
    (@DFunLike.coe.{1, 1, 1}
      (@LinearMap.{0, 0, 0, 0} Real Real Real.semiring Real.semiring
        (@RingHom.id.{0} Real (@Semiring.toNonAssocSemiring.{0} Real Real.semiring))
        (@Polynomial.{0} Real Real.semiring) Real
        (@Semiring.toAddCommMonoid.{0} (@Polynomial.{0} Real Real.semiring)
          (@Polynomial.semiring.{0} Real Real.semiring))
        Real.instAddCommMonoid
        (@Polynomial.module.{0, 0} Real Real.semiring Real Real.semiring (@Semiring.toModule.{0} Real Real.semiring))
        (@Semiring.toModule.{0} Real Real.semiring))
      (@Polynomial.{0} Real Real.semiring) (fun x => Real)
      (@LinearMap.instFunLike.{0, 0, 0, 0} Real Real (@Polynomial.{0} Real Real.semiring) Real Real.semiring
        Real.semiring
        (@Semiring.toAddCommMonoid.{0} (@Polynomial.{0} Real Real.semiring)
          (@Polynomial.semiring.{0} Real Real.semiring))
        Real.instAddCommMonoid
        (@Polynomial.module.{0, 0} Real Real.semiring Real Real.semiring (@Semiring.toModule.{0} Real Real.semiring))
        (@Semiring.toModule.{0} Real Real.semiring)
        (@RingHom.id.{0} Real (@Semiring.toNonAssocSemiring.{0} Real Real.semiring)))
      (Luce.Section6.poissonFunctional65 μ)
      (@OfNat.ofNat.{0} (@Polynomial.{0} Real Real.semiring) (nat_lit 1)
        (@One.toOfNat1.{0} (@Polynomial.{0} Real Real.semiring) (@Polynomial.instOne.{0} Real Real.semiring))))
    (@OfNat.ofNat.{0} Real (nat_lit 1) (@One.toOfNat1.{0} Real Real.instOne)) :=
⋯
'Luce.Section6.poissonFunctional65_one' depends on axioms: [propext, Classical.choice.{u}, Quot.sound.{u}]
theorem Luce.Section6.poissonFunctional65_stein : ∀ (μ : Real) (p : @Polynomial.{0} Real Real.semiring),
  @Eq.{1} Real
    (@DFunLike.coe.{1, 1, 1}
      (@LinearMap.{0, 0, 0, 0} Real Real Real.semiring Real.semiring
        (@RingHom.id.{0} Real (@Semiring.toNonAssocSemiring.{0} Real Real.semiring))
        (@Polynomial.{0} Real Real.semiring) Real
        (@Semiring.toAddCommMonoid.{0} (@Polynomial.{0} Real Real.semiring)
          (@Polynomial.semiring.{0} Real Real.semiring))
        Real.instAddCommMonoid
        (@Polynomial.module.{0, 0} Real Real.semiring Real Real.semiring (@Semiring.toModule.{0} Real Real.semiring))
        (@Semiring.toModule.{0} Real Real.semiring))
      (@Polynomial.{0} Real Real.semiring) (fun x => Real)
      (@LinearMap.instFunLike.{0, 0, 0, 0} Real Real (@Polynomial.{0} Real Real.semiring) Real Real.semiring
        Real.semiring
        (@Semiring.toAddCommMonoid.{0} (@Polynomial.{0} Real Real.semiring)
          (@Polynomial.semiring.{0} Real Real.semiring))
        Real.instAddCommMonoid
        (@Polynomial.module.{0, 0} Real Real.semiring Real Real.semiring (@Semiring.toModule.{0} Real Real.semiring))
        (@Semiring.toModule.{0} Real Real.semiring)
        (@RingHom.id.{0} Real (@Semiring.toNonAssocSemiring.{0} Real Real.semiring)))
      (Luce.Section6.poissonFunctional65 μ)
      (@HMul.hMul.{0, 0, 0} (@Polynomial.{0} Real Real.semiring) (@Polynomial.{0} Real Real.semiring)
        (@Polynomial.{0} Real Real.semiring)
        (@instHMul.{0} (@Polynomial.{0} Real Real.semiring) (@Polynomial.instMul.{0} Real Real.semiring))
        (@Polynomial.X.{0} Real Real.semiring) p))
    (@HMul.hMul.{0, 0, 0} Real Real Real (@instHMul.{0} Real Real.instMul) μ
      (@DFunLike.coe.{1, 1, 1}
        (@LinearMap.{0, 0, 0, 0} Real Real Real.semiring Real.semiring
          (@RingHom.id.{0} Real (@Semiring.toNonAssocSemiring.{0} Real Real.semiring))
          (@Polynomial.{0} Real Real.semiring) Real
          (@Semiring.toAddCommMonoid.{0} (@Polynomial.{0} Real Real.semiring)
            (@Polynomial.semiring.{0} Real Real.semiring))
          Real.instAddCommMonoid
          (@Polynomial.module.{0, 0} Real Real.semiring Real Real.semiring (@Semiring.toModule.{0} Real Real.semiring))
          (@Semiring.toModule.{0} Real Real.semiring))
        (@Polynomial.{0} Real Real.semiring) (fun x => Real)
        (@LinearMap.instFunLike.{0, 0, 0, 0} Real Real (@Polynomial.{0} Real Real.semiring) Real Real.semiring
          Real.semiring
          (@Semiring.toAddCommMonoid.{0} (@Polynomial.{0} Real Real.semiring)
            (@Polynomial.semiring.{0} Real Real.semiring))
          Real.instAddCommMonoid
          (@Polynomial.module.{0, 0} Real Real.semiring Real Real.semiring (@Semiring.toModule.{0} Real Real.semiring))
          (@Semiring.toModule.{0} Real Real.semiring)
          (@RingHom.id.{0} Real (@Semiring.toNonAssocSemiring.{0} Real Real.semiring)))
        (Luce.Section6.poissonFunctional65 μ)
        (@Polynomial.comp.{0} Real Real.semiring p
          (@HAdd.hAdd.{0, 0, 0} (@Polynomial.{0} Real Real.semiring) (@Polynomial.{0} Real Real.semiring)
            (@Polynomial.{0} Real Real.semiring)
            (@instHAdd.{0} (@Polynomial.{0} Real Real.semiring) (@Polynomial.instAdd.{0} Real Real.semiring))
            (@Polynomial.X.{0} Real Real.semiring)
            (@OfNat.ofNat.{0} (@Polynomial.{0} Real Real.semiring) (nat_lit 1)
              (@One.toOfNat1.{0} (@Polynomial.{0} Real Real.semiring)
                (@Polynomial.instOne.{0} Real Real.semiring))))))) :=
⋯
'Luce.Section6.poissonFunctional65_stein' depends on axioms: [propext, Classical.choice.{u}, Quot.sound.{u}]
theorem Luce.Section6.polynomial_eval_expansion65 : ∀ (p : @Polynomial.{0} Real Real.semiring) (x : Real),
  @Eq.{1} Real (@Polynomial.eval.{0} Real Real.semiring x p)
    (∑ j,
      @HMul.hMul.{0, 0, 0} Real Real Real (@instHMul.{0} Real Real.instMul)
        (Luce.Section6.fallingCoeff65 p
          (@Subtype.val.{1} Nat
            (fun x =>
              @Membership.mem.{0, 0} Nat (Finset.{0} Nat)
                (@SetLike.instMembership.{0, 0} (Finset.{0} Nat) Nat (@Finset.instSetLike.{0} Nat))
                (Luce.Section6.fallingSupport65 p) x)
            j))
        (@Polynomial.eval.{0} Real (@Ring.toSemiring.{0} Real Real.instRing) x
          (@descPochhammer.{0} Real Real.instRing
            (@Subtype.val.{1} Nat
              (fun x =>
                @Membership.mem.{0, 0} Nat (Finset.{0} Nat)
                  (@SetLike.instMembership.{0, 0} (Finset.{0} Nat) Nat (@Finset.instSetLike.{0} Nat))
                  (Luce.Section6.fallingSupport65 p) x)
              j)))) :=
⋯
'Luce.Section6.polynomial_eval_expansion65' depends on axioms: [propext, Classical.choice.{u}, Quot.sound.{u}]
theorem Luce.Section6.polynomial_expansion65 : ∀ (p : @Polynomial.{0} Real Real.semiring),
  @Eq.{1} (@Polynomial.{0} Real Real.semiring) p
    (∑ j,
      @HSMul.hSMul.{0, 0, 0} Real (@Polynomial.{0} Real (@Ring.toSemiring.{0} Real Real.instRing))
        (@Polynomial.{0} Real (@Ring.toSemiring.{0} Real Real.instRing))
        (@instHSMul.{0, 0} Real (@Polynomial.{0} Real (@Ring.toSemiring.{0} Real Real.instRing))
          (@Algebra.toSMul.{0, 0} Real (@Polynomial.{0} Real (@Ring.toSemiring.{0} Real Real.instRing))
            Real.instCommSemiring (@Polynomial.semiring.{0} Real (@Ring.toSemiring.{0} Real Real.instRing))
            (@Polynomial.algebraOfAlgebra.{0, 0} Real Real Real.instCommSemiring
              (@Ring.toSemiring.{0} Real Real.instRing) (@Algebra.id.{0} Real Real.instCommSemiring))))
        (Luce.Section6.fallingCoeff65 p
          (@Subtype.val.{1} Nat
            (fun x =>
              @Membership.mem.{0, 0} Nat (Finset.{0} Nat)
                (@SetLike.instMembership.{0, 0} (Finset.{0} Nat) Nat (@Finset.instSetLike.{0} Nat))
                (Luce.Section6.fallingSupport65 p) x)
            j))
        (@descPochhammer.{0} Real Real.instRing
          (@Subtype.val.{1} Nat
            (fun x =>
              @Membership.mem.{0, 0} Nat (Finset.{0} Nat)
                (@SetLike.instMembership.{0, 0} (Finset.{0} Nat) Nat (@Finset.instSetLike.{0} Nat))
                (Luce.Section6.fallingSupport65 p) x)
            j))) :=
⋯
'Luce.Section6.polynomial_expansion65' depends on axioms: [propext, Classical.choice.{u}, Quot.sound.{u}]
theorem Luce.Section6.powerCategories_disjoint65 : ∀ (left right : Luce.Section6.EndpointBehavior) (L : Nat),
  @Luce.Section6.FiniteCategoriesDisjoint65.{0} (Luce.Section6.PowerIndex65 left right L) fun z =>
    Luce.Section6.cornerCoreCategory65
      (@Subtype.val.{1} Luce.Section6.Corner (fun side => (Luce.Section6.cornerBehavior left right side).active)
        (@Prod.fst.{0, 0} (Luce.Section6.ActiveCorner65 left right) (Fin L) z))
      (@Fin.val L (@Prod.snd.{0, 0} (Luce.Section6.ActiveCorner65 left right) (Fin L) z)) :=
⋯
'Luce.Section6.powerCategories_disjoint65' depends on axioms: [propext, Classical.choice.{u}, Quot.sound.{u}]
def Luce.Section6.powerCornerWeight65 : (left right : Luce.Section6.EndpointBehavior) →
  Luce.Section6.ActiveCorner65 left right → Nat → Real :=
fun left right s k =>
  (@HDiv.hDiv.{0, 0, 0} Real Real Real (@instHDiv.{0} Real (@DivInvMonoid.toDiv.{0} Real Real.instDivInvMonoid))
      (Luce.Section6.cornerCoefficient
        (@Subtype.val.{1} Luce.Section6.Corner (fun side => (Luce.Section6.cornerBehavior left right side).active) s)
        (Luce.Section6.cornerBehavior left right
          (@Subtype.val.{1} Luce.Section6.Corner (fun side => (Luce.Section6.cornerBehavior left right side).active) s))
        k)
      (Luce.Section6.totalCoefficient left right k)).sqrt
'Luce.Section6.powerCornerWeight65' depends on axioms: [propext, Classical.choice.{u}, Quot.sound.{u}]
theorem Luce.Section6.powerCornerWeight_square_sum65 : ∀ {f : Real → Real}
  {left right : Luce.Section6.EndpointBehavior},
  Luce.Section6.PowerProfile f left right →
    ∀ (k : Nat),
      @Eq.{1} Real
        (∑ s,
          @HPow.hPow.{0, 0, 0} Real Nat Real
            (@instHPow.{0, 0} Real Nat (@NPow.toPow.{0} Real (@Monoid.toNPow.{0} Real Real.instMonoid)))
            (Luce.Section6.powerCornerWeight65 left right s k)
            (@OfNat.ofNat.{0} Nat (nat_lit 2) (instOfNatNat (nat_lit 2))))
        (@OfNat.ofNat.{0} Real (nat_lit 1) (@One.toOfNat1.{0} Real Real.instOne)) :=
⋯
'Luce.Section6.powerCornerWeight_square_sum65' depends on axioms: [propext, Classical.choice.{u}, Quot.sound.{u}]
theorem Luce.Section6.powerLaw65.{u} : ∀ (grid : Luce.Section6.SamplingGrid),
  SampledProfileContract.powerLaw.{u} grid :=
⋯
'Luce.Section6.powerLaw65' depends on axioms: [propext, Classical.choice.{u}, Quot.sound.{u}]
theorem Luce.Section6.powerLaw65_contractCheck.{u} : ∀ (grid : Luce.Section6.SamplingGrid),
  SampledProfileContract.powerLaw.{u} grid :=
⋯
'Luce.Section6.powerLaw65_contractCheck' depends on axioms: [propext, Classical.choice.{u}, Quot.sound.{u}]
theorem Luce.Section6.power_core_target_moments65 : ∀ (f : Real → Real) (left right : Luce.Section6.EndpointBehavior),
  Luce.Section6.PowerProfile f left right →
    ∀ (grid : Luce.Section6.SamplingGrid) (w : Luce.WeightArray),
      Luce.Section6.SampledRates grid w f →
        ∀ (L : Nat) (r : Luce.Section6.PowerIndex65 left right L → Nat),
          @Filter.Tendsto.{0, 0} Nat Real
            (fun n =>
              @MeasureTheory.integral.{0, 0} (Fin n → Real) Real Real.normedAddCommGroup
                (@InnerProductSpace.toNormedSpace.{0, 0} Real Real Real.instRCLike
                  (@NormedAddCommGroup.toSeminormedAddCommGroup.{0} Real Real.normedAddCommGroup)
                  (@RCLike.toInnerProductSpaceReal.{0} Real Real.instRCLike))
                (@MeasurableSpace.pi.{0, 0} (Fin n) (fun a => Real) fun a => Real.measurableSpace)
                (@Luce.exponentialRace n (w n)) fun clocks =>
                ∏ z,
                  @HPow.hPow.{0, 0, 0} Real Nat Real
                    (@instHPow.{0, 0} Real Nat (@NPow.toPow.{0} Real (@Monoid.toNPow.{0} Real Real.instMonoid)))
                    (@HDiv.hDiv.{0, 0, 0} Real Real Real
                      (@instHDiv.{0} Real (@DivInvMonoid.toDiv.{0} Real Real.instDivInvMonoid))
                      (@HSub.hSub.{0, 0, 0} Real Real Real (@instHSub.{0} Real Real.instSub)
                        (@Nat.cast.{0} Real Real.instNatCast
                          (@Luce.Section6.coreCategoryCount n (@Luce.raceRankPermutation n clocks)
                            (Luce.Section6.cornerCoreCategory65
                              (@Subtype.val.{1} Luce.Section6.Corner
                                (fun side => (Luce.Section6.cornerBehavior left right side).active)
                                (@Prod.fst.{0, 0} (Luce.Section6.ActiveCorner65 left right) (Fin L) z))
                              (@Fin.val L (@Prod.snd.{0, 0} (Luce.Section6.ActiveCorner65 left right) (Fin L) z)))))
                        (@HMul.hMul.{0, 0, 0} Real Real Real (@instHMul.{0} Real Real.instMul)
                          (Luce.Section6.cornerCoefficient
                            (@Subtype.val.{1} Luce.Section6.Corner
                              (fun side => (Luce.Section6.cornerBehavior left right side).active)
                              (@Prod.fst.{0, 0} (Luce.Section6.ActiveCorner65 left right) (Fin L) z))
                            (Luce.Section6.cornerBehavior left right
                              (@Subtype.val.{1} Luce.Section6.Corner
                                (fun side => (Luce.Section6.cornerBehavior left right side).active)
                                (@Prod.fst.{0, 0} (Luce.Section6.ActiveCorner65 left right) (Fin L) z)))
                            (@Fin.val L (@Prod.snd.{0, 0} (Luce.Section6.ActiveCorner65 left right) (Fin L) z)))
                          (Real.log (@Nat.cast.{0} Real Real.instNatCast n))))
                      (@HMul.hMul.{0, 0, 0} Real Real Real (@instHMul.{0} Real Real.instMul)
                          (Luce.Section6.cornerCoefficient
                            (@Subtype.val.{1} Luce.Section6.Corner
                              (fun side => (Luce.Section6.cornerBehavior left right side).active)
                              (@Prod.fst.{0, 0} (Luce.Section6.ActiveCorner65 left right) (Fin L) z))
                            (Luce.Section6.cornerBehavior left right
                              (@Subtype.val.{1} Luce.Section6.Corner
                                (fun side => (Luce.Section6.cornerBehavior left right side).active)
                                (@Prod.fst.{0, 0} (Luce.Section6.ActiveCorner65 left right) (Fin L) z)))
                            (@Fin.val L (@Prod.snd.{0, 0} (Luce.Section6.ActiveCorner65 left right) (Fin L) z)))
                          (Real.log (@Nat.cast.{0} Real Real.instNatCast n))).sqrt)
                    (r z))
            (@Filter.atTop.{0} Nat Nat.instPreorder)
            (@nhds.{0} Real
              (@UniformSpace.toTopologicalSpace.{0} Real
                (@PseudoMetricSpace.toUniformSpace.{0} Real Real.pseudoMetricSpace))
              (∏ z,
                Luce.Section6.gaussianMoment65
                  (@OfNat.ofNat.{0} NNReal (nat_lit 1) (@One.toOfNat1.{0} NNReal NNReal.instOne)) (r z))) :=
⋯
'Luce.Section6.power_core_target_moments65' depends on axioms: [propext, Classical.choice.{u}, Quot.sound.{u}]
theorem Luce.Section6.power_race_clt65 : ∀ (f : Real → Real) (left right : Luce.Section6.EndpointBehavior),
  Luce.Section6.PowerProfile f left right →
    ∀ (grid : Luce.Section6.SamplingGrid) (w : Luce.WeightArray),
      Luce.Section6.SampledRates grid w f →
        ∀ (L : Nat)
          (F :
            @BoundedContinuousFunction.{0, 0} (Fin L → Real) Real
              (@Pi.topologicalSpace.{0, 0} (Fin L) (fun a => Real) fun i =>
                @UniformSpace.toTopologicalSpace.{0} Real
                  (@PseudoMetricSpace.toUniformSpace.{0} Real Real.pseudoMetricSpace))
              Real.pseudoMetricSpace),
          @Filter.Tendsto.{0, 0} Nat Real
            (fun n =>
              @MeasureTheory.integral.{0, 0} (Fin n → Real) Real Real.normedAddCommGroup
                (@InnerProductSpace.toNormedSpace.{0, 0} Real Real Real.instRCLike
                  (@NormedAddCommGroup.toSeminormedAddCommGroup.{0} Real Real.normedAddCommGroup)
                  (@RCLike.toInnerProductSpaceReal.{0} Real Real.instRCLike))
                (@MeasurableSpace.pi.{0, 0} (Fin n) (fun a => Real) fun a => Real.measurableSpace)
                (@Luce.exponentialRace n (w n)) fun clocks =>
                @DFunLike.coe.{1, 1, 1}
                  (@BoundedContinuousFunction.{0, 0} (Fin L → Real) Real
                    (@Pi.topologicalSpace.{0, 0} (Fin L) (fun a => Real) fun i =>
                      @UniformSpace.toTopologicalSpace.{0} Real
                        (@PseudoMetricSpace.toUniformSpace.{0} Real Real.pseudoMetricSpace))
                    Real.pseudoMetricSpace)
                  (Fin L → Real) (fun x => Real)
                  (@BoundedContinuousFunction.instFunLike.{0, 0} (Fin L → Real) Real
                    (@Pi.topologicalSpace.{0, 0} (Fin L) (fun a => Real) fun i =>
                      @UniformSpace.toTopologicalSpace.{0} Real
                        (@PseudoMetricSpace.toUniformSpace.{0} Real Real.pseudoMetricSpace))
                    Real.pseudoMetricSpace)
                  F (@Luce.Section6.normalizedCycleVector n (@Luce.raceRankPermutation n clocks) left right L))
            (@Filter.atTop.{0} Nat Nat.instPreorder)
            (@nhds.{0} Real
              (@UniformSpace.toTopologicalSpace.{0} Real
                (@PseudoMetricSpace.toUniformSpace.{0} Real Real.pseudoMetricSpace))
              (@MeasureTheory.integral.{0, 0} (Fin L → Real) Real Real.normedAddCommGroup
                (@InnerProductSpace.toNormedSpace.{0, 0} Real Real Real.instRCLike
                  (@NormedAddCommGroup.toSeminormedAddCommGroup.{0} Real Real.normedAddCommGroup)
                  (@RCLike.toInnerProductSpaceReal.{0} Real Real.instRCLike))
                (@MeasurableSpace.pi.{0, 0} (Fin L) (fun a => Real) fun a => Real.measurableSpace)
                (@Luce.Section6.standardNormalVector.{0} (Fin L) (Fin.fintype L)) fun z =>
                @DFunLike.coe.{1, 1, 1}
                  (@BoundedContinuousFunction.{0, 0} (Fin L → Real) Real
                    (@Pi.topologicalSpace.{0, 0} (Fin L) (fun a => Real) fun i =>
                      @UniformSpace.toTopologicalSpace.{0} Real
                        (@PseudoMetricSpace.toUniformSpace.{0} Real Real.pseudoMetricSpace))
                    Real.pseudoMetricSpace)
                  (Fin L → Real) (fun x => Real)
                  (@BoundedContinuousFunction.instFunLike.{0, 0} (Fin L → Real) Real
                    (@Pi.topologicalSpace.{0, 0} (Fin L) (fun a => Real) fun i =>
                      @UniformSpace.toTopologicalSpace.{0} Real
                        (@PseudoMetricSpace.toUniformSpace.{0} Real Real.pseudoMetricSpace))
                    Real.pseudoMetricSpace)
                  F z)) :=
⋯
'Luce.Section6.power_race_clt65' depends on axioms: [propext, Classical.choice.{u}, Quot.sound.{u}]
theorem Luce.Section6.power_window_inside_core65 : ∀ {a b : Real},
  @LT.lt.{0} Real Real.instLT (@OfNat.ofNat.{0} Real (nat_lit 0) (@Zero.toOfNat0.{0} Real Real.instZero)) a →
    @LT.lt.{0} Real Real.instLT a b →
      @LT.lt.{0} Real Real.instLT b (@OfNat.ofNat.{0} Real (nat_lit 1) (@One.toOfNat1.{0} Real Real.instOne)) →
        @Filter.Eventually.{0} Nat
          (fun n =>
            ∀ (m : Nat),
              @LT.lt.{0} Real Real.instLT
                  (@HPow.hPow.{0, 0, 0} Real Real Real (@instHPow.{0, 0} Real Real Real.instPow)
                    (@Nat.cast.{0} Real Real.instNatCast n) a)
                  (@Nat.cast.{0} Real Real.instNatCast m) →
                @LE.le.{0} Real Real.instLE (@Nat.cast.{0} Real Real.instNatCast m)
                    (@HPow.hPow.{0, 0, 0} Real Real Real (@instHPow.{0, 0} Real Real Real.instPow)
                      (@Nat.cast.{0} Real Real.instNatCast n) b) →
                  And (@LE.le.{0} Nat instLENat (Luce.Section6.idealCoreLower n) m)
                    (@LE.le.{0} Nat instLENat m (Luce.Section6.idealCoreUpper n)))
          (@Filter.atTop.{0} Nat Nat.instPreorder) :=
⋯
'Luce.Section6.power_window_inside_core65' depends on axioms: [propext, Classical.choice.{u}, Quot.sound.{u}]
theorem Luce.Section6.product_eq_multiplicity65.{u_1} : ∀ {ι : Type u_1} [inst : Fintype.{u_1} ι]
  [inst_1 : DecidableEq.{u_1 + 1} ι] {k : Nat} (v : Fin k → ι) (z : ι → Real),
  @Eq.{1} Real (∏ j, z (v j))
    (∏ i,
      @HPow.hPow.{0, 0, 0} Real Nat Real
        (@instHPow.{0, 0} Real Nat (@NPow.toPow.{0} Real (@Monoid.toNPow.{0} Real Real.instMonoid))) (z i)
        (@Luce.Section6.multiplicity65.{u_1} ι inst_1 k v i)) :=
⋯
'Luce.Section6.product_eq_multiplicity65' depends on axioms: [propext, Classical.choice.{u}, Quot.sound.{u}]
theorem Luce.Section6.race_affine_moments65.{u_1} : ∀ {ι : Type u_1} [inst : Fintype.{u_1} ι] (w : Luce.WeightArray)
  (X : (n : Nat) → Equiv.Perm.{1} (Fin n) → ι → Real),
  (∀ (r : ι → Nat),
      @Filter.Tendsto.{0, 0} Nat Real
        (fun n =>
          @MeasureTheory.integral.{0, 0} (Fin n → Real) Real Real.normedAddCommGroup
            (@InnerProductSpace.toNormedSpace.{0, 0} Real Real Real.instRCLike
              (@NormedAddCommGroup.toSeminormedAddCommGroup.{0} Real Real.normedAddCommGroup)
              (@RCLike.toInnerProductSpaceReal.{0} Real Real.instRCLike))
            (@MeasurableSpace.pi.{0, 0} (Fin n) (fun a => Real) fun a => Real.measurableSpace)
            (@Luce.exponentialRace n (w n)) fun clocks =>
            ∏ i,
              @HPow.hPow.{0, 0, 0} Real Nat Real
                (@instHPow.{0, 0} Real Nat (@NPow.toPow.{0} Real (@Monoid.toNPow.{0} Real Real.instMonoid)))
                (X n (@Luce.raceRankPermutation n clocks) i) (r i))
        (@Filter.atTop.{0} Nat Nat.instPreorder)
        (@nhds.{0} Real
          (@UniformSpace.toTopologicalSpace.{0} Real
            (@PseudoMetricSpace.toUniformSpace.{0} Real Real.pseudoMetricSpace))
          (∏ i,
            Luce.Section6.gaussianMoment65
              (@OfNat.ofNat.{0} NNReal (nat_lit 1) (@One.toOfNat1.{0} NNReal NNReal.instOne)) (r i)))) →
    ∀ (a b : Nat → ι → Real),
      (∀ (i : ι),
          @Filter.Tendsto.{0, 0} Nat Real (fun n => a n i) (@Filter.atTop.{0} Nat Nat.instPreorder)
            (@nhds.{0} Real
              (@UniformSpace.toTopologicalSpace.{0} Real
                (@PseudoMetricSpace.toUniformSpace.{0} Real Real.pseudoMetricSpace))
              (@OfNat.ofNat.{0} Real (nat_lit 1) (@One.toOfNat1.{0} Real Real.instOne)))) →
        (∀ (i : ι),
            @Filter.Tendsto.{0, 0} Nat Real (fun n => b n i) (@Filter.atTop.{0} Nat Nat.instPreorder)
              (@nhds.{0} Real
                (@UniformSpace.toTopologicalSpace.{0} Real
                  (@PseudoMetricSpace.toUniformSpace.{0} Real Real.pseudoMetricSpace))
                (@OfNat.ofNat.{0} Real (nat_lit 0) (@Zero.toOfNat0.{0} Real Real.instZero)))) →
          ∀ (r : ι → Nat),
            @Filter.Tendsto.{0, 0} Nat Real
              (fun n =>
                @MeasureTheory.integral.{0, 0} (Fin n → Real) Real Real.normedAddCommGroup
                  (@InnerProductSpace.toNormedSpace.{0, 0} Real Real Real.instRCLike
                    (@NormedAddCommGroup.toSeminormedAddCommGroup.{0} Real Real.normedAddCommGroup)
                    (@RCLike.toInnerProductSpaceReal.{0} Real Real.instRCLike))
                  (@MeasurableSpace.pi.{0, 0} (Fin n) (fun a => Real) fun a => Real.measurableSpace)
                  (@Luce.exponentialRace n (w n)) fun clocks =>
                  ∏ i,
                    @HPow.hPow.{0, 0, 0} Real Nat Real
                      (@instHPow.{0, 0} Real Nat (@NPow.toPow.{0} Real (@Monoid.toNPow.{0} Real Real.instMonoid)))
                      (@HAdd.hAdd.{0, 0, 0} Real Real Real (@instHAdd.{0} Real Real.instAdd)
                        (@HMul.hMul.{0, 0, 0} Real Real Real (@instHMul.{0} Real Real.instMul) (a n i)
                          (X n (@Luce.raceRankPermutation n clocks) i))
                        (b n i))
                      (r i))
              (@Filter.atTop.{0} Nat Nat.instPreorder)
              (@nhds.{0} Real
                (@UniformSpace.toTopologicalSpace.{0} Real
                  (@PseudoMetricSpace.toUniformSpace.{0} Real Real.pseudoMetricSpace))
                (∏ i,
                  Luce.Section6.gaussianMoment65
                    (@OfNat.ofNat.{0} NNReal (nat_lit 1) (@One.toOfNat1.{0} NNReal NNReal.instOne)) (r i))) :=
⋯
'Luce.Section6.race_affine_moments65' depends on axioms: [propext, Classical.choice.{u}, Quot.sound.{u}]
theorem Luce.Section6.race_characteristic_clt65.{u_1} : ∀ {ι : Type u_1} [inst : Fintype.{u_1} ι]
  [DecidableEq.{u_1 + 1} ι] (w : Luce.WeightArray) (X : (n : Nat) → Equiv.Perm.{1} (Fin n) → ι → Real),
  (∀ (t : ι → Real),
      @Filter.Tendsto.{0, 0} Nat Complex
        (fun n =>
          @MeasureTheory.integral.{0, 0} (Fin n → Real) Complex Complex.instNormedAddCommGroup
            (@InnerProductSpace.toNormedSpace.{0, 0} Real Complex Real.instRCLike
              (@NormedAddCommGroup.toSeminormedAddCommGroup.{0} Complex Complex.instNormedAddCommGroup)
              instInnerProductSpaceRealComplex)
            (@MeasurableSpace.pi.{0, 0} (Fin n) (fun a => Real) fun a => Real.measurableSpace)
            (@Luce.exponentialRace n (w n)) fun clocks =>
            Complex.exp
              (@HMul.hMul.{0, 0, 0} Complex Complex Complex (@instHMul.{0} Complex Complex.instMul)
                (↑(@Luce.Section6.linearCombination65.{u_1} ι inst t (X n (@Luce.raceRankPermutation n clocks))))
                Complex.I))
        (@Filter.atTop.{0} Nat Nat.instPreorder)
        (@nhds.{0} Complex
          (@UniformSpace.toTopologicalSpace.{0} Complex
            (@PseudoMetricSpace.toUniformSpace.{0} Complex
              (@SeminormedRing.toPseudoMetricSpace.{0} Complex
                (@SeminormedCommRing.toSeminormedRing.{0} Complex
                  (@NormedCommRing.toSeminormedCommRing.{0} Complex
                    (@CommCStarAlgebra.toNormedCommRing.{0} Complex instCommCStarAlgebraComplex))))))
          (@MeasureTheory.integral.{u_1, 0} (ι → Real) Complex Complex.instNormedAddCommGroup
            (@InnerProductSpace.toNormedSpace.{0, 0} Real Complex Real.instRCLike
              (@NormedAddCommGroup.toSeminormedAddCommGroup.{0} Complex Complex.instNormedAddCommGroup)
              instInnerProductSpaceRealComplex)
            (@MeasurableSpace.pi.{u_1, 0} ι (fun a => Real) fun a => Real.measurableSpace)
            (@Luce.Section6.standardNormalVector.{u_1} ι inst) fun z =>
            Complex.exp
              (@HMul.hMul.{0, 0, 0} Complex Complex Complex (@instHMul.{0} Complex Complex.instMul)
                (↑(@Luce.Section6.linearCombination65.{u_1} ι inst t z)) Complex.I)))) →
    ∀
      (F :
        @BoundedContinuousFunction.{u_1, 0} (ι → Real) Real
          (@Pi.topologicalSpace.{0, u_1} ι (fun a => Real) fun i =>
            @UniformSpace.toTopologicalSpace.{0} Real
              (@PseudoMetricSpace.toUniformSpace.{0} Real Real.pseudoMetricSpace))
          Real.pseudoMetricSpace),
      @Filter.Tendsto.{0, 0} Nat Real
        (fun n =>
          @MeasureTheory.integral.{0, 0} (Fin n → Real) Real Real.normedAddCommGroup
            (@InnerProductSpace.toNormedSpace.{0, 0} Real Real Real.instRCLike
              (@NormedAddCommGroup.toSeminormedAddCommGroup.{0} Real Real.normedAddCommGroup)
              (@RCLike.toInnerProductSpaceReal.{0} Real Real.instRCLike))
            (@MeasurableSpace.pi.{0, 0} (Fin n) (fun a => Real) fun a => Real.measurableSpace)
            (@Luce.exponentialRace n (w n)) fun clocks =>
            @DFunLike.coe.{u_1 + 1, u_1 + 1, 1}
              (@BoundedContinuousFunction.{u_1, 0} (ι → Real) Real
                (@Pi.topologicalSpace.{0, u_1} ι (fun a => Real) fun i =>
                  @UniformSpace.toTopologicalSpace.{0} Real
                    (@PseudoMetricSpace.toUniformSpace.{0} Real Real.pseudoMetricSpace))
                Real.pseudoMetricSpace)
              (ι → Real) (fun x => Real)
              (@BoundedContinuousFunction.instFunLike.{u_1, 0} (ι → Real) Real
                (@Pi.topologicalSpace.{0, u_1} ι (fun a => Real) fun i =>
                  @UniformSpace.toTopologicalSpace.{0} Real
                    (@PseudoMetricSpace.toUniformSpace.{0} Real Real.pseudoMetricSpace))
                Real.pseudoMetricSpace)
              F (X n (@Luce.raceRankPermutation n clocks)))
        (@Filter.atTop.{0} Nat Nat.instPreorder)
        (@nhds.{0} Real
          (@UniformSpace.toTopologicalSpace.{0} Real
            (@PseudoMetricSpace.toUniformSpace.{0} Real Real.pseudoMetricSpace))
          (@MeasureTheory.integral.{u_1, 0} (ι → Real) Real Real.normedAddCommGroup
            (@InnerProductSpace.toNormedSpace.{0, 0} Real Real Real.instRCLike
              (@NormedAddCommGroup.toSeminormedAddCommGroup.{0} Real Real.normedAddCommGroup)
              (@RCLike.toInnerProductSpaceReal.{0} Real Real.instRCLike))
            (@MeasurableSpace.pi.{u_1, 0} ι (fun a => Real) fun a => Real.measurableSpace)
            (@Luce.Section6.standardNormalVector.{u_1} ι inst) fun z =>
            @DFunLike.coe.{u_1 + 1, u_1 + 1, 1}
              (@BoundedContinuousFunction.{u_1, 0} (ι → Real) Real
                (@Pi.topologicalSpace.{0, u_1} ι (fun a => Real) fun i =>
                  @UniformSpace.toTopologicalSpace.{0} Real
                    (@PseudoMetricSpace.toUniformSpace.{0} Real Real.pseudoMetricSpace))
                Real.pseudoMetricSpace)
              (ι → Real) (fun x => Real)
              (@BoundedContinuousFunction.instFunLike.{u_1, 0} (ι → Real) Real
                (@Pi.topologicalSpace.{0, u_1} ι (fun a => Real) fun i =>
                  @UniformSpace.toTopologicalSpace.{0} Real
                    (@PseudoMetricSpace.toUniformSpace.{0} Real Real.pseudoMetricSpace))
                Real.pseudoMetricSpace)
              F z)) :=
⋯
'Luce.Section6.race_characteristic_clt65' depends on axioms: [propext, Classical.choice.{u}, Quot.sound.{u}]
theorem Luce.Section6.race_characteristic_perturbation65.{u_1} : ∀ {ι : Type u_1} [inst : Fintype.{u_1} ι]
  [DecidableEq.{u_1 + 1} ι] (w : Luce.WeightArray) (X Y : (n : Nat) → Equiv.Perm.{1} (Fin n) → ι → Real),
  (∀ (i : ι),
      @Filter.Tendsto.{0, 0} Nat Real
        (fun n =>
          @MeasureTheory.integral.{0, 0} (Fin n → Real) Real Real.normedAddCommGroup
            (@InnerProductSpace.toNormedSpace.{0, 0} Real Real Real.instRCLike
              (@NormedAddCommGroup.toSeminormedAddCommGroup.{0} Real Real.normedAddCommGroup)
              (@RCLike.toInnerProductSpaceReal.{0} Real Real.instRCLike))
            (@MeasurableSpace.pi.{0, 0} (Fin n) (fun a => Real) fun a => Real.measurableSpace)
            (@Luce.exponentialRace n (w n)) fun clocks =>
            @abs.{0} Real Real.lattice Real.instAddGroup
              (@HSub.hSub.{0, 0, 0} Real Real Real (@instHSub.{0} Real Real.instSub)
                (X n (@Luce.raceRankPermutation n clocks) i) (Y n (@Luce.raceRankPermutation n clocks) i)))
        (@Filter.atTop.{0} Nat Nat.instPreorder)
        (@nhds.{0} Real
          (@UniformSpace.toTopologicalSpace.{0} Real
            (@PseudoMetricSpace.toUniformSpace.{0} Real Real.pseudoMetricSpace))
          (@OfNat.ofNat.{0} Real (nat_lit 0) (@Zero.toOfNat0.{0} Real Real.instZero)))) →
    ∀ (t : ι → Real),
      @Filter.Tendsto.{0, 0} Nat Complex
        (fun n =>
          @HSub.hSub.{0, 0, 0} Complex Complex Complex (@instHSub.{0} Complex Complex.instSub)
            (@MeasureTheory.integral.{0, 0} (Fin n → Real) Complex Complex.instNormedAddCommGroup
              (@InnerProductSpace.toNormedSpace.{0, 0} Real Complex Real.instRCLike
                (@NormedAddCommGroup.toSeminormedAddCommGroup.{0} Complex Complex.instNormedAddCommGroup)
                instInnerProductSpaceRealComplex)
              (@MeasurableSpace.pi.{0, 0} (Fin n) (fun a => Real) fun a => Real.measurableSpace)
              (@Luce.exponentialRace n (w n)) fun clocks =>
              Complex.exp
                (@HMul.hMul.{0, 0, 0} Complex Complex Complex (@instHMul.{0} Complex Complex.instMul)
                  (↑(@Luce.Section6.linearCombination65.{u_1} ι inst t (X n (@Luce.raceRankPermutation n clocks))))
                  Complex.I))
            (@MeasureTheory.integral.{0, 0} (Fin n → Real) Complex Complex.instNormedAddCommGroup
              (@InnerProductSpace.toNormedSpace.{0, 0} Real Complex Real.instRCLike
                (@NormedAddCommGroup.toSeminormedAddCommGroup.{0} Complex Complex.instNormedAddCommGroup)
                instInnerProductSpaceRealComplex)
              (@MeasurableSpace.pi.{0, 0} (Fin n) (fun a => Real) fun a => Real.measurableSpace)
              (@Luce.exponentialRace n (w n)) fun clocks =>
              Complex.exp
                (@HMul.hMul.{0, 0, 0} Complex Complex Complex (@instHMul.{0} Complex Complex.instMul)
                  (↑(@Luce.Section6.linearCombination65.{u_1} ι inst t (Y n (@Luce.raceRankPermutation n clocks))))
                  Complex.I)))
        (@Filter.atTop.{0} Nat Nat.instPreorder)
        (@nhds.{0} Complex
          (@UniformSpace.toTopologicalSpace.{0} Complex
            (@PseudoMetricSpace.toUniformSpace.{0} Complex
              (@SeminormedRing.toPseudoMetricSpace.{0} Complex
                (@SeminormedCommRing.toSeminormedRing.{0} Complex
                  (@NormedCommRing.toSeminormedCommRing.{0} Complex
                    (@CommCStarAlgebra.toNormedCommRing.{0} Complex instCommCStarAlgebraComplex))))))
          (@OfNat.ofNat.{0} Complex (nat_lit 0) (@Zero.toOfNat0.{0} Complex Complex.instZero))) :=
⋯
'Luce.Section6.race_characteristic_perturbation65' depends on axioms: [propext, Classical.choice.{u}, Quot.sound.{u}]
theorem Luce.Section6.race_integral_add65 : ∀ {n : Nat} (w : Luce.Weights n) (F G : Equiv.Perm.{1} (Fin n) → Real),
  @Eq.{1} Real
    (@MeasureTheory.integral.{0, 0} (Fin n → Real) Real Real.normedAddCommGroup
      (@InnerProductSpace.toNormedSpace.{0, 0} Real Real Real.instRCLike
        (@NormedAddCommGroup.toSeminormedAddCommGroup.{0} Real Real.normedAddCommGroup)
        (@RCLike.toInnerProductSpaceReal.{0} Real Real.instRCLike))
      (@MeasurableSpace.pi.{0, 0} (Fin n) (fun a => Real) fun a => Real.measurableSpace) (@Luce.exponentialRace n w)
      fun z =>
      @HAdd.hAdd.{0, 0, 0} Real Real Real (@instHAdd.{0} Real Real.instAdd) (F (@Luce.raceRankPermutation n z))
        (G (@Luce.raceRankPermutation n z)))
    (@HAdd.hAdd.{0, 0, 0} Real Real Real (@instHAdd.{0} Real Real.instAdd)
      (@MeasureTheory.integral.{0, 0} (Fin n → Real) Real Real.normedAddCommGroup
        (@InnerProductSpace.toNormedSpace.{0, 0} Real Real Real.instRCLike
          (@NormedAddCommGroup.toSeminormedAddCommGroup.{0} Real Real.normedAddCommGroup)
          (@RCLike.toInnerProductSpaceReal.{0} Real Real.instRCLike))
        (@MeasurableSpace.pi.{0, 0} (Fin n) (fun a => Real) fun a => Real.measurableSpace) (@Luce.exponentialRace n w)
        fun z => F (@Luce.raceRankPermutation n z))
      (@MeasureTheory.integral.{0, 0} (Fin n → Real) Real Real.normedAddCommGroup
        (@InnerProductSpace.toNormedSpace.{0, 0} Real Real Real.instRCLike
          (@NormedAddCommGroup.toSeminormedAddCommGroup.{0} Real Real.normedAddCommGroup)
          (@RCLike.toInnerProductSpaceReal.{0} Real Real.instRCLike))
        (@MeasurableSpace.pi.{0, 0} (Fin n) (fun a => Real) fun a => Real.measurableSpace) (@Luce.exponentialRace n w)
        fun z => G (@Luce.raceRankPermutation n z))) :=
⋯
'Luce.Section6.race_integral_add65' depends on axioms: [propext, Classical.choice.{u}, Quot.sound.{u}]
theorem Luce.Section6.race_integral_sum65.{u_1} : ∀ {n : Nat} {ι : Type u_1} [inst : Fintype.{u_1} ι]
  (w : Luce.Weights n) (F : ι → Equiv.Perm.{1} (Fin n) → Real),
  @Eq.{1} Real
    (@MeasureTheory.integral.{0, 0} (Fin n → Real) Real Real.normedAddCommGroup
      (@InnerProductSpace.toNormedSpace.{0, 0} Real Real Real.instRCLike
        (@NormedAddCommGroup.toSeminormedAddCommGroup.{0} Real Real.normedAddCommGroup)
        (@RCLike.toInnerProductSpaceReal.{0} Real Real.instRCLike))
      (@MeasurableSpace.pi.{0, 0} (Fin n) (fun a => Real) fun a => Real.measurableSpace) (@Luce.exponentialRace n w)
      fun z => ∑ i, F i (@Luce.raceRankPermutation n z))
    (∑ i,
      @MeasureTheory.integral.{0, 0} (Fin n → Real) Real Real.normedAddCommGroup
        (@InnerProductSpace.toNormedSpace.{0, 0} Real Real Real.instRCLike
          (@NormedAddCommGroup.toSeminormedAddCommGroup.{0} Real Real.normedAddCommGroup)
          (@RCLike.toInnerProductSpaceReal.{0} Real Real.instRCLike))
        (@MeasurableSpace.pi.{0, 0} (Fin n) (fun a => Real) fun a => Real.measurableSpace) (@Luce.exponentialRace n w)
        fun z => F i (@Luce.raceRankPermutation n z)) :=
⋯
'Luce.Section6.race_integral_sum65' depends on axioms: [propext, Classical.choice.{u}, Quot.sound.{u}]
theorem Luce.Section6.race_linear_moment_tendsto65.{u_1} : ∀ {ι : Type u_1} [inst : Fintype.{u_1} ι]
  [DecidableEq.{u_1 + 1} ι] (w : Luce.WeightArray) (X : (n : Nat) → Equiv.Perm.{1} (Fin n) → ι → Real),
  (∀ (r : ι → Nat),
      @Filter.Tendsto.{0, 0} Nat Real
        (fun n =>
          @MeasureTheory.integral.{0, 0} (Fin n → Real) Real Real.normedAddCommGroup
            (@InnerProductSpace.toNormedSpace.{0, 0} Real Real Real.instRCLike
              (@NormedAddCommGroup.toSeminormedAddCommGroup.{0} Real Real.normedAddCommGroup)
              (@RCLike.toInnerProductSpaceReal.{0} Real Real.instRCLike))
            (@MeasurableSpace.pi.{0, 0} (Fin n) (fun a => Real) fun a => Real.measurableSpace)
            (@Luce.exponentialRace n (w n)) fun clocks =>
            ∏ i,
              @HPow.hPow.{0, 0, 0} Real Nat Real
                (@instHPow.{0, 0} Real Nat (@NPow.toPow.{0} Real (@Monoid.toNPow.{0} Real Real.instMonoid)))
                (X n (@Luce.raceRankPermutation n clocks) i) (r i))
        (@Filter.atTop.{0} Nat Nat.instPreorder)
        (@nhds.{0} Real
          (@UniformSpace.toTopologicalSpace.{0} Real
            (@PseudoMetricSpace.toUniformSpace.{0} Real Real.pseudoMetricSpace))
          (∏ i,
            Luce.Section6.gaussianMoment65
              (@OfNat.ofNat.{0} NNReal (nat_lit 1) (@One.toOfNat1.{0} NNReal NNReal.instOne)) (r i)))) →
    ∀ (t : ι → Real) (k : Nat),
      @Filter.Tendsto.{0, 0} Nat Real
        (fun n =>
          @MeasureTheory.integral.{0, 0} (Fin n → Real) Real Real.normedAddCommGroup
            (@InnerProductSpace.toNormedSpace.{0, 0} Real Real Real.instRCLike
              (@NormedAddCommGroup.toSeminormedAddCommGroup.{0} Real Real.normedAddCommGroup)
              (@RCLike.toInnerProductSpaceReal.{0} Real Real.instRCLike))
            (@MeasurableSpace.pi.{0, 0} (Fin n) (fun a => Real) fun a => Real.measurableSpace)
            (@Luce.exponentialRace n (w n)) fun clocks =>
            @HPow.hPow.{0, 0, 0} Real Nat Real
              (@instHPow.{0, 0} Real Nat (@NPow.toPow.{0} Real (@Monoid.toNPow.{0} Real Real.instMonoid)))
              (@Luce.Section6.linearCombination65.{u_1} ι inst t (X n (@Luce.raceRankPermutation n clocks))) k)
        (@Filter.atTop.{0} Nat Nat.instPreorder)
        (@nhds.{0} Real
          (@UniformSpace.toTopologicalSpace.{0} Real
            (@PseudoMetricSpace.toUniformSpace.{0} Real Real.pseudoMetricSpace))
          (@MeasureTheory.integral.{u_1, 0} (ι → Real) Real Real.normedAddCommGroup
            (@InnerProductSpace.toNormedSpace.{0, 0} Real Real Real.instRCLike
              (@NormedAddCommGroup.toSeminormedAddCommGroup.{0} Real Real.normedAddCommGroup)
              (@RCLike.toInnerProductSpaceReal.{0} Real Real.instRCLike))
            (@MeasurableSpace.pi.{u_1, 0} ι (fun a => Real) fun a => Real.measurableSpace)
            (@Luce.Section6.standardNormalVector.{u_1} ι inst) fun z =>
            @HPow.hPow.{0, 0, 0} Real Nat Real
              (@instHPow.{0, 0} Real Nat (@NPow.toPow.{0} Real (@Monoid.toNPow.{0} Real Real.instMonoid)))
              (@Luce.Section6.linearCombination65.{u_1} ι inst t z) k)) :=
⋯
'Luce.Section6.race_linear_moment_tendsto65' depends on axioms: [propext, Classical.choice.{u}, Quot.sound.{u}]
theorem Luce.Section6.race_moments_characteristic65.{u_1} : ∀ {ι : Type u_1} [inst : Fintype.{u_1} ι]
  [DecidableEq.{u_1 + 1} ι] (w : Luce.WeightArray) (X : (n : Nat) → Equiv.Perm.{1} (Fin n) → ι → Real),
  (∀ (r : ι → Nat),
      @Filter.Tendsto.{0, 0} Nat Real
        (fun n =>
          @MeasureTheory.integral.{0, 0} (Fin n → Real) Real Real.normedAddCommGroup
            (@InnerProductSpace.toNormedSpace.{0, 0} Real Real Real.instRCLike
              (@NormedAddCommGroup.toSeminormedAddCommGroup.{0} Real Real.normedAddCommGroup)
              (@RCLike.toInnerProductSpaceReal.{0} Real Real.instRCLike))
            (@MeasurableSpace.pi.{0, 0} (Fin n) (fun a => Real) fun a => Real.measurableSpace)
            (@Luce.exponentialRace n (w n)) fun clocks =>
            ∏ i,
              @HPow.hPow.{0, 0, 0} Real Nat Real
                (@instHPow.{0, 0} Real Nat (@NPow.toPow.{0} Real (@Monoid.toNPow.{0} Real Real.instMonoid)))
                (X n (@Luce.raceRankPermutation n clocks) i) (r i))
        (@Filter.atTop.{0} Nat Nat.instPreorder)
        (@nhds.{0} Real
          (@UniformSpace.toTopologicalSpace.{0} Real
            (@PseudoMetricSpace.toUniformSpace.{0} Real Real.pseudoMetricSpace))
          (∏ i,
            Luce.Section6.gaussianMoment65
              (@OfNat.ofNat.{0} NNReal (nat_lit 1) (@One.toOfNat1.{0} NNReal NNReal.instOne)) (r i)))) →
    ∀ (t : ι → Real),
      @Filter.Tendsto.{0, 0} Nat Complex
        (fun n =>
          @MeasureTheory.integral.{0, 0} (Fin n → Real) Complex Complex.instNormedAddCommGroup
            (@InnerProductSpace.toNormedSpace.{0, 0} Real Complex Real.instRCLike
              (@NormedAddCommGroup.toSeminormedAddCommGroup.{0} Complex Complex.instNormedAddCommGroup)
              instInnerProductSpaceRealComplex)
            (@MeasurableSpace.pi.{0, 0} (Fin n) (fun a => Real) fun a => Real.measurableSpace)
            (@Luce.exponentialRace n (w n)) fun clocks =>
            Complex.exp
              (@HMul.hMul.{0, 0, 0} Complex Complex Complex (@instHMul.{0} Complex Complex.instMul)
                (↑(@Luce.Section6.linearCombination65.{u_1} ι inst t (X n (@Luce.raceRankPermutation n clocks))))
                Complex.I))
        (@Filter.atTop.{0} Nat Nat.instPreorder)
        (@nhds.{0} Complex
          (@UniformSpace.toTopologicalSpace.{0} Complex
            (@PseudoMetricSpace.toUniformSpace.{0} Complex
              (@SeminormedRing.toPseudoMetricSpace.{0} Complex
                (@SeminormedCommRing.toSeminormedRing.{0} Complex
                  (@NormedCommRing.toSeminormedCommRing.{0} Complex
                    (@CommCStarAlgebra.toNormedCommRing.{0} Complex instCommCStarAlgebraComplex))))))
          (@MeasureTheory.integral.{u_1, 0} (ι → Real) Complex Complex.instNormedAddCommGroup
            (@InnerProductSpace.toNormedSpace.{0, 0} Real Complex Real.instRCLike
              (@NormedAddCommGroup.toSeminormedAddCommGroup.{0} Complex Complex.instNormedAddCommGroup)
              instInnerProductSpaceRealComplex)
            (@MeasurableSpace.pi.{u_1, 0} ι (fun a => Real) fun a => Real.measurableSpace)
            (@Luce.Section6.standardNormalVector.{u_1} ι inst) fun z =>
            Complex.exp
              (@HMul.hMul.{0, 0, 0} Complex Complex Complex (@instHMul.{0} Complex Complex.instMul)
                (↑(@Luce.Section6.linearCombination65.{u_1} ι inst t z)) Complex.I))) :=
⋯
'Luce.Section6.race_moments_characteristic65' depends on axioms: [propext, Classical.choice.{u}, Quot.sound.{u}]
theorem Luce.Section6.race_moments_clt65.{u_1} : ∀ {ι : Type u_1} [inst : Fintype.{u_1} ι] [DecidableEq.{u_1 + 1} ι]
  (w : Luce.WeightArray) (X : (n : Nat) → Equiv.Perm.{1} (Fin n) → ι → Real),
  (∀ (r : ι → Nat),
      @Filter.Tendsto.{0, 0} Nat Real
        (fun n =>
          @MeasureTheory.integral.{0, 0} (Fin n → Real) Real Real.normedAddCommGroup
            (@InnerProductSpace.toNormedSpace.{0, 0} Real Real Real.instRCLike
              (@NormedAddCommGroup.toSeminormedAddCommGroup.{0} Real Real.normedAddCommGroup)
              (@RCLike.toInnerProductSpaceReal.{0} Real Real.instRCLike))
            (@MeasurableSpace.pi.{0, 0} (Fin n) (fun a => Real) fun a => Real.measurableSpace)
            (@Luce.exponentialRace n (w n)) fun clocks =>
            ∏ i,
              @HPow.hPow.{0, 0, 0} Real Nat Real
                (@instHPow.{0, 0} Real Nat (@NPow.toPow.{0} Real (@Monoid.toNPow.{0} Real Real.instMonoid)))
                (X n (@Luce.raceRankPermutation n clocks) i) (r i))
        (@Filter.atTop.{0} Nat Nat.instPreorder)
        (@nhds.{0} Real
          (@UniformSpace.toTopologicalSpace.{0} Real
            (@PseudoMetricSpace.toUniformSpace.{0} Real Real.pseudoMetricSpace))
          (∏ i,
            Luce.Section6.gaussianMoment65
              (@OfNat.ofNat.{0} NNReal (nat_lit 1) (@One.toOfNat1.{0} NNReal NNReal.instOne)) (r i)))) →
    ∀
      (F :
        @BoundedContinuousFunction.{u_1, 0} (ι → Real) Real
          (@Pi.topologicalSpace.{0, u_1} ι (fun a => Real) fun i =>
            @UniformSpace.toTopologicalSpace.{0} Real
              (@PseudoMetricSpace.toUniformSpace.{0} Real Real.pseudoMetricSpace))
          Real.pseudoMetricSpace),
      @Filter.Tendsto.{0, 0} Nat Real
        (fun n =>
          @MeasureTheory.integral.{0, 0} (Fin n → Real) Real Real.normedAddCommGroup
            (@InnerProductSpace.toNormedSpace.{0, 0} Real Real Real.instRCLike
              (@NormedAddCommGroup.toSeminormedAddCommGroup.{0} Real Real.normedAddCommGroup)
              (@RCLike.toInnerProductSpaceReal.{0} Real Real.instRCLike))
            (@MeasurableSpace.pi.{0, 0} (Fin n) (fun a => Real) fun a => Real.measurableSpace)
            (@Luce.exponentialRace n (w n)) fun clocks =>
            @DFunLike.coe.{u_1 + 1, u_1 + 1, 1}
              (@BoundedContinuousFunction.{u_1, 0} (ι → Real) Real
                (@Pi.topologicalSpace.{0, u_1} ι (fun a => Real) fun i =>
                  @UniformSpace.toTopologicalSpace.{0} Real
                    (@PseudoMetricSpace.toUniformSpace.{0} Real Real.pseudoMetricSpace))
                Real.pseudoMetricSpace)
              (ι → Real) (fun x => Real)
              (@BoundedContinuousFunction.instFunLike.{u_1, 0} (ι → Real) Real
                (@Pi.topologicalSpace.{0, u_1} ι (fun a => Real) fun i =>
                  @UniformSpace.toTopologicalSpace.{0} Real
                    (@PseudoMetricSpace.toUniformSpace.{0} Real Real.pseudoMetricSpace))
                Real.pseudoMetricSpace)
              F (X n (@Luce.raceRankPermutation n clocks)))
        (@Filter.atTop.{0} Nat Nat.instPreorder)
        (@nhds.{0} Real
          (@UniformSpace.toTopologicalSpace.{0} Real
            (@PseudoMetricSpace.toUniformSpace.{0} Real Real.pseudoMetricSpace))
          (@MeasureTheory.integral.{u_1, 0} (ι → Real) Real Real.normedAddCommGroup
            (@InnerProductSpace.toNormedSpace.{0, 0} Real Real Real.instRCLike
              (@NormedAddCommGroup.toSeminormedAddCommGroup.{0} Real Real.normedAddCommGroup)
              (@RCLike.toInnerProductSpaceReal.{0} Real Real.instRCLike))
            (@MeasurableSpace.pi.{u_1, 0} ι (fun a => Real) fun a => Real.measurableSpace)
            (@Luce.Section6.standardNormalVector.{u_1} ι inst) fun z =>
            @DFunLike.coe.{u_1 + 1, u_1 + 1, 1}
              (@BoundedContinuousFunction.{u_1, 0} (ι → Real) Real
                (@Pi.topologicalSpace.{0, u_1} ι (fun a => Real) fun i =>
                  @UniformSpace.toTopologicalSpace.{0} Real
                    (@PseudoMetricSpace.toUniformSpace.{0} Real Real.pseudoMetricSpace))
                Real.pseudoMetricSpace)
              (ι → Real) (fun x => Real)
              (@BoundedContinuousFunction.instFunLike.{u_1, 0} (ι → Real) Real
                (@Pi.topologicalSpace.{0, u_1} ι (fun a => Real) fun i =>
                  @UniformSpace.toTopologicalSpace.{0} Real
                    (@PseudoMetricSpace.toUniformSpace.{0} Real Real.pseudoMetricSpace))
                Real.pseudoMetricSpace)
              F z)) :=
⋯
'Luce.Section6.race_moments_clt65' depends on axioms: [propext, Classical.choice.{u}, Quot.sound.{u}]
theorem Luce.Section6.rapidError65_of_core_bound : ∀ {f : Nat → Real} {C κ : Real} {K : Nat},
  @LT.lt.{0} Real Real.instLT (@OfNat.ofNat.{0} Real (nat_lit 0) (@Zero.toOfNat0.{0} Real Real.instZero)) κ →
    @Filter.Eventually.{0} Nat
        (fun n =>
          @LE.le.{0} Real Real.instLE (@abs.{0} Real Real.lattice Real.instAddGroup (f n))
            (@HMul.hMul.{0, 0, 0} Real Real Real (@instHMul.{0} Real Real.instMul)
              (@HMul.hMul.{0, 0, 0} Real Real Real (@instHMul.{0} Real Real.instMul) C
                (@HPow.hPow.{0, 0, 0} Real Nat Real
                  (@instHPow.{0, 0} Real Nat (@NPow.toPow.{0} Real (@Monoid.toNPow.{0} Real Real.instMonoid)))
                  (Luce.Section6.logWeight65 n) K))
              (@HPow.hPow.{0, 0, 0} Real Real Real (@instHPow.{0, 0} Real Real Real.instPow)
                (@Nat.cast.{0} Real Real.instNatCast (Luce.Section6.idealCoreLower n))
                (@Neg.neg.{0} Real Real.instNeg κ))))
        (@Filter.atTop.{0} Nat Nat.instPreorder) →
      Luce.Section6.RapidError65 f :=
⋯
'Luce.Section6.rapidError65_of_core_bound' depends on axioms: [propext, Classical.choice.{u}, Quot.sound.{u}]
theorem Luce.Section6.rapidError65_zero : Luce.Section6.RapidError65 fun x =>
  @OfNat.ofNat.{0} Real (nat_lit 0) (@Zero.toOfNat0.{0} Real Real.instZero) :=
⋯
'Luce.Section6.rapidError65_zero' depends on axioms: [propext, Classical.choice.{u}, Quot.sound.{u}]
def Luce.Section6.scaledPoissonMoment65 : Real → Nat → Real :=
fun b k =>
  @HDiv.hDiv.{0, 0, 0} Real Real Real (@instHDiv.{0} Real (@DivInvMonoid.toDiv.{0} Real Real.instDivInvMonoid))
    (Luce.Section6.centeredPoissonMoment65
      (@HPow.hPow.{0, 0, 0} Real Nat Real
        (@instHPow.{0, 0} Real Nat (@NPow.toPow.{0} Real (@Monoid.toNPow.{0} Real Real.instMonoid))) b
        (@OfNat.ofNat.{0} Nat (nat_lit 2) (instOfNatNat (nat_lit 2))))
      k)
    (@HPow.hPow.{0, 0, 0} Real Nat Real
      (@instHPow.{0, 0} Real Nat (@NPow.toPow.{0} Real (@Monoid.toNPow.{0} Real Real.instMonoid))) b k)
'Luce.Section6.scaledPoissonMoment65' depends on axioms: [propext, Classical.choice.{u}, Quot.sound.{u}]
theorem Luce.Section6.scaledPoissonMoment65_one : ∀ (b : Real),
  @Eq.{1} Real (Luce.Section6.scaledPoissonMoment65 b (@OfNat.ofNat.{0} Nat (nat_lit 1) (instOfNatNat (nat_lit 1))))
    (@OfNat.ofNat.{0} Real (nat_lit 0) (@Zero.toOfNat0.{0} Real Real.instZero)) :=
⋯
'Luce.Section6.scaledPoissonMoment65_one' depends on axioms: [propext, Classical.choice.{u}, Quot.sound.{u}]
theorem Luce.Section6.scaledPoissonMoment65_rec : ∀ (b : Real),
  @Ne.{1} Real b (@OfNat.ofNat.{0} Real (nat_lit 0) (@Zero.toOfNat0.{0} Real Real.instZero)) →
    ∀ (k : Nat),
      @Eq.{1} Real
        (Luce.Section6.scaledPoissonMoment65 b
          (@HAdd.hAdd.{0, 0, 0} Nat Nat Nat (@instHAdd.{0} Nat instAddNat) k
            (@OfNat.ofNat.{0} Nat (nat_lit 2) (instOfNatNat (nat_lit 2)))))
        (∑
          j ∈
            Finset.range
              (@HAdd.hAdd.{0, 0, 0} Nat Nat Nat (@instHAdd.{0} Nat instAddNat) k
                (@OfNat.ofNat.{0} Nat (nat_lit 1) (instOfNatNat (nat_lit 1)))),
          @HMul.hMul.{0, 0, 0} Real Real Real (@instHMul.{0} Real Real.instMul)
            (@HMul.hMul.{0, 0, 0} Real Real Real (@instHMul.{0} Real Real.instMul)
              (@Nat.cast.{0} Real Real.instNatCast
                ((@HAdd.hAdd.{0, 0, 0} Nat Nat Nat (@instHAdd.{0} Nat instAddNat) k
                      (@OfNat.ofNat.{0} Nat (nat_lit 1) (instOfNatNat (nat_lit 1)))).choose
                  j))
              (@HPow.hPow.{0, 0, 0} Real Nat Real
                (@instHPow.{0, 0} Real Nat (@NPow.toPow.{0} Real (@Monoid.toNPow.{0} Real Real.instMonoid)))
                (@Inv.inv.{0} Real Real.instInv b)
                (@HSub.hSub.{0, 0, 0} Nat Nat Nat (@instHSub.{0} Nat instSubNat) k j)))
            (Luce.Section6.scaledPoissonMoment65 b j)) :=
⋯
'Luce.Section6.scaledPoissonMoment65_rec' depends on axioms: [propext, Classical.choice.{u}, Quot.sound.{u}]
theorem Luce.Section6.scaledPoissonMoment65_tendsto : ∀ (b : Nat → Real),
  @Filter.Tendsto.{0, 0} Nat Real b (@Filter.atTop.{0} Nat Nat.instPreorder)
      (@Filter.atTop.{0} Real Real.instPreorder) →
    ∀ (k : Nat),
      @Filter.Tendsto.{0, 0} Nat Real (fun n => Luce.Section6.scaledPoissonMoment65 (b n) k)
        (@Filter.atTop.{0} Nat Nat.instPreorder)
        (@nhds.{0} Real
          (@UniformSpace.toTopologicalSpace.{0} Real
            (@PseudoMetricSpace.toUniformSpace.{0} Real Real.pseudoMetricSpace))
          (Luce.Section6.gaussianMoment65
            (@OfNat.ofNat.{0} NNReal (nat_lit 1) (@One.toOfNat1.{0} NNReal NNReal.instOne)) k)) :=
⋯
'Luce.Section6.scaledPoissonMoment65_tendsto' depends on axioms: [propext, Classical.choice.{u}, Quot.sound.{u}]
theorem Luce.Section6.scaledPoissonMoment65_zero : ∀ (b : Real),
  @Eq.{1} Real (Luce.Section6.scaledPoissonMoment65 b (@OfNat.ofNat.{0} Nat (nat_lit 0) (instOfNatNat (nat_lit 0))))
    (@OfNat.ofNat.{0} Real (nat_lit 1) (@One.toOfNat1.{0} Real Real.instOne)) :=
⋯
'Luce.Section6.scaledPoissonMoment65_zero' depends on axioms: [propext, Classical.choice.{u}, Quot.sound.{u}]
theorem Luce.Section6.section65.{u} : And
  (∀ (grid : Luce.Section6.SamplingGrid), SampledProfileContract.powerLaw.{u} grid)
  (∀ (grid : Luce.Section6.SamplingGrid), SampledProfileContract.spatial.{u} grid) :=
⋯
'Luce.Section6.section65' depends on axioms: [propext, Classical.choice.{u}, Quot.sound.{u}]
theorem Luce.Section6.section65_interior_contractCheck.{u} : And
  (SampledProfileContract.powerLaw.{u} Luce.Section6.SamplingGrid.interior)
  (SampledProfileContract.spatial.{u} Luce.Section6.SamplingGrid.interior) :=
⋯
'Luce.Section6.section65_interior_contractCheck' depends on axioms: [propext, Classical.choice.{u}, Quot.sound.{u}]
theorem Luce.Section6.section65_midpoint_contractCheck.{u} : And
  (SampledProfileContract.powerLaw.{u} Luce.Section6.SamplingGrid.midpoint)
  (SampledProfileContract.spatial.{u} Luce.Section6.SamplingGrid.midpoint) :=
⋯
'Luce.Section6.section65_midpoint_contractCheck' depends on axioms: [propext, Classical.choice.{u}, Quot.sound.{u}]
theorem Luce.Section6.selectedRootCycleCount_eq_sum65 : ∀ {n : Nat} (R : Equiv.Perm.{1} (Fin n)) (k : Nat)
  (S : Finset.{0} (Fin n)),
  @Eq.{1} Nat (@Luce.Section6.selectedRootCycleCount n R k S)
    (∑ v ∈ S,
      @Luce.Section6.selectedRootCycleCount n R k
        (@Singleton.singleton.{0, 0} (Fin n) (Finset.{0} (Fin n)) (@Finset.instSingleton.{0} (Fin n)) v)) :=
⋯
'Luce.Section6.selectedRootCycleCount_eq_sum65' depends on axioms: [propext, Classical.choice.{u}, Quot.sound.{u}]
theorem Luce.Section6.selectedRootCycleCount_expectation_sum65 : ∀ {n : Nat} (w : Luce.Weights n) (k : Nat)
  (S : Finset.{0} (Fin n)),
  @Eq.{1} Real
    (@MeasureTheory.integral.{0, 0} (Fin n → Real) Real Real.normedAddCommGroup
      (@InnerProductSpace.toNormedSpace.{0, 0} Real Real Real.instRCLike
        (@NormedAddCommGroup.toSeminormedAddCommGroup.{0} Real Real.normedAddCommGroup)
        (@RCLike.toInnerProductSpaceReal.{0} Real Real.instRCLike))
      (@MeasurableSpace.pi.{0, 0} (Fin n) (fun a => Real) fun a => Real.measurableSpace) (@Luce.exponentialRace n w)
      fun z =>
      @Nat.cast.{0} Real Real.instNatCast (@Luce.Section6.selectedRootCycleCount n (@Luce.raceRankPermutation n z) k S))
    (∑ v ∈ S,
      @MeasureTheory.integral.{0, 0} (Fin n → Real) Real Real.normedAddCommGroup
        (@InnerProductSpace.toNormedSpace.{0, 0} Real Real Real.instRCLike
          (@NormedAddCommGroup.toSeminormedAddCommGroup.{0} Real Real.normedAddCommGroup)
          (@RCLike.toInnerProductSpaceReal.{0} Real Real.instRCLike))
        (@MeasurableSpace.pi.{0, 0} (Fin n) (fun a => Real) fun a => Real.measurableSpace) (@Luce.exponentialRace n w)
        fun z =>
        @Nat.cast.{0} Real Real.instNatCast
          (@Luce.Section6.selectedRootCycleCount n (@Luce.raceRankPermutation n z) k
            (@Singleton.singleton.{0, 0} (Fin n) (Finset.{0} (Fin n)) (@Finset.instSingleton.{0} (Fin n)) v))) :=
⋯
'Luce.Section6.selectedRootCycleCount_expectation_sum65' depends on axioms: [propext,
 Classical.choice.{u},
 Quot.sound.{u}]
theorem Luce.Section6.selectedRootCycleCount_harmonic65 : ∀ {n : Nat} (w : Luce.Weights n) (side : Luce.Section6.Corner)
  (k : Nat) (S : Finset.{0} (Fin n)) {C A B : Real},
  @LE.le.{0} Real Real.instLE (@OfNat.ofNat.{0} Real (nat_lit 0) (@Zero.toOfNat0.{0} Real Real.instZero)) C →
    @LE.le.{0} Real Real.instLE (@OfNat.ofNat.{0} Real (nat_lit 1) (@One.toOfNat1.{0} Real Real.instOne)) A →
      @LE.le.{0} Real Real.instLE A B →
        (∀ (v : Fin n),
            @Membership.mem.{0, 0} (Fin n) (Finset.{0} (Fin n))
                (@SetLike.instMembership.{0, 0} (Finset.{0} (Fin n)) (Fin n) (@Finset.instSetLike.{0} (Fin n))) S v →
              And
                (@LE.le.{0} Real Real.instLE A
                  (@Nat.cast.{0} Real Real.instNatCast (@Luce.Section6.cornerDistance side n v)))
                (@LE.le.{0} Real Real.instLE
                  (@Nat.cast.{0} Real Real.instNatCast (@Luce.Section6.cornerDistance side n v)) B)) →
          (∀ (v : Fin n),
              @Membership.mem.{0, 0} (Fin n) (Finset.{0} (Fin n))
                  (@SetLike.instMembership.{0, 0} (Finset.{0} (Fin n)) (Fin n) (@Finset.instSetLike.{0} (Fin n))) S v →
                @LE.le.{0} Real Real.instLE
                  (@MeasureTheory.integral.{0, 0} (Fin n → Real) Real Real.normedAddCommGroup
                    (@InnerProductSpace.toNormedSpace.{0, 0} Real Real Real.instRCLike
                      (@NormedAddCommGroup.toSeminormedAddCommGroup.{0} Real Real.normedAddCommGroup)
                      (@RCLike.toInnerProductSpaceReal.{0} Real Real.instRCLike))
                    (@MeasurableSpace.pi.{0, 0} (Fin n) (fun a => Real) fun a => Real.measurableSpace)
                    (@Luce.exponentialRace n w) fun z =>
                    @Nat.cast.{0} Real Real.instNatCast
                      (@Luce.Section6.selectedRootCycleCount n (@Luce.raceRankPermutation n z) k
                        (@Singleton.singleton.{0, 0} (Fin n) (Finset.{0} (Fin n)) (@Finset.instSingleton.{0} (Fin n))
                          v)))
                  (@HDiv.hDiv.{0, 0, 0} Real Real Real
                    (@instHDiv.{0} Real (@DivInvMonoid.toDiv.{0} Real Real.instDivInvMonoid)) C
                    (@Nat.cast.{0} Real Real.instNatCast (@Luce.Section6.cornerDistance side n v)))) →
            @LE.le.{0} Real Real.instLE
              (@MeasureTheory.integral.{0, 0} (Fin n → Real) Real Real.normedAddCommGroup
                (@InnerProductSpace.toNormedSpace.{0, 0} Real Real Real.instRCLike
                  (@NormedAddCommGroup.toSeminormedAddCommGroup.{0} Real Real.normedAddCommGroup)
                  (@RCLike.toInnerProductSpaceReal.{0} Real Real.instRCLike))
                (@MeasurableSpace.pi.{0, 0} (Fin n) (fun a => Real) fun a => Real.measurableSpace)
                (@Luce.exponentialRace n w) fun z =>
                @Nat.cast.{0} Real Real.instNatCast
                  (@Luce.Section6.selectedRootCycleCount n (@Luce.raceRankPermutation n z) k S))
              (@HMul.hMul.{0, 0, 0} Real Real Real (@instHMul.{0} Real Real.instMul) C
                (@HAdd.hAdd.{0, 0, 0} Real Real Real (@instHAdd.{0} Real Real.instAdd)
                  (@OfNat.ofNat.{0} Real (nat_lit 1) (@One.toOfNat1.{0} Real Real.instOne))
                  (Real.log
                    (@HDiv.hDiv.{0, 0, 0} Real Real Real
                      (@instHDiv.{0} Real (@DivInvMonoid.toDiv.{0} Real Real.instDivInvMonoid)) B A)))) :=
⋯
'Luce.Section6.selectedRootCycleCount_harmonic65' depends on axioms: [propext, Classical.choice.{u}, Quot.sound.{u}]
theorem Luce.Section6.spatial65.{u} : ∀ (grid : Luce.Section6.SamplingGrid), SampledProfileContract.spatial.{u} grid :=
⋯
'Luce.Section6.spatial65' depends on axioms: [propext, Classical.choice.{u}, Quot.sound.{u}]
theorem Luce.Section6.spatial65_contractCheck.{u} : ∀ (grid : Luce.Section6.SamplingGrid),
  SampledProfileContract.spatial.{u} grid :=
⋯
'Luce.Section6.spatial65_contractCheck' depends on axioms: [propext, Classical.choice.{u}, Quot.sound.{u}]
theorem Luce.Section6.spatialCategories_disjoint65 : ∀ {left right : Luce.Section6.EndpointBehavior} {L J : Nat}
  (a b : Fin J → Real),
  (@Pairwise.{0} (Fin J) fun i j =>
      @Disjoint.{0} (Set.{0} Real)
        (@ChainCompletePartialOrder.toPartialOrder.{0} (Set.{0} Real)
          (@ChainCompletePartialOrder.instOfCompleteLattice.{0} (Set.{0} Real)
            (@CompleteBooleanAlgebra.toCompleteLattice.{0} (Set.{0} Real)
              (@CompleteAtomicBooleanAlgebra.toCompleteBooleanAlgebra.{0} (Set.{0} Real)
                (@Set.instCompleteAtomicBooleanAlgebra.{0} Real)))))
        (@HeytingAlgebra.toOrderBot.{0} (Set.{0} Real)
          (@Order.Frame.toHeytingAlgebra.{0} (Set.{0} Real)
            (@CompleteDistribLattice.toFrame.{0} (Set.{0} Real)
              (@CompleteBooleanAlgebra.toCompleteDistribLattice.{0} (Set.{0} Real)
                (@CompleteAtomicBooleanAlgebra.toCompleteBooleanAlgebra.{0} (Set.{0} Real)
                  (@Set.instCompleteAtomicBooleanAlgebra.{0} Real))))))
        (@Set.Ioc.{0} Real Real.instPreorder (a i) (b i)) (@Set.Ioc.{0} Real Real.instPreorder (a j) (b j))) →
    @Luce.Section6.FiniteCategoriesDisjoint65.{0} (Luce.Section6.SpatialIndex left right L J)
      (@Luce.Section6.spatialCategory65 left right L J a b) :=
⋯
'Luce.Section6.spatialCategories_disjoint65' depends on axioms: [propext, Classical.choice.{u}, Quot.sound.{u}]
def Luce.Section6.spatialCategory65 : {left right : Luce.Section6.EndpointBehavior} →
  {L J : Nat} →
    (Fin J → Real) → (Fin J → Real) → Luce.Section6.SpatialIndex left right L J → Luce.Section6.CoreCycleCategory :=
fun {left right} {L J} a b z =>
  {
    side :=
      @Subtype.val.{1} Luce.Section6.Corner (fun side => (Luce.Section6.cornerBehavior left right side).active)
        (@Prod.fst.{0, 0}
          (@Subtype.{1} Luce.Section6.Corner fun side => (Luce.Section6.cornerBehavior left right side).active)
          (Prod.{0, 0} (Fin L) (Fin J)) z),
    lengthIndex :=
      @Fin.val L
        (@Prod.fst.{0, 0} (Fin L) (Fin J)
          (@Prod.snd.{0, 0}
            (@Subtype.{1} Luce.Section6.Corner fun side => (Luce.Section6.cornerBehavior left right side).active)
            (Prod.{0, 0} (Fin L) (Fin J)) z)),
    rootWindow :=
      Luce.Section6.CoreRootWindow.interval
        (fun n =>
          @HPow.hPow.{0, 0, 0} Real Real Real (@instHPow.{0, 0} Real Real Real.instPow)
            (@Nat.cast.{0} Real Real.instNatCast n)
            (a
              (@Prod.snd.{0, 0} (Fin L) (Fin J)
                (@Prod.snd.{0, 0}
                  (@Subtype.{1} Luce.Section6.Corner fun side => (Luce.Section6.cornerBehavior left right side).active)
                  (Prod.{0, 0} (Fin L) (Fin J)) z))))
        fun n =>
        @HPow.hPow.{0, 0, 0} Real Real Real (@instHPow.{0, 0} Real Real Real.instPow)
          (@Nat.cast.{0} Real Real.instNatCast n)
          (b
            (@Prod.snd.{0, 0} (Fin L) (Fin J)
              (@Prod.snd.{0, 0}
                (@Subtype.{1} Luce.Section6.Corner fun side => (Luce.Section6.cornerBehavior left right side).active)
                (Prod.{0, 0} (Fin L) (Fin J)) z))) }
'Luce.Section6.spatialCategory65' depends on axioms: [propext, Classical.choice.{u}, Quot.sound.{u}]
def Luce.Section6.spatialCoefficient65 : {left right : Luce.Section6.EndpointBehavior} →
  {L J : Nat} → (Fin J → Real) → (Fin J → Real) → Luce.Section6.SpatialIndex left right L J → Real :=
fun {left right} {L J} a b z =>
  @HMul.hMul.{0, 0, 0} Real Real Real (@instHMul.{0} Real Real.instMul)
    (Luce.Section6.cornerCoefficient
      (@Subtype.val.{1} Luce.Section6.Corner (fun side => (Luce.Section6.cornerBehavior left right side).active)
        (@Prod.fst.{0, 0}
          (@Subtype.{1} Luce.Section6.Corner fun side => (Luce.Section6.cornerBehavior left right side).active)
          (Prod.{0, 0} (Fin L) (Fin J)) z))
      (Luce.Section6.cornerBehavior left right
        (@Subtype.val.{1} Luce.Section6.Corner (fun side => (Luce.Section6.cornerBehavior left right side).active)
          (@Prod.fst.{0, 0}
            (@Subtype.{1} Luce.Section6.Corner fun side => (Luce.Section6.cornerBehavior left right side).active)
            (Prod.{0, 0} (Fin L) (Fin J)) z)))
      (@Fin.val L
        (@Prod.fst.{0, 0} (Fin L) (Fin J)
          (@Prod.snd.{0, 0}
            (@Subtype.{1} Luce.Section6.Corner fun side => (Luce.Section6.cornerBehavior left right side).active)
            (Prod.{0, 0} (Fin L) (Fin J)) z))))
    (@HSub.hSub.{0, 0, 0} Real Real Real (@instHSub.{0} Real Real.instSub)
      (b
        (@Prod.snd.{0, 0} (Fin L) (Fin J)
          (@Prod.snd.{0, 0}
            (@Subtype.{1} Luce.Section6.Corner fun side => (Luce.Section6.cornerBehavior left right side).active)
            (Prod.{0, 0} (Fin L) (Fin J)) z)))
      (a
        (@Prod.snd.{0, 0} (Fin L) (Fin J)
          (@Prod.snd.{0, 0}
            (@Subtype.{1} Luce.Section6.Corner fun side => (Luce.Section6.cornerBehavior left right side).active)
            (Prod.{0, 0} (Fin L) (Fin J)) z))))
'Luce.Section6.spatialCoefficient65' depends on axioms: [propext, Classical.choice.{u}, Quot.sound.{u}]
def Luce.Section6.spatialCoreCategory65 : Luce.Section6.Corner → Nat → Real → Real → Luce.Section6.CoreCycleCategory :=
fun side k a b =>
  { side := side, lengthIndex := k,
    rootWindow :=
      Luce.Section6.CoreRootWindow.interval
        (fun n =>
          @HPow.hPow.{0, 0, 0} Real Real Real (@instHPow.{0, 0} Real Real Real.instPow)
            (@Nat.cast.{0} Real Real.instNatCast n) a)
        fun n =>
        @HPow.hPow.{0, 0, 0} Real Real Real (@instHPow.{0, 0} Real Real Real.instPow)
          (@Nat.cast.{0} Real Real.instNatCast n) b }
'Luce.Section6.spatialCoreCategory65' depends on axioms: [propext, Classical.choice.{u}, Quot.sound.{u}]
theorem Luce.Section6.spatialCore_count_le65 : ∀ {n : Nat},
  @LE.le.{0} Nat instLENat (@OfNat.ofNat.{0} Nat (nat_lit 2) (instOfNatNat (nat_lit 2))) n →
    ∀ (R : Equiv.Perm.{1} (Fin n)) (side : Luce.Section6.Corner) (k : Nat) (a b : Real),
      @LE.le.{0} Nat instLENat (@Luce.Section6.coreCategoryCount n R (Luce.Section6.spatialCoreCategory65 side k a b))
        (@Luce.Section6.spatialCycleCount n R side k a b) :=
⋯
'Luce.Section6.spatialCore_count_le65' depends on axioms: [propext, Classical.choice.{u}, Quot.sound.{u}]
theorem Luce.Section6.spatialCore_error_bound65 : ∀ (f : Real → Real) (left right : Luce.Section6.EndpointBehavior),
  Luce.Section6.PowerProfile f left right →
    ∀ (grid : Luce.Section6.SamplingGrid) (w : Luce.WeightArray),
      Luce.Section6.SampledRates grid w f →
        ∀ (side : Luce.Section6.Corner),
          (Luce.Section6.cornerBehavior left right side).active →
            ∀ (k : Nat) {a b : Real},
              @LT.lt.{0} Real Real.instLT (@OfNat.ofNat.{0} Real (nat_lit 0) (@Zero.toOfNat0.{0} Real Real.instZero))
                  a →
                @LT.lt.{0} Real Real.instLT a b →
                  @LT.lt.{0} Real Real.instLT b
                      (@OfNat.ofNat.{0} Real (nat_lit 1) (@One.toOfNat1.{0} Real Real.instOne)) →
                    ∃ C,
                      And
                        (@LT.lt.{0} Real Real.instLT
                          (@OfNat.ofNat.{0} Real (nat_lit 0) (@Zero.toOfNat0.{0} Real Real.instZero)) C)
                        (@Filter.Eventually.{0} Nat
                          (fun n =>
                            @LE.le.{0} Real Real.instLE
                              (@MeasureTheory.integral.{0, 0} (Fin n → Real) Real Real.normedAddCommGroup
                                (@InnerProductSpace.toNormedSpace.{0, 0} Real Real Real.instRCLike
                                  (@NormedAddCommGroup.toSeminormedAddCommGroup.{0} Real Real.normedAddCommGroup)
                                  (@RCLike.toInnerProductSpaceReal.{0} Real Real.instRCLike))
                                (@MeasurableSpace.pi.{0, 0} (Fin n) (fun a => Real) fun a => Real.measurableSpace)
                                (@Luce.exponentialRace n (w n)) fun clocks =>
                                @abs.{0} Real Real.lattice Real.instAddGroup
                                  (@HSub.hSub.{0, 0, 0} Real Real Real (@instHSub.{0} Real Real.instSub)
                                    (@Nat.cast.{0} Real Real.instNatCast
                                      (@Luce.Section6.spatialCycleCount n (@Luce.raceRankPermutation n clocks) side k a
                                        b))
                                    (@Nat.cast.{0} Real Real.instNatCast
                                      (@Luce.Section6.coreCategoryCount n (@Luce.raceRankPermutation n clocks)
                                        (Luce.Section6.spatialCoreCategory65 side k a b)))))
                              C)
                          (@Filter.atTop.{0} Nat Nat.instPreorder)) :=
⋯
'Luce.Section6.spatialCore_error_bound65' depends on axioms: [propext, Classical.choice.{u}, Quot.sound.{u}]
theorem Luce.Section6.spatialCount_approx65 : ∀ (f : Real → Real) (left right : Luce.Section6.EndpointBehavior),
  Luce.Section6.PowerProfile f left right →
    ∀ (grid : Luce.Section6.SamplingGrid) (w : Luce.WeightArray),
      Luce.Section6.SampledRates grid w f →
        ∀ (side : Luce.Section6.Corner),
          (Luce.Section6.cornerBehavior left right side).active →
            ∀ (k : Nat) {a b : Real},
              @LT.lt.{0} Real Real.instLT (@OfNat.ofNat.{0} Real (nat_lit 0) (@Zero.toOfNat0.{0} Real Real.instZero))
                  a →
                @LT.lt.{0} Real Real.instLT a b →
                  @LT.lt.{0} Real Real.instLT b
                      (@OfNat.ofNat.{0} Real (nat_lit 1) (@One.toOfNat1.{0} Real Real.instOne)) →
                    Luce.Section6.CountApprox65 w
                      (fun x R => @Nat.cast.{0} Real Real.instNatCast (@Luce.Section6.spatialCycleCount x R side k a b))
                      fun x R =>
                      @Nat.cast.{0} Real Real.instNatCast
                        (@Luce.Section6.coreCategoryCount x R (Luce.Section6.spatialCoreCategory65 side k a b)) :=
⋯
'Luce.Section6.spatialCount_approx65' depends on axioms: [propext, Classical.choice.{u}, Quot.sound.{u}]
theorem Luce.Section6.spatialCount_meanApprox65 : ∀ (f : Real → Real) (left right : Luce.Section6.EndpointBehavior),
  Luce.Section6.PowerProfile f left right →
    ∀ (grid : Luce.Section6.SamplingGrid) (w : Luce.WeightArray),
      Luce.Section6.SampledRates grid w f →
        ∀ (side : Luce.Section6.Corner),
          (Luce.Section6.cornerBehavior left right side).active →
            ∀ (k : Nat) {a b : Real},
              @LT.lt.{0} Real Real.instLT (@OfNat.ofNat.{0} Real (nat_lit 0) (@Zero.toOfNat0.{0} Real Real.instZero))
                  a →
                @LT.lt.{0} Real Real.instLT a b →
                  @LT.lt.{0} Real Real.instLT b
                      (@OfNat.ofNat.{0} Real (nat_lit 1) (@One.toOfNat1.{0} Real Real.instOne)) →
                    Luce.Section6.MeanApprox65
                      (fun n =>
                        @MeasureTheory.integral.{0, 0} (Fin n → Real) Real Real.normedAddCommGroup
                          (@InnerProductSpace.toNormedSpace.{0, 0} Real Real Real.instRCLike
                            (@NormedAddCommGroup.toSeminormedAddCommGroup.{0} Real Real.normedAddCommGroup)
                            (@RCLike.toInnerProductSpaceReal.{0} Real Real.instRCLike))
                          (@MeasurableSpace.pi.{0, 0} (Fin n) (fun a => Real) fun a => Real.measurableSpace)
                          (@Luce.exponentialRace n (w n)) fun clocks =>
                          @Nat.cast.{0} Real Real.instNatCast
                            (@Luce.Section6.spatialCycleCount n (@Luce.raceRankPermutation n clocks) side k a b))
                      (@HMul.hMul.{0, 0, 0} Real Real Real (@instHMul.{0} Real Real.instMul)
                        (Luce.Section6.cornerCoefficient side (Luce.Section6.cornerBehavior left right side) k)
                        (@HSub.hSub.{0, 0, 0} Real Real Real (@instHSub.{0} Real Real.instSub) b a)) :=
⋯
'Luce.Section6.spatialCount_meanApprox65' depends on axioms: [propext, Classical.choice.{u}, Quot.sound.{u}]
theorem Luce.Section6.spatialCycleCount_symm65 : ∀ {n : Nat} (R : Equiv.Perm.{1} (Fin n)) (side : Luce.Section6.Corner)
  (k : Nat) (a b : Real),
  @Eq.{1} Nat (@Luce.Section6.spatialCycleCount n (@Equiv.symm.{1, 1} (Fin n) (Fin n) R) side k a b)
    (@Luce.Section6.spatialCycleCount n R side k a b) :=
⋯
'Luce.Section6.spatialCycleCount_symm65' depends on axioms: [propext, Classical.choice.{u}, Quot.sound.{u}]
theorem Luce.Section6.spatial_core_target_moments65 : ∀ (f : Real → Real) (left right : Luce.Section6.EndpointBehavior),
  Luce.Section6.PowerProfile f left right →
    ∀ (grid : Luce.Section6.SamplingGrid) (w : Luce.WeightArray),
      Luce.Section6.SampledRates grid w f →
        ∀ (L J : Nat) (a b : Fin J → Real),
          (∀ (j : Fin J),
              And
                (@LT.lt.{0} Real Real.instLT (@OfNat.ofNat.{0} Real (nat_lit 0) (@Zero.toOfNat0.{0} Real Real.instZero))
                  (a j))
                (And (@LT.lt.{0} Real Real.instLT (a j) (b j))
                  (@LT.lt.{0} Real Real.instLT (b j)
                    (@OfNat.ofNat.{0} Real (nat_lit 1) (@One.toOfNat1.{0} Real Real.instOne))))) →
            (@Pairwise.{0} (Fin J) fun i j =>
                @Disjoint.{0} (Set.{0} Real)
                  (@ChainCompletePartialOrder.toPartialOrder.{0} (Set.{0} Real)
                    (@ChainCompletePartialOrder.instOfCompleteLattice.{0} (Set.{0} Real)
                      (@CompleteBooleanAlgebra.toCompleteLattice.{0} (Set.{0} Real)
                        (@CompleteAtomicBooleanAlgebra.toCompleteBooleanAlgebra.{0} (Set.{0} Real)
                          (@Set.instCompleteAtomicBooleanAlgebra.{0} Real)))))
                  (@HeytingAlgebra.toOrderBot.{0} (Set.{0} Real)
                    (@Order.Frame.toHeytingAlgebra.{0} (Set.{0} Real)
                      (@CompleteDistribLattice.toFrame.{0} (Set.{0} Real)
                        (@CompleteBooleanAlgebra.toCompleteDistribLattice.{0} (Set.{0} Real)
                          (@CompleteAtomicBooleanAlgebra.toCompleteBooleanAlgebra.{0} (Set.{0} Real)
                            (@Set.instCompleteAtomicBooleanAlgebra.{0} Real))))))
                  (@Set.Ioc.{0} Real Real.instPreorder (a i) (b i)) (@Set.Ioc.{0} Real Real.instPreorder (a j) (b j))) →
              ∀ (r : Luce.Section6.SpatialIndex left right L J → Nat),
                @Filter.Tendsto.{0, 0} Nat Real
                  (fun n =>
                    @MeasureTheory.integral.{0, 0} (Fin n → Real) Real Real.normedAddCommGroup
                      (@InnerProductSpace.toNormedSpace.{0, 0} Real Real Real.instRCLike
                        (@NormedAddCommGroup.toSeminormedAddCommGroup.{0} Real Real.normedAddCommGroup)
                        (@RCLike.toInnerProductSpaceReal.{0} Real Real.instRCLike))
                      (@MeasurableSpace.pi.{0, 0} (Fin n) (fun a => Real) fun a => Real.measurableSpace)
                      (@Luce.exponentialRace n (w n)) fun clocks =>
                      ∏ z,
                        @HPow.hPow.{0, 0, 0} Real Nat Real
                          (@instHPow.{0, 0} Real Nat (@NPow.toPow.{0} Real (@Monoid.toNPow.{0} Real Real.instMonoid)))
                          (@HDiv.hDiv.{0, 0, 0} Real Real Real
                            (@instHDiv.{0} Real (@DivInvMonoid.toDiv.{0} Real Real.instDivInvMonoid))
                            (@HSub.hSub.{0, 0, 0} Real Real Real (@instHSub.{0} Real Real.instSub)
                              (@Nat.cast.{0} Real Real.instNatCast
                                (@Luce.Section6.coreCategoryCount n (@Luce.raceRankPermutation n clocks)
                                  (@Luce.Section6.spatialCategory65 left right L J a b z)))
                              (@HMul.hMul.{0, 0, 0} Real Real Real (@instHMul.{0} Real Real.instMul)
                                (@Luce.Section6.spatialCoefficient65 left right L J a b z)
                                (Real.log (@Nat.cast.{0} Real Real.instNatCast n))))
                            (@HMul.hMul.{0, 0, 0} Real Real Real (@instHMul.{0} Real Real.instMul)
                                (@Luce.Section6.spatialCoefficient65 left right L J a b z)
                                (Real.log (@Nat.cast.{0} Real Real.instNatCast n))).sqrt)
                          (r z))
                  (@Filter.atTop.{0} Nat Nat.instPreorder)
                  (@nhds.{0} Real
                    (@UniformSpace.toTopologicalSpace.{0} Real
                      (@PseudoMetricSpace.toUniformSpace.{0} Real Real.pseudoMetricSpace))
                    (∏ z,
                      Luce.Section6.gaussianMoment65
                        (@OfNat.ofNat.{0} NNReal (nat_lit 1) (@One.toOfNat1.{0} NNReal NNReal.instOne)) (r z))) :=
⋯
'Luce.Section6.spatial_core_target_moments65' depends on axioms: [propext, Classical.choice.{u}, Quot.sound.{u}]
theorem Luce.Section6.spatial_race_clt65 : ∀ (f : Real → Real) (left right : Luce.Section6.EndpointBehavior),
  Luce.Section6.PowerProfile f left right →
    ∀ (grid : Luce.Section6.SamplingGrid) (w : Luce.WeightArray),
      Luce.Section6.SampledRates grid w f →
        ∀ (L J : Nat) (a b : Fin J → Real),
          (∀ (j : Fin J),
              And
                (@LT.lt.{0} Real Real.instLT (@OfNat.ofNat.{0} Real (nat_lit 0) (@Zero.toOfNat0.{0} Real Real.instZero))
                  (a j))
                (And (@LT.lt.{0} Real Real.instLT (a j) (b j))
                  (@LT.lt.{0} Real Real.instLT (b j)
                    (@OfNat.ofNat.{0} Real (nat_lit 1) (@One.toOfNat1.{0} Real Real.instOne))))) →
            (@Pairwise.{0} (Fin J) fun i j =>
                @Disjoint.{0} (Set.{0} Real)
                  (@ChainCompletePartialOrder.toPartialOrder.{0} (Set.{0} Real)
                    (@ChainCompletePartialOrder.instOfCompleteLattice.{0} (Set.{0} Real)
                      (@CompleteBooleanAlgebra.toCompleteLattice.{0} (Set.{0} Real)
                        (@CompleteAtomicBooleanAlgebra.toCompleteBooleanAlgebra.{0} (Set.{0} Real)
                          (@Set.instCompleteAtomicBooleanAlgebra.{0} Real)))))
                  (@HeytingAlgebra.toOrderBot.{0} (Set.{0} Real)
                    (@Order.Frame.toHeytingAlgebra.{0} (Set.{0} Real)
                      (@CompleteDistribLattice.toFrame.{0} (Set.{0} Real)
                        (@CompleteBooleanAlgebra.toCompleteDistribLattice.{0} (Set.{0} Real)
                          (@CompleteAtomicBooleanAlgebra.toCompleteBooleanAlgebra.{0} (Set.{0} Real)
                            (@Set.instCompleteAtomicBooleanAlgebra.{0} Real))))))
                  (@Set.Ioc.{0} Real Real.instPreorder (a i) (b i)) (@Set.Ioc.{0} Real Real.instPreorder (a j) (b j))) →
              ∀
                (F :
                  @BoundedContinuousFunction.{0, 0} (Luce.Section6.SpatialIndex left right L J → Real) Real
                    (@Pi.topologicalSpace.{0, 0} (Luce.Section6.SpatialIndex left right L J) (fun a => Real) fun i =>
                      @UniformSpace.toTopologicalSpace.{0} Real
                        (@PseudoMetricSpace.toUniformSpace.{0} Real Real.pseudoMetricSpace))
                    Real.pseudoMetricSpace),
                @Filter.Tendsto.{0, 0} Nat Real
                  (fun n =>
                    @MeasureTheory.integral.{0, 0} (Fin n → Real) Real Real.normedAddCommGroup
                      (@InnerProductSpace.toNormedSpace.{0, 0} Real Real Real.instRCLike
                        (@NormedAddCommGroup.toSeminormedAddCommGroup.{0} Real Real.normedAddCommGroup)
                        (@RCLike.toInnerProductSpaceReal.{0} Real Real.instRCLike))
                      (@MeasurableSpace.pi.{0, 0} (Fin n) (fun a => Real) fun a => Real.measurableSpace)
                      (@Luce.exponentialRace n (w n)) fun clocks =>
                      @DFunLike.coe.{1, 1, 1}
                        (@BoundedContinuousFunction.{0, 0} (Luce.Section6.SpatialIndex left right L J → Real) Real
                          (@Pi.topologicalSpace.{0, 0} (Luce.Section6.SpatialIndex left right L J) (fun a => Real)
                            fun i =>
                            @UniformSpace.toTopologicalSpace.{0} Real
                              (@PseudoMetricSpace.toUniformSpace.{0} Real Real.pseudoMetricSpace))
                          Real.pseudoMetricSpace)
                        (Luce.Section6.SpatialIndex left right L J → Real) (fun x => Real)
                        (@BoundedContinuousFunction.instFunLike.{0, 0}
                          (Luce.Section6.SpatialIndex left right L J → Real) Real
                          (@Pi.topologicalSpace.{0, 0} (Luce.Section6.SpatialIndex left right L J) (fun a => Real)
                            fun i =>
                            @UniformSpace.toTopologicalSpace.{0} Real
                              (@PseudoMetricSpace.toUniformSpace.{0} Real Real.pseudoMetricSpace))
                          Real.pseudoMetricSpace)
                        F
                        (@Luce.Section6.normalizedSpatialVector n (@Luce.raceRankPermutation n clocks) left right L J a
                          b))
                  (@Filter.atTop.{0} Nat Nat.instPreorder)
                  (@nhds.{0} Real
                    (@UniformSpace.toTopologicalSpace.{0} Real
                      (@PseudoMetricSpace.toUniformSpace.{0} Real Real.pseudoMetricSpace))
                    (@MeasureTheory.integral.{0, 0} (Luce.Section6.SpatialIndex left right L J → Real) Real
                      Real.normedAddCommGroup
                      (@InnerProductSpace.toNormedSpace.{0, 0} Real Real Real.instRCLike
                        (@NormedAddCommGroup.toSeminormedAddCommGroup.{0} Real Real.normedAddCommGroup)
                        (@RCLike.toInnerProductSpaceReal.{0} Real Real.instRCLike))
                      (@MeasurableSpace.pi.{0, 0} (Luce.Section6.SpatialIndex left right L J) (fun a => Real) fun a =>
                        Real.measurableSpace)
                      (@Luce.Section6.standardNormalVector.{0} (Luce.Section6.SpatialIndex left right L J)
                        (Luce.Section6.instFintypeSpatialIndex left right L J))
                      fun z =>
                      @DFunLike.coe.{1, 1, 1}
                        (@BoundedContinuousFunction.{0, 0} (Luce.Section6.SpatialIndex left right L J → Real) Real
                          (@Pi.topologicalSpace.{0, 0} (Luce.Section6.SpatialIndex left right L J) (fun a => Real)
                            fun i =>
                            @UniformSpace.toTopologicalSpace.{0} Real
                              (@PseudoMetricSpace.toUniformSpace.{0} Real Real.pseudoMetricSpace))
                          Real.pseudoMetricSpace)
                        (Luce.Section6.SpatialIndex left right L J → Real) (fun x => Real)
                        (@BoundedContinuousFunction.instFunLike.{0, 0}
                          (Luce.Section6.SpatialIndex left right L J → Real) Real
                          (@Pi.topologicalSpace.{0, 0} (Luce.Section6.SpatialIndex left right L J) (fun a => Real)
                            fun i =>
                            @UniformSpace.toTopologicalSpace.{0} Real
                              (@PseudoMetricSpace.toUniformSpace.{0} Real Real.pseudoMetricSpace))
                          Real.pseudoMetricSpace)
                        F z)) :=
⋯
'Luce.Section6.spatial_race_clt65' depends on axioms: [propext, Classical.choice.{u}, Quot.sound.{u}]
theorem Luce.Section6.spatial_windowCount65 : ∀ {n : Nat},
  @LE.le.{0} Nat instLENat (@OfNat.ofNat.{0} Nat (nat_lit 2) (instOfNatNat (nat_lit 2))) n →
    ∀ (R : Equiv.Perm.{1} (Fin n)) (side : Luce.Section6.Corner) (k : Nat) (a b : Real),
      @Eq.{1} Nat
        (@Finset.card.{0} ↥(@Luce.Section5.cycleOrbits.{0} (Fin n) (Fin.fintype n) (instDecidableEqFin n) R k)
          {d |
            (Luce.Section6.spatialCoreCategory65 side k a b).rootWindow.Allows n
              (@Luce.Section6.cornerDistance side n (@Luce.Section5.cycleMaximum n R k d))})
        (@Luce.Section6.spatialCycleCount n R side k a b) :=
⋯
'Luce.Section6.spatial_windowCount65' depends on axioms: [propext, Classical.choice.{u}, Quot.sound.{u}]
theorem Luce.Section6.standardNormalVector_characteristic65.{u_1} : ∀ {ι : Type u_1} [inst : Fintype.{u_1} ι]
  (t : ι → Real),
  @Eq.{1} Complex
    (@MeasureTheory.integral.{u_1, 0} (ι → Real) Complex Complex.instNormedAddCommGroup
      (@InnerProductSpace.toNormedSpace.{0, 0} Real Complex Real.instRCLike
        (@NormedAddCommGroup.toSeminormedAddCommGroup.{0} Complex Complex.instNormedAddCommGroup)
        instInnerProductSpaceRealComplex)
      (@MeasurableSpace.pi.{u_1, 0} ι (fun a => Real) fun a => Real.measurableSpace)
      (@Luce.Section6.standardNormalVector.{u_1} ι inst) fun z =>
      Complex.exp
        (@HMul.hMul.{0, 0, 0} Complex Complex Complex (@instHMul.{0} Complex Complex.instMul)
          (↑(@Luce.Section6.linearCombination65.{u_1} ι inst t z)) Complex.I))
    (Complex.exp
      (@HDiv.hDiv.{0, 0, 0} Complex Complex Complex
        (@instHDiv.{0} Complex (@DivInvMonoid.toDiv.{0} Complex Complex.instDivInvMonoid))
        (@Neg.neg.{0} Complex Complex.instNeg
          ↑(∑ i,
              @HPow.hPow.{0, 0, 0} Real Nat Real
                (@instHPow.{0, 0} Real Nat (@NPow.toPow.{0} Real (@Monoid.toNPow.{0} Real Real.instMonoid))) (t i)
                (@OfNat.ofNat.{0} Nat (nat_lit 2) (instOfNatNat (nat_lit 2)))))
        (@OfNat.ofNat.{0} Complex (nat_lit 2) (@instOfNatAtLeastTwo.{0} Complex (nat_lit 2) Complex.instNatCast ⋯)))) :=
⋯
'Luce.Section6.standardNormalVector_characteristic65' depends on axioms: [propext, Classical.choice.{u}, Quot.sound.{u}]
theorem Luce.Section6.standardNormalVector_linear_exp65.{u_1} : ∀ {ι : Type u_1} [inst : Fintype.{u_1} ι] (t : ι → Real)
  (a : Real),
  @MeasureTheory.Integrable.{0, u_1} Real
    (@UniformSpace.toTopologicalSpace.{0} Real (@PseudoMetricSpace.toUniformSpace.{0} Real Real.pseudoMetricSpace))
    (@SeminormedAddGroup.toContinuousENorm.{0} Real
      (@SeminormedAddCommGroup.toSeminormedAddGroup.{0} Real
        (@NonUnitalSeminormedRing.toSeminormedAddCommGroup.{0} Real
          (@NonUnitalSeminormedCommRing.toNonUnitalSeminormedRing.{0} Real
            (@SeminormedCommRing.toNonUnitalSeminormedCommRing.{0} Real
              (@NormedCommRing.toSeminormedCommRing.{0} Real Real.normedCommRing))))))
    (ι → Real) (@MeasurableSpace.pi.{u_1, 0} ι (fun a => Real) fun a => Real.measurableSpace)
    (fun z =>
      Real.exp
        (@HMul.hMul.{0, 0, 0} Real Real Real (@instHMul.{0} Real Real.instMul) a
          (@Luce.Section6.linearCombination65.{u_1} ι inst t z)))
    (@Luce.Section6.standardNormalVector.{u_1} ι inst) :=
⋯
'Luce.Section6.standardNormalVector_linear_exp65' depends on axioms: [propext, Classical.choice.{u}, Quot.sound.{u}]
theorem Luce.Section6.standardNormalVector_linear_expabs65.{u_1} : ∀ {ι : Type u_1} [inst : Fintype.{u_1} ι]
  (t : ι → Real),
  @MeasureTheory.Integrable.{0, u_1} Real
    (@UniformSpace.toTopologicalSpace.{0} Real (@PseudoMetricSpace.toUniformSpace.{0} Real Real.pseudoMetricSpace))
    (@SeminormedAddGroup.toContinuousENorm.{0} Real
      (@SeminormedAddCommGroup.toSeminormedAddGroup.{0} Real
        (@NonUnitalSeminormedRing.toSeminormedAddCommGroup.{0} Real
          (@NonUnitalSeminormedCommRing.toNonUnitalSeminormedRing.{0} Real
            (@SeminormedCommRing.toNonUnitalSeminormedCommRing.{0} Real
              (@NormedCommRing.toSeminormedCommRing.{0} Real Real.normedCommRing))))))
    (ι → Real) (@MeasurableSpace.pi.{u_1, 0} ι (fun a => Real) fun a => Real.measurableSpace)
    (fun z =>
      Real.exp
        (@HMul.hMul.{0, 0, 0} Real Real Real (@instHMul.{0} Real Real.instMul)
          (@OfNat.ofNat.{0} Real (nat_lit 2) (@instOfNatAtLeastTwo.{0} Real (nat_lit 2) Real.instNatCast ⋯))
          (@abs.{0} Real Real.lattice Real.instAddGroup (@Luce.Section6.linearCombination65.{u_1} ι inst t z))))
    (@Luce.Section6.standardNormalVector.{u_1} ι inst) :=
⋯
'Luce.Section6.standardNormalVector_linear_expabs65' depends on axioms: [propext, Classical.choice.{u}, Quot.sound.{u}]
theorem Luce.Section6.standardNormalVector_linear_memLp65.{u_1} : ∀ {ι : Type u_1} [inst : Fintype.{u_1} ι]
  (t : ι → Real) (k : Nat),
  @MeasureTheory.MemLp.{u_1, 0} (ι → Real) Real
    (@MeasurableSpace.pi.{u_1, 0} ι (fun a => Real) fun a => Real.measurableSpace)
    (@ContinuousENorm.toENorm.{0} Real
      (@UniformSpace.toTopologicalSpace.{0} Real
        (@PseudoMetricSpace.toUniformSpace.{0} Real
          (@SeminormedAddGroup.toPseudoMetricSpace.{0} Real
            (@SeminormedAddCommGroup.toSeminormedAddGroup.{0} Real
              (@NonUnitalSeminormedRing.toSeminormedAddCommGroup.{0} Real
                (@NonUnitalSeminormedCommRing.toNonUnitalSeminormedRing.{0} Real
                  (@SeminormedCommRing.toNonUnitalSeminormedCommRing.{0} Real
                    (@NormedCommRing.toSeminormedCommRing.{0} Real Real.normedCommRing))))))))
      (@SeminormedAddGroup.toContinuousENorm.{0} Real
        (@SeminormedAddCommGroup.toSeminormedAddGroup.{0} Real
          (@NonUnitalSeminormedRing.toSeminormedAddCommGroup.{0} Real
            (@NonUnitalSeminormedCommRing.toNonUnitalSeminormedRing.{0} Real
              (@SeminormedCommRing.toNonUnitalSeminormedCommRing.{0} Real
                (@NormedCommRing.toSeminormedCommRing.{0} Real Real.normedCommRing)))))))
    (@UniformSpace.toTopologicalSpace.{0} Real (@PseudoMetricSpace.toUniformSpace.{0} Real Real.pseudoMetricSpace))
    (@Luce.Section6.linearCombination65.{u_1} ι inst t)
    (@Nat.cast.{0} ENNReal
      (@AddMonoidWithOne.toNatCast.{0} ENNReal
        (@AddCommMonoidWithOne.toAddMonoidWithOne.{0} ENNReal ENNReal.instAddCommMonoidWithOne))
      k)
    (@Luce.Section6.standardNormalVector.{u_1} ι inst) :=
⋯
'Luce.Section6.standardNormalVector_linear_memLp65' depends on axioms: [propext, Classical.choice.{u}, Quot.sound.{u}]
theorem Luce.Section6.standardNormalVector_linear_moment65.{u_1} : ∀ {ι : Type u_1} [inst : Fintype.{u_1} ι]
  [inst_1 : DecidableEq.{u_1 + 1} ι] (t : ι → Real) (k : Nat),
  @Eq.{1} Real
    (@MeasureTheory.integral.{u_1, 0} (ι → Real) Real Real.normedAddCommGroup
      (@InnerProductSpace.toNormedSpace.{0, 0} Real Real Real.instRCLike
        (@NormedAddCommGroup.toSeminormedAddCommGroup.{0} Real Real.normedAddCommGroup)
        (@RCLike.toInnerProductSpaceReal.{0} Real Real.instRCLike))
      (@MeasurableSpace.pi.{u_1, 0} ι (fun a => Real) fun a => Real.measurableSpace)
      (@Luce.Section6.standardNormalVector.{u_1} ι inst) fun z =>
      @HPow.hPow.{0, 0, 0} Real Nat Real
        (@instHPow.{0, 0} Real Nat (@NPow.toPow.{0} Real (@Monoid.toNPow.{0} Real Real.instMonoid)))
        (@Luce.Section6.linearCombination65.{u_1} ι inst t z) k)
    (∑ v,
      @HMul.hMul.{0, 0, 0} Real Real Real (@instHMul.{0} Real Real.instMul) (∏ j, t (v j))
        (∏ i,
          Luce.Section6.gaussianMoment65 (@OfNat.ofNat.{0} NNReal (nat_lit 1) (@One.toOfNat1.{0} NNReal NNReal.instOne))
            (@Luce.Section6.multiplicity65.{u_1} ι inst_1 k v i))) :=
⋯
'Luce.Section6.standardNormalVector_linear_moment65' depends on axioms: [propext, Classical.choice.{u}, Quot.sound.{u}]
theorem Luce.Section6.standardNormalVector_mixed_integrable65.{u_1} : ∀ {ι : Type u_1} [inst : Fintype.{u_1} ι]
  (r : ι → Nat),
  @MeasureTheory.Integrable.{0, u_1} Real
    (@UniformSpace.toTopologicalSpace.{0} Real (@PseudoMetricSpace.toUniformSpace.{0} Real Real.pseudoMetricSpace))
    (@SeminormedAddGroup.toContinuousENorm.{0} Real
      (@SeminormedAddCommGroup.toSeminormedAddGroup.{0} Real
        (@NonUnitalSeminormedRing.toSeminormedAddCommGroup.{0} Real
          (@NonUnitalSeminormedCommRing.toNonUnitalSeminormedRing.{0} Real
            (@SeminormedCommRing.toNonUnitalSeminormedCommRing.{0} Real
              (@NormedCommRing.toSeminormedCommRing.{0} Real Real.normedCommRing))))))
    (ι → Real) (@MeasurableSpace.pi.{u_1, 0} ι (fun a => Real) fun a => Real.measurableSpace)
    (fun z =>
      ∏ i,
        @HPow.hPow.{0, 0, 0} Real Nat Real
          (@instHPow.{0, 0} Real Nat (@NPow.toPow.{0} Real (@Monoid.toNPow.{0} Real Real.instMonoid))) (z i) (r i))
    (@Luce.Section6.standardNormalVector.{u_1} ι inst) :=
⋯
'Luce.Section6.standardNormalVector_mixed_integrable65' depends on axioms: [propext,
 Classical.choice.{u},
 Quot.sound.{u}]
theorem Luce.Section6.standardNormalVector_mixed_moment65.{u_1} : ∀ {ι : Type u_1} [inst : Fintype.{u_1} ι]
  (r : ι → Nat),
  @Eq.{1} Real
    (@MeasureTheory.integral.{u_1, 0} (ι → Real) Real Real.normedAddCommGroup
      (@InnerProductSpace.toNormedSpace.{0, 0} Real Real Real.instRCLike
        (@NormedAddCommGroup.toSeminormedAddCommGroup.{0} Real Real.normedAddCommGroup)
        (@RCLike.toInnerProductSpaceReal.{0} Real Real.instRCLike))
      (@MeasurableSpace.pi.{u_1, 0} ι (fun a => Real) fun a => Real.measurableSpace)
      (@Luce.Section6.standardNormalVector.{u_1} ι inst) fun z =>
      ∏ i,
        @HPow.hPow.{0, 0, 0} Real Nat Real
          (@instHPow.{0, 0} Real Nat (@NPow.toPow.{0} Real (@Monoid.toNPow.{0} Real Real.instMonoid))) (z i) (r i))
    (∏ i,
      Luce.Section6.gaussianMoment65 (@OfNat.ofNat.{0} NNReal (nat_lit 1) (@One.toOfNat1.{0} NNReal NNReal.instOne))
        (r i)) :=
⋯
'Luce.Section6.standardNormalVector_mixed_moment65' depends on axioms: [propext, Classical.choice.{u}, Quot.sound.{u}]
theorem Luce.Section6.sum_activeCorners65 : ∀ (left right : Luce.Section6.EndpointBehavior)
  (f : Luce.Section6.Corner → Real),
  @Eq.{1} Real
    (∑ s,
      f (@Subtype.val.{1} Luce.Section6.Corner (fun side => (Luce.Section6.cornerBehavior left right side).active) s))
    (@HAdd.hAdd.{0, 0, 0} Real Real Real (@instHAdd.{0} Real Real.instAdd)
      (@ite.{1} Real left.active (Classical.propDecidable left.active) (f Luce.Section6.Corner.left)
        (@OfNat.ofNat.{0} Real (nat_lit 0) (@Zero.toOfNat0.{0} Real Real.instZero)))
      (@ite.{1} Real right.active (Classical.propDecidable right.active) (f Luce.Section6.Corner.right)
        (@OfNat.ofNat.{0} Real (nat_lit 0) (@Zero.toOfNat0.{0} Real Real.instZero)))) :=
⋯
'Luce.Section6.sum_activeCorners65' depends on axioms: [propext, Classical.choice.{u}, Quot.sound.{u}]
theorem Luce.Section6.sum_active_coefficients65 : ∀ (left right : Luce.Section6.EndpointBehavior) (k : Nat),
  @Eq.{1} Real
    (∑ s,
      Luce.Section6.cornerCoefficient
        (@Subtype.val.{1} Luce.Section6.Corner (fun side => (Luce.Section6.cornerBehavior left right side).active) s)
        (Luce.Section6.cornerBehavior left right
          (@Subtype.val.{1} Luce.Section6.Corner (fun side => (Luce.Section6.cornerBehavior left right side).active) s))
        k)
    (Luce.Section6.totalCoefficient left right k) :=
⋯
'Luce.Section6.sum_active_coefficients65' depends on axioms: [propext, Classical.choice.{u}, Quot.sound.{u}]
def Luce.Section6.totalCoreCount65 : {n : Nat} →
  Equiv.Perm.{1} (Fin n) → Luce.Section6.EndpointBehavior → Luce.Section6.EndpointBehavior → Nat → Real :=
fun {n} R left right k =>
  ∑ s,
    @Nat.cast.{0} Real Real.instNatCast
      (@Luce.Section6.coreCategoryCount n R
        (Luce.Section6.cornerCoreCategory65
          (@Subtype.val.{1} Luce.Section6.Corner (fun side => (Luce.Section6.cornerBehavior left right side).active) s)
          k))
'Luce.Section6.totalCoreCount65' depends on axioms: [propext, Classical.choice.{u}, Quot.sound.{u}]
theorem Luce.Section6.totalCoreCount_error65 : ∀ {n : Nat} (R : Equiv.Perm.{1} (Fin n))
  (left right : Luce.Section6.EndpointBehavior) (k : Nat) (δ : Real),
  @LT.lt.{0} Nat instLTNat
      (@HMul.hMul.{0, 0, 0} Nat Nat Nat (@instHMul.{0} Nat instMulNat)
        (@OfNat.ofNat.{0} Nat (nat_lit 2) (instOfNatNat (nat_lit 2))) (Luce.Section6.idealCoreUpper n))
      (@HAdd.hAdd.{0, 0, 0} Nat Nat Nat (@instHAdd.{0} Nat instAddNat) n
        (@OfNat.ofNat.{0} Nat (nat_lit 1) (instOfNatNat (nat_lit 1)))) →
    @LE.le.{0} Real Real.instLE
      (@abs.{0} Real Real.lattice Real.instAddGroup
        (@HSub.hSub.{0, 0, 0} Real Real Real (@instHSub.{0} Real Real.instSub)
          (@Nat.cast.{0} Real Real.instNatCast
            (@Luce.Section5.cycleCount.{0} (Fin n) (Fin.fintype n) (instDecidableEqFin n) R k))
          (@Luce.Section6.totalCoreCount65 n R left right k)))
      (@HAdd.hAdd.{0, 0, 0} Real Real Real (@instHAdd.{0} Real Real.instAdd)
        (@Nat.cast.{0} Real Real.instNatCast
          (@Luce.Section6.selectedRootCycleCount n R k (Luce.Section6.offActiveLabels left right n δ)))
        (∑ s,
          @HAdd.hAdd.{0, 0, 0} Real Real Real (@instHAdd.{0} Real Real.instAdd)
            (@HAdd.hAdd.{0, 0, 0} Real Real Real (@instHAdd.{0} Real Real.instAdd)
              (@Nat.cast.{0} Real Real.instNatCast
                (@Luce.Section6.selectedRootCycleCount n R k
                  (Luce.Section6.lowRootLabels65
                    (@Subtype.val.{1} Luce.Section6.Corner
                      (fun side => (Luce.Section6.cornerBehavior left right side).active) s)
                    n δ)))
              (@Nat.cast.{0} Real Real.instNatCast
                (@Luce.Section6.selectedRootCycleCount n R k
                  (Luce.Section6.highRootLabels65
                    (@Subtype.val.{1} Luce.Section6.Corner
                      (fun side => (Luce.Section6.cornerBehavior left right side).active) s)
                    n δ))))
            (@Nat.cast.{0} Real Real.instNatCast
              (@Luce.Section6.intervalDiscardedCycleCount n R
                (@Subtype.val.{1} Luce.Section6.Corner
                  (fun side => (Luce.Section6.cornerBehavior left right side).active) s)
                k (@Nat.cast.{0} Real Real.instNatCast (Luce.Section6.idealCoreLower n))
                (@Nat.cast.{0} Real Real.instNatCast (Luce.Section6.idealCoreUpper n)))))) :=
⋯
'Luce.Section6.totalCoreCount_error65' depends on axioms: [propext, Classical.choice.{u}, Quot.sound.{u}]
theorem Luce.Section6.totalCoreCount_le65 : ∀ {n : Nat} (R : Equiv.Perm.{1} (Fin n))
  (left right : Luce.Section6.EndpointBehavior) (k : Nat),
  @LT.lt.{0} Nat instLTNat
      (@HMul.hMul.{0, 0, 0} Nat Nat Nat (@instHMul.{0} Nat instMulNat)
        (@OfNat.ofNat.{0} Nat (nat_lit 2) (instOfNatNat (nat_lit 2))) (Luce.Section6.idealCoreUpper n))
      (@HAdd.hAdd.{0, 0, 0} Nat Nat Nat (@instHAdd.{0} Nat instAddNat) n
        (@OfNat.ofNat.{0} Nat (nat_lit 1) (instOfNatNat (nat_lit 1)))) →
    @LE.le.{0} Real Real.instLE (@Luce.Section6.totalCoreCount65 n R left right k)
      (@Nat.cast.{0} Real Real.instNatCast
        (@Luce.Section5.cycleCount.{0} (Fin n) (Fin.fintype n) (instDecidableEqFin n) R k)) :=
⋯
'Luce.Section6.totalCoreCount_le65' depends on axioms: [propext, Classical.choice.{u}, Quot.sound.{u}]
theorem Luce.Section6.totalCore_error_bound65 : ∀ (f : Real → Real) (left right : Luce.Section6.EndpointBehavior),
  Luce.Section6.PowerProfile f left right →
    ∀ (grid : Luce.Section6.SamplingGrid) (w : Luce.WeightArray),
      Luce.Section6.SampledRates grid w f →
        ∀ (k : Nat),
          ∃ C,
            And
              (@LT.lt.{0} Real Real.instLT (@OfNat.ofNat.{0} Real (nat_lit 0) (@Zero.toOfNat0.{0} Real Real.instZero))
                C)
              (@Filter.Eventually.{0} Nat
                (fun n =>
                  @LE.le.{0} Real Real.instLE
                    (@MeasureTheory.integral.{0, 0} (Fin n → Real) Real Real.normedAddCommGroup
                      (@InnerProductSpace.toNormedSpace.{0, 0} Real Real Real.instRCLike
                        (@NormedAddCommGroup.toSeminormedAddCommGroup.{0} Real Real.normedAddCommGroup)
                        (@RCLike.toInnerProductSpaceReal.{0} Real Real.instRCLike))
                      (@MeasurableSpace.pi.{0, 0} (Fin n) (fun a => Real) fun a => Real.measurableSpace)
                      (@Luce.exponentialRace n (w n)) fun clocks =>
                      @abs.{0} Real Real.lattice Real.instAddGroup
                        (@HSub.hSub.{0, 0, 0} Real Real Real (@instHSub.{0} Real Real.instSub)
                          (@Nat.cast.{0} Real Real.instNatCast
                            (@Luce.Section5.cycleCount.{0} (Fin n) (Fin.fintype n) (instDecidableEqFin n)
                              (@Luce.raceRankPermutation n clocks) k))
                          (@Luce.Section6.totalCoreCount65 n (@Luce.raceRankPermutation n clocks) left right k)))
                    (@HMul.hMul.{0, 0, 0} Real Real Real (@instHMul.{0} Real Real.instMul) C
                      (@HAdd.hAdd.{0, 0, 0} Real Real Real (@instHAdd.{0} Real Real.instAdd)
                        (@OfNat.ofNat.{0} Real (nat_lit 1) (@One.toOfNat1.{0} Real Real.instOne))
                        (Real.log (@Nat.cast.{0} Real Real.instNatCast (Luce.Section6.idealCoreLower n))))))
                (@Filter.atTop.{0} Nat Nat.instPreorder)) :=
⋯
'Luce.Section6.totalCore_error_bound65' depends on axioms: [propext, Classical.choice.{u}, Quot.sound.{u}]
theorem Luce.Section6.totalCore_meanApprox65 : ∀ (f : Real → Real) (left right : Luce.Section6.EndpointBehavior),
  Luce.Section6.PowerProfile f left right →
    ∀ (grid : Luce.Section6.SamplingGrid) (w : Luce.WeightArray),
      Luce.Section6.SampledRates grid w f →
        ∀ (k : Nat),
          Luce.Section6.MeanApprox65
            (fun n =>
              @MeasureTheory.integral.{0, 0} (Fin n → Real) Real Real.normedAddCommGroup
                (@InnerProductSpace.toNormedSpace.{0, 0} Real Real Real.instRCLike
                  (@NormedAddCommGroup.toSeminormedAddCommGroup.{0} Real Real.normedAddCommGroup)
                  (@RCLike.toInnerProductSpaceReal.{0} Real Real.instRCLike))
                (@MeasurableSpace.pi.{0, 0} (Fin n) (fun a => Real) fun a => Real.measurableSpace)
                (@Luce.exponentialRace n (w n)) fun clocks =>
                @Luce.Section6.totalCoreCount65 n (@Luce.raceRankPermutation n clocks) left right k)
            (Luce.Section6.totalCoefficient left right k) :=
⋯
'Luce.Section6.totalCore_meanApprox65' depends on axioms: [propext, Classical.choice.{u}, Quot.sound.{u}]
theorem Luce.Section6.totalCore_normalized_projection65 : ∀ {f : Real → Real}
  {left right : Luce.Section6.EndpointBehavior},
  Luce.Section6.PowerProfile f left right →
    ∀ {n : Nat},
      @LT.lt.{0} Real Real.instLT (@OfNat.ofNat.{0} Real (nat_lit 0) (@Zero.toOfNat0.{0} Real Real.instZero))
          (Real.log (@Nat.cast.{0} Real Real.instNatCast n)) →
        ∀ (R : Equiv.Perm.{1} (Fin n)) (k : Nat),
          @Eq.{1} Real
            (@HDiv.hDiv.{0, 0, 0} Real Real Real
              (@instHDiv.{0} Real (@DivInvMonoid.toDiv.{0} Real Real.instDivInvMonoid))
              (@HSub.hSub.{0, 0, 0} Real Real Real (@instHSub.{0} Real Real.instSub)
                (@Luce.Section6.totalCoreCount65 n R left right k)
                (@HMul.hMul.{0, 0, 0} Real Real Real (@instHMul.{0} Real Real.instMul)
                  (Luce.Section6.totalCoefficient left right k) (Real.log (@Nat.cast.{0} Real Real.instNatCast n))))
              (@HMul.hMul.{0, 0, 0} Real Real Real (@instHMul.{0} Real Real.instMul)
                  (Luce.Section6.totalCoefficient left right k)
                  (Real.log (@Nat.cast.{0} Real Real.instNatCast n))).sqrt)
            (∑ s,
              @HMul.hMul.{0, 0, 0} Real Real Real (@instHMul.{0} Real Real.instMul)
                (Luce.Section6.powerCornerWeight65 left right s k)
                (@HDiv.hDiv.{0, 0, 0} Real Real Real
                  (@instHDiv.{0} Real (@DivInvMonoid.toDiv.{0} Real Real.instDivInvMonoid))
                  (@HSub.hSub.{0, 0, 0} Real Real Real (@instHSub.{0} Real Real.instSub)
                    (@Nat.cast.{0} Real Real.instNatCast
                      (@Luce.Section6.coreCategoryCount n R
                        (Luce.Section6.cornerCoreCategory65
                          (@Subtype.val.{1} Luce.Section6.Corner
                            (fun side => (Luce.Section6.cornerBehavior left right side).active) s)
                          k)))
                    (@HMul.hMul.{0, 0, 0} Real Real Real (@instHMul.{0} Real Real.instMul)
                      (Luce.Section6.cornerCoefficient
                        (@Subtype.val.{1} Luce.Section6.Corner
                          (fun side => (Luce.Section6.cornerBehavior left right side).active) s)
                        (Luce.Section6.cornerBehavior left right
                          (@Subtype.val.{1} Luce.Section6.Corner
                            (fun side => (Luce.Section6.cornerBehavior left right side).active) s))
                        k)
                      (Real.log (@Nat.cast.{0} Real Real.instNatCast n))))
                  (@HMul.hMul.{0, 0, 0} Real Real Real (@instHMul.{0} Real Real.instMul)
                      (Luce.Section6.cornerCoefficient
                        (@Subtype.val.{1} Luce.Section6.Corner
                          (fun side => (Luce.Section6.cornerBehavior left right side).active) s)
                        (Luce.Section6.cornerBehavior left right
                          (@Subtype.val.{1} Luce.Section6.Corner
                            (fun side => (Luce.Section6.cornerBehavior left right side).active) s))
                        k)
                      (Real.log (@Nat.cast.{0} Real Real.instNatCast n))).sqrt)) :=
⋯
'Luce.Section6.totalCore_normalized_projection65' depends on axioms: [propext, Classical.choice.{u}, Quot.sound.{u}]
theorem Luce.Section6.totalCount_approx65 : ∀ (f : Real → Real) (left right : Luce.Section6.EndpointBehavior),
  Luce.Section6.PowerProfile f left right →
    ∀ (grid : Luce.Section6.SamplingGrid) (w : Luce.WeightArray),
      Luce.Section6.SampledRates grid w f →
        ∀ (k : Nat),
          Luce.Section6.CountApprox65 w
            (fun x R =>
              @Nat.cast.{0} Real Real.instNatCast
                (@Luce.Section5.cycleCount.{0} (Fin x) (Fin.fintype x) (instDecidableEqFin x) R k))
            fun x R => @Luce.Section6.totalCoreCount65 x R left right k :=
⋯
'Luce.Section6.totalCount_approx65' depends on axioms: [propext, Classical.choice.{u}, Quot.sound.{u}]
theorem Luce.Section6.weighted_normalization65 : ∀ {c B l : Real},
  @LT.lt.{0} Real Real.instLT (@OfNat.ofNat.{0} Real (nat_lit 0) (@Zero.toOfNat0.{0} Real Real.instZero)) c →
    @LT.lt.{0} Real Real.instLT (@OfNat.ofNat.{0} Real (nat_lit 0) (@Zero.toOfNat0.{0} Real Real.instZero)) B →
      @LT.lt.{0} Real Real.instLT (@OfNat.ofNat.{0} Real (nat_lit 0) (@Zero.toOfNat0.{0} Real Real.instZero)) l →
        ∀ (x : Real),
          @Eq.{1} Real
            (@HMul.hMul.{0, 0, 0} Real Real Real (@instHMul.{0} Real Real.instMul)
              (@HDiv.hDiv.{0, 0, 0} Real Real Real
                  (@instHDiv.{0} Real (@DivInvMonoid.toDiv.{0} Real Real.instDivInvMonoid)) c B).sqrt
              (@HDiv.hDiv.{0, 0, 0} Real Real Real
                (@instHDiv.{0} Real (@DivInvMonoid.toDiv.{0} Real Real.instDivInvMonoid))
                (@HSub.hSub.{0, 0, 0} Real Real Real (@instHSub.{0} Real Real.instSub) x
                  (@HMul.hMul.{0, 0, 0} Real Real Real (@instHMul.{0} Real Real.instMul) c l))
                (@HMul.hMul.{0, 0, 0} Real Real Real (@instHMul.{0} Real Real.instMul) c l).sqrt))
            (@HDiv.hDiv.{0, 0, 0} Real Real Real
              (@instHDiv.{0} Real (@DivInvMonoid.toDiv.{0} Real Real.instDivInvMonoid))
              (@HSub.hSub.{0, 0, 0} Real Real Real (@instHSub.{0} Real Real.instSub) x
                (@HMul.hMul.{0, 0, 0} Real Real Real (@instHMul.{0} Real Real.instMul) c l))
              (@HMul.hMul.{0, 0, 0} Real Real Real (@instHMul.{0} Real Real.instMul) B l).sqrt) :=
⋯
'Luce.Section6.weighted_normalization65' depends on axioms: [propext, Classical.choice.{u}, Quot.sound.{u}]
theorem Luce.Section6.windowCount_sub_coreCount_le_discarded65 : ∀ {n : Nat} (R : Equiv.Perm.{1} (Fin n))
  (c : Luce.Section6.CoreCycleCategory),
  (∀ (v : Fin n),
      c.rootWindow.Allows n (@Luce.Section6.cornerDistance c.side n v) →
        And (@LE.le.{0} Nat instLENat (Luce.Section6.idealCoreLower n) (@Luce.Section6.cornerDistance c.side n v))
          (@LE.le.{0} Nat instLENat (@Luce.Section6.cornerDistance c.side n v) (Luce.Section6.idealCoreUpper n))) →
    @LE.le.{0} Real Real.instLE
      (@HSub.hSub.{0, 0, 0} Real Real Real (@instHSub.{0} Real Real.instSub)
        (@Nat.cast.{0} Real Real.instNatCast
          (@Finset.card.{0}
            ↥(@Luce.Section5.cycleOrbits.{0} (Fin n) (Fin.fintype n) (instDecidableEqFin n) R c.lengthIndex)
            {d |
              c.rootWindow.Allows n
                (@Luce.Section6.cornerDistance c.side n (@Luce.Section5.cycleMaximum n R c.lengthIndex d))}))
        (@Nat.cast.{0} Real Real.instNatCast (@Luce.Section6.coreCategoryCount n R c)))
      (@Nat.cast.{0} Real Real.instNatCast
        (@Luce.Section6.intervalDiscardedCycleCount n R c.side c.lengthIndex
          (@Nat.cast.{0} Real Real.instNatCast (Luce.Section6.idealCoreLower n))
          (@Nat.cast.{0} Real Real.instNatCast (Luce.Section6.idealCoreUpper n)))) :=
⋯
'Luce.Section6.windowCount_sub_coreCount_le_discarded65' depends on axioms: [propext,
 Classical.choice.{u},
 Quot.sound.{u}]
